protocol,fold_id,dataset,recording_id,base_recording_id,split,machine_id,sensor_type,sensor_types_present,speed,load,operating_condition_id,fault_family,severity,health_label,damage_source,run_id,source_path,exclude_from_training,notes
nln_emp_leave_one_speed_out,test_speed_100,nln_emp,nln_emp_motor_2_50_bearing_bpfi_1_current,nln_emp_motor_2_50_bearing_bpfi_1,val,Motor-2,current,current,50,unknown,motor_2_speed_50,bearing_inner_race,2,fault,experimental,unknown,data/raw/nln_emp/Dataset/Electric/Motor-2/50/bearing bpfi 1/Electric_Motor-2_50_time-bearing bpfi 1-ch1.csv|data/raw/nln_emp/Dataset/Electric/Motor-2/50/bearing bpfi 1/Electric_Motor-2_50_time-bearing bpfi 1-ch2.csv|data/raw/nln_emp/Dataset/Electric/Motor-2/50/bearing bpfi 1/Electric_Motor-2_50_time-bearing bpfi 1-ch3.csv|data/raw/nln_emp/Dataset/Electric/Motor-2/50/bearing bpfi 1/Electric_Motor-2_50_time-bearing bpfi 1-ch4.csv|data/raw/nln_emp/Dataset/Electric/Motor-2/50/bearing bpfi 1/Electric_Motor-2_50_time-bearing bpfi 1-ch5.csv|data/raw/nln_emp/Dataset/Electric/Motor-2/50/bearing bpfi 1/Electric_Motor-2_50_time-bearing bpfi 1-ch6.csv,False,channel_1;nln_overview_verified=True|channel_2;nln_overview_verified=True|channel_3;nln_overview_verified=True|channel_4;nln_overview_verified=True|channel_5;nln_overview_verified=True|channel_6;nln_overview_verified=True
nln_emp_leave_one_speed_out,test_speed_100,nln_emp,nln_emp_motor_2_50_bearing_bpfi_1_vibration,nln_emp_motor_2_50_bearing_bpfi_1,val,Motor-2,vibration,vibration,50,unknown,motor_2_speed_50,bearing_inner_race,2,fault,experimental,unknown,data/raw/nln_emp/Dataset/Vibration/Motor-2/50/bearing bpfi 1/Vibration_Motor-2_50_time-bearing bpfi 1-ch1.csv|data/raw/nln_emp/Dataset/Vibration/Motor-2/50/bearing bpfi 1/Vibration_Motor-2_50_time-bearing bpfi 1-ch2.csv|data/raw/nln_emp/Dataset/Vibration/Motor-2/50/bearing bpfi 1/Vibration_Motor-2_50_time-bearing bpfi 1-ch3.csv|data/raw/nln_emp/Dataset/Vibration/Motor-2/50/bearing bpfi 1/Vibration_Motor-2_50_time-bearing bpfi 1-ch4.csv|data/raw/nln_emp/Dataset/Vibration/Motor-2/50/bearing bpfi 1/Vibration_Motor-2_50_time-bearing bpfi 1-ch5.csv,False,channel_1;nln_overview_verified=True|channel_2;nln_overview_verified=True|channel_3;nln_overview_verified=True|channel_4;nln_overview_verified=True|channel_5;nln_overview_verified=True
nln_emp_leave_one_speed_out,test_speed_100,nln_emp,nln_emp_motor_2_50_bearing_bpfi_2_current,nln_emp_motor_2_50_bearing_bpfi_2,train,Motor-2,current,current,50,unknown,motor_2_speed_50,bearing_inner_race,2,fault,experimental,unknown,data/raw/nln_emp/Dataset/Electric/Motor-2/50/bearing bpfi 2/Electric_Motor-2_50_time-bearing bpfi 2-ch1.csv|data/raw/nln_emp/Dataset/Electric/Motor-2/50/bearing bpfi 2/Electric_Motor-2_50_time-bearing bpfi 2-ch2.csv|data/raw/nln_emp/Dataset/Electric/Motor-2/50/bearing bpfi 2/Electric_Motor-2_50_time-bearing bpfi 2-ch3.csv|data/raw/nln_emp/Dataset/Electric/Motor-2/50/bearing bpfi 2/Electric_Motor-2_50_time-bearing bpfi 2-ch4.csv|data/raw/nln_emp/Dataset/Electric/Motor-2/50/bearing bpfi 2/Electric_Motor-2_50_time-bearing bpfi 2-ch5.csv|data/raw/nln_emp/Dataset/Electric/Motor-2/50/bearing bpfi 2/Electric_Motor-2_50_time-bearing bpfi 2-ch6.csv,False,channel_1;nln_overview_verified=True|channel_2;nln_overview_verified=True|channel_3;nln_overview_verified=True|channel_4;nln_overview_verified=True|channel_5;nln_overview_verified=True|channel_6;nln_overview_verified=True
nln_emp_leave_one_speed_out,test_speed_100,nln_emp,nln_emp_motor_2_50_bearing_bpfi_2_vibration,nln_emp_motor_2_50_bearing_bpfi_2,train,Motor-2,vibration,vibration,50,unknown,motor_2_speed_50,bearing_inner_race,2,fault,experimental,unknown,data/raw/nln_emp/Dataset/Vibration/Motor-2/50/bearing bpfi 2/Vibration_Motor-2_50_time-bearing bpfi 2-ch1.csv|data/raw/nln_emp/Dataset/Vibration/Motor-2/50/bearing bpfi 2/Vibration_Motor-2_50_time-bearing bpfi 2-ch2.csv|data/raw/nln_emp/Dataset/Vibration/Motor-2/50/bearing bpfi 2/Vibration_Motor-2_50_time-bearing bpfi 2-ch3.csv|data/raw/nln_emp/Dataset/Vibration/Motor-2/50/bearing bpfi 2/Vibration_Motor-2_50_time-bearing bpfi 2-ch4.csv|data/raw/nln_emp/Dataset/Vibration/Motor-2/50/bearing bpfi 2/Vibration_Motor-2_50_time-bearing bpfi 2-ch5.csv,False,channel_1;nln_overview_verified=True|channel_2;nln_overview_verified=True|channel_3;nln_overview_verified=True|channel_4;nln_overview_verified=True|channel_5;nln_overview_verified=True
nln_emp_leave_one_speed_out,test_speed_100,nln_emp,nln_emp_motor_2_50_bearing_bpfi_3_current,nln_emp_motor_2_50_bearing_bpfi_3,train,Motor-2,current,current,50,unknown,motor_2_speed_50,bearing_inner_race,2,fault,experimental,unknown,data/raw/nln_emp/Dataset/Electric/Motor-2/50/bearing bpfi 3/Electric_Motor-2_50_time-bearing bpfi 3-ch1.csv|data/raw/nln_emp/Dataset/Electric/Motor-2/50/bearing bpfi 3/Electric_Motor-2_50_time-bearing bpfi 3-ch2.csv|data/raw/nln_emp/Dataset/Electric/Motor-2/50/bearing bpfi 3/Electric_Motor-2_50_time-bearing bpfi 3-ch3.csv|data/raw/nln_emp/Dataset/Electric/Motor-2/50/bearing bpfi 3/Electric_Motor-2_50_time-bearing bpfi 3-ch4.csv|data/raw/nln_emp/Dataset/Electric/Motor-2/50/bearing bpfi 3/Electric_Motor-2_50_time-bearing bpfi 3-ch5.csv|data/raw/nln_emp/Dataset/Electric/Motor-2/50/bearing bpfi 3/Electric_Motor-2_50_time-bearing bpfi 3-ch6.csv,False,channel_1;nln_overview_verified=True|channel_2;nln_overview_verified=True|channel_3;nln_overview_verified=True|channel_4;nln_overview_verified=True|channel_5;nln_overview_verified=True|channel_6;nln_overview_verified=True
nln_emp_leave_one_speed_out,test_speed_100,nln_emp,nln_emp_motor_2_50_bearing_bpfo_1_current,nln_emp_motor_2_50_bearing_bpfo_1,train,Motor-2,current,current,50,unknown,motor_2_speed_50,bearing_outer_race,1,fault,experimental,unknown,data/raw/nln_emp/Dataset/Electric/Motor-2/50/bearing bpfo 1/Electric_Motor-2_50_time-bearing bpfo 1-ch1.csv|data/raw/nln_emp/Dataset/Electric/Motor-2/50/bearing bpfo 1/Electric_Motor-2_50_time-bearing bpfo 1-ch2.csv|data/raw/nln_emp/Dataset/Electric/Motor-2/50/bearing bpfo 1/Electric_Motor-2_50_time-bearing bpfo 1-ch3.csv|data/raw/nln_emp/Dataset/Electric/Motor-2/50/bearing bpfo 1/Electric_Motor-2_50_time-bearing bpfo 1-ch4.csv|data/raw/nln_emp/Dataset/Electric/Motor-2/50/bearing bpfo 1/Electric_Motor-2_50_time-bearing bpfo 1-ch5.csv|data/raw/nln_emp/Dataset/Electric/Motor-2/50/bearing bpfo 1/Electric_Motor-2_50_time-bearing bpfo 1-ch6.csv,False,channel_1;nln_overview_verified=True|channel_2;nln_overview_verified=True|channel_3;nln_overview_verified=True|channel_4;nln_overview_verified=True|channel_5;nln_overview_verified=True|channel_6;nln_overview_verified=True
nln_emp_leave_one_speed_out,test_speed_100,nln_emp,nln_emp_motor_2_50_bearing_bpfo_1_vibration,nln_emp_motor_2_50_bearing_bpfo_1,train,Motor-2,vibration,vibration,50,unknown,motor_2_speed_50,bearing_outer_race,1,fault,experimental,unknown,data/raw/nln_emp/Dataset/Vibration/Motor-2/50/bearing bpfo 1/Vibration_Motor-2_50_time-bearing bpfo 1-ch1.csv|data/raw/nln_emp/Dataset/Vibration/Motor-2/50/bearing bpfo 1/Vibration_Motor-2_50_time-bearing bpfo 1-ch2.csv|data/raw/nln_emp/Dataset/Vibration/Motor-2/50/bearing bpfo 1/Vibration_Motor-2_50_time-bearing bpfo 1-ch3.csv|data/raw/nln_emp/Dataset/Vibration/Motor-2/50/bearing bpfo 1/Vibration_Motor-2_50_time-bearing bpfo 1-ch4.csv|data/raw/nln_emp/Dataset/Vibration/Motor-2/50/bearing bpfo 1/Vibration_Motor-2_50_time-bearing bpfo 1-ch5.csv,False,channel_1;nln_overview_verified=True|channel_2;nln_overview_verified=True|channel_3;nln_overview_verified=True|channel_4;nln_overview_verified=True|channel_5;nln_overview_verified=True
nln_emp_leave_one_speed_out,test_speed_100,nln_emp,nln_emp_motor_2_50_bearing_bpfo_2_current,nln_emp_motor_2_50_bearing_bpfo_2,train,Motor-2,current,current,50,unknown,motor_2_speed_50,bearing_outer_race,1,fault,experimental,unknown,data/raw/nln_emp/Dataset/Electric/Motor-2/50/bearing bpfo 2/Electric_Motor-2_50_time-bearing bpfo 2-ch1.csv|data/raw/nln_emp/Dataset/Electric/Motor-2/50/bearing bpfo 2/Electric_Motor-2_50_time-bearing bpfo 2-ch2.csv|data/raw/nln_emp/Dataset/Electric/Motor-2/50/bearing bpfo 2/Electric_Motor-2_50_time-bearing bpfo 2-ch3.csv|data/raw/nln_emp/Dataset/Electric/Motor-2/50/bearing bpfo 2/Electric_Motor-2_50_time-bearing bpfo 2-ch4.csv|data/raw/nln_emp/Dataset/Electric/Motor-2/50/bearing bpfo 2/Electric_Motor-2_50_time-bearing bpfo 2-ch5.csv|data/raw/nln_emp/Dataset/Electric/Motor-2/50/bearing bpfo 2/Electric_Motor-2_50_time-bearing bpfo 2-ch6.csv,False,channel_1;nln_overview_verified=True|channel_2;nln_overview_verified=True|channel_3;nln_overview_verified=True|channel_4;nln_overview_verified=True|channel_5;nln_overview_verified=True|channel_6;nln_overview_verified=True
nln_emp_leave_one_speed_out,test_speed_100,nln_emp,nln_emp_motor_2_50_bearing_bpfo_2_vibration,nln_emp_motor_2_50_bearing_bpfo_2,train,Motor-2,vibration,vibration,50,unknown,motor_2_speed_50,bearing_outer_race,1,fault,experimental,unknown,data/raw/nln_emp/Dataset/Vibration/Motor-2/50/bearing bpfo 2/Vibration_Motor-2_50_time-bearing bpfo 2-ch1.csv|data/raw/nln_emp/Dataset/Vibration/Motor-2/50/bearing bpfo 2/Vibration_Motor-2_50_time-bearing bpfo 2-ch2.csv|data/raw/nln_emp/Dataset/Vibration/Motor-2/50/bearing bpfo 2/Vibration_Motor-2_50_time-bearing bpfo 2-ch3.csv|data/raw/nln_emp/Dataset/Vibration/Motor-2/50/bearing bpfo 2/Vibration_Motor-2_50_time-bearing bpfo 2-ch4.csv|data/raw/nln_emp/Dataset/Vibration/Motor-2/50/bearing bpfo 2/Vibration_Motor-2_50_time-bearing bpfo 2-ch5.csv,False,channel_1;nln_overview_verified=True|channel_2;nln_overview_verified=True|channel_3;nln_overview_verified=True|channel_4;nln_overview_verified=True|channel_5;nln_overview_verified=True
nln_emp_leave_one_speed_out,test_speed_100,nln_emp,nln_emp_motor_2_50_bearing_bpfo_3_current,nln_emp_motor_2_50_bearing_bpfo_3,train,Motor-2,current,current,50,unknown,motor_2_speed_50,bearing_outer_race,1,fault,experimental,unknown,data/raw/nln_emp/Dataset/Electric/Motor-2/50/bearing bpfo 3/Electric_Motor-2_50_time-bearing bpfo 3-ch1.csv|data/raw/nln_emp/Dataset/Electric/Motor-2/50/bearing bpfo 3/Electric_Motor-2_50_time-bearing bpfo 3-ch2.csv|data/raw/nln_emp/Dataset/Electric/Motor-2/50/bearing bpfo 3/Electric_Motor-2_50_time-bearing bpfo 3-ch3.csv|data/raw/nln_emp/Dataset/Electric/Motor-2/50/bearing bpfo 3/Electric_Motor-2_50_time-bearing bpfo 3-ch4.csv|data/raw/nln_emp/Dataset/Electric/Motor-2/50/bearing bpfo 3/Electric_Motor-2_50_time-bearing bpfo 3-ch5.csv|data/raw/nln_emp/Dataset/Electric/Motor-2/50/bearing bpfo 3/Electric_Motor-2_50_time-bearing bpfo 3-ch6.csv,False,channel_1;nln_overview_verified=True|channel_2;nln_overview_verified=True|channel_3;nln_overview_verified=True|channel_4;nln_overview_verified=True|channel_5;nln_overview_verified=True|channel_6;nln_overview_verified=True
nln_emp_leave_one_speed_out,test_speed_100,nln_emp,nln_emp_motor_2_50_bearing_bpfo_3_vibration,nln_emp_motor_2_50_bearing_bpfo_3,train,Motor-2,vibration,vibration,50,unknown,motor_2_speed_50,bearing_outer_race,1,fault,experimental,unknown,data/raw/nln_emp/Dataset/Vibration/Motor-2/50/bearing bpfo 3/Vibration_Motor-2_50_time-bearing bpfo 3-ch1.csv|data/raw/nln_emp/Dataset/Vibration/Motor-2/50/bearing bpfo 3/Vibration_Motor-2_50_time-bearing bpfo 3-ch2.csv|data/raw/nln_emp/Dataset/Vibration/Motor-2/50/bearing bpfo 3/Vibration_Motor-2_50_time-bearing bpfo 3-ch3.csv|data/raw/nln_emp/Dataset/Vibration/Motor-2/50/bearing bpfo 3/Vibration_Motor-2_50_time-bearing bpfo 3-ch4.csv|data/raw/nln_emp/Dataset/Vibration/Motor-2/50/bearing bpfo 3/Vibration_Motor-2_50_time-bearing bpfo 3-ch5.csv,False,channel_1;nln_overview_verified=True|channel_2;nln_overview_verified=True|channel_3;nln_overview_verified=True|channel_4;nln_overview_verified=True|channel_5;nln_overview_verified=True
nln_emp_leave_one_speed_out,test_speed_100,nln_emp,nln_emp_motor_2_50_bearing_bsf_current,nln_emp_motor_2_50_bearing_bsf,train,Motor-2,current,current,50,unknown,motor_2_speed_50,bearing_ball_spin,unknown,fault,experimental,unknown,data/raw/nln_emp/Dataset/Electric/Motor-2/50/bearing bsf/Electric_Motor-2_50_time-bearing bsf-ch1.csv|data/raw/nln_emp/Dataset/Electric/Motor-2/50/bearing bsf/Electric_Motor-2_50_time-bearing bsf-ch2.csv|data/raw/nln_emp/Dataset/Electric/Motor-2/50/bearing bsf/Electric_Motor-2_50_time-bearing bsf-ch3.csv|data/raw/nln_emp/Dataset/Electric/Motor-2/50/bearing bsf/Electric_Motor-2_50_time-bearing bsf-ch4.csv|data/raw/nln_emp/Dataset/Electric/Motor-2/50/bearing bsf/Electric_Motor-2_50_time-bearing bsf-ch5.csv|data/raw/nln_emp/Dataset/Electric/Motor-2/50/bearing bsf/Electric_Motor-2_50_time-bearing bsf-ch6.csv,False,channel_1;nln_overview_verified=True|channel_2;nln_overview_verified=True|channel_3;nln_overview_verified=True|channel_4;nln_overview_verified=True|channel_5;nln_overview_verified=True|channel_6;nln_overview_verified=True
nln_emp_leave_one_speed_out,test_speed_100,nln_emp,nln_emp_motor_2_50_bearing_bsf_vibration,nln_emp_motor_2_50_bearing_bsf,train,Motor-2,vibration,vibration,50,unknown,motor_2_speed_50,bearing_ball_spin,unknown,fault,experimental,unknown,data/raw/nln_emp/Dataset/Vibration/Motor-2/50/bearing bsf/Vibration_Motor-2_50_time-bearing bsf-ch1.csv|data/raw/nln_emp/Dataset/Vibration/Motor-2/50/bearing bsf/Vibration_Motor-2_50_time-bearing bsf-ch2.csv|data/raw/nln_emp/Dataset/Vibration/Motor-2/50/bearing bsf/Vibration_Motor-2_50_time-bearing bsf-ch3.csv|data/raw/nln_emp/Dataset/Vibration/Motor-2/50/bearing bsf/Vibration_Motor-2_50_time-bearing bsf-ch4.csv|data/raw/nln_emp/Dataset/Vibration/Motor-2/50/bearing bsf/Vibration_Motor-2_50_time-bearing bsf-ch5.csv,False,channel_1;nln_overview_verified=True|channel_2;nln_overview_verified=True|channel_3;nln_overview_verified=True|channel_4;nln_overview_verified=True|channel_5;nln_overview_verified=True
nln_emp_leave_one_speed_out,test_speed_100,nln_emp,nln_emp_motor_2_50_bearing_contaminated_current,nln_emp_motor_2_50_bearing_contaminated,train,Motor-2,current,current,50,unknown,motor_2_speed_50,bearing_contamination,unknown,fault,experimental,unknown,data/raw/nln_emp/Dataset/Electric/Motor-2/50/bearing contaminated/Electric_Motor-2_50_time-bearing contaminated-ch1.csv|data/raw/nln_emp/Dataset/Electric/Motor-2/50/bearing contaminated/Electric_Motor-2_50_time-bearing contaminated-ch2.csv|data/raw/nln_emp/Dataset/Electric/Motor-2/50/bearing contaminated/Electric_Motor-2_50_time-bearing contaminated-ch3.csv|data/raw/nln_emp/Dataset/Electric/Motor-2/50/bearing contaminated/Electric_Motor-2_50_time-bearing contaminated-ch4.csv|data/raw/nln_emp/Dataset/Electric/Motor-2/50/bearing contaminated/Electric_Motor-2_50_time-bearing contaminated-ch5.csv|data/raw/nln_emp/Dataset/Electric/Motor-2/50/bearing contaminated/Electric_Motor-2_50_time-bearing contaminated-ch6.csv,False,channel_1;nln_overview_verified=True|channel_2;nln_overview_verified=True|channel_3;nln_overview_verified=True|channel_4;nln_overview_verified=True|channel_5;nln_overview_verified=True|channel_6;nln_overview_verified=True
nln_emp_leave_one_speed_out,test_speed_100,nln_emp,nln_emp_motor_2_50_bearing_contaminated_vibration,nln_emp_motor_2_50_bearing_contaminated,train,Motor-2,vibration,vibration,50,unknown,motor_2_speed_50,bearing_contamination,unknown,fault,experimental,unknown,data/raw/nln_emp/Dataset/Vibration/Motor-2/50/bearing contaminated/Vibration_Motor-2_50_time-bearing contaminated-ch1.csv|data/raw/nln_emp/Dataset/Vibration/Motor-2/50/bearing contaminated/Vibration_Motor-2_50_time-bearing contaminated-ch2.csv|data/raw/nln_emp/Dataset/Vibration/Motor-2/50/bearing contaminated/Vibration_Motor-2_50_time-bearing contaminated-ch3.csv|data/raw/nln_emp/Dataset/Vibration/Motor-2/50/bearing contaminated/Vibration_Motor-2_50_time-bearing contaminated-ch4.csv|data/raw/nln_emp/Dataset/Vibration/Motor-2/50/bearing contaminated/Vibration_Motor-2_50_time-bearing contaminated-ch5.csv,False,channel_1;nln_overview_verified=True|channel_2;nln_overview_verified=True|channel_3;nln_overview_verified=True|channel_4;nln_overview_verified=True|channel_5;nln_overview_verified=True
nln_emp_leave_one_speed_out,test_speed_100,nln_emp,nln_emp_motor_2_50_bearing_pump_1_current,nln_emp_motor_2_50_bearing_pump_1,train,Motor-2,current,current,50,unknown,motor_2_speed_50,bearing_ball,2,fault,experimental,unknown,data/raw/nln_emp/Dataset/Electric/Motor-2/50/bearing pump 1/Electric_Motor-2_50_time-bearing pump 1-ch1.csv|data/raw/nln_emp/Dataset/Electric/Motor-2/50/bearing pump 1/Electric_Motor-2_50_time-bearing pump 1-ch2.csv|data/raw/nln_emp/Dataset/Electric/Motor-2/50/bearing pump 1/Electric_Motor-2_50_time-bearing pump 1-ch3.csv|data/raw/nln_emp/Dataset/Electric/Motor-2/50/bearing pump 1/Electric_Motor-2_50_time-bearing pump 1-ch4.csv|data/raw/nln_emp/Dataset/Electric/Motor-2/50/bearing pump 1/Electric_Motor-2_50_time-bearing pump 1-ch5.csv|data/raw/nln_emp/Dataset/Electric/Motor-2/50/bearing pump 1/Electric_Motor-2_50_time-bearing pump 1-ch6.csv,False,channel_1;nln_overview_verified=True|channel_2;nln_overview_verified=True|channel_3;nln_overview_verified=True|channel_4;nln_overview_verified=True|channel_5;nln_overview_verified=True|channel_6;nln_overview_verified=True
nln_emp_leave_one_speed_out,test_speed_100,nln_emp,nln_emp_motor_2_50_bearing_pump_1_vibration,nln_emp_motor_2_50_bearing_pump_1,train,Motor-2,vibration,vibration,50,unknown,motor_2_speed_50,bearing_ball,2,fault,experimental,unknown,data/raw/nln_emp/Dataset/Vibration/Motor-2/50/bearing pump 1/Vibration_Motor-2_50_time-bearing pump 1-ch1.csv|data/raw/nln_emp/Dataset/Vibration/Motor-2/50/bearing pump 1/Vibration_Motor-2_50_time-bearing pump 1-ch2.csv|data/raw/nln_emp/Dataset/Vibration/Motor-2/50/bearing pump 1/Vibration_Motor-2_50_time-bearing pump 1-ch3.csv|data/raw/nln_emp/Dataset/Vibration/Motor-2/50/bearing pump 1/Vibration_Motor-2_50_time-bearing pump 1-ch4.csv|data/raw/nln_emp/Dataset/Vibration/Motor-2/50/bearing pump 1/Vibration_Motor-2_50_time-bearing pump 1-ch5.csv,False,channel_1;nln_overview_verified=True|channel_2;nln_overview_verified=True|channel_3;nln_overview_verified=True|channel_4;nln_overview_verified=True|channel_5;nln_overview_verified=True
nln_emp_leave_one_speed_out,test_speed_100,nln_emp,nln_emp_motor_2_50_bearing_pump_2_current,nln_emp_motor_2_50_bearing_pump_2,train,Motor-2,current,current,50,unknown,motor_2_speed_50,bearing_ball,2,fault,experimental,unknown,data/raw/nln_emp/Dataset/Electric/Motor-2/50/bearing pump 2/Electric_Motor-2_50_time-bearing pump 2-ch1.csv|data/raw/nln_emp/Dataset/Electric/Motor-2/50/bearing pump 2/Electric_Motor-2_50_time-bearing pump 2-ch2.csv|data/raw/nln_emp/Dataset/Electric/Motor-2/50/bearing pump 2/Electric_Motor-2_50_time-bearing pump 2-ch3.csv|data/raw/nln_emp/Dataset/Electric/Motor-2/50/bearing pump 2/Electric_Motor-2_50_time-bearing pump 2-ch4.csv|data/raw/nln_emp/Dataset/Electric/Motor-2/50/bearing pump 2/Electric_Motor-2_50_time-bearing pump 2-ch5.csv|data/raw/nln_emp/Dataset/Electric/Motor-2/50/bearing pump 2/Electric_Motor-2_50_time-bearing pump 2-ch6.csv,False,channel_1;nln_overview_verified=True|channel_2;nln_overview_verified=True|channel_3;nln_overview_verified=True|channel_4;nln_overview_verified=True|channel_5;nln_overview_verified=True|channel_6;nln_overview_verified=True
nln_emp_leave_one_speed_out,test_speed_100,nln_emp,nln_emp_motor_2_50_bearing_pump_2_vibration,nln_emp_motor_2_50_bearing_pump_2,train,Motor-2,vibration,vibration,50,unknown,motor_2_speed_50,bearing_ball,2,fault,experimental,unknown,data/raw/nln_emp/Dataset/Vibration/Motor-2/50/bearing pump 2/Vibration_Motor-2_50_time-bearing pump 2-ch1.csv|data/raw/nln_emp/Dataset/Vibration/Motor-2/50/bearing pump 2/Vibration_Motor-2_50_time-bearing pump 2-ch2.csv|data/raw/nln_emp/Dataset/Vibration/Motor-2/50/bearing pump 2/Vibration_Motor-2_50_time-bearing pump 2-ch3.csv|data/raw/nln_emp/Dataset/Vibration/Motor-2/50/bearing pump 2/Vibration_Motor-2_50_time-bearing pump 2-ch4.csv|data/raw/nln_emp/Dataset/Vibration/Motor-2/50/bearing pump 2/Vibration_Motor-2_50_time-bearing pump 2-ch5.csv,False,channel_1;nln_overview_verified=True|channel_2;nln_overview_verified=True|channel_3;nln_overview_verified=True|channel_4;nln_overview_verified=True|channel_5;nln_overview_verified=True
nln_emp_leave_one_speed_out,test_speed_100,nln_emp,nln_emp_motor_2_50_bearing_pump_3_current,nln_emp_motor_2_50_bearing_pump_3,val,Motor-2,current,current,50,unknown,motor_2_speed_50,bearing_ball,2,fault,experimental,unknown,data/raw/nln_emp/Dataset/Electric/Motor-2/50/bearing pump 3/Electric_Motor-2_50_time-bearing pump 3-ch1.csv|data/raw/nln_emp/Dataset/Electric/Motor-2/50/bearing pump 3/Electric_Motor-2_50_time-bearing pump 3-ch2.csv|data/raw/nln_emp/Dataset/Electric/Motor-2/50/bearing pump 3/Electric_Motor-2_50_time-bearing pump 3-ch3.csv|data/raw/nln_emp/Dataset/Electric/Motor-2/50/bearing pump 3/Electric_Motor-2_50_time-bearing pump 3-ch4.csv|data/raw/nln_emp/Dataset/Electric/Motor-2/50/bearing pump 3/Electric_Motor-2_50_time-bearing pump 3-ch5.csv|data/raw/nln_emp/Dataset/Electric/Motor-2/50/bearing pump 3/Electric_Motor-2_50_time-bearing pump 3-ch6.csv,False,channel_1;nln_overview_verified=True|channel_2;nln_overview_verified=True|channel_3;nln_overview_verified=True|channel_4;nln_overview_verified=True|channel_5;nln_overview_verified=True|channel_6;nln_overview_verified=True
nln_emp_leave_one_speed_out,test_speed_100,nln_emp,nln_emp_motor_2_50_bearing_pump_3_vibration,nln_emp_motor_2_50_bearing_pump_3,val,Motor-2,vibration,vibration,50,unknown,motor_2_speed_50,bearing_ball,2,fault,experimental,unknown,data/raw/nln_emp/Dataset/Vibration/Motor-2/50/bearing pump 3/Vibration_Motor-2_50_time-bearing pump 3-ch1.csv|data/raw/nln_emp/Dataset/Vibration/Motor-2/50/bearing pump 3/Vibration_Motor-2_50_time-bearing pump 3-ch2.csv|data/raw/nln_emp/Dataset/Vibration/Motor-2/50/bearing pump 3/Vibration_Motor-2_50_time-bearing pump 3-ch3.csv|data/raw/nln_emp/Dataset/Vibration/Motor-2/50/bearing pump 3/Vibration_Motor-2_50_time-bearing pump 3-ch4.csv|data/raw/nln_emp/Dataset/Vibration/Motor-2/50/bearing pump 3/Vibration_Motor-2_50_time-bearing pump 3-ch5.csv,False,channel_1;nln_overview_verified=True|channel_2;nln_overview_verified=True|channel_3;nln_overview_verified=True|channel_4;nln_overview_verified=True|channel_5;nln_overview_verified=True
nln_emp_leave_one_speed_out,test_speed_100,nln_emp,nln_emp_motor_2_50_broken_rotor_bar_current,nln_emp_motor_2_50_broken_rotor_bar,train,Motor-2,current,current,50,unknown,motor_2_speed_50,rotor_fault,unknown,fault,experimental,unknown,data/raw/nln_emp/Dataset/Electric/Motor-2/50/broken rotor bar/Electric_Motor-2_50_time-broken rotor bar-ch1.csv|data/raw/nln_emp/Dataset/Electric/Motor-2/50/broken rotor bar/Electric_Motor-2_50_time-broken rotor bar-ch2.csv|data/raw/nln_emp/Dataset/Electric/Motor-2/50/broken rotor bar/Electric_Motor-2_50_time-broken rotor bar-ch3.csv|data/raw/nln_emp/Dataset/Electric/Motor-2/50/broken rotor bar/Electric_Motor-2_50_time-broken rotor bar-ch4.csv|data/raw/nln_emp/Dataset/Electric/Motor-2/50/broken rotor bar/Electric_Motor-2_50_time-broken rotor bar-ch5.csv|data/raw/nln_emp/Dataset/Electric/Motor-2/50/broken rotor bar/Electric_Motor-2_50_time-broken rotor bar-ch6.csv,False,channel_1;nln_overview_verified=True|channel_2;nln_overview_verified=True|channel_3;nln_overview_verified=True|channel_4;nln_overview_verified=True|channel_5;nln_overview_verified=True|channel_6;nln_overview_verified=True
nln_emp_leave_one_speed_out,test_speed_100,nln_emp,nln_emp_motor_2_50_broken_rotor_bar_vibration,nln_emp_motor_2_50_broken_rotor_bar,train,Motor-2,vibration,vibration,50,unknown,motor_2_speed_50,rotor_fault,unknown,fault,experimental,unknown,data/raw/nln_emp/Dataset/Vibration/Motor-2/50/broken rotor bar/Vibration_Motor-2_50_time-broken rotor bar-ch1.csv|data/raw/nln_emp/Dataset/Vibration/Motor-2/50/broken rotor bar/Vibration_Motor-2_50_time-broken rotor bar-ch2.csv|data/raw/nln_emp/Dataset/Vibration/Motor-2/50/broken rotor bar/Vibration_Motor-2_50_time-broken rotor bar-ch3.csv|data/raw/nln_emp/Dataset/Vibration/Motor-2/50/broken rotor bar/Vibration_Motor-2_50_time-broken rotor bar-ch4.csv|data/raw/nln_emp/Dataset/Vibration/Motor-2/50/broken rotor bar/Vibration_Motor-2_50_time-broken rotor bar-ch5.csv,False,channel_1;nln_overview_verified=True|channel_2;nln_overview_verified=True|channel_3;nln_overview_verified=True|channel_4;nln_overview_verified=True|channel_5;nln_overview_verified=True
nln_emp_leave_one_speed_out,test_speed_100,nln_emp,nln_emp_motor_2_50_healthy_1_current,nln_emp_motor_2_50_healthy_1,train,Motor-2,current,current,50,unknown,motor_2_speed_50,healthy,0,healthy,experimental,unknown,data/raw/nln_emp/Dataset/Electric/Motor-2/50/healthy 1/Electric_Motor-2_50_time-healthy 1-ch1.csv|data/raw/nln_emp/Dataset/Electric/Motor-2/50/healthy 1/Electric_Motor-2_50_time-healthy 1-ch2.csv|data/raw/nln_emp/Dataset/Electric/Motor-2/50/healthy 1/Electric_Motor-2_50_time-healthy 1-ch3.csv|data/raw/nln_emp/Dataset/Electric/Motor-2/50/healthy 1/Electric_Motor-2_50_time-healthy 1-ch4.csv|data/raw/nln_emp/Dataset/Electric/Motor-2/50/healthy 1/Electric_Motor-2_50_time-healthy 1-ch5.csv|data/raw/nln_emp/Dataset/Electric/Motor-2/50/healthy 1/Electric_Motor-2_50_time-healthy 1-ch6.csv,False,channel_1;nln_overview_verified=True|channel_2;nln_overview_verified=True|channel_3;nln_overview_verified=True|channel_4;nln_overview_verified=True|channel_5;nln_overview_verified=True|channel_6;nln_overview_verified=True
nln_emp_leave_one_speed_out,test_speed_100,nln_emp,nln_emp_motor_2_50_healthy_1_vibration,nln_emp_motor_2_50_healthy_1,train,Motor-2,vibration,vibration,50,unknown,motor_2_speed_50,healthy,0,healthy,experimental,unknown,data/raw/nln_emp/Dataset/Vibration/Motor-2/50/healthy 1/Vibration_Motor-2_50_time-healthy 1-ch1.csv|data/raw/nln_emp/Dataset/Vibration/Motor-2/50/healthy 1/Vibration_Motor-2_50_time-healthy 1-ch2.csv|data/raw/nln_emp/Dataset/Vibration/Motor-2/50/healthy 1/Vibration_Motor-2_50_time-healthy 1-ch3.csv|data/raw/nln_emp/Dataset/Vibration/Motor-2/50/healthy 1/Vibration_Motor-2_50_time-healthy 1-ch4.csv|data/raw/nln_emp/Dataset/Vibration/Motor-2/50/healthy 1/Vibration_Motor-2_50_time-healthy 1-ch5.csv,False,channel_1;nln_overview_verified=True|channel_2;nln_overview_verified=True|channel_3;nln_overview_verified=True|channel_4;nln_overview_verified=True|channel_5;nln_overview_verified=True
nln_emp_leave_one_speed_out,test_speed_100,nln_emp,nln_emp_motor_2_50_healthy_2_current,nln_emp_motor_2_50_healthy_2,train,Motor-2,current,current,50,unknown,motor_2_speed_50,healthy,0,healthy,experimental,unknown,data/raw/nln_emp/Dataset/Electric/Motor-2/50/healthy 2/Electric_Motor-2_50_time-healthy 2-ch1.csv|data/raw/nln_emp/Dataset/Electric/Motor-2/50/healthy 2/Electric_Motor-2_50_time-healthy 2-ch2.csv|data/raw/nln_emp/Dataset/Electric/Motor-2/50/healthy 2/Electric_Motor-2_50_time-healthy 2-ch3.csv|data/raw/nln_emp/Dataset/Electric/Motor-2/50/healthy 2/Electric_Motor-2_50_time-healthy 2-ch4.csv|data/raw/nln_emp/Dataset/Electric/Motor-2/50/healthy 2/Electric_Motor-2_50_time-healthy 2-ch5.csv|data/raw/nln_emp/Dataset/Electric/Motor-2/50/healthy 2/Electric_Motor-2_50_time-healthy 2-ch6.csv,False,channel_1;nln_overview_verified=True|channel_2;nln_overview_verified=True|channel_3;nln_overview_verified=True|channel_4;nln_overview_verified=True|channel_5;nln_overview_verified=True|channel_6;nln_overview_verified=True
nln_emp_leave_one_speed_out,test_speed_100,nln_emp,nln_emp_motor_2_50_healthy_2_vibration,nln_emp_motor_2_50_healthy_2,train,Motor-2,vibration,vibration,50,unknown,motor_2_speed_50,healthy,0,healthy,experimental,unknown,data/raw/nln_emp/Dataset/Vibration/Motor-2/50/healthy 2/Vibration_Motor-2_50_time-healthy 2-ch1.csv|data/raw/nln_emp/Dataset/Vibration/Motor-2/50/healthy 2/Vibration_Motor-2_50_time-healthy 2-ch2.csv|data/raw/nln_emp/Dataset/Vibration/Motor-2/50/healthy 2/Vibration_Motor-2_50_time-healthy 2-ch3.csv|data/raw/nln_emp/Dataset/Vibration/Motor-2/50/healthy 2/Vibration_Motor-2_50_time-healthy 2-ch4.csv|data/raw/nln_emp/Dataset/Vibration/Motor-2/50/healthy 2/Vibration_Motor-2_50_time-healthy 2-ch5.csv,False,channel_1;nln_overview_verified=True|channel_2;nln_overview_verified=True|channel_3;nln_overview_verified=True|channel_4;nln_overview_verified=True|channel_5;nln_overview_verified=True
nln_emp_leave_one_speed_out,test_speed_100,nln_emp,nln_emp_motor_2_50_healthy_3_current,nln_emp_motor_2_50_healthy_3,train,Motor-2,current,current,50,unknown,motor_2_speed_50,healthy,0,healthy,experimental,unknown,data/raw/nln_emp/Dataset/Electric/Motor-2/50/healthy 3/Electric_Motor-2_50_time-healthy 3-ch1.csv|data/raw/nln_emp/Dataset/Electric/Motor-2/50/healthy 3/Electric_Motor-2_50_time-healthy 3-ch2.csv|data/raw/nln_emp/Dataset/Electric/Motor-2/50/healthy 3/Electric_Motor-2_50_time-healthy 3-ch3.csv|data/raw/nln_emp/Dataset/Electric/Motor-2/50/healthy 3/Electric_Motor-2_50_time-healthy 3-ch4.csv|data/raw/nln_emp/Dataset/Electric/Motor-2/50/healthy 3/Electric_Motor-2_50_time-healthy 3-ch5.csv|data/raw/nln_emp/Dataset/Electric/Motor-2/50/healthy 3/Electric_Motor-2_50_time-healthy 3-ch6.csv,False,channel_1;nln_overview_verified=True|channel_2;nln_overview_verified=True|channel_3;nln_overview_verified=True|channel_4;nln_overview_verified=True|channel_5;nln_overview_verified=True|channel_6;nln_overview_verified=True
nln_emp_leave_one_speed_out,test_speed_100,nln_emp,nln_emp_motor_2_50_healthy_3_vibration,nln_emp_motor_2_50_healthy_3,train,Motor-2,vibration,vibration,50,unknown,motor_2_speed_50,healthy,0,healthy,experimental,unknown,data/raw/nln_emp/Dataset/Vibration/Motor-2/50/healthy 3/Vibration_Motor-2_50_time-healthy 3-ch1.csv|data/raw/nln_emp/Dataset/Vibration/Motor-2/50/healthy 3/Vibration_Motor-2_50_time-healthy 3-ch2.csv|data/raw/nln_emp/Dataset/Vibration/Motor-2/50/healthy 3/Vibration_Motor-2_50_time-healthy 3-ch3.csv|data/raw/nln_emp/Dataset/Vibration/Motor-2/50/healthy 3/Vibration_Motor-2_50_time-healthy 3-ch4.csv|data/raw/nln_emp/Dataset/Vibration/Motor-2/50/healthy 3/Vibration_Motor-2_50_time-healthy 3-ch5.csv,False,channel_1;nln_overview_verified=True|channel_2;nln_overview_verified=True|channel_3;nln_overview_verified=True|channel_4;nln_overview_verified=True|channel_5;nln_overview_verified=True
nln_emp_leave_one_speed_out,test_speed_100,nln_emp,nln_emp_motor_2_50_healthy_noise_current,nln_emp_motor_2_50_healthy_noise,train,Motor-2,current,current,50,unknown,motor_2_speed_50,healthy,0,healthy,experimental,unknown,data/raw/nln_emp/Dataset/Electric/Motor-2/50/healthy noise/Electric_Motor-2_50_time-healthy noise-ch1.csv|data/raw/nln_emp/Dataset/Electric/Motor-2/50/healthy noise/Electric_Motor-2_50_time-healthy noise-ch2.csv|data/raw/nln_emp/Dataset/Electric/Motor-2/50/healthy noise/Electric_Motor-2_50_time-healthy noise-ch3.csv|data/raw/nln_emp/Dataset/Electric/Motor-2/50/healthy noise/Electric_Motor-2_50_time-healthy noise-ch4.csv|data/raw/nln_emp/Dataset/Electric/Motor-2/50/healthy noise/Electric_Motor-2_50_time-healthy noise-ch5.csv|data/raw/nln_emp/Dataset/Electric/Motor-2/50/healthy noise/Electric_Motor-2_50_time-healthy noise-ch6.csv,False,channel_1;nln_overview_verified=True|channel_2;nln_overview_verified=True|channel_3;nln_overview_verified=True|channel_4;nln_overview_verified=True|channel_5;nln_overview_verified=True|channel_6;nln_overview_verified=True
nln_emp_leave_one_speed_out,test_speed_100,nln_emp,nln_emp_motor_2_50_healthy_noise_vibration,nln_emp_motor_2_50_healthy_noise,train,Motor-2,vibration,vibration,50,unknown,motor_2_speed_50,healthy,0,healthy,experimental,unknown,data/raw/nln_emp/Dataset/Vibration/Motor-2/50/healthy noise/Vibration_Motor-2_50_time-healthy noise-ch1.csv|data/raw/nln_emp/Dataset/Vibration/Motor-2/50/healthy noise/Vibration_Motor-2_50_time-healthy noise-ch2.csv|data/raw/nln_emp/Dataset/Vibration/Motor-2/50/healthy noise/Vibration_Motor-2_50_time-healthy noise-ch3.csv|data/raw/nln_emp/Dataset/Vibration/Motor-2/50/healthy noise/Vibration_Motor-2_50_time-healthy noise-ch4.csv|data/raw/nln_emp/Dataset/Vibration/Motor-2/50/healthy noise/Vibration_Motor-2_50_time-healthy noise-ch5.csv,False,channel_1;nln_overview_verified=True|channel_2;nln_overview_verified=True|channel_3;nln_overview_verified=True|channel_4;nln_overview_verified=True|channel_5;nln_overview_verified=True
nln_emp_leave_one_speed_out,test_speed_100,nln_emp,nln_emp_motor_2_50_impeller_1_current,nln_emp_motor_2_50_impeller_1,train,Motor-2,current,current,50,unknown,motor_2_speed_50,impeller_fault,1,fault,experimental,unknown,data/raw/nln_emp/Dataset/Electric/Motor-2/50/impeller 1/Electric_Motor-2_50_time-impeller 1-ch1.csv|data/raw/nln_emp/Dataset/Electric/Motor-2/50/impeller 1/Electric_Motor-2_50_time-impeller 1-ch2.csv|data/raw/nln_emp/Dataset/Electric/Motor-2/50/impeller 1/Electric_Motor-2_50_time-impeller 1-ch3.csv|data/raw/nln_emp/Dataset/Electric/Motor-2/50/impeller 1/Electric_Motor-2_50_time-impeller 1-ch4.csv|data/raw/nln_emp/Dataset/Electric/Motor-2/50/impeller 1/Electric_Motor-2_50_time-impeller 1-ch5.csv|data/raw/nln_emp/Dataset/Electric/Motor-2/50/impeller 1/Electric_Motor-2_50_time-impeller 1-ch6.csv,False,channel_1;nln_overview_verified=True|channel_2;nln_overview_verified=True|channel_3;nln_overview_verified=True|channel_4;nln_overview_verified=True|channel_5;nln_overview_verified=True|channel_6;nln_overview_verified=True
nln_emp_leave_one_speed_out,test_speed_100,nln_emp,nln_emp_motor_2_50_impeller_1_vibration,nln_emp_motor_2_50_impeller_1,train,Motor-2,vibration,vibration,50,unknown,motor_2_speed_50,impeller_fault,1,fault,experimental,unknown,data/raw/nln_emp/Dataset/Vibration/Motor-2/50/impeller 1/Vibration_Motor-2_50_time-impeller 1-ch1.csv|data/raw/nln_emp/Dataset/Vibration/Motor-2/50/impeller 1/Vibration_Motor-2_50_time-impeller 1-ch2.csv|data/raw/nln_emp/Dataset/Vibration/Motor-2/50/impeller 1/Vibration_Motor-2_50_time-impeller 1-ch3.csv|data/raw/nln_emp/Dataset/Vibration/Motor-2/50/impeller 1/Vibration_Motor-2_50_time-impeller 1-ch4.csv|data/raw/nln_emp/Dataset/Vibration/Motor-2/50/impeller 1/Vibration_Motor-2_50_time-impeller 1-ch5.csv,False,channel_1;nln_overview_verified=True|channel_2;nln_overview_verified=True|channel_3;nln_overview_verified=True|channel_4;nln_overview_verified=True|channel_5;nln_overview_verified=True
nln_emp_leave_one_speed_out,test_speed_100,nln_emp,nln_emp_motor_2_50_impeller_2_current,nln_emp_motor_2_50_impeller_2,train,Motor-2,current,current,50,unknown,motor_2_speed_50,impeller_fault,1,fault,experimental,unknown,data/raw/nln_emp/Dataset/Electric/Motor-2/50/impeller 2/Electric_Motor-2_50_time-impeller 2-ch1.csv|data/raw/nln_emp/Dataset/Electric/Motor-2/50/impeller 2/Electric_Motor-2_50_time-impeller 2-ch2.csv|data/raw/nln_emp/Dataset/Electric/Motor-2/50/impeller 2/Electric_Motor-2_50_time-impeller 2-ch3.csv|data/raw/nln_emp/Dataset/Electric/Motor-2/50/impeller 2/Electric_Motor-2_50_time-impeller 2-ch4.csv|data/raw/nln_emp/Dataset/Electric/Motor-2/50/impeller 2/Electric_Motor-2_50_time-impeller 2-ch5.csv|data/raw/nln_emp/Dataset/Electric/Motor-2/50/impeller 2/Electric_Motor-2_50_time-impeller 2-ch6.csv,False,channel_1;nln_overview_verified=True|channel_2;nln_overview_verified=True|channel_3;nln_overview_verified=True|channel_4;nln_overview_verified=True|channel_5;nln_overview_verified=True|channel_6;nln_overview_verified=True
nln_emp_leave_one_speed_out,test_speed_100,nln_emp,nln_emp_motor_2_50_impeller_2_vibration,nln_emp_motor_2_50_impeller_2,train,Motor-2,vibration,vibration,50,unknown,motor_2_speed_50,impeller_fault,1,fault,experimental,unknown,data/raw/nln_emp/Dataset/Vibration/Motor-2/50/impeller 2/Vibration_Motor-2_50_time-impeller 2-ch1.csv|data/raw/nln_emp/Dataset/Vibration/Motor-2/50/impeller 2/Vibration_Motor-2_50_time-impeller 2-ch2.csv|data/raw/nln_emp/Dataset/Vibration/Motor-2/50/impeller 2/Vibration_Motor-2_50_time-impeller 2-ch3.csv|data/raw/nln_emp/Dataset/Vibration/Motor-2/50/impeller 2/Vibration_Motor-2_50_time-impeller 2-ch4.csv|data/raw/nln_emp/Dataset/Vibration/Motor-2/50/impeller 2/Vibration_Motor-2_50_time-impeller 2-ch5.csv,False,channel_1;nln_overview_verified=True|channel_2;nln_overview_verified=True|channel_3;nln_overview_verified=True|channel_4;nln_overview_verified=True|channel_5;nln_overview_verified=True
nln_emp_leave_one_speed_out,test_speed_100,nln_emp,nln_emp_motor_2_50_impeller_3_current,nln_emp_motor_2_50_impeller_3,train,Motor-2,current,current,50,unknown,motor_2_speed_50,impeller_fault,1,fault,experimental,unknown,data/raw/nln_emp/Dataset/Electric/Motor-2/50/impeller 3/Electric_Motor-2_50_time-impeller 3-ch1.csv|data/raw/nln_emp/Dataset/Electric/Motor-2/50/impeller 3/Electric_Motor-2_50_time-impeller 3-ch2.csv|data/raw/nln_emp/Dataset/Electric/Motor-2/50/impeller 3/Electric_Motor-2_50_time-impeller 3-ch3.csv|data/raw/nln_emp/Dataset/Electric/Motor-2/50/impeller 3/Electric_Motor-2_50_time-impeller 3-ch4.csv|data/raw/nln_emp/Dataset/Electric/Motor-2/50/impeller 3/Electric_Motor-2_50_time-impeller 3-ch5.csv|data/raw/nln_emp/Dataset/Electric/Motor-2/50/impeller 3/Electric_Motor-2_50_time-impeller 3-ch6.csv,False,channel_1;nln_overview_verified=True|channel_2;nln_overview_verified=True|channel_3;nln_overview_verified=True|channel_4;nln_overview_verified=True|channel_5;nln_overview_verified=True|channel_6;nln_overview_verified=True
nln_emp_leave_one_speed_out,test_speed_100,nln_emp,nln_emp_motor_2_50_impeller_3_vibration,nln_emp_motor_2_50_impeller_3,train,Motor-2,vibration,vibration,50,unknown,motor_2_speed_50,impeller_fault,1,fault,experimental,unknown,data/raw/nln_emp/Dataset/Vibration/Motor-2/50/impeller 3/Vibration_Motor-2_50_time-impeller 3-ch1.csv|data/raw/nln_emp/Dataset/Vibration/Motor-2/50/impeller 3/Vibration_Motor-2_50_time-impeller 3-ch2.csv|data/raw/nln_emp/Dataset/Vibration/Motor-2/50/impeller 3/Vibration_Motor-2_50_time-impeller 3-ch3.csv|data/raw/nln_emp/Dataset/Vibration/Motor-2/50/impeller 3/Vibration_Motor-2_50_time-impeller 3-ch4.csv|data/raw/nln_emp/Dataset/Vibration/Motor-2/50/impeller 3/Vibration_Motor-2_50_time-impeller 3-ch5.csv,False,channel_1;nln_overview_verified=True|channel_2;nln_overview_verified=True|channel_3;nln_overview_verified=True|channel_4;nln_overview_verified=True|channel_5;nln_overview_verified=True
nln_emp_leave_one_speed_out,test_speed_100,nln_emp,nln_emp_motor_2_50_loose_foot_motor_current,nln_emp_motor_2_50_loose_foot_motor,train,Motor-2,current,current,50,unknown,motor_2_speed_50,looseness_soft_foot,unknown,fault,experimental,unknown,data/raw/nln_emp/Dataset/Electric/Motor-2/50/loose foot motor/Electric_Motor-2_50_time-loose foot motor-ch1.csv|data/raw/nln_emp/Dataset/Electric/Motor-2/50/loose foot motor/Electric_Motor-2_50_time-loose foot motor-ch2.csv|data/raw/nln_emp/Dataset/Electric/Motor-2/50/loose foot motor/Electric_Motor-2_50_time-loose foot motor-ch3.csv|data/raw/nln_emp/Dataset/Electric/Motor-2/50/loose foot motor/Electric_Motor-2_50_time-loose foot motor-ch4.csv|data/raw/nln_emp/Dataset/Electric/Motor-2/50/loose foot motor/Electric_Motor-2_50_time-loose foot motor-ch5.csv|data/raw/nln_emp/Dataset/Electric/Motor-2/50/loose foot motor/Electric_Motor-2_50_time-loose foot motor-ch6.csv,False,channel_1;nln_overview_verified=True|channel_2;nln_overview_verified=True|channel_3;nln_overview_verified=True|channel_4;nln_overview_verified=True|channel_5;nln_overview_verified=True|channel_6;nln_overview_verified=True
nln_emp_leave_one_speed_out,test_speed_100,nln_emp,nln_emp_motor_2_50_loose_foot_pump_current,nln_emp_motor_2_50_loose_foot_pump,train,Motor-2,current,current,50,unknown,motor_2_speed_50,looseness_soft_foot,unknown,fault,experimental,unknown,data/raw/nln_emp/Dataset/Electric/Motor-2/50/loose foot pump/Electric_Motor-2_50_time-loose foot pump-ch1.csv|data/raw/nln_emp/Dataset/Electric/Motor-2/50/loose foot pump/Electric_Motor-2_50_time-loose foot pump-ch2.csv|data/raw/nln_emp/Dataset/Electric/Motor-2/50/loose foot pump/Electric_Motor-2_50_time-loose foot pump-ch3.csv|data/raw/nln_emp/Dataset/Electric/Motor-2/50/loose foot pump/Electric_Motor-2_50_time-loose foot pump-ch4.csv|data/raw/nln_emp/Dataset/Electric/Motor-2/50/loose foot pump/Electric_Motor-2_50_time-loose foot pump-ch5.csv|data/raw/nln_emp/Dataset/Electric/Motor-2/50/loose foot pump/Electric_Motor-2_50_time-loose foot pump-ch6.csv,False,channel_1;nln_overview_verified=True|channel_2;nln_overview_verified=True|channel_3;nln_overview_verified=True|channel_4;nln_overview_verified=True|channel_5;nln_overview_verified=True|channel_6;nln_overview_verified=True
nln_emp_leave_one_speed_out,test_speed_100,nln_emp,nln_emp_motor_2_50_loose_foot_pump_vibration,nln_emp_motor_2_50_loose_foot_pump,train,Motor-2,vibration,vibration,50,unknown,motor_2_speed_50,looseness_soft_foot,unknown,fault,experimental,unknown,data/raw/nln_emp/Dataset/Vibration/Motor-2/50/loose foot pump/Vibration_Motor-2_50_time-loose foot pump-ch1.csv|data/raw/nln_emp/Dataset/Vibration/Motor-2/50/loose foot pump/Vibration_Motor-2_50_time-loose foot pump-ch2.csv|data/raw/nln_emp/Dataset/Vibration/Motor-2/50/loose foot pump/Vibration_Motor-2_50_time-loose foot pump-ch3.csv|data/raw/nln_emp/Dataset/Vibration/Motor-2/50/loose foot pump/Vibration_Motor-2_50_time-loose foot pump-ch4.csv|data/raw/nln_emp/Dataset/Vibration/Motor-2/50/loose foot pump/Vibration_Motor-2_50_time-loose foot pump-ch5.csv,False,channel_1;nln_overview_verified=True|channel_2;nln_overview_verified=True|channel_3;nln_overview_verified=True|channel_4;nln_overview_verified=True|channel_5;nln_overview_verified=True
nln_emp_leave_one_speed_out,test_speed_100,nln_emp,nln_emp_motor_2_50_new_motor_current,nln_emp_motor_2_50_new_motor,train,Motor-2,current,current,50,unknown,motor_2_speed_50,healthy,0,healthy,experimental,unknown,data/raw/nln_emp/Dataset/Electric/Motor-2/50/new motor/Electric_Motor-2_50_time-new motor-ch1.csv|data/raw/nln_emp/Dataset/Electric/Motor-2/50/new motor/Electric_Motor-2_50_time-new motor-ch2.csv|data/raw/nln_emp/Dataset/Electric/Motor-2/50/new motor/Electric_Motor-2_50_time-new motor-ch3.csv|data/raw/nln_emp/Dataset/Electric/Motor-2/50/new motor/Electric_Motor-2_50_time-new motor-ch4.csv|data/raw/nln_emp/Dataset/Electric/Motor-2/50/new motor/Electric_Motor-2_50_time-new motor-ch5.csv|data/raw/nln_emp/Dataset/Electric/Motor-2/50/new motor/Electric_Motor-2_50_time-new motor-ch6.csv,False,channel_1;nln_overview_verified=True|channel_2;nln_overview_verified=True|channel_3;nln_overview_verified=True|channel_4;nln_overview_verified=True|channel_5;nln_overview_verified=True|channel_6;nln_overview_verified=True
nln_emp_leave_one_speed_out,test_speed_100,nln_emp,nln_emp_motor_2_50_new_motor_vibration,nln_emp_motor_2_50_new_motor,train,Motor-2,vibration,vibration,50,unknown,motor_2_speed_50,healthy,0,healthy,experimental,unknown,data/raw/nln_emp/Dataset/Vibration/Motor-2/50/new motor/Vibration_Motor-2_50_time-new motor-ch1.csv|data/raw/nln_emp/Dataset/Vibration/Motor-2/50/new motor/Vibration_Motor-2_50_time-new motor-ch2.csv|data/raw/nln_emp/Dataset/Vibration/Motor-2/50/new motor/Vibration_Motor-2_50_time-new motor-ch3.csv|data/raw/nln_emp/Dataset/Vibration/Motor-2/50/new motor/Vibration_Motor-2_50_time-new motor-ch4.csv|data/raw/nln_emp/Dataset/Vibration/Motor-2/50/new motor/Vibration_Motor-2_50_time-new motor-ch5.csv,False,channel_1;nln_overview_verified=True|channel_2;nln_overview_verified=True|channel_3;nln_overview_verified=True|channel_4;nln_overview_verified=True|channel_5;nln_overview_verified=True
nln_emp_leave_one_speed_out,test_speed_100,nln_emp,nln_emp_motor_2_50_soft_foot_1_current,nln_emp_motor_2_50_soft_foot_1,val,Motor-2,current,current,50,unknown,motor_2_speed_50,looseness_soft_foot,2,fault,experimental,unknown,data/raw/nln_emp/Dataset/Electric/Motor-2/50/soft foot 1/Electric_Motor-2_50_time-soft foot 1-ch1.csv|data/raw/nln_emp/Dataset/Electric/Motor-2/50/soft foot 1/Electric_Motor-2_50_time-soft foot 1-ch2.csv|data/raw/nln_emp/Dataset/Electric/Motor-2/50/soft foot 1/Electric_Motor-2_50_time-soft foot 1-ch3.csv|data/raw/nln_emp/Dataset/Electric/Motor-2/50/soft foot 1/Electric_Motor-2_50_time-soft foot 1-ch4.csv|data/raw/nln_emp/Dataset/Electric/Motor-2/50/soft foot 1/Electric_Motor-2_50_time-soft foot 1-ch5.csv|data/raw/nln_emp/Dataset/Electric/Motor-2/50/soft foot 1/Electric_Motor-2_50_time-soft foot 1-ch6.csv,False,channel_1;nln_overview_verified=True|channel_2;nln_overview_verified=True|channel_3;nln_overview_verified=True|channel_4;nln_overview_verified=True|channel_5;nln_overview_verified=True|channel_6;nln_overview_verified=True
nln_emp_leave_one_speed_out,test_speed_100,nln_emp,nln_emp_motor_2_50_soft_foot_1_vibration,nln_emp_motor_2_50_soft_foot_1,val,Motor-2,vibration,vibration,50,unknown,motor_2_speed_50,looseness_soft_foot,2,fault,experimental,unknown,data/raw/nln_emp/Dataset/Vibration/Motor-2/50/soft foot 1/Vibration_Motor-2_50_time-soft foot 1-ch1.csv|data/raw/nln_emp/Dataset/Vibration/Motor-2/50/soft foot 1/Vibration_Motor-2_50_time-soft foot 1-ch2.csv|data/raw/nln_emp/Dataset/Vibration/Motor-2/50/soft foot 1/Vibration_Motor-2_50_time-soft foot 1-ch3.csv|data/raw/nln_emp/Dataset/Vibration/Motor-2/50/soft foot 1/Vibration_Motor-2_50_time-soft foot 1-ch4.csv|data/raw/nln_emp/Dataset/Vibration/Motor-2/50/soft foot 1/Vibration_Motor-2_50_time-soft foot 1-ch5.csv,False,channel_1;nln_overview_verified=True|channel_2;nln_overview_verified=True|channel_3;nln_overview_verified=True|channel_4;nln_overview_verified=True|channel_5;nln_overview_verified=True
nln_emp_leave_one_speed_out,test_speed_100,nln_emp,nln_emp_motor_2_50_soft_foot_2_current,nln_emp_motor_2_50_soft_foot_2,train,Motor-2,current,current,50,unknown,motor_2_speed_50,looseness_soft_foot,2,fault,experimental,unknown,data/raw/nln_emp/Dataset/Electric/Motor-2/50/soft foot 2/Electric_Motor-2_50_time-soft foot 2-ch1.csv|data/raw/nln_emp/Dataset/Electric/Motor-2/50/soft foot 2/Electric_Motor-2_50_time-soft foot 2-ch2.csv|data/raw/nln_emp/Dataset/Electric/Motor-2/50/soft foot 2/Electric_Motor-2_50_time-soft foot 2-ch3.csv|data/raw/nln_emp/Dataset/Electric/Motor-2/50/soft foot 2/Electric_Motor-2_50_time-soft foot 2-ch4.csv|data/raw/nln_emp/Dataset/Electric/Motor-2/50/soft foot 2/Electric_Motor-2_50_time-soft foot 2-ch5.csv|data/raw/nln_emp/Dataset/Electric/Motor-2/50/soft foot 2/Electric_Motor-2_50_time-soft foot 2-ch6.csv,False,channel_1;nln_overview_verified=True|channel_2;nln_overview_verified=True|channel_3;nln_overview_verified=True|channel_4;nln_overview_verified=True|channel_5;nln_overview_verified=True|channel_6;nln_overview_verified=True
nln_emp_leave_one_speed_out,test_speed_100,nln_emp,nln_emp_motor_2_50_soft_foot_2_vibration,nln_emp_motor_2_50_soft_foot_2,train,Motor-2,vibration,vibration,50,unknown,motor_2_speed_50,looseness_soft_foot,2,fault,experimental,unknown,data/raw/nln_emp/Dataset/Vibration/Motor-2/50/soft foot 2/Vibration_Motor-2_50_time-soft foot 2-ch1.csv|data/raw/nln_emp/Dataset/Vibration/Motor-2/50/soft foot 2/Vibration_Motor-2_50_time-soft foot 2-ch2.csv|data/raw/nln_emp/Dataset/Vibration/Motor-2/50/soft foot 2/Vibration_Motor-2_50_time-soft foot 2-ch3.csv|data/raw/nln_emp/Dataset/Vibration/Motor-2/50/soft foot 2/Vibration_Motor-2_50_time-soft foot 2-ch4.csv|data/raw/nln_emp/Dataset/Vibration/Motor-2/50/soft foot 2/Vibration_Motor-2_50_time-soft foot 2-ch5.csv,False,channel_1;nln_overview_verified=True|channel_2;nln_overview_verified=True|channel_3;nln_overview_verified=True|channel_4;nln_overview_verified=True|channel_5;nln_overview_verified=True
nln_emp_leave_one_speed_out,test_speed_100,nln_emp,nln_emp_motor_2_50_stator_short_1_current,nln_emp_motor_2_50_stator_short_1,train,Motor-2,current,current,50,unknown,motor_2_speed_50,stator_winding_fault,1,fault,experimental,unknown,data/raw/nln_emp/Dataset/Electric/Motor-2/50/stator short 1/Electric_Motor-2_50_time-stator short 1-ch1.csv|data/raw/nln_emp/Dataset/Electric/Motor-2/50/stator short 1/Electric_Motor-2_50_time-stator short 1-ch2.csv|data/raw/nln_emp/Dataset/Electric/Motor-2/50/stator short 1/Electric_Motor-2_50_time-stator short 1-ch3.csv|data/raw/nln_emp/Dataset/Electric/Motor-2/50/stator short 1/Electric_Motor-2_50_time-stator short 1-ch4.csv|data/raw/nln_emp/Dataset/Electric/Motor-2/50/stator short 1/Electric_Motor-2_50_time-stator short 1-ch5.csv|data/raw/nln_emp/Dataset/Electric/Motor-2/50/stator short 1/Electric_Motor-2_50_time-stator short 1-ch6.csv,False,channel_1;nln_overview_verified=True|channel_2;nln_overview_verified=True|channel_3;nln_overview_verified=True|channel_4;nln_overview_verified=True|channel_5;nln_overview_verified=True|channel_6;nln_overview_verified=True
nln_emp_leave_one_speed_out,test_speed_100,nln_emp,nln_emp_motor_2_50_stator_short_1_vibration,nln_emp_motor_2_50_stator_short_1,train,Motor-2,vibration,vibration,50,unknown,motor_2_speed_50,stator_winding_fault,1,fault,experimental,unknown,data/raw/nln_emp/Dataset/Vibration/Motor-2/50/stator short 1/Vibration_Motor-2_50_time-stator short 1-ch1.csv|data/raw/nln_emp/Dataset/Vibration/Motor-2/50/stator short 1/Vibration_Motor-2_50_time-stator short 1-ch2.csv|data/raw/nln_emp/Dataset/Vibration/Motor-2/50/stator short 1/Vibration_Motor-2_50_time-stator short 1-ch3.csv|data/raw/nln_emp/Dataset/Vibration/Motor-2/50/stator short 1/Vibration_Motor-2_50_time-stator short 1-ch4.csv|data/raw/nln_emp/Dataset/Vibration/Motor-2/50/stator short 1/Vibration_Motor-2_50_time-stator short 1-ch5.csv,False,channel_1;nln_overview_verified=True|channel_2;nln_overview_verified=True|channel_3;nln_overview_verified=True|channel_4;nln_overview_verified=True|channel_5;nln_overview_verified=True
nln_emp_leave_one_speed_out,test_speed_100,nln_emp,nln_emp_motor_2_50_stator_short_2_current,nln_emp_motor_2_50_stator_short_2,train,Motor-2,current,current,50,unknown,motor_2_speed_50,stator_winding_fault,1,fault,experimental,unknown,data/raw/nln_emp/Dataset/Electric/Motor-2/50/stator short 2/Electric_Motor-2_50_time-stator short 2-ch1.csv|data/raw/nln_emp/Dataset/Electric/Motor-2/50/stator short 2/Electric_Motor-2_50_time-stator short 2-ch2.csv|data/raw/nln_emp/Dataset/Electric/Motor-2/50/stator short 2/Electric_Motor-2_50_time-stator short 2-ch3.csv|data/raw/nln_emp/Dataset/Electric/Motor-2/50/stator short 2/Electric_Motor-2_50_time-stator short 2-ch4.csv|data/raw/nln_emp/Dataset/Electric/Motor-2/50/stator short 2/Electric_Motor-2_50_time-stator short 2-ch5.csv|data/raw/nln_emp/Dataset/Electric/Motor-2/50/stator short 2/Electric_Motor-2_50_time-stator short 2-ch6.csv,False,channel_1;nln_overview_verified=True|channel_2;nln_overview_verified=True|channel_3;nln_overview_verified=True|channel_4;nln_overview_verified=True|channel_5;nln_overview_verified=True|channel_6;nln_overview_verified=True
nln_emp_leave_one_speed_out,test_speed_100,nln_emp,nln_emp_motor_2_50_stator_short_2_vibration,nln_emp_motor_2_50_stator_short_2,train,Motor-2,vibration,vibration,50,unknown,motor_2_speed_50,stator_winding_fault,1,fault,experimental,unknown,data/raw/nln_emp/Dataset/Vibration/Motor-2/50/stator short 2/Vibration_Motor-2_50_time-stator short 2-ch1.csv|data/raw/nln_emp/Dataset/Vibration/Motor-2/50/stator short 2/Vibration_Motor-2_50_time-stator short 2-ch2.csv|data/raw/nln_emp/Dataset/Vibration/Motor-2/50/stator short 2/Vibration_Motor-2_50_time-stator short 2-ch3.csv|data/raw/nln_emp/Dataset/Vibration/Motor-2/50/stator short 2/Vibration_Motor-2_50_time-stator short 2-ch4.csv|data/raw/nln_emp/Dataset/Vibration/Motor-2/50/stator short 2/Vibration_Motor-2_50_time-stator short 2-ch5.csv,False,channel_1;nln_overview_verified=True|channel_2;nln_overview_verified=True|channel_3;nln_overview_verified=True|channel_4;nln_overview_verified=True|channel_5;nln_overview_verified=True
nln_emp_leave_one_speed_out,test_speed_100,nln_emp,nln_emp_motor_2_75_bearing_bpfi_1_current,nln_emp_motor_2_75_bearing_bpfi_1,val,Motor-2,current,current,75,unknown,motor_2_speed_75,bearing_inner_race,2,fault,experimental,unknown,data/raw/nln_emp/Dataset/Electric/Motor-2/75/bearing bpfi 1/Electric_Motor-2_75_time-bearing bpfi 1-ch1.csv|data/raw/nln_emp/Dataset/Electric/Motor-2/75/bearing bpfi 1/Electric_Motor-2_75_time-bearing bpfi 1-ch2.csv|data/raw/nln_emp/Dataset/Electric/Motor-2/75/bearing bpfi 1/Electric_Motor-2_75_time-bearing bpfi 1-ch3.csv|data/raw/nln_emp/Dataset/Electric/Motor-2/75/bearing bpfi 1/Electric_Motor-2_75_time-bearing bpfi 1-ch4.csv|data/raw/nln_emp/Dataset/Electric/Motor-2/75/bearing bpfi 1/Electric_Motor-2_75_time-bearing bpfi 1-ch5.csv|data/raw/nln_emp/Dataset/Electric/Motor-2/75/bearing bpfi 1/Electric_Motor-2_75_time-bearing bpfi 1-ch6.csv,False,channel_1;nln_overview_verified=True|channel_2;nln_overview_verified=True|channel_3;nln_overview_verified=True|channel_4;nln_overview_verified=True|channel_5;nln_overview_verified=True|channel_6;nln_overview_verified=True
nln_emp_leave_one_speed_out,test_speed_100,nln_emp,nln_emp_motor_2_75_bearing_bpfi_1_vibration,nln_emp_motor_2_75_bearing_bpfi_1,val,Motor-2,vibration,vibration,75,unknown,motor_2_speed_75,bearing_inner_race,2,fault,experimental,unknown,data/raw/nln_emp/Dataset/Vibration/Motor-2/75/bearing bpfi 1/Vibration_Motor-2_75_time-bearing bpfi 1-ch1.csv|data/raw/nln_emp/Dataset/Vibration/Motor-2/75/bearing bpfi 1/Vibration_Motor-2_75_time-bearing bpfi 1-ch2.csv|data/raw/nln_emp/Dataset/Vibration/Motor-2/75/bearing bpfi 1/Vibration_Motor-2_75_time-bearing bpfi 1-ch3.csv|data/raw/nln_emp/Dataset/Vibration/Motor-2/75/bearing bpfi 1/Vibration_Motor-2_75_time-bearing bpfi 1-ch4.csv|data/raw/nln_emp/Dataset/Vibration/Motor-2/75/bearing bpfi 1/Vibration_Motor-2_75_time-bearing bpfi 1-ch5.csv,False,channel_1;nln_overview_verified=True|channel_2;nln_overview_verified=True|channel_3;nln_overview_verified=True|channel_4;nln_overview_verified=True|channel_5;nln_overview_verified=True
nln_emp_leave_one_speed_out,test_speed_100,nln_emp,nln_emp_motor_2_75_bearing_bpfi_2_current,nln_emp_motor_2_75_bearing_bpfi_2,train,Motor-2,current,current,75,unknown,motor_2_speed_75,bearing_inner_race,2,fault,experimental,unknown,data/raw/nln_emp/Dataset/Electric/Motor-2/75/bearing bpfi 2/Electric_Motor-2_75_time-bearing bpfi 2-ch1.csv|data/raw/nln_emp/Dataset/Electric/Motor-2/75/bearing bpfi 2/Electric_Motor-2_75_time-bearing bpfi 2-ch2.csv|data/raw/nln_emp/Dataset/Electric/Motor-2/75/bearing bpfi 2/Electric_Motor-2_75_time-bearing bpfi 2-ch3.csv|data/raw/nln_emp/Dataset/Electric/Motor-2/75/bearing bpfi 2/Electric_Motor-2_75_time-bearing bpfi 2-ch4.csv|data/raw/nln_emp/Dataset/Electric/Motor-2/75/bearing bpfi 2/Electric_Motor-2_75_time-bearing bpfi 2-ch5.csv|data/raw/nln_emp/Dataset/Electric/Motor-2/75/bearing bpfi 2/Electric_Motor-2_75_time-bearing bpfi 2-ch6.csv,False,channel_1;nln_overview_verified=True|channel_2;nln_overview_verified=True|channel_3;nln_overview_verified=True|channel_4;nln_overview_verified=True|channel_5;nln_overview_verified=True|channel_6;nln_overview_verified=True
nln_emp_leave_one_speed_out,test_speed_100,nln_emp,nln_emp_motor_2_75_bearing_bpfi_2_vibration,nln_emp_motor_2_75_bearing_bpfi_2,train,Motor-2,vibration,vibration,75,unknown,motor_2_speed_75,bearing_inner_race,2,fault,experimental,unknown,data/raw/nln_emp/Dataset/Vibration/Motor-2/75/bearing bpfi 2/Vibration_Motor-2_75_time-bearing bpfi 2-ch1.csv|data/raw/nln_emp/Dataset/Vibration/Motor-2/75/bearing bpfi 2/Vibration_Motor-2_75_time-bearing bpfi 2-ch2.csv|data/raw/nln_emp/Dataset/Vibration/Motor-2/75/bearing bpfi 2/Vibration_Motor-2_75_time-bearing bpfi 2-ch3.csv|data/raw/nln_emp/Dataset/Vibration/Motor-2/75/bearing bpfi 2/Vibration_Motor-2_75_time-bearing bpfi 2-ch4.csv|data/raw/nln_emp/Dataset/Vibration/Motor-2/75/bearing bpfi 2/Vibration_Motor-2_75_time-bearing bpfi 2-ch5.csv,False,channel_1;nln_overview_verified=True|channel_2;nln_overview_verified=True|channel_3;nln_overview_verified=True|channel_4;nln_overview_verified=True|channel_5;nln_overview_verified=True
nln_emp_leave_one_speed_out,test_speed_100,nln_emp,nln_emp_motor_2_75_bearing_bpfi_3_current,nln_emp_motor_2_75_bearing_bpfi_3,train,Motor-2,current,current,75,unknown,motor_2_speed_75,bearing_inner_race,2,fault,experimental,unknown,data/raw/nln_emp/Dataset/Electric/Motor-2/75/bearing bpfi 3/Electric_Motor-2_75_time-bearing bpfi 3-ch1.csv|data/raw/nln_emp/Dataset/Electric/Motor-2/75/bearing bpfi 3/Electric_Motor-2_75_time-bearing bpfi 3-ch2.csv|data/raw/nln_emp/Dataset/Electric/Motor-2/75/bearing bpfi 3/Electric_Motor-2_75_time-bearing bpfi 3-ch3.csv|data/raw/nln_emp/Dataset/Electric/Motor-2/75/bearing bpfi 3/Electric_Motor-2_75_time-bearing bpfi 3-ch4.csv|data/raw/nln_emp/Dataset/Electric/Motor-2/75/bearing bpfi 3/Electric_Motor-2_75_time-bearing bpfi 3-ch5.csv|data/raw/nln_emp/Dataset/Electric/Motor-2/75/bearing bpfi 3/Electric_Motor-2_75_time-bearing bpfi 3-ch6.csv,False,channel_1;nln_overview_verified=True|channel_2;nln_overview_verified=True|channel_3;nln_overview_verified=True|channel_4;nln_overview_verified=True|channel_5;nln_overview_verified=True|channel_6;nln_overview_verified=True
nln_emp_leave_one_speed_out,test_speed_100,nln_emp,nln_emp_motor_2_75_bearing_bpfi_3_vibration,nln_emp_motor_2_75_bearing_bpfi_3,train,Motor-2,vibration,vibration,75,unknown,motor_2_speed_75,bearing_inner_race,2,fault,experimental,unknown,data/raw/nln_emp/Dataset/Vibration/Motor-2/75/bearing bpfi 3/Vibration_Motor-2_75_time-bearing bpfi 3-ch1.csv|data/raw/nln_emp/Dataset/Vibration/Motor-2/75/bearing bpfi 3/Vibration_Motor-2_75_time-bearing bpfi 3-ch2.csv|data/raw/nln_emp/Dataset/Vibration/Motor-2/75/bearing bpfi 3/Vibration_Motor-2_75_time-bearing bpfi 3-ch3.csv|data/raw/nln_emp/Dataset/Vibration/Motor-2/75/bearing bpfi 3/Vibration_Motor-2_75_time-bearing bpfi 3-ch4.csv|data/raw/nln_emp/Dataset/Vibration/Motor-2/75/bearing bpfi 3/Vibration_Motor-2_75_time-bearing bpfi 3-ch5.csv,False,channel_1;nln_overview_verified=True|channel_2;nln_overview_verified=True|channel_3;nln_overview_verified=True|channel_4;nln_overview_verified=True|channel_5;nln_overview_verified=True
nln_emp_leave_one_speed_out,test_speed_100,nln_emp,nln_emp_motor_2_75_bearing_bpfo_1_current,nln_emp_motor_2_75_bearing_bpfo_1,train,Motor-2,current,current,75,unknown,motor_2_speed_75,bearing_outer_race,1,fault,experimental,unknown,data/raw/nln_emp/Dataset/Electric/Motor-2/75/bearing bpfo 1/Electric_Motor-2_75_time-bearing bpfo 1-ch1.csv|data/raw/nln_emp/Dataset/Electric/Motor-2/75/bearing bpfo 1/Electric_Motor-2_75_time-bearing bpfo 1-ch2.csv|data/raw/nln_emp/Dataset/Electric/Motor-2/75/bearing bpfo 1/Electric_Motor-2_75_time-bearing bpfo 1-ch3.csv|data/raw/nln_emp/Dataset/Electric/Motor-2/75/bearing bpfo 1/Electric_Motor-2_75_time-bearing bpfo 1-ch4.csv|data/raw/nln_emp/Dataset/Electric/Motor-2/75/bearing bpfo 1/Electric_Motor-2_75_time-bearing bpfo 1-ch5.csv|data/raw/nln_emp/Dataset/Electric/Motor-2/75/bearing bpfo 1/Electric_Motor-2_75_time-bearing bpfo 1-ch6.csv,False,channel_1;nln_overview_verified=True|channel_2;nln_overview_verified=True|channel_3;nln_overview_verified=True|channel_4;nln_overview_verified=True|channel_5;nln_overview_verified=True|channel_6;nln_overview_verified=True
nln_emp_leave_one_speed_out,test_speed_100,nln_emp,nln_emp_motor_2_75_bearing_bpfo_1_vibration,nln_emp_motor_2_75_bearing_bpfo_1,train,Motor-2,vibration,vibration,75,unknown,motor_2_speed_75,bearing_outer_race,1,fault,experimental,unknown,data/raw/nln_emp/Dataset/Vibration/Motor-2/75/bearing bpfo 1/Vibration_Motor-2_75_time-bearing bpfo 1-ch1.csv|data/raw/nln_emp/Dataset/Vibration/Motor-2/75/bearing bpfo 1/Vibration_Motor-2_75_time-bearing bpfo 1-ch2.csv|data/raw/nln_emp/Dataset/Vibration/Motor-2/75/bearing bpfo 1/Vibration_Motor-2_75_time-bearing bpfo 1-ch3.csv|data/raw/nln_emp/Dataset/Vibration/Motor-2/75/bearing bpfo 1/Vibration_Motor-2_75_time-bearing bpfo 1-ch4.csv|data/raw/nln_emp/Dataset/Vibration/Motor-2/75/bearing bpfo 1/Vibration_Motor-2_75_time-bearing bpfo 1-ch5.csv,False,channel_1;nln_overview_verified=True|channel_2;nln_overview_verified=True|channel_3;nln_overview_verified=True|channel_4;nln_overview_verified=True|channel_5;nln_overview_verified=True
nln_emp_leave_one_speed_out,test_speed_100,nln_emp,nln_emp_motor_2_75_bearing_bpfo_2_current,nln_emp_motor_2_75_bearing_bpfo_2,train,Motor-2,current,current,75,unknown,motor_2_speed_75,bearing_outer_race,1,fault,experimental,unknown,data/raw/nln_emp/Dataset/Electric/Motor-2/75/bearing bpfo 2/Electric_Motor-2_75_time-bearing bpfo 2-ch1.csv|data/raw/nln_emp/Dataset/Electric/Motor-2/75/bearing bpfo 2/Electric_Motor-2_75_time-bearing bpfo 2-ch2.csv|data/raw/nln_emp/Dataset/Electric/Motor-2/75/bearing bpfo 2/Electric_Motor-2_75_time-bearing bpfo 2-ch3.csv|data/raw/nln_emp/Dataset/Electric/Motor-2/75/bearing bpfo 2/Electric_Motor-2_75_time-bearing bpfo 2-ch4.csv|data/raw/nln_emp/Dataset/Electric/Motor-2/75/bearing bpfo 2/Electric_Motor-2_75_time-bearing bpfo 2-ch5.csv|data/raw/nln_emp/Dataset/Electric/Motor-2/75/bearing bpfo 2/Electric_Motor-2_75_time-bearing bpfo 2-ch6.csv,False,channel_1;nln_overview_verified=True|channel_2;nln_overview_verified=True|channel_3;nln_overview_verified=True|channel_4;nln_overview_verified=True|channel_5;nln_overview_verified=True|channel_6;nln_overview_verified=True
nln_emp_leave_one_speed_out,test_speed_100,nln_emp,nln_emp_motor_2_75_bearing_bpfo_2_vibration,nln_emp_motor_2_75_bearing_bpfo_2,train,Motor-2,vibration,vibration,75,unknown,motor_2_speed_75,bearing_outer_race,1,fault,experimental,unknown,data/raw/nln_emp/Dataset/Vibration/Motor-2/75/bearing bpfo 2/Vibration_Motor-2_75_time-bearing bpfo 2-ch1.csv|data/raw/nln_emp/Dataset/Vibration/Motor-2/75/bearing bpfo 2/Vibration_Motor-2_75_time-bearing bpfo 2-ch2.csv|data/raw/nln_emp/Dataset/Vibration/Motor-2/75/bearing bpfo 2/Vibration_Motor-2_75_time-bearing bpfo 2-ch3.csv|data/raw/nln_emp/Dataset/Vibration/Motor-2/75/bearing bpfo 2/Vibration_Motor-2_75_time-bearing bpfo 2-ch4.csv|data/raw/nln_emp/Dataset/Vibration/Motor-2/75/bearing bpfo 2/Vibration_Motor-2_75_time-bearing bpfo 2-ch5.csv,False,channel_1;nln_overview_verified=True|channel_2;nln_overview_verified=True|channel_3;nln_overview_verified=True|channel_4;nln_overview_verified=True|channel_5;nln_overview_verified=True
nln_emp_leave_one_speed_out,test_speed_100,nln_emp,nln_emp_motor_2_75_bearing_bpfo_3_current,nln_emp_motor_2_75_bearing_bpfo_3,train,Motor-2,current,current,75,unknown,motor_2_speed_75,bearing_outer_race,1,fault,experimental,unknown,data/raw/nln_emp/Dataset/Electric/Motor-2/75/bearing bpfo 3/Electric_Motor-2_75_time-bearing bpfo 3-ch1.csv|data/raw/nln_emp/Dataset/Electric/Motor-2/75/bearing bpfo 3/Electric_Motor-2_75_time-bearing bpfo 3-ch2.csv|data/raw/nln_emp/Dataset/Electric/Motor-2/75/bearing bpfo 3/Electric_Motor-2_75_time-bearing bpfo 3-ch3.csv|data/raw/nln_emp/Dataset/Electric/Motor-2/75/bearing bpfo 3/Electric_Motor-2_75_time-bearing bpfo 3-ch4.csv|data/raw/nln_emp/Dataset/Electric/Motor-2/75/bearing bpfo 3/Electric_Motor-2_75_time-bearing bpfo 3-ch5.csv|data/raw/nln_emp/Dataset/Electric/Motor-2/75/bearing bpfo 3/Electric_Motor-2_75_time-bearing bpfo 3-ch6.csv,False,channel_1;nln_overview_verified=True|channel_2;nln_overview_verified=True|channel_3;nln_overview_verified=True|channel_4;nln_overview_verified=True|channel_5;nln_overview_verified=True|channel_6;nln_overview_verified=True
nln_emp_leave_one_speed_out,test_speed_100,nln_emp,nln_emp_motor_2_75_bearing_bpfo_3_vibration,nln_emp_motor_2_75_bearing_bpfo_3,train,Motor-2,vibration,vibration,75,unknown,motor_2_speed_75,bearing_outer_race,1,fault,experimental,unknown,data/raw/nln_emp/Dataset/Vibration/Motor-2/75/bearing bpfo 3/Vibration_Motor-2_75_time-bearing bpfo 3-ch1.csv|data/raw/nln_emp/Dataset/Vibration/Motor-2/75/bearing bpfo 3/Vibration_Motor-2_75_time-bearing bpfo 3-ch2.csv|data/raw/nln_emp/Dataset/Vibration/Motor-2/75/bearing bpfo 3/Vibration_Motor-2_75_time-bearing bpfo 3-ch3.csv|data/raw/nln_emp/Dataset/Vibration/Motor-2/75/bearing bpfo 3/Vibration_Motor-2_75_time-bearing bpfo 3-ch4.csv|data/raw/nln_emp/Dataset/Vibration/Motor-2/75/bearing bpfo 3/Vibration_Motor-2_75_time-bearing bpfo 3-ch5.csv,False,channel_1;nln_overview_verified=True|channel_2;nln_overview_verified=True|channel_3;nln_overview_verified=True|channel_4;nln_overview_verified=True|channel_5;nln_overview_verified=True
nln_emp_leave_one_speed_out,test_speed_100,nln_emp,nln_emp_motor_2_75_bearing_bsf_current,nln_emp_motor_2_75_bearing_bsf,train,Motor-2,current,current,75,unknown,motor_2_speed_75,bearing_ball_spin,unknown,fault,experimental,unknown,data/raw/nln_emp/Dataset/Electric/Motor-2/75/bearing bsf/Electric_Motor-2_75_time-bearing bsf-ch1.csv|data/raw/nln_emp/Dataset/Electric/Motor-2/75/bearing bsf/Electric_Motor-2_75_time-bearing bsf-ch2.csv|data/raw/nln_emp/Dataset/Electric/Motor-2/75/bearing bsf/Electric_Motor-2_75_time-bearing bsf-ch3.csv|data/raw/nln_emp/Dataset/Electric/Motor-2/75/bearing bsf/Electric_Motor-2_75_time-bearing bsf-ch4.csv|data/raw/nln_emp/Dataset/Electric/Motor-2/75/bearing bsf/Electric_Motor-2_75_time-bearing bsf-ch5.csv|data/raw/nln_emp/Dataset/Electric/Motor-2/75/bearing bsf/Electric_Motor-2_75_time-bearing bsf-ch6.csv,False,channel_1;nln_overview_verified=True|channel_2;nln_overview_verified=True|channel_3;nln_overview_verified=True|channel_4;nln_overview_verified=True|channel_5;nln_overview_verified=True|channel_6;nln_overview_verified=True
nln_emp_leave_one_speed_out,test_speed_100,nln_emp,nln_emp_motor_2_75_bearing_bsf_vibration,nln_emp_motor_2_75_bearing_bsf,train,Motor-2,vibration,vibration,75,unknown,motor_2_speed_75,bearing_ball_spin,unknown,fault,experimental,unknown,data/raw/nln_emp/Dataset/Vibration/Motor-2/75/bearing bsf/Vibration_Motor-2_75_time-bearing bsf-ch1.csv|data/raw/nln_emp/Dataset/Vibration/Motor-2/75/bearing bsf/Vibration_Motor-2_75_time-bearing bsf-ch2.csv|data/raw/nln_emp/Dataset/Vibration/Motor-2/75/bearing bsf/Vibration_Motor-2_75_time-bearing bsf-ch3.csv|data/raw/nln_emp/Dataset/Vibration/Motor-2/75/bearing bsf/Vibration_Motor-2_75_time-bearing bsf-ch4.csv|data/raw/nln_emp/Dataset/Vibration/Motor-2/75/bearing bsf/Vibration_Motor-2_75_time-bearing bsf-ch5.csv,False,channel_1;nln_overview_verified=True|channel_2;nln_overview_verified=True|channel_3;nln_overview_verified=True|channel_4;nln_overview_verified=True|channel_5;nln_overview_verified=True
nln_emp_leave_one_speed_out,test_speed_100,nln_emp,nln_emp_motor_2_75_bearing_contaminated_current,nln_emp_motor_2_75_bearing_contaminated,train,Motor-2,current,current,75,unknown,motor_2_speed_75,bearing_contamination,unknown,fault,experimental,unknown,data/raw/nln_emp/Dataset/Electric/Motor-2/75/bearing contaminated/Electric_Motor-2_75_time-bearing contaminated-ch1.csv|data/raw/nln_emp/Dataset/Electric/Motor-2/75/bearing contaminated/Electric_Motor-2_75_time-bearing contaminated-ch2.csv|data/raw/nln_emp/Dataset/Electric/Motor-2/75/bearing contaminated/Electric_Motor-2_75_time-bearing contaminated-ch3.csv|data/raw/nln_emp/Dataset/Electric/Motor-2/75/bearing contaminated/Electric_Motor-2_75_time-bearing contaminated-ch4.csv|data/raw/nln_emp/Dataset/Electric/Motor-2/75/bearing contaminated/Electric_Motor-2_75_time-bearing contaminated-ch5.csv|data/raw/nln_emp/Dataset/Electric/Motor-2/75/bearing contaminated/Electric_Motor-2_75_time-bearing contaminated-ch6.csv,False,channel_1;nln_overview_verified=True|channel_2;nln_overview_verified=True|channel_3;nln_overview_verified=True|channel_4;nln_overview_verified=True|channel_5;nln_overview_verified=True|channel_6;nln_overview_verified=True
nln_emp_leave_one_speed_out,test_speed_100,nln_emp,nln_emp_motor_2_75_bearing_contaminated_vibration,nln_emp_motor_2_75_bearing_contaminated,train,Motor-2,vibration,vibration,75,unknown,motor_2_speed_75,bearing_contamination,unknown,fault,experimental,unknown,data/raw/nln_emp/Dataset/Vibration/Motor-2/75/bearing contaminated/Vibration_Motor-2_75_time-bearing contaminated-ch1.csv|data/raw/nln_emp/Dataset/Vibration/Motor-2/75/bearing contaminated/Vibration_Motor-2_75_time-bearing contaminated-ch2.csv|data/raw/nln_emp/Dataset/Vibration/Motor-2/75/bearing contaminated/Vibration_Motor-2_75_time-bearing contaminated-ch3.csv|data/raw/nln_emp/Dataset/Vibration/Motor-2/75/bearing contaminated/Vibration_Motor-2_75_time-bearing contaminated-ch4.csv|data/raw/nln_emp/Dataset/Vibration/Motor-2/75/bearing contaminated/Vibration_Motor-2_75_time-bearing contaminated-ch5.csv,False,channel_1;nln_overview_verified=True|channel_2;nln_overview_verified=True|channel_3;nln_overview_verified=True|channel_4;nln_overview_verified=True|channel_5;nln_overview_verified=True
nln_emp_leave_one_speed_out,test_speed_100,nln_emp,nln_emp_motor_2_75_bearing_pump_1_current,nln_emp_motor_2_75_bearing_pump_1,train,Motor-2,current,current,75,unknown,motor_2_speed_75,bearing_ball,2,fault,experimental,unknown,data/raw/nln_emp/Dataset/Electric/Motor-2/75/bearing pump 1/Electric_Motor-2_75_time-bearing pump 1-ch1.csv|data/raw/nln_emp/Dataset/Electric/Motor-2/75/bearing pump 1/Electric_Motor-2_75_time-bearing pump 1-ch2.csv|data/raw/nln_emp/Dataset/Electric/Motor-2/75/bearing pump 1/Electric_Motor-2_75_time-bearing pump 1-ch3.csv|data/raw/nln_emp/Dataset/Electric/Motor-2/75/bearing pump 1/Electric_Motor-2_75_time-bearing pump 1-ch4.csv|data/raw/nln_emp/Dataset/Electric/Motor-2/75/bearing pump 1/Electric_Motor-2_75_time-bearing pump 1-ch5.csv|data/raw/nln_emp/Dataset/Electric/Motor-2/75/bearing pump 1/Electric_Motor-2_75_time-bearing pump 1-ch6.csv,False,channel_1;nln_overview_verified=True|channel_2;nln_overview_verified=True|channel_3;nln_overview_verified=True|channel_4;nln_overview_verified=True|channel_5;nln_overview_verified=True|channel_6;nln_overview_verified=True
nln_emp_leave_one_speed_out,test_speed_100,nln_emp,nln_emp_motor_2_75_bearing_pump_1_vibration,nln_emp_motor_2_75_bearing_pump_1,train,Motor-2,vibration,vibration,75,unknown,motor_2_speed_75,bearing_ball,2,fault,experimental,unknown,data/raw/nln_emp/Dataset/Vibration/Motor-2/75/bearing pump 1/Vibration_Motor-2_75_time-bearing pump 1-ch1.csv|data/raw/nln_emp/Dataset/Vibration/Motor-2/75/bearing pump 1/Vibration_Motor-2_75_time-bearing pump 1-ch2.csv|data/raw/nln_emp/Dataset/Vibration/Motor-2/75/bearing pump 1/Vibration_Motor-2_75_time-bearing pump 1-ch3.csv|data/raw/nln_emp/Dataset/Vibration/Motor-2/75/bearing pump 1/Vibration_Motor-2_75_time-bearing pump 1-ch4.csv|data/raw/nln_emp/Dataset/Vibration/Motor-2/75/bearing pump 1/Vibration_Motor-2_75_time-bearing pump 1-ch5.csv,False,channel_1;nln_overview_verified=True|channel_2;nln_overview_verified=True|channel_3;nln_overview_verified=True|channel_4;nln_overview_verified=True|channel_5;nln_overview_verified=True
nln_emp_leave_one_speed_out,test_speed_100,nln_emp,nln_emp_motor_2_75_bearing_pump_2_current,nln_emp_motor_2_75_bearing_pump_2,val,Motor-2,current,current,75,unknown,motor_2_speed_75,bearing_ball,2,fault,experimental,unknown,data/raw/nln_emp/Dataset/Electric/Motor-2/75/bearing pump 2/Electric_Motor-2_75_time-bearing pump 2-ch1.csv|data/raw/nln_emp/Dataset/Electric/Motor-2/75/bearing pump 2/Electric_Motor-2_75_time-bearing pump 2-ch2.csv|data/raw/nln_emp/Dataset/Electric/Motor-2/75/bearing pump 2/Electric_Motor-2_75_time-bearing pump 2-ch3.csv|data/raw/nln_emp/Dataset/Electric/Motor-2/75/bearing pump 2/Electric_Motor-2_75_time-bearing pump 2-ch4.csv|data/raw/nln_emp/Dataset/Electric/Motor-2/75/bearing pump 2/Electric_Motor-2_75_time-bearing pump 2-ch5.csv|data/raw/nln_emp/Dataset/Electric/Motor-2/75/bearing pump 2/Electric_Motor-2_75_time-bearing pump 2-ch6.csv,False,channel_1;nln_overview_verified=True|channel_2;nln_overview_verified=True|channel_3;nln_overview_verified=True|channel_4;nln_overview_verified=True|channel_5;nln_overview_verified=True|channel_6;nln_overview_verified=True
nln_emp_leave_one_speed_out,test_speed_100,nln_emp,nln_emp_motor_2_75_bearing_pump_2_vibration,nln_emp_motor_2_75_bearing_pump_2,val,Motor-2,vibration,vibration,75,unknown,motor_2_speed_75,bearing_ball,2,fault,experimental,unknown,data/raw/nln_emp/Dataset/Vibration/Motor-2/75/bearing pump 2/Vibration_Motor-2_75_time-bearing pump 2-ch1.csv|data/raw/nln_emp/Dataset/Vibration/Motor-2/75/bearing pump 2/Vibration_Motor-2_75_time-bearing pump 2-ch2.csv|data/raw/nln_emp/Dataset/Vibration/Motor-2/75/bearing pump 2/Vibration_Motor-2_75_time-bearing pump 2-ch3.csv|data/raw/nln_emp/Dataset/Vibration/Motor-2/75/bearing pump 2/Vibration_Motor-2_75_time-bearing pump 2-ch4.csv|data/raw/nln_emp/Dataset/Vibration/Motor-2/75/bearing pump 2/Vibration_Motor-2_75_time-bearing pump 2-ch5.csv,False,channel_1;nln_overview_verified=True|channel_2;nln_overview_verified=True|channel_3;nln_overview_verified=True|channel_4;nln_overview_verified=True|channel_5;nln_overview_verified=True
nln_emp_leave_one_speed_out,test_speed_100,nln_emp,nln_emp_motor_2_75_bearing_pump_3_current,nln_emp_motor_2_75_bearing_pump_3,train,Motor-2,current,current,75,unknown,motor_2_speed_75,bearing_ball,2,fault,experimental,unknown,data/raw/nln_emp/Dataset/Electric/Motor-2/75/bearing pump 3/Electric_Motor-2_75_time-bearing pump 3-ch1.csv|data/raw/nln_emp/Dataset/Electric/Motor-2/75/bearing pump 3/Electric_Motor-2_75_time-bearing pump 3-ch2.csv|data/raw/nln_emp/Dataset/Electric/Motor-2/75/bearing pump 3/Electric_Motor-2_75_time-bearing pump 3-ch3.csv|data/raw/nln_emp/Dataset/Electric/Motor-2/75/bearing pump 3/Electric_Motor-2_75_time-bearing pump 3-ch4.csv|data/raw/nln_emp/Dataset/Electric/Motor-2/75/bearing pump 3/Electric_Motor-2_75_time-bearing pump 3-ch5.csv|data/raw/nln_emp/Dataset/Electric/Motor-2/75/bearing pump 3/Electric_Motor-2_75_time-bearing pump 3-ch6.csv,False,channel_1;nln_overview_verified=True|channel_2;nln_overview_verified=True|channel_3;nln_overview_verified=True|channel_4;nln_overview_verified=True|channel_5;nln_overview_verified=True|channel_6;nln_overview_verified=True
nln_emp_leave_one_speed_out,test_speed_100,nln_emp,nln_emp_motor_2_75_bearing_pump_3_vibration,nln_emp_motor_2_75_bearing_pump_3,train,Motor-2,vibration,vibration,75,unknown,motor_2_speed_75,bearing_ball,2,fault,experimental,unknown,data/raw/nln_emp/Dataset/Vibration/Motor-2/75/bearing pump 3/Vibration_Motor-2_75_time-bearing pump 3-ch1.csv|data/raw/nln_emp/Dataset/Vibration/Motor-2/75/bearing pump 3/Vibration_Motor-2_75_time-bearing pump 3-ch2.csv|data/raw/nln_emp/Dataset/Vibration/Motor-2/75/bearing pump 3/Vibration_Motor-2_75_time-bearing pump 3-ch3.csv|data/raw/nln_emp/Dataset/Vibration/Motor-2/75/bearing pump 3/Vibration_Motor-2_75_time-bearing pump 3-ch4.csv|data/raw/nln_emp/Dataset/Vibration/Motor-2/75/bearing pump 3/Vibration_Motor-2_75_time-bearing pump 3-ch5.csv,False,channel_1;nln_overview_verified=True|channel_2;nln_overview_verified=True|channel_3;nln_overview_verified=True|channel_4;nln_overview_verified=True|channel_5;nln_overview_verified=True
nln_emp_leave_one_speed_out,test_speed_100,nln_emp,nln_emp_motor_2_75_broken_rotor_bar_current,nln_emp_motor_2_75_broken_rotor_bar,train,Motor-2,current,current,75,unknown,motor_2_speed_75,rotor_fault,unknown,fault,experimental,unknown,data/raw/nln_emp/Dataset/Electric/Motor-2/75/broken rotor bar/Electric_Motor-2_75_time-broken rotor bar-ch1.csv|data/raw/nln_emp/Dataset/Electric/Motor-2/75/broken rotor bar/Electric_Motor-2_75_time-broken rotor bar-ch2.csv|data/raw/nln_emp/Dataset/Electric/Motor-2/75/broken rotor bar/Electric_Motor-2_75_time-broken rotor bar-ch3.csv|data/raw/nln_emp/Dataset/Electric/Motor-2/75/broken rotor bar/Electric_Motor-2_75_time-broken rotor bar-ch4.csv|data/raw/nln_emp/Dataset/Electric/Motor-2/75/broken rotor bar/Electric_Motor-2_75_time-broken rotor bar-ch5.csv|data/raw/nln_emp/Dataset/Electric/Motor-2/75/broken rotor bar/Electric_Motor-2_75_time-broken rotor bar-ch6.csv,False,channel_1;nln_overview_verified=True|channel_2;nln_overview_verified=True|channel_3;nln_overview_verified=True|channel_4;nln_overview_verified=True|channel_5;nln_overview_verified=True|channel_6;nln_overview_verified=True
nln_emp_leave_one_speed_out,test_speed_100,nln_emp,nln_emp_motor_2_75_broken_rotor_bar_vibration,nln_emp_motor_2_75_broken_rotor_bar,train,Motor-2,vibration,vibration,75,unknown,motor_2_speed_75,rotor_fault,unknown,fault,experimental,unknown,data/raw/nln_emp/Dataset/Vibration/Motor-2/75/broken rotor bar/Vibration_Motor-2_75_time-broken rotor bar-ch1.csv|data/raw/nln_emp/Dataset/Vibration/Motor-2/75/broken rotor bar/Vibration_Motor-2_75_time-broken rotor bar-ch2.csv|data/raw/nln_emp/Dataset/Vibration/Motor-2/75/broken rotor bar/Vibration_Motor-2_75_time-broken rotor bar-ch3.csv|data/raw/nln_emp/Dataset/Vibration/Motor-2/75/broken rotor bar/Vibration_Motor-2_75_time-broken rotor bar-ch4.csv|data/raw/nln_emp/Dataset/Vibration/Motor-2/75/broken rotor bar/Vibration_Motor-2_75_time-broken rotor bar-ch5.csv,False,channel_1;nln_overview_verified=True|channel_2;nln_overview_verified=True|channel_3;nln_overview_verified=True|channel_4;nln_overview_verified=True|channel_5;nln_overview_verified=True
nln_emp_leave_one_speed_out,test_speed_100,nln_emp,nln_emp_motor_2_75_healthy_1_current,nln_emp_motor_2_75_healthy_1,train,Motor-2,current,current,75,unknown,motor_2_speed_75,healthy,0,healthy,experimental,unknown,data/raw/nln_emp/Dataset/Electric/Motor-2/75/healthy 1/Electric_Motor-2_75_time-healthy 1-ch1.csv|data/raw/nln_emp/Dataset/Electric/Motor-2/75/healthy 1/Electric_Motor-2_75_time-healthy 1-ch2.csv|data/raw/nln_emp/Dataset/Electric/Motor-2/75/healthy 1/Electric_Motor-2_75_time-healthy 1-ch3.csv|data/raw/nln_emp/Dataset/Electric/Motor-2/75/healthy 1/Electric_Motor-2_75_time-healthy 1-ch4.csv|data/raw/nln_emp/Dataset/Electric/Motor-2/75/healthy 1/Electric_Motor-2_75_time-healthy 1-ch5.csv|data/raw/nln_emp/Dataset/Electric/Motor-2/75/healthy 1/Electric_Motor-2_75_time-healthy 1-ch6.csv,False,channel_1;nln_overview_verified=True|channel_2;nln_overview_verified=True|channel_3;nln_overview_verified=True|channel_4;nln_overview_verified=True|channel_5;nln_overview_verified=True|channel_6;nln_overview_verified=True
nln_emp_leave_one_speed_out,test_speed_100,nln_emp,nln_emp_motor_2_75_healthy_1_vibration,nln_emp_motor_2_75_healthy_1,train,Motor-2,vibration,vibration,75,unknown,motor_2_speed_75,healthy,0,healthy,experimental,unknown,data/raw/nln_emp/Dataset/Vibration/Motor-2/75/healthy 1/Vibration_Motor-2_75_time-healthy 1-ch1.csv|data/raw/nln_emp/Dataset/Vibration/Motor-2/75/healthy 1/Vibration_Motor-2_75_time-healthy 1-ch2.csv|data/raw/nln_emp/Dataset/Vibration/Motor-2/75/healthy 1/Vibration_Motor-2_75_time-healthy 1-ch3.csv|data/raw/nln_emp/Dataset/Vibration/Motor-2/75/healthy 1/Vibration_Motor-2_75_time-healthy 1-ch4.csv|data/raw/nln_emp/Dataset/Vibration/Motor-2/75/healthy 1/Vibration_Motor-2_75_time-healthy 1-ch5.csv,False,channel_1;nln_overview_verified=True|channel_2;nln_overview_verified=True|channel_3;nln_overview_verified=True|channel_4;nln_overview_verified=True|channel_5;nln_overview_verified=True
nln_emp_leave_one_speed_out,test_speed_100,nln_emp,nln_emp_motor_2_75_healthy_2_current,nln_emp_motor_2_75_healthy_2,val,Motor-2,current,current,75,unknown,motor_2_speed_75,healthy,0,healthy,experimental,unknown,data/raw/nln_emp/Dataset/Electric/Motor-2/75/healthy 2/Electric_Motor-2_75_time-healthy 2-ch1.csv|data/raw/nln_emp/Dataset/Electric/Motor-2/75/healthy 2/Electric_Motor-2_75_time-healthy 2-ch2.csv|data/raw/nln_emp/Dataset/Electric/Motor-2/75/healthy 2/Electric_Motor-2_75_time-healthy 2-ch3.csv|data/raw/nln_emp/Dataset/Electric/Motor-2/75/healthy 2/Electric_Motor-2_75_time-healthy 2-ch4.csv|data/raw/nln_emp/Dataset/Electric/Motor-2/75/healthy 2/Electric_Motor-2_75_time-healthy 2-ch5.csv|data/raw/nln_emp/Dataset/Electric/Motor-2/75/healthy 2/Electric_Motor-2_75_time-healthy 2-ch6.csv,False,channel_1;nln_overview_verified=True|channel_2;nln_overview_verified=True|channel_3;nln_overview_verified=True|channel_4;nln_overview_verified=True|channel_5;nln_overview_verified=True|channel_6;nln_overview_verified=True
nln_emp_leave_one_speed_out,test_speed_100,nln_emp,nln_emp_motor_2_75_healthy_2_vibration,nln_emp_motor_2_75_healthy_2,val,Motor-2,vibration,vibration,75,unknown,motor_2_speed_75,healthy,0,healthy,experimental,unknown,data/raw/nln_emp/Dataset/Vibration/Motor-2/75/healthy 2/Vibration_Motor-2_75_time-healthy 2-ch1.csv|data/raw/nln_emp/Dataset/Vibration/Motor-2/75/healthy 2/Vibration_Motor-2_75_time-healthy 2-ch2.csv|data/raw/nln_emp/Dataset/Vibration/Motor-2/75/healthy 2/Vibration_Motor-2_75_time-healthy 2-ch3.csv|data/raw/nln_emp/Dataset/Vibration/Motor-2/75/healthy 2/Vibration_Motor-2_75_time-healthy 2-ch4.csv|data/raw/nln_emp/Dataset/Vibration/Motor-2/75/healthy 2/Vibration_Motor-2_75_time-healthy 2-ch5.csv,False,channel_1;nln_overview_verified=True|channel_2;nln_overview_verified=True|channel_3;nln_overview_verified=True|channel_4;nln_overview_verified=True|channel_5;nln_overview_verified=True
nln_emp_leave_one_speed_out,test_speed_100,nln_emp,nln_emp_motor_2_75_healthy_3_current,nln_emp_motor_2_75_healthy_3,val,Motor-2,current,current,75,unknown,motor_2_speed_75,healthy,0,healthy,experimental,unknown,data/raw/nln_emp/Dataset/Electric/Motor-2/75/healthy 3/Electric_Motor-2_75_time-healthy 3-ch1.csv|data/raw/nln_emp/Dataset/Electric/Motor-2/75/healthy 3/Electric_Motor-2_75_time-healthy 3-ch2.csv|data/raw/nln_emp/Dataset/Electric/Motor-2/75/healthy 3/Electric_Motor-2_75_time-healthy 3-ch3.csv|data/raw/nln_emp/Dataset/Electric/Motor-2/75/healthy 3/Electric_Motor-2_75_time-healthy 3-ch4.csv|data/raw/nln_emp/Dataset/Electric/Motor-2/75/healthy 3/Electric_Motor-2_75_time-healthy 3-ch5.csv|data/raw/nln_emp/Dataset/Electric/Motor-2/75/healthy 3/Electric_Motor-2_75_time-healthy 3-ch6.csv,False,channel_1;nln_overview_verified=True|channel_2;nln_overview_verified=True|channel_3;nln_overview_verified=True|channel_4;nln_overview_verified=True|channel_5;nln_overview_verified=True|channel_6;nln_overview_verified=True
nln_emp_leave_one_speed_out,test_speed_100,nln_emp,nln_emp_motor_2_75_healthy_3_vibration,nln_emp_motor_2_75_healthy_3,val,Motor-2,vibration,vibration,75,unknown,motor_2_speed_75,healthy,0,healthy,experimental,unknown,data/raw/nln_emp/Dataset/Vibration/Motor-2/75/healthy 3/Vibration_Motor-2_75_time-healthy 3-ch1.csv|data/raw/nln_emp/Dataset/Vibration/Motor-2/75/healthy 3/Vibration_Motor-2_75_time-healthy 3-ch2.csv|data/raw/nln_emp/Dataset/Vibration/Motor-2/75/healthy 3/Vibration_Motor-2_75_time-healthy 3-ch3.csv|data/raw/nln_emp/Dataset/Vibration/Motor-2/75/healthy 3/Vibration_Motor-2_75_time-healthy 3-ch4.csv|data/raw/nln_emp/Dataset/Vibration/Motor-2/75/healthy 3/Vibration_Motor-2_75_time-healthy 3-ch5.csv,False,channel_1;nln_overview_verified=True|channel_2;nln_overview_verified=True|channel_3;nln_overview_verified=True|channel_4;nln_overview_verified=True|channel_5;nln_overview_verified=True
nln_emp_leave_one_speed_out,test_speed_100,nln_emp,nln_emp_motor_2_75_healthy_noise_current,nln_emp_motor_2_75_healthy_noise,train,Motor-2,current,current,75,unknown,motor_2_speed_75,healthy,0,healthy,experimental,unknown,data/raw/nln_emp/Dataset/Electric/Motor-2/75/healthy noise/Electric_Motor-2_75_time-healthy noise-ch1.csv|data/raw/nln_emp/Dataset/Electric/Motor-2/75/healthy noise/Electric_Motor-2_75_time-healthy noise-ch2.csv|data/raw/nln_emp/Dataset/Electric/Motor-2/75/healthy noise/Electric_Motor-2_75_time-healthy noise-ch3.csv|data/raw/nln_emp/Dataset/Electric/Motor-2/75/healthy noise/Electric_Motor-2_75_time-healthy noise-ch4.csv|data/raw/nln_emp/Dataset/Electric/Motor-2/75/healthy noise/Electric_Motor-2_75_time-healthy noise-ch5.csv|data/raw/nln_emp/Dataset/Electric/Motor-2/75/healthy noise/Electric_Motor-2_75_time-healthy noise-ch6.csv,False,channel_1;nln_overview_verified=True|channel_2;nln_overview_verified=True|channel_3;nln_overview_verified=True|channel_4;nln_overview_verified=True|channel_5;nln_overview_verified=True|channel_6;nln_overview_verified=True
nln_emp_leave_one_speed_out,test_speed_100,nln_emp,nln_emp_motor_2_75_healthy_noise_vibration,nln_emp_motor_2_75_healthy_noise,train,Motor-2,vibration,vibration,75,unknown,motor_2_speed_75,healthy,0,healthy,experimental,unknown,data/raw/nln_emp/Dataset/Vibration/Motor-2/75/healthy noise/Vibration_Motor-2_75_time-healthy noise-ch1.csv|data/raw/nln_emp/Dataset/Vibration/Motor-2/75/healthy noise/Vibration_Motor-2_75_time-healthy noise-ch2.csv|data/raw/nln_emp/Dataset/Vibration/Motor-2/75/healthy noise/Vibration_Motor-2_75_time-healthy noise-ch3.csv|data/raw/nln_emp/Dataset/Vibration/Motor-2/75/healthy noise/Vibration_Motor-2_75_time-healthy noise-ch4.csv|data/raw/nln_emp/Dataset/Vibration/Motor-2/75/healthy noise/Vibration_Motor-2_75_time-healthy noise-ch5.csv,False,channel_1;nln_overview_verified=True|channel_2;nln_overview_verified=True|channel_3;nln_overview_verified=True|channel_4;nln_overview_verified=True|channel_5;nln_overview_verified=True
nln_emp_leave_one_speed_out,test_speed_100,nln_emp,nln_emp_motor_2_75_impeller_1_current,nln_emp_motor_2_75_impeller_1,train,Motor-2,current,current,75,unknown,motor_2_speed_75,impeller_fault,1,fault,experimental,unknown,data/raw/nln_emp/Dataset/Electric/Motor-2/75/impeller 1/Electric_Motor-2_75_time-impeller 1-ch1.csv|data/raw/nln_emp/Dataset/Electric/Motor-2/75/impeller 1/Electric_Motor-2_75_time-impeller 1-ch2.csv|data/raw/nln_emp/Dataset/Electric/Motor-2/75/impeller 1/Electric_Motor-2_75_time-impeller 1-ch3.csv|data/raw/nln_emp/Dataset/Electric/Motor-2/75/impeller 1/Electric_Motor-2_75_time-impeller 1-ch4.csv|data/raw/nln_emp/Dataset/Electric/Motor-2/75/impeller 1/Electric_Motor-2_75_time-impeller 1-ch5.csv|data/raw/nln_emp/Dataset/Electric/Motor-2/75/impeller 1/Electric_Motor-2_75_time-impeller 1-ch6.csv,False,channel_1;nln_overview_verified=True|channel_2;nln_overview_verified=True|channel_3;nln_overview_verified=True|channel_4;nln_overview_verified=True|channel_5;nln_overview_verified=True|channel_6;nln_overview_verified=True
nln_emp_leave_one_speed_out,test_speed_100,nln_emp,nln_emp_motor_2_75_impeller_1_vibration,nln_emp_motor_2_75_impeller_1,train,Motor-2,vibration,vibration,75,unknown,motor_2_speed_75,impeller_fault,1,fault,experimental,unknown,data/raw/nln_emp/Dataset/Vibration/Motor-2/75/impeller 1/Vibration_Motor-2_75_time-impeller 1-ch1.csv|data/raw/nln_emp/Dataset/Vibration/Motor-2/75/impeller 1/Vibration_Motor-2_75_time-impeller 1-ch2.csv|data/raw/nln_emp/Dataset/Vibration/Motor-2/75/impeller 1/Vibration_Motor-2_75_time-impeller 1-ch3.csv|data/raw/nln_emp/Dataset/Vibration/Motor-2/75/impeller 1/Vibration_Motor-2_75_time-impeller 1-ch4.csv|data/raw/nln_emp/Dataset/Vibration/Motor-2/75/impeller 1/Vibration_Motor-2_75_time-impeller 1-ch5.csv,False,channel_1;nln_overview_verified=True|channel_2;nln_overview_verified=True|channel_3;nln_overview_verified=True|channel_4;nln_overview_verified=True|channel_5;nln_overview_verified=True
nln_emp_leave_one_speed_out,test_speed_100,nln_emp,nln_emp_motor_2_75_impeller_2_current,nln_emp_motor_2_75_impeller_2,train,Motor-2,current,current,75,unknown,motor_2_speed_75,impeller_fault,1,fault,experimental,unknown,data/raw/nln_emp/Dataset/Electric/Motor-2/75/impeller 2/Electric_Motor-2_75_time-impeller 2-ch1.csv|data/raw/nln_emp/Dataset/Electric/Motor-2/75/impeller 2/Electric_Motor-2_75_time-impeller 2-ch2.csv|data/raw/nln_emp/Dataset/Electric/Motor-2/75/impeller 2/Electric_Motor-2_75_time-impeller 2-ch3.csv|data/raw/nln_emp/Dataset/Electric/Motor-2/75/impeller 2/Electric_Motor-2_75_time-impeller 2-ch4.csv|data/raw/nln_emp/Dataset/Electric/Motor-2/75/impeller 2/Electric_Motor-2_75_time-impeller 2-ch5.csv|data/raw/nln_emp/Dataset/Electric/Motor-2/75/impeller 2/Electric_Motor-2_75_time-impeller 2-ch6.csv,False,channel_1;nln_overview_verified=True|channel_2;nln_overview_verified=True|channel_3;nln_overview_verified=True|channel_4;nln_overview_verified=True|channel_5;nln_overview_verified=True|channel_6;nln_overview_verified=True
nln_emp_leave_one_speed_out,test_speed_100,nln_emp,nln_emp_motor_2_75_impeller_2_vibration,nln_emp_motor_2_75_impeller_2,train,Motor-2,vibration,vibration,75,unknown,motor_2_speed_75,impeller_fault,1,fault,experimental,unknown,data/raw/nln_emp/Dataset/Vibration/Motor-2/75/impeller 2/Vibration_Motor-2_75_time-impeller 2-ch1.csv|data/raw/nln_emp/Dataset/Vibration/Motor-2/75/impeller 2/Vibration_Motor-2_75_time-impeller 2-ch2.csv|data/raw/nln_emp/Dataset/Vibration/Motor-2/75/impeller 2/Vibration_Motor-2_75_time-impeller 2-ch3.csv|data/raw/nln_emp/Dataset/Vibration/Motor-2/75/impeller 2/Vibration_Motor-2_75_time-impeller 2-ch4.csv|data/raw/nln_emp/Dataset/Vibration/Motor-2/75/impeller 2/Vibration_Motor-2_75_time-impeller 2-ch5.csv,False,channel_1;nln_overview_verified=True|channel_2;nln_overview_verified=True|channel_3;nln_overview_verified=True|channel_4;nln_overview_verified=True|channel_5;nln_overview_verified=True
nln_emp_leave_one_speed_out,test_speed_100,nln_emp,nln_emp_motor_2_75_impeller_3_current,nln_emp_motor_2_75_impeller_3,val,Motor-2,current,current,75,unknown,motor_2_speed_75,impeller_fault,1,fault,experimental,unknown,data/raw/nln_emp/Dataset/Electric/Motor-2/75/impeller 3/Electric_Motor-2_75_time-impeller 3-ch1.csv|data/raw/nln_emp/Dataset/Electric/Motor-2/75/impeller 3/Electric_Motor-2_75_time-impeller 3-ch2.csv|data/raw/nln_emp/Dataset/Electric/Motor-2/75/impeller 3/Electric_Motor-2_75_time-impeller 3-ch3.csv|data/raw/nln_emp/Dataset/Electric/Motor-2/75/impeller 3/Electric_Motor-2_75_time-impeller 3-ch4.csv|data/raw/nln_emp/Dataset/Electric/Motor-2/75/impeller 3/Electric_Motor-2_75_time-impeller 3-ch5.csv|data/raw/nln_emp/Dataset/Electric/Motor-2/75/impeller 3/Electric_Motor-2_75_time-impeller 3-ch6.csv,False,channel_1;nln_overview_verified=True|channel_2;nln_overview_verified=True|channel_3;nln_overview_verified=True|channel_4;nln_overview_verified=True|channel_5;nln_overview_verified=True|channel_6;nln_overview_verified=True
nln_emp_leave_one_speed_out,test_speed_100,nln_emp,nln_emp_motor_2_75_impeller_3_vibration,nln_emp_motor_2_75_impeller_3,val,Motor-2,vibration,vibration,75,unknown,motor_2_speed_75,impeller_fault,1,fault,experimental,unknown,data/raw/nln_emp/Dataset/Vibration/Motor-2/75/impeller 3/Vibration_Motor-2_75_time-impeller 3-ch1.csv|data/raw/nln_emp/Dataset/Vibration/Motor-2/75/impeller 3/Vibration_Motor-2_75_time-impeller 3-ch2.csv|data/raw/nln_emp/Dataset/Vibration/Motor-2/75/impeller 3/Vibration_Motor-2_75_time-impeller 3-ch3.csv|data/raw/nln_emp/Dataset/Vibration/Motor-2/75/impeller 3/Vibration_Motor-2_75_time-impeller 3-ch4.csv|data/raw/nln_emp/Dataset/Vibration/Motor-2/75/impeller 3/Vibration_Motor-2_75_time-impeller 3-ch5.csv,False,channel_1;nln_overview_verified=True|channel_2;nln_overview_verified=True|channel_3;nln_overview_verified=True|channel_4;nln_overview_verified=True|channel_5;nln_overview_verified=True
nln_emp_leave_one_speed_out,test_speed_100,nln_emp,nln_emp_motor_2_75_loose_foot_motor_current,nln_emp_motor_2_75_loose_foot_motor,train,Motor-2,current,current,75,unknown,motor_2_speed_75,looseness_soft_foot,unknown,fault,experimental,unknown,data/raw/nln_emp/Dataset/Electric/Motor-2/75/loose foot motor/Electric_Motor-2_75_time-loose foot motor-ch1.csv|data/raw/nln_emp/Dataset/Electric/Motor-2/75/loose foot motor/Electric_Motor-2_75_time-loose foot motor-ch2.csv|data/raw/nln_emp/Dataset/Electric/Motor-2/75/loose foot motor/Electric_Motor-2_75_time-loose foot motor-ch3.csv|data/raw/nln_emp/Dataset/Electric/Motor-2/75/loose foot motor/Electric_Motor-2_75_time-loose foot motor-ch4.csv|data/raw/nln_emp/Dataset/Electric/Motor-2/75/loose foot motor/Electric_Motor-2_75_time-loose foot motor-ch5.csv|data/raw/nln_emp/Dataset/Electric/Motor-2/75/loose foot motor/Electric_Motor-2_75_time-loose foot motor-ch6.csv,False,channel_1;nln_overview_verified=True|channel_2;nln_overview_verified=True|channel_3;nln_overview_verified=True|channel_4;nln_overview_verified=True|channel_5;nln_overview_verified=True|channel_6;nln_overview_verified=True
nln_emp_leave_one_speed_out,test_speed_100,nln_emp,nln_emp_motor_2_75_loose_foot_motor_vibration,nln_emp_motor_2_75_loose_foot_motor,train,Motor-2,vibration,vibration,75,unknown,motor_2_speed_75,looseness_soft_foot,unknown,fault,experimental,unknown,data/raw/nln_emp/Dataset/Vibration/Motor-2/75/loose foot motor/Vibration_Motor-2_75_time-loose foot motor-ch1.csv|data/raw/nln_emp/Dataset/Vibration/Motor-2/75/loose foot motor/Vibration_Motor-2_75_time-loose foot motor-ch2.csv|data/raw/nln_emp/Dataset/Vibration/Motor-2/75/loose foot motor/Vibration_Motor-2_75_time-loose foot motor-ch3.csv|data/raw/nln_emp/Dataset/Vibration/Motor-2/75/loose foot motor/Vibration_Motor-2_75_time-loose foot motor-ch4.csv|data/raw/nln_emp/Dataset/Vibration/Motor-2/75/loose foot motor/Vibration_Motor-2_75_time-loose foot motor-ch5.csv,False,channel_1;nln_overview_verified=True|channel_2;nln_overview_verified=True|channel_3;nln_overview_verified=True|channel_4;nln_overview_verified=True|channel_5;nln_overview_verified=True
nln_emp_leave_one_speed_out,test_speed_100,nln_emp,nln_emp_motor_2_75_loose_foot_pump_current,nln_emp_motor_2_75_loose_foot_pump,train,Motor-2,current,current,75,unknown,motor_2_speed_75,looseness_soft_foot,unknown,fault,experimental,unknown,data/raw/nln_emp/Dataset/Electric/Motor-2/75/loose foot pump/Electric_Motor-2_75_time-loose foot pump-ch1.csv|data/raw/nln_emp/Dataset/Electric/Motor-2/75/loose foot pump/Electric_Motor-2_75_time-loose foot pump-ch2.csv|data/raw/nln_emp/Dataset/Electric/Motor-2/75/loose foot pump/Electric_Motor-2_75_time-loose foot pump-ch3.csv|data/raw/nln_emp/Dataset/Electric/Motor-2/75/loose foot pump/Electric_Motor-2_75_time-loose foot pump-ch4.csv|data/raw/nln_emp/Dataset/Electric/Motor-2/75/loose foot pump/Electric_Motor-2_75_time-loose foot pump-ch5.csv|data/raw/nln_emp/Dataset/Electric/Motor-2/75/loose foot pump/Electric_Motor-2_75_time-loose foot pump-ch6.csv,False,channel_1;nln_overview_verified=True|channel_2;nln_overview_verified=True|channel_3;nln_overview_verified=True|channel_4;nln_overview_verified=True|channel_5;nln_overview_verified=True|channel_6;nln_overview_verified=True
nln_emp_leave_one_speed_out,test_speed_100,nln_emp,nln_emp_motor_2_75_loose_foot_pump_vibration,nln_emp_motor_2_75_loose_foot_pump,train,Motor-2,vibration,vibration,75,unknown,motor_2_speed_75,looseness_soft_foot,unknown,fault,experimental,unknown,data/raw/nln_emp/Dataset/Vibration/Motor-2/75/loose foot pump/Vibration_Motor-2_75_time-loose foot pump-ch1.csv|data/raw/nln_emp/Dataset/Vibration/Motor-2/75/loose foot pump/Vibration_Motor-2_75_time-loose foot pump-ch2.csv|data/raw/nln_emp/Dataset/Vibration/Motor-2/75/loose foot pump/Vibration_Motor-2_75_time-loose foot pump-ch3.csv|data/raw/nln_emp/Dataset/Vibration/Motor-2/75/loose foot pump/Vibration_Motor-2_75_time-loose foot pump-ch4.csv|data/raw/nln_emp/Dataset/Vibration/Motor-2/75/loose foot pump/Vibration_Motor-2_75_time-loose foot pump-ch5.csv,False,channel_1;nln_overview_verified=True|channel_2;nln_overview_verified=True|channel_3;nln_overview_verified=True|channel_4;nln_overview_verified=True|channel_5;nln_overview_verified=True
nln_emp_leave_one_speed_out,test_speed_100,nln_emp,nln_emp_motor_2_75_new_motor_current,nln_emp_motor_2_75_new_motor,train,Motor-2,current,current,75,unknown,motor_2_speed_75,healthy,0,healthy,experimental,unknown,data/raw/nln_emp/Dataset/Electric/Motor-2/75/new motor/Electric_Motor-2_75_time-new motor-ch1.csv|data/raw/nln_emp/Dataset/Electric/Motor-2/75/new motor/Electric_Motor-2_75_time-new motor-ch2.csv|data/raw/nln_emp/Dataset/Electric/Motor-2/75/new motor/Electric_Motor-2_75_time-new motor-ch3.csv|data/raw/nln_emp/Dataset/Electric/Motor-2/75/new motor/Electric_Motor-2_75_time-new motor-ch4.csv|data/raw/nln_emp/Dataset/Electric/Motor-2/75/new motor/Electric_Motor-2_75_time-new motor-ch5.csv|data/raw/nln_emp/Dataset/Electric/Motor-2/75/new motor/Electric_Motor-2_75_time-new motor-ch6.csv,False,channel_1;nln_overview_verified=True|channel_2;nln_overview_verified=True|channel_3;nln_overview_verified=True|channel_4;nln_overview_verified=True|channel_5;nln_overview_verified=True|channel_6;nln_overview_verified=True
nln_emp_leave_one_speed_out,test_speed_100,nln_emp,nln_emp_motor_2_75_new_motor_vibration,nln_emp_motor_2_75_new_motor,train,Motor-2,vibration,vibration,75,unknown,motor_2_speed_75,healthy,0,healthy,experimental,unknown,data/raw/nln_emp/Dataset/Vibration/Motor-2/75/new motor/Vibration_Motor-2_75_time-new motor-ch1.csv|data/raw/nln_emp/Dataset/Vibration/Motor-2/75/new motor/Vibration_Motor-2_75_time-new motor-ch2.csv|data/raw/nln_emp/Dataset/Vibration/Motor-2/75/new motor/Vibration_Motor-2_75_time-new motor-ch3.csv|data/raw/nln_emp/Dataset/Vibration/Motor-2/75/new motor/Vibration_Motor-2_75_time-new motor-ch4.csv|data/raw/nln_emp/Dataset/Vibration/Motor-2/75/new motor/Vibration_Motor-2_75_time-new motor-ch5.csv,False,channel_1;nln_overview_verified=True|channel_2;nln_overview_verified=True|channel_3;nln_overview_verified=True|channel_4;nln_overview_verified=True|channel_5;nln_overview_verified=True
nln_emp_leave_one_speed_out,test_speed_100,nln_emp,nln_emp_motor_2_75_soft_foot_1_current,nln_emp_motor_2_75_soft_foot_1,train,Motor-2,current,current,75,unknown,motor_2_speed_75,looseness_soft_foot,2,fault,experimental,unknown,data/raw/nln_emp/Dataset/Electric/Motor-2/75/soft foot 1/Electric_Motor-2_75_time-soft foot 1-ch1.csv|data/raw/nln_emp/Dataset/Electric/Motor-2/75/soft foot 1/Electric_Motor-2_75_time-soft foot 1-ch2.csv|data/raw/nln_emp/Dataset/Electric/Motor-2/75/soft foot 1/Electric_Motor-2_75_time-soft foot 1-ch3.csv|data/raw/nln_emp/Dataset/Electric/Motor-2/75/soft foot 1/Electric_Motor-2_75_time-soft foot 1-ch4.csv|data/raw/nln_emp/Dataset/Electric/Motor-2/75/soft foot 1/Electric_Motor-2_75_time-soft foot 1-ch5.csv|data/raw/nln_emp/Dataset/Electric/Motor-2/75/soft foot 1/Electric_Motor-2_75_time-soft foot 1-ch6.csv,False,channel_1;nln_overview_verified=True|channel_2;nln_overview_verified=True|channel_3;nln_overview_verified=True|channel_4;nln_overview_verified=True|channel_5;nln_overview_verified=True|channel_6;nln_overview_verified=True
nln_emp_leave_one_speed_out,test_speed_100,nln_emp,nln_emp_motor_2_75_soft_foot_1_vibration,nln_emp_motor_2_75_soft_foot_1,train,Motor-2,vibration,vibration,75,unknown,motor_2_speed_75,looseness_soft_foot,2,fault,experimental,unknown,data/raw/nln_emp/Dataset/Vibration/Motor-2/75/soft foot 1/Vibration_Motor-2_75_time-soft foot 1-ch1.csv|data/raw/nln_emp/Dataset/Vibration/Motor-2/75/soft foot 1/Vibration_Motor-2_75_time-soft foot 1-ch2.csv|data/raw/nln_emp/Dataset/Vibration/Motor-2/75/soft foot 1/Vibration_Motor-2_75_time-soft foot 1-ch3.csv|data/raw/nln_emp/Dataset/Vibration/Motor-2/75/soft foot 1/Vibration_Motor-2_75_time-soft foot 1-ch4.csv|data/raw/nln_emp/Dataset/Vibration/Motor-2/75/soft foot 1/Vibration_Motor-2_75_time-soft foot 1-ch5.csv,False,channel_1;nln_overview_verified=True|channel_2;nln_overview_verified=True|channel_3;nln_overview_verified=True|channel_4;nln_overview_verified=True|channel_5;nln_overview_verified=True
nln_emp_leave_one_speed_out,test_speed_100,nln_emp,nln_emp_motor_2_75_soft_foot_2_current,nln_emp_motor_2_75_soft_foot_2,train,Motor-2,current,current,75,unknown,motor_2_speed_75,looseness_soft_foot,2,fault,experimental,unknown,data/raw/nln_emp/Dataset/Electric/Motor-2/75/soft foot 2/Electric_Motor-2_75_time-soft foot 2-ch1.csv|data/raw/nln_emp/Dataset/Electric/Motor-2/75/soft foot 2/Electric_Motor-2_75_time-soft foot 2-ch2.csv|data/raw/nln_emp/Dataset/Electric/Motor-2/75/soft foot 2/Electric_Motor-2_75_time-soft foot 2-ch3.csv|data/raw/nln_emp/Dataset/Electric/Motor-2/75/soft foot 2/Electric_Motor-2_75_time-soft foot 2-ch4.csv|data/raw/nln_emp/Dataset/Electric/Motor-2/75/soft foot 2/Electric_Motor-2_75_time-soft foot 2-ch5.csv|data/raw/nln_emp/Dataset/Electric/Motor-2/75/soft foot 2/Electric_Motor-2_75_time-soft foot 2-ch6.csv,False,channel_1;nln_overview_verified=True|channel_2;nln_overview_verified=True|channel_3;nln_overview_verified=True|channel_4;nln_overview_verified=True|channel_5;nln_overview_verified=True|channel_6;nln_overview_verified=True
nln_emp_leave_one_speed_out,test_speed_100,nln_emp,nln_emp_motor_2_75_soft_foot_2_vibration,nln_emp_motor_2_75_soft_foot_2,train,Motor-2,vibration,vibration,75,unknown,motor_2_speed_75,looseness_soft_foot,2,fault,experimental,unknown,data/raw/nln_emp/Dataset/Vibration/Motor-2/75/soft foot 2/Vibration_Motor-2_75_time-soft foot 2-ch1.csv|data/raw/nln_emp/Dataset/Vibration/Motor-2/75/soft foot 2/Vibration_Motor-2_75_time-soft foot 2-ch2.csv|data/raw/nln_emp/Dataset/Vibration/Motor-2/75/soft foot 2/Vibration_Motor-2_75_time-soft foot 2-ch3.csv|data/raw/nln_emp/Dataset/Vibration/Motor-2/75/soft foot 2/Vibration_Motor-2_75_time-soft foot 2-ch4.csv|data/raw/nln_emp/Dataset/Vibration/Motor-2/75/soft foot 2/Vibration_Motor-2_75_time-soft foot 2-ch5.csv,False,channel_1;nln_overview_verified=True|channel_2;nln_overview_verified=True|channel_3;nln_overview_verified=True|channel_4;nln_overview_verified=True|channel_5;nln_overview_verified=True
nln_emp_leave_one_speed_out,test_speed_100,nln_emp,nln_emp_motor_2_75_stator_short_1_current,nln_emp_motor_2_75_stator_short_1,train,Motor-2,current,current,75,unknown,motor_2_speed_75,stator_winding_fault,1,fault,experimental,unknown,data/raw/nln_emp/Dataset/Electric/Motor-2/75/stator short 1/Electric_Motor-2_75_time-stator short 1-ch1.csv|data/raw/nln_emp/Dataset/Electric/Motor-2/75/stator short 1/Electric_Motor-2_75_time-stator short 1-ch2.csv|data/raw/nln_emp/Dataset/Electric/Motor-2/75/stator short 1/Electric_Motor-2_75_time-stator short 1-ch3.csv|data/raw/nln_emp/Dataset/Electric/Motor-2/75/stator short 1/Electric_Motor-2_75_time-stator short 1-ch4.csv|data/raw/nln_emp/Dataset/Electric/Motor-2/75/stator short 1/Electric_Motor-2_75_time-stator short 1-ch5.csv|data/raw/nln_emp/Dataset/Electric/Motor-2/75/stator short 1/Electric_Motor-2_75_time-stator short 1-ch6.csv,False,channel_1;nln_overview_verified=True|channel_2;nln_overview_verified=True|channel_3;nln_overview_verified=True|channel_4;nln_overview_verified=True|channel_5;nln_overview_verified=True|channel_6;nln_overview_verified=True
nln_emp_leave_one_speed_out,test_speed_100,nln_emp,nln_emp_motor_2_75_stator_short_1_vibration,nln_emp_motor_2_75_stator_short_1,train,Motor-2,vibration,vibration,75,unknown,motor_2_speed_75,stator_winding_fault,1,fault,experimental,unknown,data/raw/nln_emp/Dataset/Vibration/Motor-2/75/stator short 1/Vibration_Motor-2_75_time-stator short 1-ch1.csv|data/raw/nln_emp/Dataset/Vibration/Motor-2/75/stator short 1/Vibration_Motor-2_75_time-stator short 1-ch2.csv|data/raw/nln_emp/Dataset/Vibration/Motor-2/75/stator short 1/Vibration_Motor-2_75_time-stator short 1-ch3.csv|data/raw/nln_emp/Dataset/Vibration/Motor-2/75/stator short 1/Vibration_Motor-2_75_time-stator short 1-ch4.csv|data/raw/nln_emp/Dataset/Vibration/Motor-2/75/stator short 1/Vibration_Motor-2_75_time-stator short 1-ch5.csv,False,channel_1;nln_overview_verified=True|channel_2;nln_overview_verified=True|channel_3;nln_overview_verified=True|channel_4;nln_overview_verified=True|channel_5;nln_overview_verified=True
nln_emp_leave_one_speed_out,test_speed_100,nln_emp,nln_emp_motor_2_75_stator_short_2_current,nln_emp_motor_2_75_stator_short_2,train,Motor-2,current,current,75,unknown,motor_2_speed_75,stator_winding_fault,1,fault,experimental,unknown,data/raw/nln_emp/Dataset/Electric/Motor-2/75/stator short 2/Electric_Motor-2_75_time-stator short 2-ch1.csv|data/raw/nln_emp/Dataset/Electric/Motor-2/75/stator short 2/Electric_Motor-2_75_time-stator short 2-ch2.csv|data/raw/nln_emp/Dataset/Electric/Motor-2/75/stator short 2/Electric_Motor-2_75_time-stator short 2-ch3.csv|data/raw/nln_emp/Dataset/Electric/Motor-2/75/stator short 2/Electric_Motor-2_75_time-stator short 2-ch4.csv|data/raw/nln_emp/Dataset/Electric/Motor-2/75/stator short 2/Electric_Motor-2_75_time-stator short 2-ch5.csv|data/raw/nln_emp/Dataset/Electric/Motor-2/75/stator short 2/Electric_Motor-2_75_time-stator short 2-ch6.csv,False,channel_1;nln_overview_verified=True|channel_2;nln_overview_verified=True|channel_3;nln_overview_verified=True|channel_4;nln_overview_verified=True|channel_5;nln_overview_verified=True|channel_6;nln_overview_verified=True
nln_emp_leave_one_speed_out,test_speed_100,nln_emp,nln_emp_motor_2_75_stator_short_2_vibration,nln_emp_motor_2_75_stator_short_2,train,Motor-2,vibration,vibration,75,unknown,motor_2_speed_75,stator_winding_fault,1,fault,experimental,unknown,data/raw/nln_emp/Dataset/Vibration/Motor-2/75/stator short 2/Vibration_Motor-2_75_time-stator short 2-ch1.csv|data/raw/nln_emp/Dataset/Vibration/Motor-2/75/stator short 2/Vibration_Motor-2_75_time-stator short 2-ch2.csv|data/raw/nln_emp/Dataset/Vibration/Motor-2/75/stator short 2/Vibration_Motor-2_75_time-stator short 2-ch3.csv|data/raw/nln_emp/Dataset/Vibration/Motor-2/75/stator short 2/Vibration_Motor-2_75_time-stator short 2-ch4.csv|data/raw/nln_emp/Dataset/Vibration/Motor-2/75/stator short 2/Vibration_Motor-2_75_time-stator short 2-ch5.csv,False,channel_1;nln_overview_verified=True|channel_2;nln_overview_verified=True|channel_3;nln_overview_verified=True|channel_4;nln_overview_verified=True|channel_5;nln_overview_verified=True
nln_emp_leave_one_speed_out,test_speed_100,nln_emp,nln_emp_motor_4_70_align_angular_1_current,nln_emp_motor_4_70_align_angular_1,train,Motor-4,current,current,70,unknown,motor_4_speed_70,misalignment,1,fault,experimental,unknown,data/raw/nln_emp/Dataset/Electric/Motor-4/70/align angular 1/Electric_Motor-4_70_time-align angular 1-ch1.csv|data/raw/nln_emp/Dataset/Electric/Motor-4/70/align angular 1/Electric_Motor-4_70_time-align angular 1-ch2.csv|data/raw/nln_emp/Dataset/Electric/Motor-4/70/align angular 1/Electric_Motor-4_70_time-align angular 1-ch3.csv|data/raw/nln_emp/Dataset/Electric/Motor-4/70/align angular 1/Electric_Motor-4_70_time-align angular 1-ch4.csv|data/raw/nln_emp/Dataset/Electric/Motor-4/70/align angular 1/Electric_Motor-4_70_time-align angular 1-ch5.csv|data/raw/nln_emp/Dataset/Electric/Motor-4/70/align angular 1/Electric_Motor-4_70_time-align angular 1-ch6.csv,False,channel_1;nln_overview_verified=True|channel_2;nln_overview_verified=True|channel_3;nln_overview_verified=True|channel_4;nln_overview_verified=True|channel_5;nln_overview_verified=True|channel_6;nln_overview_verified=True
nln_emp_leave_one_speed_out,test_speed_100,nln_emp,nln_emp_motor_4_70_align_angular_1_vibration,nln_emp_motor_4_70_align_angular_1,train,Motor-4,vibration,vibration,70,unknown,motor_4_speed_70,misalignment,1,fault,experimental,unknown,data/raw/nln_emp/Dataset/Vibration/Motor-4/70/align angular 1/Vibration_Motor-4_70_time-align angular 1-ch1.csv|data/raw/nln_emp/Dataset/Vibration/Motor-4/70/align angular 1/Vibration_Motor-4_70_time-align angular 1-ch2.csv|data/raw/nln_emp/Dataset/Vibration/Motor-4/70/align angular 1/Vibration_Motor-4_70_time-align angular 1-ch3.csv|data/raw/nln_emp/Dataset/Vibration/Motor-4/70/align angular 1/Vibration_Motor-4_70_time-align angular 1-ch4.csv|data/raw/nln_emp/Dataset/Vibration/Motor-4/70/align angular 1/Vibration_Motor-4_70_time-align angular 1-ch5.csv,False,channel_1;nln_overview_verified=True|channel_2;nln_overview_verified=True|channel_3;nln_overview_verified=True|channel_4;nln_overview_verified=True|channel_5;nln_overview_verified=True
nln_emp_leave_one_speed_out,test_speed_100,nln_emp,nln_emp_motor_4_70_align_angular_2_current,nln_emp_motor_4_70_align_angular_2,train,Motor-4,current,current,70,unknown,motor_4_speed_70,misalignment,1,fault,experimental,unknown,data/raw/nln_emp/Dataset/Electric/Motor-4/70/align angular 2/Electric_Motor-4_70_time-align angular 2-ch1.csv|data/raw/nln_emp/Dataset/Electric/Motor-4/70/align angular 2/Electric_Motor-4_70_time-align angular 2-ch2.csv|data/raw/nln_emp/Dataset/Electric/Motor-4/70/align angular 2/Electric_Motor-4_70_time-align angular 2-ch3.csv|data/raw/nln_emp/Dataset/Electric/Motor-4/70/align angular 2/Electric_Motor-4_70_time-align angular 2-ch4.csv|data/raw/nln_emp/Dataset/Electric/Motor-4/70/align angular 2/Electric_Motor-4_70_time-align angular 2-ch5.csv|data/raw/nln_emp/Dataset/Electric/Motor-4/70/align angular 2/Electric_Motor-4_70_time-align angular 2-ch6.csv,False,channel_1;nln_overview_verified=True|channel_2;nln_overview_verified=True|channel_3;nln_overview_verified=True|channel_4;nln_overview_verified=True|channel_5;nln_overview_verified=True|channel_6;nln_overview_verified=True
nln_emp_leave_one_speed_out,test_speed_100,nln_emp,nln_emp_motor_4_70_align_angular_2_vibration,nln_emp_motor_4_70_align_angular_2,train,Motor-4,vibration,vibration,70,unknown,motor_4_speed_70,misalignment,1,fault,experimental,unknown,data/raw/nln_emp/Dataset/Vibration/Motor-4/70/align angular 2/Vibration_Motor-4_70_time-align angular 2-ch1.csv|data/raw/nln_emp/Dataset/Vibration/Motor-4/70/align angular 2/Vibration_Motor-4_70_time-align angular 2-ch2.csv|data/raw/nln_emp/Dataset/Vibration/Motor-4/70/align angular 2/Vibration_Motor-4_70_time-align angular 2-ch3.csv|data/raw/nln_emp/Dataset/Vibration/Motor-4/70/align angular 2/Vibration_Motor-4_70_time-align angular 2-ch4.csv|data/raw/nln_emp/Dataset/Vibration/Motor-4/70/align angular 2/Vibration_Motor-4_70_time-align angular 2-ch5.csv,False,channel_1;nln_overview_verified=True|channel_2;nln_overview_verified=True|channel_3;nln_overview_verified=True|channel_4;nln_overview_verified=True|channel_5;nln_overview_verified=True
nln_emp_leave_one_speed_out,test_speed_100,nln_emp,nln_emp_motor_4_70_align_angular_3_current,nln_emp_motor_4_70_align_angular_3,train,Motor-4,current,current,70,unknown,motor_4_speed_70,misalignment,1,fault,experimental,unknown,data/raw/nln_emp/Dataset/Electric/Motor-4/70/align angular 3/Electric_Motor-4_70_time-align angular 3-ch1.csv|data/raw/nln_emp/Dataset/Electric/Motor-4/70/align angular 3/Electric_Motor-4_70_time-align angular 3-ch2.csv|data/raw/nln_emp/Dataset/Electric/Motor-4/70/align angular 3/Electric_Motor-4_70_time-align angular 3-ch3.csv|data/raw/nln_emp/Dataset/Electric/Motor-4/70/align angular 3/Electric_Motor-4_70_time-align angular 3-ch4.csv|data/raw/nln_emp/Dataset/Electric/Motor-4/70/align angular 3/Electric_Motor-4_70_time-align angular 3-ch5.csv|data/raw/nln_emp/Dataset/Electric/Motor-4/70/align angular 3/Electric_Motor-4_70_time-align angular 3-ch6.csv,False,channel_1;nln_overview_verified=True|channel_2;nln_overview_verified=True|channel_3;nln_overview_verified=True|channel_4;nln_overview_verified=True|channel_5;nln_overview_verified=True|channel_6;nln_overview_verified=True
nln_emp_leave_one_speed_out,test_speed_100,nln_emp,nln_emp_motor_4_70_align_angular_3_vibration,nln_emp_motor_4_70_align_angular_3,train,Motor-4,vibration,vibration,70,unknown,motor_4_speed_70,misalignment,1,fault,experimental,unknown,data/raw/nln_emp/Dataset/Vibration/Motor-4/70/align angular 3/Vibration_Motor-4_70_time-align angular 3-ch1.csv|data/raw/nln_emp/Dataset/Vibration/Motor-4/70/align angular 3/Vibration_Motor-4_70_time-align angular 3-ch2.csv|data/raw/nln_emp/Dataset/Vibration/Motor-4/70/align angular 3/Vibration_Motor-4_70_time-align angular 3-ch3.csv|data/raw/nln_emp/Dataset/Vibration/Motor-4/70/align angular 3/Vibration_Motor-4_70_time-align angular 3-ch4.csv|data/raw/nln_emp/Dataset/Vibration/Motor-4/70/align angular 3/Vibration_Motor-4_70_time-align angular 3-ch5.csv,False,channel_1;nln_overview_verified=True|channel_2;nln_overview_verified=True|channel_3;nln_overview_verified=True|channel_4;nln_overview_verified=True|channel_5;nln_overview_verified=True
nln_emp_leave_one_speed_out,test_speed_100,nln_emp,nln_emp_motor_4_70_align_angular_4_current,nln_emp_motor_4_70_align_angular_4,val,Motor-4,current,current,70,unknown,motor_4_speed_70,misalignment,1,fault,experimental,unknown,data/raw/nln_emp/Dataset/Electric/Motor-4/70/align angular 4/Electric_Motor-4_70_time-align angular 4-ch1.csv|data/raw/nln_emp/Dataset/Electric/Motor-4/70/align angular 4/Electric_Motor-4_70_time-align angular 4-ch2.csv|data/raw/nln_emp/Dataset/Electric/Motor-4/70/align angular 4/Electric_Motor-4_70_time-align angular 4-ch3.csv|data/raw/nln_emp/Dataset/Electric/Motor-4/70/align angular 4/Electric_Motor-4_70_time-align angular 4-ch4.csv|data/raw/nln_emp/Dataset/Electric/Motor-4/70/align angular 4/Electric_Motor-4_70_time-align angular 4-ch5.csv|data/raw/nln_emp/Dataset/Electric/Motor-4/70/align angular 4/Electric_Motor-4_70_time-align angular 4-ch6.csv,False,channel_1;nln_overview_verified=True|channel_2;nln_overview_verified=True|channel_3;nln_overview_verified=True|channel_4;nln_overview_verified=True|channel_5;nln_overview_verified=True|channel_6;nln_overview_verified=True
nln_emp_leave_one_speed_out,test_speed_100,nln_emp,nln_emp_motor_4_70_align_angular_4_vibration,nln_emp_motor_4_70_align_angular_4,val,Motor-4,vibration,vibration,70,unknown,motor_4_speed_70,misalignment,1,fault,experimental,unknown,data/raw/nln_emp/Dataset/Vibration/Motor-4/70/align angular 4/Vibration_Motor-4_70_time-align angular 4-ch1.csv|data/raw/nln_emp/Dataset/Vibration/Motor-4/70/align angular 4/Vibration_Motor-4_70_time-align angular 4-ch2.csv|data/raw/nln_emp/Dataset/Vibration/Motor-4/70/align angular 4/Vibration_Motor-4_70_time-align angular 4-ch3.csv|data/raw/nln_emp/Dataset/Vibration/Motor-4/70/align angular 4/Vibration_Motor-4_70_time-align angular 4-ch4.csv|data/raw/nln_emp/Dataset/Vibration/Motor-4/70/align angular 4/Vibration_Motor-4_70_time-align angular 4-ch5.csv,False,channel_1;nln_overview_verified=True|channel_2;nln_overview_verified=True|channel_3;nln_overview_verified=True|channel_4;nln_overview_verified=True|channel_5;nln_overview_verified=True
nln_emp_leave_one_speed_out,test_speed_100,nln_emp,nln_emp_motor_4_70_align_angular_5_current,nln_emp_motor_4_70_align_angular_5,train,Motor-4,current,current,70,unknown,motor_4_speed_70,misalignment,1,fault,experimental,unknown,data/raw/nln_emp/Dataset/Electric/Motor-4/70/align angular 5/Electric_Motor-4_70_time-align angular 5-ch1.csv|data/raw/nln_emp/Dataset/Electric/Motor-4/70/align angular 5/Electric_Motor-4_70_time-align angular 5-ch2.csv|data/raw/nln_emp/Dataset/Electric/Motor-4/70/align angular 5/Electric_Motor-4_70_time-align angular 5-ch3.csv|data/raw/nln_emp/Dataset/Electric/Motor-4/70/align angular 5/Electric_Motor-4_70_time-align angular 5-ch4.csv|data/raw/nln_emp/Dataset/Electric/Motor-4/70/align angular 5/Electric_Motor-4_70_time-align angular 5-ch5.csv|data/raw/nln_emp/Dataset/Electric/Motor-4/70/align angular 5/Electric_Motor-4_70_time-align angular 5-ch6.csv,False,channel_1;nln_overview_verified=True|channel_2;nln_overview_verified=True|channel_3;nln_overview_verified=True|channel_4;nln_overview_verified=True|channel_5;nln_overview_verified=True|channel_6;nln_overview_verified=True
nln_emp_leave_one_speed_out,test_speed_100,nln_emp,nln_emp_motor_4_70_align_angular_5_vibration,nln_emp_motor_4_70_align_angular_5,train,Motor-4,vibration,vibration,70,unknown,motor_4_speed_70,misalignment,1,fault,experimental,unknown,data/raw/nln_emp/Dataset/Vibration/Motor-4/70/align angular 5/Vibration_Motor-4_70_time-align angular 5-ch1.csv|data/raw/nln_emp/Dataset/Vibration/Motor-4/70/align angular 5/Vibration_Motor-4_70_time-align angular 5-ch2.csv|data/raw/nln_emp/Dataset/Vibration/Motor-4/70/align angular 5/Vibration_Motor-4_70_time-align angular 5-ch3.csv|data/raw/nln_emp/Dataset/Vibration/Motor-4/70/align angular 5/Vibration_Motor-4_70_time-align angular 5-ch4.csv|data/raw/nln_emp/Dataset/Vibration/Motor-4/70/align angular 5/Vibration_Motor-4_70_time-align angular 5-ch5.csv,False,channel_1;nln_overview_verified=True|channel_2;nln_overview_verified=True|channel_3;nln_overview_verified=True|channel_4;nln_overview_verified=True|channel_5;nln_overview_verified=True
nln_emp_leave_one_speed_out,test_speed_100,nln_emp,nln_emp_motor_4_70_align_combination_1_current,nln_emp_motor_4_70_align_combination_1,train,Motor-4,current,current,70,unknown,motor_4_speed_70,misalignment,2,fault,experimental,unknown,data/raw/nln_emp/Dataset/Electric/Motor-4/70/align combination 1/Electric_Motor-4_70_time-align combination 1-ch1.csv|data/raw/nln_emp/Dataset/Electric/Motor-4/70/align combination 1/Electric_Motor-4_70_time-align combination 1-ch2.csv|data/raw/nln_emp/Dataset/Electric/Motor-4/70/align combination 1/Electric_Motor-4_70_time-align combination 1-ch3.csv|data/raw/nln_emp/Dataset/Electric/Motor-4/70/align combination 1/Electric_Motor-4_70_time-align combination 1-ch4.csv|data/raw/nln_emp/Dataset/Electric/Motor-4/70/align combination 1/Electric_Motor-4_70_time-align combination 1-ch5.csv|data/raw/nln_emp/Dataset/Electric/Motor-4/70/align combination 1/Electric_Motor-4_70_time-align combination 1-ch6.csv,False,channel_1;nln_overview_verified=True|channel_2;nln_overview_verified=True|channel_3;nln_overview_verified=True|channel_4;nln_overview_verified=True|channel_5;nln_overview_verified=True|channel_6;nln_overview_verified=True
nln_emp_leave_one_speed_out,test_speed_100,nln_emp,nln_emp_motor_4_70_align_combination_1_vibration,nln_emp_motor_4_70_align_combination_1,train,Motor-4,vibration,vibration,70,unknown,motor_4_speed_70,misalignment,2,fault,experimental,unknown,data/raw/nln_emp/Dataset/Vibration/Motor-4/70/align combination 1/Vibration_Motor-4_70_time-align combination 1-ch1.csv|data/raw/nln_emp/Dataset/Vibration/Motor-4/70/align combination 1/Vibration_Motor-4_70_time-align combination 1-ch2.csv|data/raw/nln_emp/Dataset/Vibration/Motor-4/70/align combination 1/Vibration_Motor-4_70_time-align combination 1-ch3.csv|data/raw/nln_emp/Dataset/Vibration/Motor-4/70/align combination 1/Vibration_Motor-4_70_time-align combination 1-ch4.csv|data/raw/nln_emp/Dataset/Vibration/Motor-4/70/align combination 1/Vibration_Motor-4_70_time-align combination 1-ch5.csv,False,channel_1;nln_overview_verified=True|channel_2;nln_overview_verified=True|channel_3;nln_overview_verified=True|channel_4;nln_overview_verified=True|channel_5;nln_overview_verified=True
nln_emp_leave_one_speed_out,test_speed_100,nln_emp,nln_emp_motor_4_70_align_combination_2_current,nln_emp_motor_4_70_align_combination_2,train,Motor-4,current,current,70,unknown,motor_4_speed_70,misalignment,2,fault,experimental,unknown,data/raw/nln_emp/Dataset/Electric/Motor-4/70/align combination 2/Electric_Motor-4_70_time-align combination 2-ch1.csv|data/raw/nln_emp/Dataset/Electric/Motor-4/70/align combination 2/Electric_Motor-4_70_time-align combination 2-ch2.csv|data/raw/nln_emp/Dataset/Electric/Motor-4/70/align combination 2/Electric_Motor-4_70_time-align combination 2-ch3.csv|data/raw/nln_emp/Dataset/Electric/Motor-4/70/align combination 2/Electric_Motor-4_70_time-align combination 2-ch4.csv|data/raw/nln_emp/Dataset/Electric/Motor-4/70/align combination 2/Electric_Motor-4_70_time-align combination 2-ch5.csv|data/raw/nln_emp/Dataset/Electric/Motor-4/70/align combination 2/Electric_Motor-4_70_time-align combination 2-ch6.csv,False,channel_1;nln_overview_verified=True|channel_2;nln_overview_verified=True|channel_3;nln_overview_verified=True|channel_4;nln_overview_verified=True|channel_5;nln_overview_verified=True|channel_6;nln_overview_verified=True
nln_emp_leave_one_speed_out,test_speed_100,nln_emp,nln_emp_motor_4_70_align_combination_2_vibration,nln_emp_motor_4_70_align_combination_2,train,Motor-4,vibration,vibration,70,unknown,motor_4_speed_70,misalignment,2,fault,experimental,unknown,data/raw/nln_emp/Dataset/Vibration/Motor-4/70/align combination 2/Vibration_Motor-4_70_time-align combination 2-ch1.csv|data/raw/nln_emp/Dataset/Vibration/Motor-4/70/align combination 2/Vibration_Motor-4_70_time-align combination 2-ch2.csv|data/raw/nln_emp/Dataset/Vibration/Motor-4/70/align combination 2/Vibration_Motor-4_70_time-align combination 2-ch3.csv|data/raw/nln_emp/Dataset/Vibration/Motor-4/70/align combination 2/Vibration_Motor-4_70_time-align combination 2-ch4.csv|data/raw/nln_emp/Dataset/Vibration/Motor-4/70/align combination 2/Vibration_Motor-4_70_time-align combination 2-ch5.csv,False,channel_1;nln_overview_verified=True|channel_2;nln_overview_verified=True|channel_3;nln_overview_verified=True|channel_4;nln_overview_verified=True|channel_5;nln_overview_verified=True
nln_emp_leave_one_speed_out,test_speed_100,nln_emp,nln_emp_motor_4_70_align_combination_3_current,nln_emp_motor_4_70_align_combination_3,train,Motor-4,current,current,70,unknown,motor_4_speed_70,misalignment,2,fault,experimental,unknown,data/raw/nln_emp/Dataset/Electric/Motor-4/70/align combination 3/Electric_Motor-4_70_time-align combination 3-ch1.csv|data/raw/nln_emp/Dataset/Electric/Motor-4/70/align combination 3/Electric_Motor-4_70_time-align combination 3-ch2.csv|data/raw/nln_emp/Dataset/Electric/Motor-4/70/align combination 3/Electric_Motor-4_70_time-align combination 3-ch3.csv|data/raw/nln_emp/Dataset/Electric/Motor-4/70/align combination 3/Electric_Motor-4_70_time-align combination 3-ch4.csv|data/raw/nln_emp/Dataset/Electric/Motor-4/70/align combination 3/Electric_Motor-4_70_time-align combination 3-ch5.csv|data/raw/nln_emp/Dataset/Electric/Motor-4/70/align combination 3/Electric_Motor-4_70_time-align combination 3-ch6.csv,False,channel_1;nln_overview_verified=True|channel_2;nln_overview_verified=True|channel_3;nln_overview_verified=True|channel_4;nln_overview_verified=True|channel_5;nln_overview_verified=True|channel_6;nln_overview_verified=True
nln_emp_leave_one_speed_out,test_speed_100,nln_emp,nln_emp_motor_4_70_align_combination_3_vibration,nln_emp_motor_4_70_align_combination_3,train,Motor-4,vibration,vibration,70,unknown,motor_4_speed_70,misalignment,2,fault,experimental,unknown,data/raw/nln_emp/Dataset/Vibration/Motor-4/70/align combination 3/Vibration_Motor-4_70_time-align combination 3-ch1.csv|data/raw/nln_emp/Dataset/Vibration/Motor-4/70/align combination 3/Vibration_Motor-4_70_time-align combination 3-ch2.csv|data/raw/nln_emp/Dataset/Vibration/Motor-4/70/align combination 3/Vibration_Motor-4_70_time-align combination 3-ch3.csv|data/raw/nln_emp/Dataset/Vibration/Motor-4/70/align combination 3/Vibration_Motor-4_70_time-align combination 3-ch4.csv|data/raw/nln_emp/Dataset/Vibration/Motor-4/70/align combination 3/Vibration_Motor-4_70_time-align combination 3-ch5.csv,False,channel_1;nln_overview_verified=True|channel_2;nln_overview_verified=True|channel_3;nln_overview_verified=True|channel_4;nln_overview_verified=True|channel_5;nln_overview_verified=True
nln_emp_leave_one_speed_out,test_speed_100,nln_emp,nln_emp_motor_4_70_align_combination_4_current,nln_emp_motor_4_70_align_combination_4,train,Motor-4,current,current,70,unknown,motor_4_speed_70,misalignment,2,fault,experimental,unknown,data/raw/nln_emp/Dataset/Electric/Motor-4/70/align combination 4/Electric_Motor-4_70_time-align combination 4-ch1.csv|data/raw/nln_emp/Dataset/Electric/Motor-4/70/align combination 4/Electric_Motor-4_70_time-align combination 4-ch2.csv|data/raw/nln_emp/Dataset/Electric/Motor-4/70/align combination 4/Electric_Motor-4_70_time-align combination 4-ch3.csv|data/raw/nln_emp/Dataset/Electric/Motor-4/70/align combination 4/Electric_Motor-4_70_time-align combination 4-ch4.csv|data/raw/nln_emp/Dataset/Electric/Motor-4/70/align combination 4/Electric_Motor-4_70_time-align combination 4-ch5.csv|data/raw/nln_emp/Dataset/Electric/Motor-4/70/align combination 4/Electric_Motor-4_70_time-align combination 4-ch6.csv,False,channel_1;nln_overview_verified=True|channel_2;nln_overview_verified=True|channel_3;nln_overview_verified=True|channel_4;nln_overview_verified=True|channel_5;nln_overview_verified=True|channel_6;nln_overview_verified=True
nln_emp_leave_one_speed_out,test_speed_100,nln_emp,nln_emp_motor_4_70_align_combination_4_vibration,nln_emp_motor_4_70_align_combination_4,train,Motor-4,vibration,vibration,70,unknown,motor_4_speed_70,misalignment,2,fault,experimental,unknown,data/raw/nln_emp/Dataset/Vibration/Motor-4/70/align combination 4/Vibration_Motor-4_70_time-align combination 4-ch1.csv|data/raw/nln_emp/Dataset/Vibration/Motor-4/70/align combination 4/Vibration_Motor-4_70_time-align combination 4-ch2.csv|data/raw/nln_emp/Dataset/Vibration/Motor-4/70/align combination 4/Vibration_Motor-4_70_time-align combination 4-ch3.csv|data/raw/nln_emp/Dataset/Vibration/Motor-4/70/align combination 4/Vibration_Motor-4_70_time-align combination 4-ch4.csv|data/raw/nln_emp/Dataset/Vibration/Motor-4/70/align combination 4/Vibration_Motor-4_70_time-align combination 4-ch5.csv,False,channel_1;nln_overview_verified=True|channel_2;nln_overview_verified=True|channel_3;nln_overview_verified=True|channel_4;nln_overview_verified=True|channel_5;nln_overview_verified=True
nln_emp_leave_one_speed_out,test_speed_100,nln_emp,nln_emp_motor_4_70_align_parallel_1_current,nln_emp_motor_4_70_align_parallel_1,train,Motor-4,current,current,70,unknown,motor_4_speed_70,misalignment,1,fault,experimental,unknown,data/raw/nln_emp/Dataset/Electric/Motor-4/70/align parallel 1/Electric_Motor-4_70_time-align parallel 1-ch1.csv|data/raw/nln_emp/Dataset/Electric/Motor-4/70/align parallel 1/Electric_Motor-4_70_time-align parallel 1-ch2.csv|data/raw/nln_emp/Dataset/Electric/Motor-4/70/align parallel 1/Electric_Motor-4_70_time-align parallel 1-ch3.csv|data/raw/nln_emp/Dataset/Electric/Motor-4/70/align parallel 1/Electric_Motor-4_70_time-align parallel 1-ch4.csv|data/raw/nln_emp/Dataset/Electric/Motor-4/70/align parallel 1/Electric_Motor-4_70_time-align parallel 1-ch5.csv|data/raw/nln_emp/Dataset/Electric/Motor-4/70/align parallel 1/Electric_Motor-4_70_time-align parallel 1-ch6.csv,False,channel_1;nln_overview_verified=True|channel_2;nln_overview_verified=True|channel_3;nln_overview_verified=True|channel_4;nln_overview_verified=True|channel_5;nln_overview_verified=True|channel_6;nln_overview_verified=True
nln_emp_leave_one_speed_out,test_speed_100,nln_emp,nln_emp_motor_4_70_align_parallel_1_vibration,nln_emp_motor_4_70_align_parallel_1,train,Motor-4,vibration,vibration,70,unknown,motor_4_speed_70,misalignment,1,fault,experimental,unknown,data/raw/nln_emp/Dataset/Vibration/Motor-4/70/align parallel 1/Vibration_Motor-4_70_time-align parallel 1-ch1.csv|data/raw/nln_emp/Dataset/Vibration/Motor-4/70/align parallel 1/Vibration_Motor-4_70_time-align parallel 1-ch2.csv|data/raw/nln_emp/Dataset/Vibration/Motor-4/70/align parallel 1/Vibration_Motor-4_70_time-align parallel 1-ch3.csv|data/raw/nln_emp/Dataset/Vibration/Motor-4/70/align parallel 1/Vibration_Motor-4_70_time-align parallel 1-ch4.csv|data/raw/nln_emp/Dataset/Vibration/Motor-4/70/align parallel 1/Vibration_Motor-4_70_time-align parallel 1-ch5.csv,False,channel_1;nln_overview_verified=True|channel_2;nln_overview_verified=True|channel_3;nln_overview_verified=True|channel_4;nln_overview_verified=True|channel_5;nln_overview_verified=True
nln_emp_leave_one_speed_out,test_speed_100,nln_emp,nln_emp_motor_4_70_align_parallel_2_current,nln_emp_motor_4_70_align_parallel_2,val,Motor-4,current,current,70,unknown,motor_4_speed_70,misalignment,1,fault,experimental,unknown,data/raw/nln_emp/Dataset/Electric/Motor-4/70/align parallel 2/Electric_Motor-4_70_time-align parallel 2-ch1.csv|data/raw/nln_emp/Dataset/Electric/Motor-4/70/align parallel 2/Electric_Motor-4_70_time-align parallel 2-ch2.csv|data/raw/nln_emp/Dataset/Electric/Motor-4/70/align parallel 2/Electric_Motor-4_70_time-align parallel 2-ch3.csv|data/raw/nln_emp/Dataset/Electric/Motor-4/70/align parallel 2/Electric_Motor-4_70_time-align parallel 2-ch4.csv|data/raw/nln_emp/Dataset/Electric/Motor-4/70/align parallel 2/Electric_Motor-4_70_time-align parallel 2-ch5.csv|data/raw/nln_emp/Dataset/Electric/Motor-4/70/align parallel 2/Electric_Motor-4_70_time-align parallel 2-ch6.csv,False,channel_1;nln_overview_verified=True|channel_2;nln_overview_verified=True|channel_3;nln_overview_verified=True|channel_4;nln_overview_verified=True|channel_5;nln_overview_verified=True|channel_6;nln_overview_verified=True
nln_emp_leave_one_speed_out,test_speed_100,nln_emp,nln_emp_motor_4_70_align_parallel_2_vibration,nln_emp_motor_4_70_align_parallel_2,val,Motor-4,vibration,vibration,70,unknown,motor_4_speed_70,misalignment,1,fault,experimental,unknown,data/raw/nln_emp/Dataset/Vibration/Motor-4/70/align parallel 2/Vibration_Motor-4_70_time-align parallel 2-ch1.csv|data/raw/nln_emp/Dataset/Vibration/Motor-4/70/align parallel 2/Vibration_Motor-4_70_time-align parallel 2-ch2.csv|data/raw/nln_emp/Dataset/Vibration/Motor-4/70/align parallel 2/Vibration_Motor-4_70_time-align parallel 2-ch3.csv|data/raw/nln_emp/Dataset/Vibration/Motor-4/70/align parallel 2/Vibration_Motor-4_70_time-align parallel 2-ch4.csv|data/raw/nln_emp/Dataset/Vibration/Motor-4/70/align parallel 2/Vibration_Motor-4_70_time-align parallel 2-ch5.csv,False,channel_1;nln_overview_verified=True|channel_2;nln_overview_verified=True|channel_3;nln_overview_verified=True|channel_4;nln_overview_verified=True|channel_5;nln_overview_verified=True
nln_emp_leave_one_speed_out,test_speed_100,nln_emp,nln_emp_motor_4_70_align_parallel_3_current,nln_emp_motor_4_70_align_parallel_3,train,Motor-4,current,current,70,unknown,motor_4_speed_70,misalignment,1,fault,experimental,unknown,data/raw/nln_emp/Dataset/Electric/Motor-4/70/align parallel 3/Electric_Motor-4_70_time-align parallel 3-ch1.csv|data/raw/nln_emp/Dataset/Electric/Motor-4/70/align parallel 3/Electric_Motor-4_70_time-align parallel 3-ch2.csv|data/raw/nln_emp/Dataset/Electric/Motor-4/70/align parallel 3/Electric_Motor-4_70_time-align parallel 3-ch3.csv|data/raw/nln_emp/Dataset/Electric/Motor-4/70/align parallel 3/Electric_Motor-4_70_time-align parallel 3-ch4.csv|data/raw/nln_emp/Dataset/Electric/Motor-4/70/align parallel 3/Electric_Motor-4_70_time-align parallel 3-ch5.csv|data/raw/nln_emp/Dataset/Electric/Motor-4/70/align parallel 3/Electric_Motor-4_70_time-align parallel 3-ch6.csv,False,channel_1;nln_overview_verified=True|channel_2;nln_overview_verified=True|channel_3;nln_overview_verified=True|channel_4;nln_overview_verified=True|channel_5;nln_overview_verified=True|channel_6;nln_overview_verified=True
nln_emp_leave_one_speed_out,test_speed_100,nln_emp,nln_emp_motor_4_70_align_parallel_3_vibration,nln_emp_motor_4_70_align_parallel_3,train,Motor-4,vibration,vibration,70,unknown,motor_4_speed_70,misalignment,1,fault,experimental,unknown,data/raw/nln_emp/Dataset/Vibration/Motor-4/70/align parallel 3/Vibration_Motor-4_70_time-align parallel 3-ch1.csv|data/raw/nln_emp/Dataset/Vibration/Motor-4/70/align parallel 3/Vibration_Motor-4_70_time-align parallel 3-ch2.csv|data/raw/nln_emp/Dataset/Vibration/Motor-4/70/align parallel 3/Vibration_Motor-4_70_time-align parallel 3-ch3.csv|data/raw/nln_emp/Dataset/Vibration/Motor-4/70/align parallel 3/Vibration_Motor-4_70_time-align parallel 3-ch4.csv|data/raw/nln_emp/Dataset/Vibration/Motor-4/70/align parallel 3/Vibration_Motor-4_70_time-align parallel 3-ch5.csv,False,channel_1;nln_overview_verified=True|channel_2;nln_overview_verified=True|channel_3;nln_overview_verified=True|channel_4;nln_overview_verified=True|channel_5;nln_overview_verified=True
nln_emp_leave_one_speed_out,test_speed_100,nln_emp,nln_emp_motor_4_70_align_parallel_4_current,nln_emp_motor_4_70_align_parallel_4,train,Motor-4,current,current,70,unknown,motor_4_speed_70,misalignment,1,fault,experimental,unknown,data/raw/nln_emp/Dataset/Electric/Motor-4/70/align parallel 4/Electric_Motor-4_70_time-align parallel 4-ch1.csv|data/raw/nln_emp/Dataset/Electric/Motor-4/70/align parallel 4/Electric_Motor-4_70_time-align parallel 4-ch2.csv|data/raw/nln_emp/Dataset/Electric/Motor-4/70/align parallel 4/Electric_Motor-4_70_time-align parallel 4-ch3.csv|data/raw/nln_emp/Dataset/Electric/Motor-4/70/align parallel 4/Electric_Motor-4_70_time-align parallel 4-ch4.csv|data/raw/nln_emp/Dataset/Electric/Motor-4/70/align parallel 4/Electric_Motor-4_70_time-align parallel 4-ch5.csv|data/raw/nln_emp/Dataset/Electric/Motor-4/70/align parallel 4/Electric_Motor-4_70_time-align parallel 4-ch6.csv,False,channel_1;nln_overview_verified=True|channel_2;nln_overview_verified=True|channel_3;nln_overview_verified=True|channel_4;nln_overview_verified=True|channel_5;nln_overview_verified=True|channel_6;nln_overview_verified=True
nln_emp_leave_one_speed_out,test_speed_100,nln_emp,nln_emp_motor_4_70_align_parallel_4_vibration,nln_emp_motor_4_70_align_parallel_4,train,Motor-4,vibration,vibration,70,unknown,motor_4_speed_70,misalignment,1,fault,experimental,unknown,data/raw/nln_emp/Dataset/Vibration/Motor-4/70/align parallel 4/Vibration_Motor-4_70_time-align parallel 4-ch1.csv|data/raw/nln_emp/Dataset/Vibration/Motor-4/70/align parallel 4/Vibration_Motor-4_70_time-align parallel 4-ch2.csv|data/raw/nln_emp/Dataset/Vibration/Motor-4/70/align parallel 4/Vibration_Motor-4_70_time-align parallel 4-ch3.csv|data/raw/nln_emp/Dataset/Vibration/Motor-4/70/align parallel 4/Vibration_Motor-4_70_time-align parallel 4-ch4.csv|data/raw/nln_emp/Dataset/Vibration/Motor-4/70/align parallel 4/Vibration_Motor-4_70_time-align parallel 4-ch5.csv,False,channel_1;nln_overview_verified=True|channel_2;nln_overview_verified=True|channel_3;nln_overview_verified=True|channel_4;nln_overview_verified=True|channel_5;nln_overview_verified=True
nln_emp_leave_one_speed_out,test_speed_100,nln_emp,nln_emp_motor_4_70_bent_shaft_current,nln_emp_motor_4_70_bent_shaft,train,Motor-4,current,current,70,unknown,motor_4_speed_70,bent_shaft,unknown,fault,experimental,unknown,data/raw/nln_emp/Dataset/Electric/Motor-4/70/bent shaft/Electric_Motor-4_70_time-bent shaft-ch1.csv|data/raw/nln_emp/Dataset/Electric/Motor-4/70/bent shaft/Electric_Motor-4_70_time-bent shaft-ch2.csv|data/raw/nln_emp/Dataset/Electric/Motor-4/70/bent shaft/Electric_Motor-4_70_time-bent shaft-ch3.csv|data/raw/nln_emp/Dataset/Electric/Motor-4/70/bent shaft/Electric_Motor-4_70_time-bent shaft-ch4.csv|data/raw/nln_emp/Dataset/Electric/Motor-4/70/bent shaft/Electric_Motor-4_70_time-bent shaft-ch5.csv|data/raw/nln_emp/Dataset/Electric/Motor-4/70/bent shaft/Electric_Motor-4_70_time-bent shaft-ch6.csv,False,channel_1;nln_overview_verified=True|channel_2;nln_overview_verified=True|channel_3;nln_overview_verified=True|channel_4;nln_overview_verified=True|channel_5;nln_overview_verified=True|channel_6;nln_overview_verified=True
nln_emp_leave_one_speed_out,test_speed_100,nln_emp,nln_emp_motor_4_70_bent_shaft_vibration,nln_emp_motor_4_70_bent_shaft,train,Motor-4,vibration,vibration,70,unknown,motor_4_speed_70,bent_shaft,unknown,fault,experimental,unknown,data/raw/nln_emp/Dataset/Vibration/Motor-4/70/bent shaft/Vibration_Motor-4_70_time-bent shaft-ch1.csv|data/raw/nln_emp/Dataset/Vibration/Motor-4/70/bent shaft/Vibration_Motor-4_70_time-bent shaft-ch2.csv|data/raw/nln_emp/Dataset/Vibration/Motor-4/70/bent shaft/Vibration_Motor-4_70_time-bent shaft-ch3.csv|data/raw/nln_emp/Dataset/Vibration/Motor-4/70/bent shaft/Vibration_Motor-4_70_time-bent shaft-ch4.csv|data/raw/nln_emp/Dataset/Vibration/Motor-4/70/bent shaft/Vibration_Motor-4_70_time-bent shaft-ch5.csv,False,channel_1;nln_overview_verified=True|channel_2;nln_overview_verified=True|channel_3;nln_overview_verified=True|channel_4;nln_overview_verified=True|channel_5;nln_overview_verified=True
nln_emp_leave_one_speed_out,test_speed_100,nln_emp,nln_emp_motor_4_70_cavitation_discharge_1_current,nln_emp_motor_4_70_cavitation_discharge_1,train,Motor-4,current,current,70,unknown,motor_4_speed_70,cavitation,3,fault,experimental,unknown,data/raw/nln_emp/Dataset/Electric/Motor-4/70/cavitation discharge 1/Electric_Motor-4_70_time-cavitation discharge 1-ch1.csv|data/raw/nln_emp/Dataset/Electric/Motor-4/70/cavitation discharge 1/Electric_Motor-4_70_time-cavitation discharge 1-ch2.csv|data/raw/nln_emp/Dataset/Electric/Motor-4/70/cavitation discharge 1/Electric_Motor-4_70_time-cavitation discharge 1-ch3.csv|data/raw/nln_emp/Dataset/Electric/Motor-4/70/cavitation discharge 1/Electric_Motor-4_70_time-cavitation discharge 1-ch4.csv|data/raw/nln_emp/Dataset/Electric/Motor-4/70/cavitation discharge 1/Electric_Motor-4_70_time-cavitation discharge 1-ch5.csv|data/raw/nln_emp/Dataset/Electric/Motor-4/70/cavitation discharge 1/Electric_Motor-4_70_time-cavitation discharge 1-ch6.csv,False,channel_1;nln_overview_verified=True|channel_2;nln_overview_verified=True|channel_3;nln_overview_verified=True|channel_4;nln_overview_verified=True|channel_5;nln_overview_verified=True|channel_6;nln_overview_verified=True
nln_emp_leave_one_speed_out,test_speed_100,nln_emp,nln_emp_motor_4_70_cavitation_discharge_1_vibration,nln_emp_motor_4_70_cavitation_discharge_1,train,Motor-4,vibration,vibration,70,unknown,motor_4_speed_70,cavitation,3,fault,experimental,unknown,data/raw/nln_emp/Dataset/Vibration/Motor-4/70/cavitation discharge 1/Vibration_Motor-4_70_time-cavitation discharge 1-ch1.csv|data/raw/nln_emp/Dataset/Vibration/Motor-4/70/cavitation discharge 1/Vibration_Motor-4_70_time-cavitation discharge 1-ch2.csv|data/raw/nln_emp/Dataset/Vibration/Motor-4/70/cavitation discharge 1/Vibration_Motor-4_70_time-cavitation discharge 1-ch3.csv|data/raw/nln_emp/Dataset/Vibration/Motor-4/70/cavitation discharge 1/Vibration_Motor-4_70_time-cavitation discharge 1-ch4.csv|data/raw/nln_emp/Dataset/Vibration/Motor-4/70/cavitation discharge 1/Vibration_Motor-4_70_time-cavitation discharge 1-ch5.csv,False,channel_1;nln_overview_verified=True|channel_2;nln_overview_verified=True|channel_3;nln_overview_verified=True|channel_4;nln_overview_verified=True|channel_5;nln_overview_verified=True
nln_emp_leave_one_speed_out,test_speed_100,nln_emp,nln_emp_motor_4_70_cavitation_discharge_2_current,nln_emp_motor_4_70_cavitation_discharge_2,val,Motor-4,current,current,70,unknown,motor_4_speed_70,cavitation,3,fault,experimental,unknown,data/raw/nln_emp/Dataset/Electric/Motor-4/70/cavitation discharge 2/Electric_Motor-4_70_time-cavitation discharge 2-ch1.csv|data/raw/nln_emp/Dataset/Electric/Motor-4/70/cavitation discharge 2/Electric_Motor-4_70_time-cavitation discharge 2-ch2.csv|data/raw/nln_emp/Dataset/Electric/Motor-4/70/cavitation discharge 2/Electric_Motor-4_70_time-cavitation discharge 2-ch3.csv|data/raw/nln_emp/Dataset/Electric/Motor-4/70/cavitation discharge 2/Electric_Motor-4_70_time-cavitation discharge 2-ch4.csv|data/raw/nln_emp/Dataset/Electric/Motor-4/70/cavitation discharge 2/Electric_Motor-4_70_time-cavitation discharge 2-ch5.csv|data/raw/nln_emp/Dataset/Electric/Motor-4/70/cavitation discharge 2/Electric_Motor-4_70_time-cavitation discharge 2-ch6.csv,False,channel_1;nln_overview_verified=True|channel_2;nln_overview_verified=True|channel_3;nln_overview_verified=True|channel_4;nln_overview_verified=True|channel_5;nln_overview_verified=True|channel_6;nln_overview_verified=True
nln_emp_leave_one_speed_out,test_speed_100,nln_emp,nln_emp_motor_4_70_cavitation_discharge_2_vibration,nln_emp_motor_4_70_cavitation_discharge_2,val,Motor-4,vibration,vibration,70,unknown,motor_4_speed_70,cavitation,3,fault,experimental,unknown,data/raw/nln_emp/Dataset/Vibration/Motor-4/70/cavitation discharge 2/Vibration_Motor-4_70_time-cavitation discharge 2-ch1.csv|data/raw/nln_emp/Dataset/Vibration/Motor-4/70/cavitation discharge 2/Vibration_Motor-4_70_time-cavitation discharge 2-ch2.csv|data/raw/nln_emp/Dataset/Vibration/Motor-4/70/cavitation discharge 2/Vibration_Motor-4_70_time-cavitation discharge 2-ch3.csv|data/raw/nln_emp/Dataset/Vibration/Motor-4/70/cavitation discharge 2/Vibration_Motor-4_70_time-cavitation discharge 2-ch4.csv|data/raw/nln_emp/Dataset/Vibration/Motor-4/70/cavitation discharge 2/Vibration_Motor-4_70_time-cavitation discharge 2-ch5.csv,False,channel_1;nln_overview_verified=True|channel_2;nln_overview_verified=True|channel_3;nln_overview_verified=True|channel_4;nln_overview_verified=True|channel_5;nln_overview_verified=True
nln_emp_leave_one_speed_out,test_speed_100,nln_emp,nln_emp_motor_4_70_cavitation_discharge_3_current,nln_emp_motor_4_70_cavitation_discharge_3,train,Motor-4,current,current,70,unknown,motor_4_speed_70,cavitation,3,fault,experimental,unknown,data/raw/nln_emp/Dataset/Electric/Motor-4/70/cavitation discharge 3/Electric_Motor-4_70_time-cavitation discharge 3-ch1.csv|data/raw/nln_emp/Dataset/Electric/Motor-4/70/cavitation discharge 3/Electric_Motor-4_70_time-cavitation discharge 3-ch2.csv|data/raw/nln_emp/Dataset/Electric/Motor-4/70/cavitation discharge 3/Electric_Motor-4_70_time-cavitation discharge 3-ch3.csv|data/raw/nln_emp/Dataset/Electric/Motor-4/70/cavitation discharge 3/Electric_Motor-4_70_time-cavitation discharge 3-ch4.csv|data/raw/nln_emp/Dataset/Electric/Motor-4/70/cavitation discharge 3/Electric_Motor-4_70_time-cavitation discharge 3-ch5.csv|data/raw/nln_emp/Dataset/Electric/Motor-4/70/cavitation discharge 3/Electric_Motor-4_70_time-cavitation discharge 3-ch6.csv,False,channel_1;nln_overview_verified=True|channel_2;nln_overview_verified=True|channel_3;nln_overview_verified=True|channel_4;nln_overview_verified=True|channel_5;nln_overview_verified=True|channel_6;nln_overview_verified=True
nln_emp_leave_one_speed_out,test_speed_100,nln_emp,nln_emp_motor_4_70_cavitation_discharge_3_vibration,nln_emp_motor_4_70_cavitation_discharge_3,train,Motor-4,vibration,vibration,70,unknown,motor_4_speed_70,cavitation,3,fault,experimental,unknown,data/raw/nln_emp/Dataset/Vibration/Motor-4/70/cavitation discharge 3/Vibration_Motor-4_70_time-cavitation discharge 3-ch1.csv|data/raw/nln_emp/Dataset/Vibration/Motor-4/70/cavitation discharge 3/Vibration_Motor-4_70_time-cavitation discharge 3-ch2.csv|data/raw/nln_emp/Dataset/Vibration/Motor-4/70/cavitation discharge 3/Vibration_Motor-4_70_time-cavitation discharge 3-ch3.csv|data/raw/nln_emp/Dataset/Vibration/Motor-4/70/cavitation discharge 3/Vibration_Motor-4_70_time-cavitation discharge 3-ch4.csv|data/raw/nln_emp/Dataset/Vibration/Motor-4/70/cavitation discharge 3/Vibration_Motor-4_70_time-cavitation discharge 3-ch5.csv,False,channel_1;nln_overview_verified=True|channel_2;nln_overview_verified=True|channel_3;nln_overview_verified=True|channel_4;nln_overview_verified=True|channel_5;nln_overview_verified=True
nln_emp_leave_one_speed_out,test_speed_100,nln_emp,nln_emp_motor_4_70_cavitation_discharge_4_current,nln_emp_motor_4_70_cavitation_discharge_4,train,Motor-4,current,current,70,unknown,motor_4_speed_70,cavitation,3,fault,experimental,unknown,data/raw/nln_emp/Dataset/Electric/Motor-4/70/cavitation discharge 4/Electric_Motor-4_70_time-cavitation discharge 4-ch1.csv|data/raw/nln_emp/Dataset/Electric/Motor-4/70/cavitation discharge 4/Electric_Motor-4_70_time-cavitation discharge 4-ch2.csv|data/raw/nln_emp/Dataset/Electric/Motor-4/70/cavitation discharge 4/Electric_Motor-4_70_time-cavitation discharge 4-ch3.csv|data/raw/nln_emp/Dataset/Electric/Motor-4/70/cavitation discharge 4/Electric_Motor-4_70_time-cavitation discharge 4-ch4.csv|data/raw/nln_emp/Dataset/Electric/Motor-4/70/cavitation discharge 4/Electric_Motor-4_70_time-cavitation discharge 4-ch5.csv|data/raw/nln_emp/Dataset/Electric/Motor-4/70/cavitation discharge 4/Electric_Motor-4_70_time-cavitation discharge 4-ch6.csv,False,channel_1;nln_overview_verified=True|channel_2;nln_overview_verified=True|channel_3;nln_overview_verified=True|channel_4;nln_overview_verified=True|channel_5;nln_overview_verified=True|channel_6;nln_overview_verified=True
nln_emp_leave_one_speed_out,test_speed_100,nln_emp,nln_emp_motor_4_70_cavitation_discharge_4_vibration,nln_emp_motor_4_70_cavitation_discharge_4,train,Motor-4,vibration,vibration,70,unknown,motor_4_speed_70,cavitation,3,fault,experimental,unknown,data/raw/nln_emp/Dataset/Vibration/Motor-4/70/cavitation discharge 4/Vibration_Motor-4_70_time-cavitation discharge 4-ch1.csv|data/raw/nln_emp/Dataset/Vibration/Motor-4/70/cavitation discharge 4/Vibration_Motor-4_70_time-cavitation discharge 4-ch2.csv|data/raw/nln_emp/Dataset/Vibration/Motor-4/70/cavitation discharge 4/Vibration_Motor-4_70_time-cavitation discharge 4-ch3.csv|data/raw/nln_emp/Dataset/Vibration/Motor-4/70/cavitation discharge 4/Vibration_Motor-4_70_time-cavitation discharge 4-ch4.csv|data/raw/nln_emp/Dataset/Vibration/Motor-4/70/cavitation discharge 4/Vibration_Motor-4_70_time-cavitation discharge 4-ch5.csv,False,channel_1;nln_overview_verified=True|channel_2;nln_overview_verified=True|channel_3;nln_overview_verified=True|channel_4;nln_overview_verified=True|channel_5;nln_overview_verified=True
nln_emp_leave_one_speed_out,test_speed_100,nln_emp,nln_emp_motor_4_70_cavitation_discharge_5_current,nln_emp_motor_4_70_cavitation_discharge_5,train,Motor-4,current,current,70,unknown,motor_4_speed_70,cavitation,3,fault,experimental,unknown,data/raw/nln_emp/Dataset/Electric/Motor-4/70/cavitation discharge 5/Electric_Motor-4_70_time-cavitation discharge 5-ch1.csv|data/raw/nln_emp/Dataset/Electric/Motor-4/70/cavitation discharge 5/Electric_Motor-4_70_time-cavitation discharge 5-ch2.csv|data/raw/nln_emp/Dataset/Electric/Motor-4/70/cavitation discharge 5/Electric_Motor-4_70_time-cavitation discharge 5-ch3.csv|data/raw/nln_emp/Dataset/Electric/Motor-4/70/cavitation discharge 5/Electric_Motor-4_70_time-cavitation discharge 5-ch4.csv|data/raw/nln_emp/Dataset/Electric/Motor-4/70/cavitation discharge 5/Electric_Motor-4_70_time-cavitation discharge 5-ch5.csv|data/raw/nln_emp/Dataset/Electric/Motor-4/70/cavitation discharge 5/Electric_Motor-4_70_time-cavitation discharge 5-ch6.csv,False,channel_1;nln_overview_verified=True|channel_2;nln_overview_verified=True|channel_3;nln_overview_verified=True|channel_4;nln_overview_verified=True|channel_5;nln_overview_verified=True|channel_6;nln_overview_verified=True
nln_emp_leave_one_speed_out,test_speed_100,nln_emp,nln_emp_motor_4_70_cavitation_discharge_5_vibration,nln_emp_motor_4_70_cavitation_discharge_5,train,Motor-4,vibration,vibration,70,unknown,motor_4_speed_70,cavitation,3,fault,experimental,unknown,data/raw/nln_emp/Dataset/Vibration/Motor-4/70/cavitation discharge 5/Vibration_Motor-4_70_time-cavitation discharge 5-ch1.csv|data/raw/nln_emp/Dataset/Vibration/Motor-4/70/cavitation discharge 5/Vibration_Motor-4_70_time-cavitation discharge 5-ch2.csv|data/raw/nln_emp/Dataset/Vibration/Motor-4/70/cavitation discharge 5/Vibration_Motor-4_70_time-cavitation discharge 5-ch3.csv|data/raw/nln_emp/Dataset/Vibration/Motor-4/70/cavitation discharge 5/Vibration_Motor-4_70_time-cavitation discharge 5-ch4.csv|data/raw/nln_emp/Dataset/Vibration/Motor-4/70/cavitation discharge 5/Vibration_Motor-4_70_time-cavitation discharge 5-ch5.csv,False,channel_1;nln_overview_verified=True|channel_2;nln_overview_verified=True|channel_3;nln_overview_verified=True|channel_4;nln_overview_verified=True|channel_5;nln_overview_verified=True
nln_emp_leave_one_speed_out,test_speed_100,nln_emp,nln_emp_motor_4_70_cavitation_suction_1_current,nln_emp_motor_4_70_cavitation_suction_1,train,Motor-4,current,current,70,unknown,motor_4_speed_70,cavitation,3,fault,experimental,unknown,data/raw/nln_emp/Dataset/Electric/Motor-4/70/cavitation suction 1/Electric_Motor-4_70_time-cavitation suction 1-ch1.csv|data/raw/nln_emp/Dataset/Electric/Motor-4/70/cavitation suction 1/Electric_Motor-4_70_time-cavitation suction 1-ch2.csv|data/raw/nln_emp/Dataset/Electric/Motor-4/70/cavitation suction 1/Electric_Motor-4_70_time-cavitation suction 1-ch3.csv|data/raw/nln_emp/Dataset/Electric/Motor-4/70/cavitation suction 1/Electric_Motor-4_70_time-cavitation suction 1-ch4.csv|data/raw/nln_emp/Dataset/Electric/Motor-4/70/cavitation suction 1/Electric_Motor-4_70_time-cavitation suction 1-ch5.csv|data/raw/nln_emp/Dataset/Electric/Motor-4/70/cavitation suction 1/Electric_Motor-4_70_time-cavitation suction 1-ch6.csv,False,channel_1;nln_overview_verified=True|channel_2;nln_overview_verified=True|channel_3;nln_overview_verified=True|channel_4;nln_overview_verified=True|channel_5;nln_overview_verified=True|channel_6;nln_overview_verified=True
nln_emp_leave_one_speed_out,test_speed_100,nln_emp,nln_emp_motor_4_70_cavitation_suction_1_vibration,nln_emp_motor_4_70_cavitation_suction_1,train,Motor-4,vibration,vibration,70,unknown,motor_4_speed_70,cavitation,3,fault,experimental,unknown,data/raw/nln_emp/Dataset/Vibration/Motor-4/70/cavitation suction 1/Vibration_Motor-4_70_time-cavitation suction 1-ch1.csv|data/raw/nln_emp/Dataset/Vibration/Motor-4/70/cavitation suction 1/Vibration_Motor-4_70_time-cavitation suction 1-ch2.csv|data/raw/nln_emp/Dataset/Vibration/Motor-4/70/cavitation suction 1/Vibration_Motor-4_70_time-cavitation suction 1-ch3.csv|data/raw/nln_emp/Dataset/Vibration/Motor-4/70/cavitation suction 1/Vibration_Motor-4_70_time-cavitation suction 1-ch4.csv|data/raw/nln_emp/Dataset/Vibration/Motor-4/70/cavitation suction 1/Vibration_Motor-4_70_time-cavitation suction 1-ch5.csv,False,channel_1;nln_overview_verified=True|channel_2;nln_overview_verified=True|channel_3;nln_overview_verified=True|channel_4;nln_overview_verified=True|channel_5;nln_overview_verified=True
nln_emp_leave_one_speed_out,test_speed_100,nln_emp,nln_emp_motor_4_70_cavitation_suction_2_current,nln_emp_motor_4_70_cavitation_suction_2,val,Motor-4,current,current,70,unknown,motor_4_speed_70,cavitation,3,fault,experimental,unknown,data/raw/nln_emp/Dataset/Electric/Motor-4/70/cavitation suction 2/Electric_Motor-4_70_time-cavitation suction 2-ch1.csv|data/raw/nln_emp/Dataset/Electric/Motor-4/70/cavitation suction 2/Electric_Motor-4_70_time-cavitation suction 2-ch2.csv|data/raw/nln_emp/Dataset/Electric/Motor-4/70/cavitation suction 2/Electric_Motor-4_70_time-cavitation suction 2-ch3.csv|data/raw/nln_emp/Dataset/Electric/Motor-4/70/cavitation suction 2/Electric_Motor-4_70_time-cavitation suction 2-ch4.csv|data/raw/nln_emp/Dataset/Electric/Motor-4/70/cavitation suction 2/Electric_Motor-4_70_time-cavitation suction 2-ch5.csv|data/raw/nln_emp/Dataset/Electric/Motor-4/70/cavitation suction 2/Electric_Motor-4_70_time-cavitation suction 2-ch6.csv,False,channel_1;nln_overview_verified=True|channel_2;nln_overview_verified=True|channel_3;nln_overview_verified=True|channel_4;nln_overview_verified=True|channel_5;nln_overview_verified=True|channel_6;nln_overview_verified=True
nln_emp_leave_one_speed_out,test_speed_100,nln_emp,nln_emp_motor_4_70_cavitation_suction_3_current,nln_emp_motor_4_70_cavitation_suction_3,train,Motor-4,current,current,70,unknown,motor_4_speed_70,cavitation,3,fault,experimental,unknown,data/raw/nln_emp/Dataset/Electric/Motor-4/70/cavitation suction 3/Electric_Motor-4_70_time-cavitation suction 3-ch1.csv|data/raw/nln_emp/Dataset/Electric/Motor-4/70/cavitation suction 3/Electric_Motor-4_70_time-cavitation suction 3-ch2.csv|data/raw/nln_emp/Dataset/Electric/Motor-4/70/cavitation suction 3/Electric_Motor-4_70_time-cavitation suction 3-ch3.csv|data/raw/nln_emp/Dataset/Electric/Motor-4/70/cavitation suction 3/Electric_Motor-4_70_time-cavitation suction 3-ch4.csv|data/raw/nln_emp/Dataset/Electric/Motor-4/70/cavitation suction 3/Electric_Motor-4_70_time-cavitation suction 3-ch5.csv|data/raw/nln_emp/Dataset/Electric/Motor-4/70/cavitation suction 3/Electric_Motor-4_70_time-cavitation suction 3-ch6.csv,False,channel_1;nln_overview_verified=True|channel_2;nln_overview_verified=True|channel_3;nln_overview_verified=True|channel_4;nln_overview_verified=True|channel_5;nln_overview_verified=True|channel_6;nln_overview_verified=True
nln_emp_leave_one_speed_out,test_speed_100,nln_emp,nln_emp_motor_4_70_cavitation_suction_3_vibration,nln_emp_motor_4_70_cavitation_suction_3,train,Motor-4,vibration,vibration,70,unknown,motor_4_speed_70,cavitation,3,fault,experimental,unknown,data/raw/nln_emp/Dataset/Vibration/Motor-4/70/cavitation suction 3/Vibration_Motor-4_70_time-cavitation suction 3-ch1.csv|data/raw/nln_emp/Dataset/Vibration/Motor-4/70/cavitation suction 3/Vibration_Motor-4_70_time-cavitation suction 3-ch2.csv|data/raw/nln_emp/Dataset/Vibration/Motor-4/70/cavitation suction 3/Vibration_Motor-4_70_time-cavitation suction 3-ch3.csv|data/raw/nln_emp/Dataset/Vibration/Motor-4/70/cavitation suction 3/Vibration_Motor-4_70_time-cavitation suction 3-ch4.csv|data/raw/nln_emp/Dataset/Vibration/Motor-4/70/cavitation suction 3/Vibration_Motor-4_70_time-cavitation suction 3-ch5.csv,False,channel_1;nln_overview_verified=True|channel_2;nln_overview_verified=True|channel_3;nln_overview_verified=True|channel_4;nln_overview_verified=True|channel_5;nln_overview_verified=True
nln_emp_leave_one_speed_out,test_speed_100,nln_emp,nln_emp_motor_4_70_cavitation_suction_4_current,nln_emp_motor_4_70_cavitation_suction_4,train,Motor-4,current,current,70,unknown,motor_4_speed_70,cavitation,3,fault,experimental,unknown,data/raw/nln_emp/Dataset/Electric/Motor-4/70/cavitation suction 4/Electric_Motor-4_70_time-cavitation suction 4-ch1.csv|data/raw/nln_emp/Dataset/Electric/Motor-4/70/cavitation suction 4/Electric_Motor-4_70_time-cavitation suction 4-ch2.csv|data/raw/nln_emp/Dataset/Electric/Motor-4/70/cavitation suction 4/Electric_Motor-4_70_time-cavitation suction 4-ch3.csv|data/raw/nln_emp/Dataset/Electric/Motor-4/70/cavitation suction 4/Electric_Motor-4_70_time-cavitation suction 4-ch4.csv|data/raw/nln_emp/Dataset/Electric/Motor-4/70/cavitation suction 4/Electric_Motor-4_70_time-cavitation suction 4-ch5.csv|data/raw/nln_emp/Dataset/Electric/Motor-4/70/cavitation suction 4/Electric_Motor-4_70_time-cavitation suction 4-ch6.csv,False,channel_1;nln_overview_verified=True|channel_2;nln_overview_verified=True|channel_3;nln_overview_verified=True|channel_4;nln_overview_verified=True|channel_5;nln_overview_verified=True|channel_6;nln_overview_verified=True
nln_emp_leave_one_speed_out,test_speed_100,nln_emp,nln_emp_motor_4_70_cavitation_suction_4_vibration,nln_emp_motor_4_70_cavitation_suction_4,train,Motor-4,vibration,vibration,70,unknown,motor_4_speed_70,cavitation,3,fault,experimental,unknown,data/raw/nln_emp/Dataset/Vibration/Motor-4/70/cavitation suction 4/Vibration_Motor-4_70_time-cavitation suction 4-ch1.csv|data/raw/nln_emp/Dataset/Vibration/Motor-4/70/cavitation suction 4/Vibration_Motor-4_70_time-cavitation suction 4-ch2.csv|data/raw/nln_emp/Dataset/Vibration/Motor-4/70/cavitation suction 4/Vibration_Motor-4_70_time-cavitation suction 4-ch3.csv|data/raw/nln_emp/Dataset/Vibration/Motor-4/70/cavitation suction 4/Vibration_Motor-4_70_time-cavitation suction 4-ch4.csv|data/raw/nln_emp/Dataset/Vibration/Motor-4/70/cavitation suction 4/Vibration_Motor-4_70_time-cavitation suction 4-ch5.csv,False,channel_1;nln_overview_verified=True|channel_2;nln_overview_verified=True|channel_3;nln_overview_verified=True|channel_4;nln_overview_verified=True|channel_5;nln_overview_verified=True
nln_emp_leave_one_speed_out,test_speed_100,nln_emp,nln_emp_motor_4_70_coupling_1_current,nln_emp_motor_4_70_coupling_1,train,Motor-4,current,current,70,unknown,motor_4_speed_70,coupling_fault,2D,fault,experimental,unknown,data/raw/nln_emp/Dataset/Electric/Motor-4/70/coupling 1/Electric_Motor-4_70_time-coupling 1-ch1.csv|data/raw/nln_emp/Dataset/Electric/Motor-4/70/coupling 1/Electric_Motor-4_70_time-coupling 1-ch2.csv|data/raw/nln_emp/Dataset/Electric/Motor-4/70/coupling 1/Electric_Motor-4_70_time-coupling 1-ch3.csv|data/raw/nln_emp/Dataset/Electric/Motor-4/70/coupling 1/Electric_Motor-4_70_time-coupling 1-ch4.csv|data/raw/nln_emp/Dataset/Electric/Motor-4/70/coupling 1/Electric_Motor-4_70_time-coupling 1-ch5.csv|data/raw/nln_emp/Dataset/Electric/Motor-4/70/coupling 1/Electric_Motor-4_70_time-coupling 1-ch6.csv,False,channel_1;nln_overview_verified=True|channel_2;nln_overview_verified=True|channel_3;nln_overview_verified=True|channel_4;nln_overview_verified=True|channel_5;nln_overview_verified=True|channel_6;nln_overview_verified=True
nln_emp_leave_one_speed_out,test_speed_100,nln_emp,nln_emp_motor_4_70_coupling_1_vibration,nln_emp_motor_4_70_coupling_1,train,Motor-4,vibration,vibration,70,unknown,motor_4_speed_70,coupling_fault,2D,fault,experimental,unknown,data/raw/nln_emp/Dataset/Vibration/Motor-4/70/coupling 1/Vibration_Motor-4_70_time-coupling 1-ch1.csv|data/raw/nln_emp/Dataset/Vibration/Motor-4/70/coupling 1/Vibration_Motor-4_70_time-coupling 1-ch2.csv|data/raw/nln_emp/Dataset/Vibration/Motor-4/70/coupling 1/Vibration_Motor-4_70_time-coupling 1-ch3.csv|data/raw/nln_emp/Dataset/Vibration/Motor-4/70/coupling 1/Vibration_Motor-4_70_time-coupling 1-ch4.csv|data/raw/nln_emp/Dataset/Vibration/Motor-4/70/coupling 1/Vibration_Motor-4_70_time-coupling 1-ch5.csv,False,channel_1;nln_overview_verified=True|channel_2;nln_overview_verified=True|channel_3;nln_overview_verified=True|channel_4;nln_overview_verified=True|channel_5;nln_overview_verified=True
nln_emp_leave_one_speed_out,test_speed_100,nln_emp,nln_emp_motor_4_70_coupling_2_current,nln_emp_motor_4_70_coupling_2,train,Motor-4,current,current,70,unknown,motor_4_speed_70,coupling_fault,2D,fault,experimental,unknown,data/raw/nln_emp/Dataset/Electric/Motor-4/70/coupling 2/Electric_Motor-4_70_time-coupling 2-ch1.csv|data/raw/nln_emp/Dataset/Electric/Motor-4/70/coupling 2/Electric_Motor-4_70_time-coupling 2-ch2.csv|data/raw/nln_emp/Dataset/Electric/Motor-4/70/coupling 2/Electric_Motor-4_70_time-coupling 2-ch3.csv|data/raw/nln_emp/Dataset/Electric/Motor-4/70/coupling 2/Electric_Motor-4_70_time-coupling 2-ch4.csv|data/raw/nln_emp/Dataset/Electric/Motor-4/70/coupling 2/Electric_Motor-4_70_time-coupling 2-ch5.csv|data/raw/nln_emp/Dataset/Electric/Motor-4/70/coupling 2/Electric_Motor-4_70_time-coupling 2-ch6.csv,False,channel_1;nln_overview_verified=True|channel_2;nln_overview_verified=True|channel_3;nln_overview_verified=True|channel_4;nln_overview_verified=True|channel_5;nln_overview_verified=True|channel_6;nln_overview_verified=True
nln_emp_leave_one_speed_out,test_speed_100,nln_emp,nln_emp_motor_4_70_coupling_2_vibration,nln_emp_motor_4_70_coupling_2,train,Motor-4,vibration,vibration,70,unknown,motor_4_speed_70,coupling_fault,2D,fault,experimental,unknown,data/raw/nln_emp/Dataset/Vibration/Motor-4/70/coupling 2/Vibration_Motor-4_70_time-coupling 2-ch1.csv|data/raw/nln_emp/Dataset/Vibration/Motor-4/70/coupling 2/Vibration_Motor-4_70_time-coupling 2-ch2.csv|data/raw/nln_emp/Dataset/Vibration/Motor-4/70/coupling 2/Vibration_Motor-4_70_time-coupling 2-ch3.csv|data/raw/nln_emp/Dataset/Vibration/Motor-4/70/coupling 2/Vibration_Motor-4_70_time-coupling 2-ch4.csv|data/raw/nln_emp/Dataset/Vibration/Motor-4/70/coupling 2/Vibration_Motor-4_70_time-coupling 2-ch5.csv,False,channel_1;nln_overview_verified=True|channel_2;nln_overview_verified=True|channel_3;nln_overview_verified=True|channel_4;nln_overview_verified=True|channel_5;nln_overview_verified=True
nln_emp_leave_one_speed_out,test_speed_100,nln_emp,nln_emp_motor_4_70_coupling_2d_current,nln_emp_motor_4_70_coupling_2d,train,Motor-4,current,current,70,unknown,motor_4_speed_70,coupling_fault,2D,fault,experimental,unknown,data/raw/nln_emp/Dataset/Electric/Motor-4/70/coupling 2D/Electric_Motor-4_70_time-coupling 2D-ch1.csv|data/raw/nln_emp/Dataset/Electric/Motor-4/70/coupling 2D/Electric_Motor-4_70_time-coupling 2D-ch2.csv|data/raw/nln_emp/Dataset/Electric/Motor-4/70/coupling 2D/Electric_Motor-4_70_time-coupling 2D-ch3.csv|data/raw/nln_emp/Dataset/Electric/Motor-4/70/coupling 2D/Electric_Motor-4_70_time-coupling 2D-ch4.csv|data/raw/nln_emp/Dataset/Electric/Motor-4/70/coupling 2D/Electric_Motor-4_70_time-coupling 2D-ch5.csv|data/raw/nln_emp/Dataset/Electric/Motor-4/70/coupling 2D/Electric_Motor-4_70_time-coupling 2D-ch6.csv,False,channel_1;nln_overview_verified=True|channel_2;nln_overview_verified=True|channel_3;nln_overview_verified=True|channel_4;nln_overview_verified=True|channel_5;nln_overview_verified=True|channel_6;nln_overview_verified=True
nln_emp_leave_one_speed_out,test_speed_100,nln_emp,nln_emp_motor_4_70_coupling_2d_vibration,nln_emp_motor_4_70_coupling_2d,train,Motor-4,vibration,vibration,70,unknown,motor_4_speed_70,coupling_fault,2D,fault,experimental,unknown,data/raw/nln_emp/Dataset/Vibration/Motor-4/70/coupling 2D/Vibration_Motor-4_70_time-coupling 2D-ch1.csv|data/raw/nln_emp/Dataset/Vibration/Motor-4/70/coupling 2D/Vibration_Motor-4_70_time-coupling 2D-ch2.csv|data/raw/nln_emp/Dataset/Vibration/Motor-4/70/coupling 2D/Vibration_Motor-4_70_time-coupling 2D-ch3.csv|data/raw/nln_emp/Dataset/Vibration/Motor-4/70/coupling 2D/Vibration_Motor-4_70_time-coupling 2D-ch4.csv|data/raw/nln_emp/Dataset/Vibration/Motor-4/70/coupling 2D/Vibration_Motor-4_70_time-coupling 2D-ch5.csv,False,channel_1;nln_overview_verified=True|channel_2;nln_overview_verified=True|channel_3;nln_overview_verified=True|channel_4;nln_overview_verified=True|channel_5;nln_overview_verified=True
nln_emp_leave_one_speed_out,test_speed_100,nln_emp,nln_emp_motor_4_70_coupling_3_current,nln_emp_motor_4_70_coupling_3,train,Motor-4,current,current,70,unknown,motor_4_speed_70,coupling_fault,2D,fault,experimental,unknown,data/raw/nln_emp/Dataset/Electric/Motor-4/70/coupling 3/Electric_Motor-4_70_time-coupling 3-ch1.csv|data/raw/nln_emp/Dataset/Electric/Motor-4/70/coupling 3/Electric_Motor-4_70_time-coupling 3-ch2.csv|data/raw/nln_emp/Dataset/Electric/Motor-4/70/coupling 3/Electric_Motor-4_70_time-coupling 3-ch3.csv|data/raw/nln_emp/Dataset/Electric/Motor-4/70/coupling 3/Electric_Motor-4_70_time-coupling 3-ch4.csv|data/raw/nln_emp/Dataset/Electric/Motor-4/70/coupling 3/Electric_Motor-4_70_time-coupling 3-ch5.csv|data/raw/nln_emp/Dataset/Electric/Motor-4/70/coupling 3/Electric_Motor-4_70_time-coupling 3-ch6.csv,False,channel_1;nln_overview_verified=True|channel_2;nln_overview_verified=True|channel_3;nln_overview_verified=True|channel_4;nln_overview_verified=True|channel_5;nln_overview_verified=True|channel_6;nln_overview_verified=True
nln_emp_leave_one_speed_out,test_speed_100,nln_emp,nln_emp_motor_4_70_coupling_3_vibration,nln_emp_motor_4_70_coupling_3,train,Motor-4,vibration,vibration,70,unknown,motor_4_speed_70,coupling_fault,2D,fault,experimental,unknown,data/raw/nln_emp/Dataset/Vibration/Motor-4/70/coupling 3/Vibration_Motor-4_70_time-coupling 3-ch1.csv|data/raw/nln_emp/Dataset/Vibration/Motor-4/70/coupling 3/Vibration_Motor-4_70_time-coupling 3-ch2.csv|data/raw/nln_emp/Dataset/Vibration/Motor-4/70/coupling 3/Vibration_Motor-4_70_time-coupling 3-ch3.csv|data/raw/nln_emp/Dataset/Vibration/Motor-4/70/coupling 3/Vibration_Motor-4_70_time-coupling 3-ch4.csv|data/raw/nln_emp/Dataset/Vibration/Motor-4/70/coupling 3/Vibration_Motor-4_70_time-coupling 3-ch5.csv,False,channel_1;nln_overview_verified=True|channel_2;nln_overview_verified=True|channel_3;nln_overview_verified=True|channel_4;nln_overview_verified=True|channel_5;nln_overview_verified=True
nln_emp_leave_one_speed_out,test_speed_100,nln_emp,nln_emp_motor_4_70_healthy_1_current,nln_emp_motor_4_70_healthy_1,train,Motor-4,current,current,70,unknown,motor_4_speed_70,healthy,0,healthy,experimental,unknown,data/raw/nln_emp/Dataset/Electric/Motor-4/70/healthy 1/Electric_Motor-4_70_time-healthy 1-ch1.csv|data/raw/nln_emp/Dataset/Electric/Motor-4/70/healthy 1/Electric_Motor-4_70_time-healthy 1-ch2.csv|data/raw/nln_emp/Dataset/Electric/Motor-4/70/healthy 1/Electric_Motor-4_70_time-healthy 1-ch3.csv|data/raw/nln_emp/Dataset/Electric/Motor-4/70/healthy 1/Electric_Motor-4_70_time-healthy 1-ch4.csv|data/raw/nln_emp/Dataset/Electric/Motor-4/70/healthy 1/Electric_Motor-4_70_time-healthy 1-ch5.csv|data/raw/nln_emp/Dataset/Electric/Motor-4/70/healthy 1/Electric_Motor-4_70_time-healthy 1-ch6.csv,False,channel_1;nln_overview_verified=True|channel_2;nln_overview_verified=True|channel_3;nln_overview_verified=True|channel_4;nln_overview_verified=True|channel_5;nln_overview_verified=True|channel_6;nln_overview_verified=True
nln_emp_leave_one_speed_out,test_speed_100,nln_emp,nln_emp_motor_4_70_healthy_1_vibration,nln_emp_motor_4_70_healthy_1,train,Motor-4,vibration,vibration,70,unknown,motor_4_speed_70,healthy,0,healthy,experimental,unknown,data/raw/nln_emp/Dataset/Vibration/Motor-4/70/healthy 1/Vibration_Motor-4_70_time-healthy 1-ch1.csv|data/raw/nln_emp/Dataset/Vibration/Motor-4/70/healthy 1/Vibration_Motor-4_70_time-healthy 1-ch2.csv|data/raw/nln_emp/Dataset/Vibration/Motor-4/70/healthy 1/Vibration_Motor-4_70_time-healthy 1-ch3.csv|data/raw/nln_emp/Dataset/Vibration/Motor-4/70/healthy 1/Vibration_Motor-4_70_time-healthy 1-ch4.csv|data/raw/nln_emp/Dataset/Vibration/Motor-4/70/healthy 1/Vibration_Motor-4_70_time-healthy 1-ch5.csv,False,channel_1;nln_overview_verified=True|channel_2;nln_overview_verified=True|channel_3;nln_overview_verified=True|channel_4;nln_overview_verified=True|channel_5;nln_overview_verified=True
nln_emp_leave_one_speed_out,test_speed_100,nln_emp,nln_emp_motor_4_70_healthy_2_current,nln_emp_motor_4_70_healthy_2,train,Motor-4,current,current,70,unknown,motor_4_speed_70,healthy,0,healthy,experimental,unknown,data/raw/nln_emp/Dataset/Electric/Motor-4/70/healthy 2/Electric_Motor-4_70_time-healthy 2-ch1.csv|data/raw/nln_emp/Dataset/Electric/Motor-4/70/healthy 2/Electric_Motor-4_70_time-healthy 2-ch2.csv|data/raw/nln_emp/Dataset/Electric/Motor-4/70/healthy 2/Electric_Motor-4_70_time-healthy 2-ch3.csv|data/raw/nln_emp/Dataset/Electric/Motor-4/70/healthy 2/Electric_Motor-4_70_time-healthy 2-ch4.csv|data/raw/nln_emp/Dataset/Electric/Motor-4/70/healthy 2/Electric_Motor-4_70_time-healthy 2-ch5.csv|data/raw/nln_emp/Dataset/Electric/Motor-4/70/healthy 2/Electric_Motor-4_70_time-healthy 2-ch6.csv,False,channel_1;nln_overview_verified=True|channel_2;nln_overview_verified=True|channel_3;nln_overview_verified=True|channel_4;nln_overview_verified=True|channel_5;nln_overview_verified=True|channel_6;nln_overview_verified=True
nln_emp_leave_one_speed_out,test_speed_100,nln_emp,nln_emp_motor_4_70_healthy_2_vibration,nln_emp_motor_4_70_healthy_2,train,Motor-4,vibration,vibration,70,unknown,motor_4_speed_70,healthy,0,healthy,experimental,unknown,data/raw/nln_emp/Dataset/Vibration/Motor-4/70/healthy 2/Vibration_Motor-4_70_time-healthy 2-ch1.csv|data/raw/nln_emp/Dataset/Vibration/Motor-4/70/healthy 2/Vibration_Motor-4_70_time-healthy 2-ch2.csv|data/raw/nln_emp/Dataset/Vibration/Motor-4/70/healthy 2/Vibration_Motor-4_70_time-healthy 2-ch3.csv|data/raw/nln_emp/Dataset/Vibration/Motor-4/70/healthy 2/Vibration_Motor-4_70_time-healthy 2-ch4.csv|data/raw/nln_emp/Dataset/Vibration/Motor-4/70/healthy 2/Vibration_Motor-4_70_time-healthy 2-ch5.csv,False,channel_1;nln_overview_verified=True|channel_2;nln_overview_verified=True|channel_3;nln_overview_verified=True|channel_4;nln_overview_verified=True|channel_5;nln_overview_verified=True
nln_emp_leave_one_speed_out,test_speed_100,nln_emp,nln_emp_motor_4_70_healthy_3_current,nln_emp_motor_4_70_healthy_3,train,Motor-4,current,current,70,unknown,motor_4_speed_70,healthy,0,healthy,experimental,unknown,data/raw/nln_emp/Dataset/Electric/Motor-4/70/healthy 3/Electric_Motor-4_70_time-healthy 3-ch1.csv|data/raw/nln_emp/Dataset/Electric/Motor-4/70/healthy 3/Electric_Motor-4_70_time-healthy 3-ch2.csv|data/raw/nln_emp/Dataset/Electric/Motor-4/70/healthy 3/Electric_Motor-4_70_time-healthy 3-ch3.csv|data/raw/nln_emp/Dataset/Electric/Motor-4/70/healthy 3/Electric_Motor-4_70_time-healthy 3-ch4.csv|data/raw/nln_emp/Dataset/Electric/Motor-4/70/healthy 3/Electric_Motor-4_70_time-healthy 3-ch5.csv|data/raw/nln_emp/Dataset/Electric/Motor-4/70/healthy 3/Electric_Motor-4_70_time-healthy 3-ch6.csv,False,channel_1;nln_overview_verified=True|channel_2;nln_overview_verified=True|channel_3;nln_overview_verified=True|channel_4;nln_overview_verified=True|channel_5;nln_overview_verified=True|channel_6;nln_overview_verified=True
nln_emp_leave_one_speed_out,test_speed_100,nln_emp,nln_emp_motor_4_70_healthy_3_vibration,nln_emp_motor_4_70_healthy_3,train,Motor-4,vibration,vibration,70,unknown,motor_4_speed_70,healthy,0,healthy,experimental,unknown,data/raw/nln_emp/Dataset/Vibration/Motor-4/70/healthy 3/Vibration_Motor-4_70_time-healthy 3-ch1.csv|data/raw/nln_emp/Dataset/Vibration/Motor-4/70/healthy 3/Vibration_Motor-4_70_time-healthy 3-ch2.csv|data/raw/nln_emp/Dataset/Vibration/Motor-4/70/healthy 3/Vibration_Motor-4_70_time-healthy 3-ch3.csv|data/raw/nln_emp/Dataset/Vibration/Motor-4/70/healthy 3/Vibration_Motor-4_70_time-healthy 3-ch4.csv|data/raw/nln_emp/Dataset/Vibration/Motor-4/70/healthy 3/Vibration_Motor-4_70_time-healthy 3-ch5.csv,False,channel_1;nln_overview_verified=True|channel_2;nln_overview_verified=True|channel_3;nln_overview_verified=True|channel_4;nln_overview_verified=True|channel_5;nln_overview_verified=True
nln_emp_leave_one_speed_out,test_speed_100,nln_emp,nln_emp_motor_4_70_healthy_noise_current,nln_emp_motor_4_70_healthy_noise,train,Motor-4,current,current,70,unknown,motor_4_speed_70,healthy,0,healthy,experimental,unknown,data/raw/nln_emp/Dataset/Electric/Motor-4/70/healthy noise/Electric_Motor-4_70_time-healthy noise-ch1.csv|data/raw/nln_emp/Dataset/Electric/Motor-4/70/healthy noise/Electric_Motor-4_70_time-healthy noise-ch2.csv|data/raw/nln_emp/Dataset/Electric/Motor-4/70/healthy noise/Electric_Motor-4_70_time-healthy noise-ch3.csv|data/raw/nln_emp/Dataset/Electric/Motor-4/70/healthy noise/Electric_Motor-4_70_time-healthy noise-ch4.csv|data/raw/nln_emp/Dataset/Electric/Motor-4/70/healthy noise/Electric_Motor-4_70_time-healthy noise-ch5.csv|data/raw/nln_emp/Dataset/Electric/Motor-4/70/healthy noise/Electric_Motor-4_70_time-healthy noise-ch6.csv,False,channel_1;nln_overview_verified=False|channel_2;nln_overview_verified=False|channel_3;nln_overview_verified=False|channel_4;nln_overview_verified=False|channel_5;nln_overview_verified=False|channel_6;nln_overview_verified=False
nln_emp_leave_one_speed_out,test_speed_100,nln_emp,nln_emp_motor_4_70_healthy_noise_vibration,nln_emp_motor_4_70_healthy_noise,train,Motor-4,vibration,vibration,70,unknown,motor_4_speed_70,healthy,0,healthy,experimental,unknown,data/raw/nln_emp/Dataset/Vibration/Motor-4/70/healthy noise/Vibration_Motor-4_70_time-healthy noise-ch1.csv|data/raw/nln_emp/Dataset/Vibration/Motor-4/70/healthy noise/Vibration_Motor-4_70_time-healthy noise-ch2.csv|data/raw/nln_emp/Dataset/Vibration/Motor-4/70/healthy noise/Vibration_Motor-4_70_time-healthy noise-ch3.csv|data/raw/nln_emp/Dataset/Vibration/Motor-4/70/healthy noise/Vibration_Motor-4_70_time-healthy noise-ch4.csv|data/raw/nln_emp/Dataset/Vibration/Motor-4/70/healthy noise/Vibration_Motor-4_70_time-healthy noise-ch5.csv,False,channel_1;nln_overview_verified=False|channel_2;nln_overview_verified=False|channel_3;nln_overview_verified=False|channel_4;nln_overview_verified=False|channel_5;nln_overview_verified=False
nln_emp_leave_one_speed_out,test_speed_100,nln_emp,nln_emp_motor_4_70_unbalance_motor_1_current,nln_emp_motor_4_70_unbalance_motor_1,val,Motor-4,current,current,70,unknown,motor_4_speed_70,unbalance,3,fault,experimental,unknown,data/raw/nln_emp/Dataset/Electric/Motor-4/70/unbalance motor 1/Electric_Motor-4_70_time-unbalance motor 1-ch1.csv|data/raw/nln_emp/Dataset/Electric/Motor-4/70/unbalance motor 1/Electric_Motor-4_70_time-unbalance motor 1-ch2.csv|data/raw/nln_emp/Dataset/Electric/Motor-4/70/unbalance motor 1/Electric_Motor-4_70_time-unbalance motor 1-ch3.csv|data/raw/nln_emp/Dataset/Electric/Motor-4/70/unbalance motor 1/Electric_Motor-4_70_time-unbalance motor 1-ch4.csv|data/raw/nln_emp/Dataset/Electric/Motor-4/70/unbalance motor 1/Electric_Motor-4_70_time-unbalance motor 1-ch5.csv|data/raw/nln_emp/Dataset/Electric/Motor-4/70/unbalance motor 1/Electric_Motor-4_70_time-unbalance motor 1-ch6.csv,False,channel_1;nln_overview_verified=True|channel_2;nln_overview_verified=True|channel_3;nln_overview_verified=True|channel_4;nln_overview_verified=True|channel_5;nln_overview_verified=True|channel_6;nln_overview_verified=True
nln_emp_leave_one_speed_out,test_speed_100,nln_emp,nln_emp_motor_4_70_unbalance_motor_1_vibration,nln_emp_motor_4_70_unbalance_motor_1,val,Motor-4,vibration,vibration,70,unknown,motor_4_speed_70,unbalance,3,fault,experimental,unknown,data/raw/nln_emp/Dataset/Vibration/Motor-4/70/unbalance motor 1/Vibration_Motor-4_70_time-unbalance motor 1-ch1.csv|data/raw/nln_emp/Dataset/Vibration/Motor-4/70/unbalance motor 1/Vibration_Motor-4_70_time-unbalance motor 1-ch2.csv|data/raw/nln_emp/Dataset/Vibration/Motor-4/70/unbalance motor 1/Vibration_Motor-4_70_time-unbalance motor 1-ch3.csv|data/raw/nln_emp/Dataset/Vibration/Motor-4/70/unbalance motor 1/Vibration_Motor-4_70_time-unbalance motor 1-ch4.csv|data/raw/nln_emp/Dataset/Vibration/Motor-4/70/unbalance motor 1/Vibration_Motor-4_70_time-unbalance motor 1-ch5.csv,False,channel_1;nln_overview_verified=True|channel_2;nln_overview_verified=True|channel_3;nln_overview_verified=True|channel_4;nln_overview_verified=True|channel_5;nln_overview_verified=True
nln_emp_leave_one_speed_out,test_speed_100,nln_emp,nln_emp_motor_4_70_unbalance_motor_2_current,nln_emp_motor_4_70_unbalance_motor_2,train,Motor-4,current,current,70,unknown,motor_4_speed_70,unbalance,3,fault,experimental,unknown,data/raw/nln_emp/Dataset/Electric/Motor-4/70/unbalance motor 2/Electric_Motor-4_70_time-unbalance motor 2-ch1.csv|data/raw/nln_emp/Dataset/Electric/Motor-4/70/unbalance motor 2/Electric_Motor-4_70_time-unbalance motor 2-ch2.csv|data/raw/nln_emp/Dataset/Electric/Motor-4/70/unbalance motor 2/Electric_Motor-4_70_time-unbalance motor 2-ch3.csv|data/raw/nln_emp/Dataset/Electric/Motor-4/70/unbalance motor 2/Electric_Motor-4_70_time-unbalance motor 2-ch4.csv|data/raw/nln_emp/Dataset/Electric/Motor-4/70/unbalance motor 2/Electric_Motor-4_70_time-unbalance motor 2-ch5.csv|data/raw/nln_emp/Dataset/Electric/Motor-4/70/unbalance motor 2/Electric_Motor-4_70_time-unbalance motor 2-ch6.csv,False,channel_1;nln_overview_verified=True|channel_2;nln_overview_verified=True|channel_3;nln_overview_verified=True|channel_4;nln_overview_verified=True|channel_5;nln_overview_verified=True|channel_6;nln_overview_verified=True
nln_emp_leave_one_speed_out,test_speed_100,nln_emp,nln_emp_motor_4_70_unbalance_motor_2_vibration,nln_emp_motor_4_70_unbalance_motor_2,train,Motor-4,vibration,vibration,70,unknown,motor_4_speed_70,unbalance,3,fault,experimental,unknown,data/raw/nln_emp/Dataset/Vibration/Motor-4/70/unbalance motor 2/Vibration_Motor-4_70_time-unbalance motor 2-ch1.csv|data/raw/nln_emp/Dataset/Vibration/Motor-4/70/unbalance motor 2/Vibration_Motor-4_70_time-unbalance motor 2-ch2.csv|data/raw/nln_emp/Dataset/Vibration/Motor-4/70/unbalance motor 2/Vibration_Motor-4_70_time-unbalance motor 2-ch3.csv|data/raw/nln_emp/Dataset/Vibration/Motor-4/70/unbalance motor 2/Vibration_Motor-4_70_time-unbalance motor 2-ch4.csv|data/raw/nln_emp/Dataset/Vibration/Motor-4/70/unbalance motor 2/Vibration_Motor-4_70_time-unbalance motor 2-ch5.csv,False,channel_1;nln_overview_verified=True|channel_2;nln_overview_verified=True|channel_3;nln_overview_verified=True|channel_4;nln_overview_verified=True|channel_5;nln_overview_verified=True
nln_emp_leave_one_speed_out,test_speed_100,nln_emp,nln_emp_motor_4_70_unbalance_motor_3_current,nln_emp_motor_4_70_unbalance_motor_3,train,Motor-4,current,current,70,unknown,motor_4_speed_70,unbalance,3,fault,experimental,unknown,data/raw/nln_emp/Dataset/Electric/Motor-4/70/unbalance motor 3/Electric_Motor-4_70_time-unbalance motor 3-ch1.csv|data/raw/nln_emp/Dataset/Electric/Motor-4/70/unbalance motor 3/Electric_Motor-4_70_time-unbalance motor 3-ch2.csv|data/raw/nln_emp/Dataset/Electric/Motor-4/70/unbalance motor 3/Electric_Motor-4_70_time-unbalance motor 3-ch3.csv|data/raw/nln_emp/Dataset/Electric/Motor-4/70/unbalance motor 3/Electric_Motor-4_70_time-unbalance motor 3-ch4.csv|data/raw/nln_emp/Dataset/Electric/Motor-4/70/unbalance motor 3/Electric_Motor-4_70_time-unbalance motor 3-ch5.csv|data/raw/nln_emp/Dataset/Electric/Motor-4/70/unbalance motor 3/Electric_Motor-4_70_time-unbalance motor 3-ch6.csv,False,channel_1;nln_overview_verified=True|channel_2;nln_overview_verified=True|channel_3;nln_overview_verified=True|channel_4;nln_overview_verified=True|channel_5;nln_overview_verified=True|channel_6;nln_overview_verified=True
nln_emp_leave_one_speed_out,test_speed_100,nln_emp,nln_emp_motor_4_70_unbalance_motor_3_vibration,nln_emp_motor_4_70_unbalance_motor_3,train,Motor-4,vibration,vibration,70,unknown,motor_4_speed_70,unbalance,3,fault,experimental,unknown,data/raw/nln_emp/Dataset/Vibration/Motor-4/70/unbalance motor 3/Vibration_Motor-4_70_time-unbalance motor 3-ch1.csv|data/raw/nln_emp/Dataset/Vibration/Motor-4/70/unbalance motor 3/Vibration_Motor-4_70_time-unbalance motor 3-ch2.csv|data/raw/nln_emp/Dataset/Vibration/Motor-4/70/unbalance motor 3/Vibration_Motor-4_70_time-unbalance motor 3-ch3.csv|data/raw/nln_emp/Dataset/Vibration/Motor-4/70/unbalance motor 3/Vibration_Motor-4_70_time-unbalance motor 3-ch4.csv|data/raw/nln_emp/Dataset/Vibration/Motor-4/70/unbalance motor 3/Vibration_Motor-4_70_time-unbalance motor 3-ch5.csv,False,channel_1;nln_overview_verified=True|channel_2;nln_overview_verified=True|channel_3;nln_overview_verified=True|channel_4;nln_overview_verified=True|channel_5;nln_overview_verified=True
nln_emp_leave_one_speed_out,test_speed_100,nln_emp,nln_emp_motor_4_70_unbalance_motor_4_current,nln_emp_motor_4_70_unbalance_motor_4,train,Motor-4,current,current,70,unknown,motor_4_speed_70,unbalance,3,fault,experimental,unknown,data/raw/nln_emp/Dataset/Electric/Motor-4/70/unbalance motor 4/Electric_Motor-4_70_time-unbalance motor 4-ch1.csv|data/raw/nln_emp/Dataset/Electric/Motor-4/70/unbalance motor 4/Electric_Motor-4_70_time-unbalance motor 4-ch2.csv|data/raw/nln_emp/Dataset/Electric/Motor-4/70/unbalance motor 4/Electric_Motor-4_70_time-unbalance motor 4-ch3.csv|data/raw/nln_emp/Dataset/Electric/Motor-4/70/unbalance motor 4/Electric_Motor-4_70_time-unbalance motor 4-ch4.csv|data/raw/nln_emp/Dataset/Electric/Motor-4/70/unbalance motor 4/Electric_Motor-4_70_time-unbalance motor 4-ch5.csv|data/raw/nln_emp/Dataset/Electric/Motor-4/70/unbalance motor 4/Electric_Motor-4_70_time-unbalance motor 4-ch6.csv,False,channel_1;nln_overview_verified=True|channel_2;nln_overview_verified=True|channel_3;nln_overview_verified=True|channel_4;nln_overview_verified=True|channel_5;nln_overview_verified=True|channel_6;nln_overview_verified=True
nln_emp_leave_one_speed_out,test_speed_100,nln_emp,nln_emp_motor_4_70_unbalance_motor_4_vibration,nln_emp_motor_4_70_unbalance_motor_4,train,Motor-4,vibration,vibration,70,unknown,motor_4_speed_70,unbalance,3,fault,experimental,unknown,data/raw/nln_emp/Dataset/Vibration/Motor-4/70/unbalance motor 4/Vibration_Motor-4_70_time-unbalance motor 4-ch1.csv|data/raw/nln_emp/Dataset/Vibration/Motor-4/70/unbalance motor 4/Vibration_Motor-4_70_time-unbalance motor 4-ch2.csv|data/raw/nln_emp/Dataset/Vibration/Motor-4/70/unbalance motor 4/Vibration_Motor-4_70_time-unbalance motor 4-ch3.csv|data/raw/nln_emp/Dataset/Vibration/Motor-4/70/unbalance motor 4/Vibration_Motor-4_70_time-unbalance motor 4-ch4.csv|data/raw/nln_emp/Dataset/Vibration/Motor-4/70/unbalance motor 4/Vibration_Motor-4_70_time-unbalance motor 4-ch5.csv,False,channel_1;nln_overview_verified=True|channel_2;nln_overview_verified=True|channel_3;nln_overview_verified=True|channel_4;nln_overview_verified=True|channel_5;nln_overview_verified=True
nln_emp_leave_one_speed_out,test_speed_100,nln_emp,nln_emp_motor_4_70_unbalance_motor_5_current,nln_emp_motor_4_70_unbalance_motor_5,train,Motor-4,current,current,70,unknown,motor_4_speed_70,unbalance,3,fault,experimental,unknown,data/raw/nln_emp/Dataset/Electric/Motor-4/70/unbalance motor 5/Electric_Motor-4_70_time-unbalance motor 5-ch1.csv|data/raw/nln_emp/Dataset/Electric/Motor-4/70/unbalance motor 5/Electric_Motor-4_70_time-unbalance motor 5-ch2.csv|data/raw/nln_emp/Dataset/Electric/Motor-4/70/unbalance motor 5/Electric_Motor-4_70_time-unbalance motor 5-ch3.csv|data/raw/nln_emp/Dataset/Electric/Motor-4/70/unbalance motor 5/Electric_Motor-4_70_time-unbalance motor 5-ch4.csv|data/raw/nln_emp/Dataset/Electric/Motor-4/70/unbalance motor 5/Electric_Motor-4_70_time-unbalance motor 5-ch5.csv|data/raw/nln_emp/Dataset/Electric/Motor-4/70/unbalance motor 5/Electric_Motor-4_70_time-unbalance motor 5-ch6.csv,False,channel_1;nln_overview_verified=True|channel_2;nln_overview_verified=True|channel_3;nln_overview_verified=True|channel_4;nln_overview_verified=True|channel_5;nln_overview_verified=True|channel_6;nln_overview_verified=True
nln_emp_leave_one_speed_out,test_speed_100,nln_emp,nln_emp_motor_4_70_unbalance_motor_5_vibration,nln_emp_motor_4_70_unbalance_motor_5,train,Motor-4,vibration,vibration,70,unknown,motor_4_speed_70,unbalance,3,fault,experimental,unknown,data/raw/nln_emp/Dataset/Vibration/Motor-4/70/unbalance motor 5/Vibration_Motor-4_70_time-unbalance motor 5-ch1.csv|data/raw/nln_emp/Dataset/Vibration/Motor-4/70/unbalance motor 5/Vibration_Motor-4_70_time-unbalance motor 5-ch2.csv|data/raw/nln_emp/Dataset/Vibration/Motor-4/70/unbalance motor 5/Vibration_Motor-4_70_time-unbalance motor 5-ch3.csv|data/raw/nln_emp/Dataset/Vibration/Motor-4/70/unbalance motor 5/Vibration_Motor-4_70_time-unbalance motor 5-ch4.csv|data/raw/nln_emp/Dataset/Vibration/Motor-4/70/unbalance motor 5/Vibration_Motor-4_70_time-unbalance motor 5-ch5.csv,False,channel_1;nln_overview_verified=True|channel_2;nln_overview_verified=True|channel_3;nln_overview_verified=True|channel_4;nln_overview_verified=True|channel_5;nln_overview_verified=True
nln_emp_leave_one_speed_out,test_speed_100,nln_emp,nln_emp_motor_4_70_unbalance_motor_6_current,nln_emp_motor_4_70_unbalance_motor_6,train,Motor-4,current,current,70,unknown,motor_4_speed_70,unbalance,3,fault,experimental,unknown,data/raw/nln_emp/Dataset/Electric/Motor-4/70/unbalance motor 6/Electric_Motor-4_70_time-unbalance motor 6-ch1.csv|data/raw/nln_emp/Dataset/Electric/Motor-4/70/unbalance motor 6/Electric_Motor-4_70_time-unbalance motor 6-ch2.csv|data/raw/nln_emp/Dataset/Electric/Motor-4/70/unbalance motor 6/Electric_Motor-4_70_time-unbalance motor 6-ch3.csv|data/raw/nln_emp/Dataset/Electric/Motor-4/70/unbalance motor 6/Electric_Motor-4_70_time-unbalance motor 6-ch4.csv|data/raw/nln_emp/Dataset/Electric/Motor-4/70/unbalance motor 6/Electric_Motor-4_70_time-unbalance motor 6-ch5.csv|data/raw/nln_emp/Dataset/Electric/Motor-4/70/unbalance motor 6/Electric_Motor-4_70_time-unbalance motor 6-ch6.csv,False,channel_1;nln_overview_verified=True|channel_2;nln_overview_verified=True|channel_3;nln_overview_verified=True|channel_4;nln_overview_verified=True|channel_5;nln_overview_verified=True|channel_6;nln_overview_verified=True
nln_emp_leave_one_speed_out,test_speed_100,nln_emp,nln_emp_motor_4_70_unbalance_motor_6_vibration,nln_emp_motor_4_70_unbalance_motor_6,train,Motor-4,vibration,vibration,70,unknown,motor_4_speed_70,unbalance,3,fault,experimental,unknown,data/raw/nln_emp/Dataset/Vibration/Motor-4/70/unbalance motor 6/Vibration_Motor-4_70_time-unbalance motor 6-ch1.csv|data/raw/nln_emp/Dataset/Vibration/Motor-4/70/unbalance motor 6/Vibration_Motor-4_70_time-unbalance motor 6-ch2.csv|data/raw/nln_emp/Dataset/Vibration/Motor-4/70/unbalance motor 6/Vibration_Motor-4_70_time-unbalance motor 6-ch3.csv|data/raw/nln_emp/Dataset/Vibration/Motor-4/70/unbalance motor 6/Vibration_Motor-4_70_time-unbalance motor 6-ch4.csv|data/raw/nln_emp/Dataset/Vibration/Motor-4/70/unbalance motor 6/Vibration_Motor-4_70_time-unbalance motor 6-ch5.csv,False,channel_1;nln_overview_verified=True|channel_2;nln_overview_verified=True|channel_3;nln_overview_verified=True|channel_4;nln_overview_verified=True|channel_5;nln_overview_verified=True
nln_emp_leave_one_speed_out,test_speed_100,nln_emp,nln_emp_motor_4_70_unbalance_pump_1_current,nln_emp_motor_4_70_unbalance_pump_1,val,Motor-4,current,current,70,unknown,motor_4_speed_70,unbalance,2,fault,experimental,unknown,data/raw/nln_emp/Dataset/Electric/Motor-4/70/unbalance pump 1/Electric_Motor-4_70_time-unbalance pump 1-ch1.csv|data/raw/nln_emp/Dataset/Electric/Motor-4/70/unbalance pump 1/Electric_Motor-4_70_time-unbalance pump 1-ch2.csv|data/raw/nln_emp/Dataset/Electric/Motor-4/70/unbalance pump 1/Electric_Motor-4_70_time-unbalance pump 1-ch3.csv|data/raw/nln_emp/Dataset/Electric/Motor-4/70/unbalance pump 1/Electric_Motor-4_70_time-unbalance pump 1-ch4.csv|data/raw/nln_emp/Dataset/Electric/Motor-4/70/unbalance pump 1/Electric_Motor-4_70_time-unbalance pump 1-ch5.csv|data/raw/nln_emp/Dataset/Electric/Motor-4/70/unbalance pump 1/Electric_Motor-4_70_time-unbalance pump 1-ch6.csv,False,channel_1;nln_overview_verified=True|channel_2;nln_overview_verified=True|channel_3;nln_overview_verified=True|channel_4;nln_overview_verified=True|channel_5;nln_overview_verified=True|channel_6;nln_overview_verified=True
nln_emp_leave_one_speed_out,test_speed_100,nln_emp,nln_emp_motor_4_70_unbalance_pump_1_vibration,nln_emp_motor_4_70_unbalance_pump_1,val,Motor-4,vibration,vibration,70,unknown,motor_4_speed_70,unbalance,2,fault,experimental,unknown,data/raw/nln_emp/Dataset/Vibration/Motor-4/70/unbalance pump 1/Vibration_Motor-4_70_time-unbalance pump 1-ch1.csv|data/raw/nln_emp/Dataset/Vibration/Motor-4/70/unbalance pump 1/Vibration_Motor-4_70_time-unbalance pump 1-ch2.csv|data/raw/nln_emp/Dataset/Vibration/Motor-4/70/unbalance pump 1/Vibration_Motor-4_70_time-unbalance pump 1-ch3.csv|data/raw/nln_emp/Dataset/Vibration/Motor-4/70/unbalance pump 1/Vibration_Motor-4_70_time-unbalance pump 1-ch4.csv|data/raw/nln_emp/Dataset/Vibration/Motor-4/70/unbalance pump 1/Vibration_Motor-4_70_time-unbalance pump 1-ch5.csv,False,channel_1;nln_overview_verified=True|channel_2;nln_overview_verified=True|channel_3;nln_overview_verified=True|channel_4;nln_overview_verified=True|channel_5;nln_overview_verified=True
nln_emp_leave_one_speed_out,test_speed_100,nln_emp,nln_emp_motor_4_70_unbalance_pump_2_current,nln_emp_motor_4_70_unbalance_pump_2,train,Motor-4,current,current,70,unknown,motor_4_speed_70,unbalance,2,fault,experimental,unknown,data/raw/nln_emp/Dataset/Electric/Motor-4/70/unbalance pump 2/Electric_Motor-4_70_time-unbalance pump 2-ch1.csv|data/raw/nln_emp/Dataset/Electric/Motor-4/70/unbalance pump 2/Electric_Motor-4_70_time-unbalance pump 2-ch2.csv|data/raw/nln_emp/Dataset/Electric/Motor-4/70/unbalance pump 2/Electric_Motor-4_70_time-unbalance pump 2-ch3.csv|data/raw/nln_emp/Dataset/Electric/Motor-4/70/unbalance pump 2/Electric_Motor-4_70_time-unbalance pump 2-ch4.csv|data/raw/nln_emp/Dataset/Electric/Motor-4/70/unbalance pump 2/Electric_Motor-4_70_time-unbalance pump 2-ch5.csv|data/raw/nln_emp/Dataset/Electric/Motor-4/70/unbalance pump 2/Electric_Motor-4_70_time-unbalance pump 2-ch6.csv,False,channel_1;nln_overview_verified=True|channel_2;nln_overview_verified=True|channel_3;nln_overview_verified=True|channel_4;nln_overview_verified=True|channel_5;nln_overview_verified=True|channel_6;nln_overview_verified=True
nln_emp_leave_one_speed_out,test_speed_100,nln_emp,nln_emp_motor_4_70_unbalance_pump_2_vibration,nln_emp_motor_4_70_unbalance_pump_2,train,Motor-4,vibration,vibration,70,unknown,motor_4_speed_70,unbalance,2,fault,experimental,unknown,data/raw/nln_emp/Dataset/Vibration/Motor-4/70/unbalance pump 2/Vibration_Motor-4_70_time-unbalance pump 2-ch1.csv|data/raw/nln_emp/Dataset/Vibration/Motor-4/70/unbalance pump 2/Vibration_Motor-4_70_time-unbalance pump 2-ch2.csv|data/raw/nln_emp/Dataset/Vibration/Motor-4/70/unbalance pump 2/Vibration_Motor-4_70_time-unbalance pump 2-ch3.csv|data/raw/nln_emp/Dataset/Vibration/Motor-4/70/unbalance pump 2/Vibration_Motor-4_70_time-unbalance pump 2-ch4.csv|data/raw/nln_emp/Dataset/Vibration/Motor-4/70/unbalance pump 2/Vibration_Motor-4_70_time-unbalance pump 2-ch5.csv,False,channel_1;nln_overview_verified=True|channel_2;nln_overview_verified=True|channel_3;nln_overview_verified=True|channel_4;nln_overview_verified=True|channel_5;nln_overview_verified=True
nln_emp_leave_one_speed_out,test_speed_100,nln_emp,nln_emp_motor_4_70_unbalance_pump_3_current,nln_emp_motor_4_70_unbalance_pump_3,train,Motor-4,current,current,70,unknown,motor_4_speed_70,unbalance,2,fault,experimental,unknown,data/raw/nln_emp/Dataset/Electric/Motor-4/70/unbalance pump 3/Electric_Motor-4_70_time-unbalance pump 3-ch1.csv|data/raw/nln_emp/Dataset/Electric/Motor-4/70/unbalance pump 3/Electric_Motor-4_70_time-unbalance pump 3-ch2.csv|data/raw/nln_emp/Dataset/Electric/Motor-4/70/unbalance pump 3/Electric_Motor-4_70_time-unbalance pump 3-ch3.csv|data/raw/nln_emp/Dataset/Electric/Motor-4/70/unbalance pump 3/Electric_Motor-4_70_time-unbalance pump 3-ch4.csv|data/raw/nln_emp/Dataset/Electric/Motor-4/70/unbalance pump 3/Electric_Motor-4_70_time-unbalance pump 3-ch5.csv|data/raw/nln_emp/Dataset/Electric/Motor-4/70/unbalance pump 3/Electric_Motor-4_70_time-unbalance pump 3-ch6.csv,False,channel_1;nln_overview_verified=True|channel_2;nln_overview_verified=True|channel_3;nln_overview_verified=True|channel_4;nln_overview_verified=True|channel_5;nln_overview_verified=True|channel_6;nln_overview_verified=True
nln_emp_leave_one_speed_out,test_speed_100,nln_emp,nln_emp_motor_4_70_unbalance_pump_3_vibration,nln_emp_motor_4_70_unbalance_pump_3,train,Motor-4,vibration,vibration,70,unknown,motor_4_speed_70,unbalance,2,fault,experimental,unknown,data/raw/nln_emp/Dataset/Vibration/Motor-4/70/unbalance pump 3/Vibration_Motor-4_70_time-unbalance pump 3-ch1.csv|data/raw/nln_emp/Dataset/Vibration/Motor-4/70/unbalance pump 3/Vibration_Motor-4_70_time-unbalance pump 3-ch2.csv|data/raw/nln_emp/Dataset/Vibration/Motor-4/70/unbalance pump 3/Vibration_Motor-4_70_time-unbalance pump 3-ch3.csv|data/raw/nln_emp/Dataset/Vibration/Motor-4/70/unbalance pump 3/Vibration_Motor-4_70_time-unbalance pump 3-ch4.csv|data/raw/nln_emp/Dataset/Vibration/Motor-4/70/unbalance pump 3/Vibration_Motor-4_70_time-unbalance pump 3-ch5.csv,False,channel_1;nln_overview_verified=True|channel_2;nln_overview_verified=True|channel_3;nln_overview_verified=True|channel_4;nln_overview_verified=True|channel_5;nln_overview_verified=True
nln_emp_leave_one_speed_out,test_speed_100,nln_emp,nln_emp_motor_2_100_bearing_bpfi_1_current,nln_emp_motor_2_100_bearing_bpfi_1,test,Motor-2,current,current,100,unknown,motor_2_speed_100,bearing_inner_race,2,fault,experimental,unknown,data/raw/nln_emp/Dataset/Electric/Motor-2/100/bearing bpfi 1/Electric_Motor-2_100_time-bearing bpfi 1-ch1.csv|data/raw/nln_emp/Dataset/Electric/Motor-2/100/bearing bpfi 1/Electric_Motor-2_100_time-bearing bpfi 1-ch2.csv|data/raw/nln_emp/Dataset/Electric/Motor-2/100/bearing bpfi 1/Electric_Motor-2_100_time-bearing bpfi 1-ch3.csv|data/raw/nln_emp/Dataset/Electric/Motor-2/100/bearing bpfi 1/Electric_Motor-2_100_time-bearing bpfi 1-ch4.csv|data/raw/nln_emp/Dataset/Electric/Motor-2/100/bearing bpfi 1/Electric_Motor-2_100_time-bearing bpfi 1-ch5.csv|data/raw/nln_emp/Dataset/Electric/Motor-2/100/bearing bpfi 1/Electric_Motor-2_100_time-bearing bpfi 1-ch6.csv,False,channel_1;nln_overview_verified=True|channel_2;nln_overview_verified=True|channel_3;nln_overview_verified=True|channel_4;nln_overview_verified=True|channel_5;nln_overview_verified=True|channel_6;nln_overview_verified=True
nln_emp_leave_one_speed_out,test_speed_100,nln_emp,nln_emp_motor_2_100_bearing_bpfi_1_vibration,nln_emp_motor_2_100_bearing_bpfi_1,test,Motor-2,vibration,vibration,100,unknown,motor_2_speed_100,bearing_inner_race,2,fault,experimental,unknown,data/raw/nln_emp/Dataset/Vibration/Motor-2/100/bearing bpfi 1/Vibration_Motor-2_100_time-bearing bpfi 1-ch1.csv|data/raw/nln_emp/Dataset/Vibration/Motor-2/100/bearing bpfi 1/Vibration_Motor-2_100_time-bearing bpfi 1-ch2.csv|data/raw/nln_emp/Dataset/Vibration/Motor-2/100/bearing bpfi 1/Vibration_Motor-2_100_time-bearing bpfi 1-ch3.csv|data/raw/nln_emp/Dataset/Vibration/Motor-2/100/bearing bpfi 1/Vibration_Motor-2_100_time-bearing bpfi 1-ch4.csv|data/raw/nln_emp/Dataset/Vibration/Motor-2/100/bearing bpfi 1/Vibration_Motor-2_100_time-bearing bpfi 1-ch5.csv,False,channel_1;nln_overview_verified=True|channel_2;nln_overview_verified=True|channel_3;nln_overview_verified=True|channel_4;nln_overview_verified=True|channel_5;nln_overview_verified=True
nln_emp_leave_one_speed_out,test_speed_100,nln_emp,nln_emp_motor_2_100_bearing_bpfi_2_current,nln_emp_motor_2_100_bearing_bpfi_2,test,Motor-2,current,current,100,unknown,motor_2_speed_100,bearing_inner_race,2,fault,experimental,unknown,data/raw/nln_emp/Dataset/Electric/Motor-2/100/bearing bpfi 2/Electric_Motor-2_100_time-bearing bpfi 2-ch1.csv|data/raw/nln_emp/Dataset/Electric/Motor-2/100/bearing bpfi 2/Electric_Motor-2_100_time-bearing bpfi 2-ch2.csv|data/raw/nln_emp/Dataset/Electric/Motor-2/100/bearing bpfi 2/Electric_Motor-2_100_time-bearing bpfi 2-ch3.csv|data/raw/nln_emp/Dataset/Electric/Motor-2/100/bearing bpfi 2/Electric_Motor-2_100_time-bearing bpfi 2-ch4.csv|data/raw/nln_emp/Dataset/Electric/Motor-2/100/bearing bpfi 2/Electric_Motor-2_100_time-bearing bpfi 2-ch5.csv|data/raw/nln_emp/Dataset/Electric/Motor-2/100/bearing bpfi 2/Electric_Motor-2_100_time-bearing bpfi 2-ch6.csv,False,channel_1;nln_overview_verified=True|channel_2;nln_overview_verified=True|channel_3;nln_overview_verified=True|channel_4;nln_overview_verified=True|channel_5;nln_overview_verified=True|channel_6;nln_overview_verified=True
nln_emp_leave_one_speed_out,test_speed_100,nln_emp,nln_emp_motor_2_100_bearing_bpfi_2_vibration,nln_emp_motor_2_100_bearing_bpfi_2,test,Motor-2,vibration,vibration,100,unknown,motor_2_speed_100,bearing_inner_race,2,fault,experimental,unknown,data/raw/nln_emp/Dataset/Vibration/Motor-2/100/bearing bpfi 2/Vibration_Motor-2_100_time-bearing bpfi 2-ch1.csv|data/raw/nln_emp/Dataset/Vibration/Motor-2/100/bearing bpfi 2/Vibration_Motor-2_100_time-bearing bpfi 2-ch2.csv|data/raw/nln_emp/Dataset/Vibration/Motor-2/100/bearing bpfi 2/Vibration_Motor-2_100_time-bearing bpfi 2-ch3.csv|data/raw/nln_emp/Dataset/Vibration/Motor-2/100/bearing bpfi 2/Vibration_Motor-2_100_time-bearing bpfi 2-ch4.csv|data/raw/nln_emp/Dataset/Vibration/Motor-2/100/bearing bpfi 2/Vibration_Motor-2_100_time-bearing bpfi 2-ch5.csv,False,channel_1;nln_overview_verified=True|channel_2;nln_overview_verified=True|channel_3;nln_overview_verified=True|channel_4;nln_overview_verified=True|channel_5;nln_overview_verified=True
nln_emp_leave_one_speed_out,test_speed_100,nln_emp,nln_emp_motor_2_100_bearing_bpfi_3_current,nln_emp_motor_2_100_bearing_bpfi_3,test,Motor-2,current,current,100,unknown,motor_2_speed_100,bearing_inner_race,2,fault,experimental,unknown,data/raw/nln_emp/Dataset/Electric/Motor-2/100/bearing bpfi 3/Electric_Motor-2_100_time-bearing bpfi 3-ch1.csv|data/raw/nln_emp/Dataset/Electric/Motor-2/100/bearing bpfi 3/Electric_Motor-2_100_time-bearing bpfi 3-ch2.csv|data/raw/nln_emp/Dataset/Electric/Motor-2/100/bearing bpfi 3/Electric_Motor-2_100_time-bearing bpfi 3-ch3.csv|data/raw/nln_emp/Dataset/Electric/Motor-2/100/bearing bpfi 3/Electric_Motor-2_100_time-bearing bpfi 3-ch4.csv|data/raw/nln_emp/Dataset/Electric/Motor-2/100/bearing bpfi 3/Electric_Motor-2_100_time-bearing bpfi 3-ch5.csv|data/raw/nln_emp/Dataset/Electric/Motor-2/100/bearing bpfi 3/Electric_Motor-2_100_time-bearing bpfi 3-ch6.csv,False,channel_1;nln_overview_verified=True|channel_2;nln_overview_verified=True|channel_3;nln_overview_verified=True|channel_4;nln_overview_verified=True|channel_5;nln_overview_verified=True|channel_6;nln_overview_verified=True
nln_emp_leave_one_speed_out,test_speed_100,nln_emp,nln_emp_motor_2_100_bearing_bpfi_3_vibration,nln_emp_motor_2_100_bearing_bpfi_3,test,Motor-2,vibration,vibration,100,unknown,motor_2_speed_100,bearing_inner_race,2,fault,experimental,unknown,data/raw/nln_emp/Dataset/Vibration/Motor-2/100/bearing bpfi 3/Vibration_Motor-2_100_time-bearing bpfi 3-ch1.csv|data/raw/nln_emp/Dataset/Vibration/Motor-2/100/bearing bpfi 3/Vibration_Motor-2_100_time-bearing bpfi 3-ch2.csv|data/raw/nln_emp/Dataset/Vibration/Motor-2/100/bearing bpfi 3/Vibration_Motor-2_100_time-bearing bpfi 3-ch3.csv|data/raw/nln_emp/Dataset/Vibration/Motor-2/100/bearing bpfi 3/Vibration_Motor-2_100_time-bearing bpfi 3-ch4.csv|data/raw/nln_emp/Dataset/Vibration/Motor-2/100/bearing bpfi 3/Vibration_Motor-2_100_time-bearing bpfi 3-ch5.csv,False,channel_1;nln_overview_verified=True|channel_2;nln_overview_verified=True|channel_3;nln_overview_verified=True|channel_4;nln_overview_verified=True|channel_5;nln_overview_verified=True
nln_emp_leave_one_speed_out,test_speed_100,nln_emp,nln_emp_motor_2_100_bearing_bpfo_1_current,nln_emp_motor_2_100_bearing_bpfo_1,test,Motor-2,current,current,100,unknown,motor_2_speed_100,bearing_outer_race,1,fault,experimental,unknown,data/raw/nln_emp/Dataset/Electric/Motor-2/100/bearing bpfo 1/Electric_Motor-2_100_time-bearing bpfo 1-ch1.csv|data/raw/nln_emp/Dataset/Electric/Motor-2/100/bearing bpfo 1/Electric_Motor-2_100_time-bearing bpfo 1-ch2.csv|data/raw/nln_emp/Dataset/Electric/Motor-2/100/bearing bpfo 1/Electric_Motor-2_100_time-bearing bpfo 1-ch3.csv|data/raw/nln_emp/Dataset/Electric/Motor-2/100/bearing bpfo 1/Electric_Motor-2_100_time-bearing bpfo 1-ch4.csv|data/raw/nln_emp/Dataset/Electric/Motor-2/100/bearing bpfo 1/Electric_Motor-2_100_time-bearing bpfo 1-ch5.csv|data/raw/nln_emp/Dataset/Electric/Motor-2/100/bearing bpfo 1/Electric_Motor-2_100_time-bearing bpfo 1-ch6.csv,False,channel_1;nln_overview_verified=True|channel_2;nln_overview_verified=True|channel_3;nln_overview_verified=True|channel_4;nln_overview_verified=True|channel_5;nln_overview_verified=True|channel_6;nln_overview_verified=True
nln_emp_leave_one_speed_out,test_speed_100,nln_emp,nln_emp_motor_2_100_bearing_bpfo_1_vibration,nln_emp_motor_2_100_bearing_bpfo_1,test,Motor-2,vibration,vibration,100,unknown,motor_2_speed_100,bearing_outer_race,1,fault,experimental,unknown,data/raw/nln_emp/Dataset/Vibration/Motor-2/100/bearing bpfo 1/Vibration_Motor-2_100_time-bearing bpfo 1-ch1.csv|data/raw/nln_emp/Dataset/Vibration/Motor-2/100/bearing bpfo 1/Vibration_Motor-2_100_time-bearing bpfo 1-ch2.csv|data/raw/nln_emp/Dataset/Vibration/Motor-2/100/bearing bpfo 1/Vibration_Motor-2_100_time-bearing bpfo 1-ch3.csv|data/raw/nln_emp/Dataset/Vibration/Motor-2/100/bearing bpfo 1/Vibration_Motor-2_100_time-bearing bpfo 1-ch4.csv|data/raw/nln_emp/Dataset/Vibration/Motor-2/100/bearing bpfo 1/Vibration_Motor-2_100_time-bearing bpfo 1-ch5.csv,False,channel_1;nln_overview_verified=True|channel_2;nln_overview_verified=True|channel_3;nln_overview_verified=True|channel_4;nln_overview_verified=True|channel_5;nln_overview_verified=True
nln_emp_leave_one_speed_out,test_speed_100,nln_emp,nln_emp_motor_2_100_bearing_bpfo_2_current,nln_emp_motor_2_100_bearing_bpfo_2,test,Motor-2,current,current,100,unknown,motor_2_speed_100,bearing_outer_race,1,fault,experimental,unknown,data/raw/nln_emp/Dataset/Electric/Motor-2/100/bearing bpfo 2/Electric_Motor-2_100_time-bearing bpfo 2-ch1.csv|data/raw/nln_emp/Dataset/Electric/Motor-2/100/bearing bpfo 2/Electric_Motor-2_100_time-bearing bpfo 2-ch2.csv|data/raw/nln_emp/Dataset/Electric/Motor-2/100/bearing bpfo 2/Electric_Motor-2_100_time-bearing bpfo 2-ch3.csv|data/raw/nln_emp/Dataset/Electric/Motor-2/100/bearing bpfo 2/Electric_Motor-2_100_time-bearing bpfo 2-ch4.csv|data/raw/nln_emp/Dataset/Electric/Motor-2/100/bearing bpfo 2/Electric_Motor-2_100_time-bearing bpfo 2-ch5.csv|data/raw/nln_emp/Dataset/Electric/Motor-2/100/bearing bpfo 2/Electric_Motor-2_100_time-bearing bpfo 2-ch6.csv,False,channel_1;nln_overview_verified=True|channel_2;nln_overview_verified=True|channel_3;nln_overview_verified=True|channel_4;nln_overview_verified=True|channel_5;nln_overview_verified=True|channel_6;nln_overview_verified=True
nln_emp_leave_one_speed_out,test_speed_100,nln_emp,nln_emp_motor_2_100_bearing_bpfo_2_vibration,nln_emp_motor_2_100_bearing_bpfo_2,test,Motor-2,vibration,vibration,100,unknown,motor_2_speed_100,bearing_outer_race,1,fault,experimental,unknown,data/raw/nln_emp/Dataset/Vibration/Motor-2/100/bearing bpfo 2/Vibration_Motor-2_100_time-bearing bpfo 2-ch1.csv|data/raw/nln_emp/Dataset/Vibration/Motor-2/100/bearing bpfo 2/Vibration_Motor-2_100_time-bearing bpfo 2-ch2.csv|data/raw/nln_emp/Dataset/Vibration/Motor-2/100/bearing bpfo 2/Vibration_Motor-2_100_time-bearing bpfo 2-ch3.csv|data/raw/nln_emp/Dataset/Vibration/Motor-2/100/bearing bpfo 2/Vibration_Motor-2_100_time-bearing bpfo 2-ch4.csv|data/raw/nln_emp/Dataset/Vibration/Motor-2/100/bearing bpfo 2/Vibration_Motor-2_100_time-bearing bpfo 2-ch5.csv,False,channel_1;nln_overview_verified=True|channel_2;nln_overview_verified=True|channel_3;nln_overview_verified=True|channel_4;nln_overview_verified=True|channel_5;nln_overview_verified=True
nln_emp_leave_one_speed_out,test_speed_100,nln_emp,nln_emp_motor_2_100_bearing_bpfo_3_current,nln_emp_motor_2_100_bearing_bpfo_3,test,Motor-2,current,current,100,unknown,motor_2_speed_100,bearing_outer_race,1,fault,experimental,unknown,data/raw/nln_emp/Dataset/Electric/Motor-2/100/bearing bpfo 3/Electric_Motor-2_100_time-bearing bpfo 3-ch1.csv|data/raw/nln_emp/Dataset/Electric/Motor-2/100/bearing bpfo 3/Electric_Motor-2_100_time-bearing bpfo 3-ch2.csv|data/raw/nln_emp/Dataset/Electric/Motor-2/100/bearing bpfo 3/Electric_Motor-2_100_time-bearing bpfo 3-ch3.csv|data/raw/nln_emp/Dataset/Electric/Motor-2/100/bearing bpfo 3/Electric_Motor-2_100_time-bearing bpfo 3-ch4.csv|data/raw/nln_emp/Dataset/Electric/Motor-2/100/bearing bpfo 3/Electric_Motor-2_100_time-bearing bpfo 3-ch5.csv|data/raw/nln_emp/Dataset/Electric/Motor-2/100/bearing bpfo 3/Electric_Motor-2_100_time-bearing bpfo 3-ch6.csv,False,channel_1;nln_overview_verified=True|channel_2;nln_overview_verified=True|channel_3;nln_overview_verified=True|channel_4;nln_overview_verified=True|channel_5;nln_overview_verified=True|channel_6;nln_overview_verified=True
nln_emp_leave_one_speed_out,test_speed_100,nln_emp,nln_emp_motor_2_100_bearing_bpfo_3_vibration,nln_emp_motor_2_100_bearing_bpfo_3,test,Motor-2,vibration,vibration,100,unknown,motor_2_speed_100,bearing_outer_race,1,fault,experimental,unknown,data/raw/nln_emp/Dataset/Vibration/Motor-2/100/bearing bpfo 3/Vibration_Motor-2_100_time-bearing bpfo 3-ch1.csv|data/raw/nln_emp/Dataset/Vibration/Motor-2/100/bearing bpfo 3/Vibration_Motor-2_100_time-bearing bpfo 3-ch2.csv|data/raw/nln_emp/Dataset/Vibration/Motor-2/100/bearing bpfo 3/Vibration_Motor-2_100_time-bearing bpfo 3-ch3.csv|data/raw/nln_emp/Dataset/Vibration/Motor-2/100/bearing bpfo 3/Vibration_Motor-2_100_time-bearing bpfo 3-ch4.csv|data/raw/nln_emp/Dataset/Vibration/Motor-2/100/bearing bpfo 3/Vibration_Motor-2_100_time-bearing bpfo 3-ch5.csv,False,channel_1;nln_overview_verified=True|channel_2;nln_overview_verified=True|channel_3;nln_overview_verified=True|channel_4;nln_overview_verified=True|channel_5;nln_overview_verified=True
nln_emp_leave_one_speed_out,test_speed_100,nln_emp,nln_emp_motor_2_100_bearing_bsf_current,nln_emp_motor_2_100_bearing_bsf,test,Motor-2,current,current,100,unknown,motor_2_speed_100,bearing_ball_spin,unknown,fault,experimental,unknown,data/raw/nln_emp/Dataset/Electric/Motor-2/100/bearing bsf/Electric_Motor-2_100_time-bearing bsf-ch1.csv|data/raw/nln_emp/Dataset/Electric/Motor-2/100/bearing bsf/Electric_Motor-2_100_time-bearing bsf-ch2.csv|data/raw/nln_emp/Dataset/Electric/Motor-2/100/bearing bsf/Electric_Motor-2_100_time-bearing bsf-ch3.csv|data/raw/nln_emp/Dataset/Electric/Motor-2/100/bearing bsf/Electric_Motor-2_100_time-bearing bsf-ch4.csv|data/raw/nln_emp/Dataset/Electric/Motor-2/100/bearing bsf/Electric_Motor-2_100_time-bearing bsf-ch5.csv|data/raw/nln_emp/Dataset/Electric/Motor-2/100/bearing bsf/Electric_Motor-2_100_time-bearing bsf-ch6.csv,False,channel_1;nln_overview_verified=True|channel_2;nln_overview_verified=True|channel_3;nln_overview_verified=True|channel_4;nln_overview_verified=True|channel_5;nln_overview_verified=True|channel_6;nln_overview_verified=True
nln_emp_leave_one_speed_out,test_speed_100,nln_emp,nln_emp_motor_2_100_bearing_bsf_vibration,nln_emp_motor_2_100_bearing_bsf,test,Motor-2,vibration,vibration,100,unknown,motor_2_speed_100,bearing_ball_spin,unknown,fault,experimental,unknown,data/raw/nln_emp/Dataset/Vibration/Motor-2/100/bearing bsf/Vibration_Motor-2_100_time-bearing bsf-ch1.csv|data/raw/nln_emp/Dataset/Vibration/Motor-2/100/bearing bsf/Vibration_Motor-2_100_time-bearing bsf-ch2.csv|data/raw/nln_emp/Dataset/Vibration/Motor-2/100/bearing bsf/Vibration_Motor-2_100_time-bearing bsf-ch3.csv|data/raw/nln_emp/Dataset/Vibration/Motor-2/100/bearing bsf/Vibration_Motor-2_100_time-bearing bsf-ch4.csv|data/raw/nln_emp/Dataset/Vibration/Motor-2/100/bearing bsf/Vibration_Motor-2_100_time-bearing bsf-ch5.csv,False,channel_1;nln_overview_verified=True|channel_2;nln_overview_verified=True|channel_3;nln_overview_verified=True|channel_4;nln_overview_verified=True|channel_5;nln_overview_verified=True
nln_emp_leave_one_speed_out,test_speed_100,nln_emp,nln_emp_motor_2_100_bearing_contaminated_current,nln_emp_motor_2_100_bearing_contaminated,test,Motor-2,current,current,100,unknown,motor_2_speed_100,bearing_contamination,unknown,fault,experimental,unknown,data/raw/nln_emp/Dataset/Electric/Motor-2/100/bearing contaminated/Electric_Motor-2_100_time-bearing contaminated-ch1.csv|data/raw/nln_emp/Dataset/Electric/Motor-2/100/bearing contaminated/Electric_Motor-2_100_time-bearing contaminated-ch2.csv|data/raw/nln_emp/Dataset/Electric/Motor-2/100/bearing contaminated/Electric_Motor-2_100_time-bearing contaminated-ch3.csv|data/raw/nln_emp/Dataset/Electric/Motor-2/100/bearing contaminated/Electric_Motor-2_100_time-bearing contaminated-ch4.csv|data/raw/nln_emp/Dataset/Electric/Motor-2/100/bearing contaminated/Electric_Motor-2_100_time-bearing contaminated-ch5.csv|data/raw/nln_emp/Dataset/Electric/Motor-2/100/bearing contaminated/Electric_Motor-2_100_time-bearing contaminated-ch6.csv,False,channel_1;nln_overview_verified=True|channel_2;nln_overview_verified=True|channel_3;nln_overview_verified=True|channel_4;nln_overview_verified=True|channel_5;nln_overview_verified=True|channel_6;nln_overview_verified=True
nln_emp_leave_one_speed_out,test_speed_100,nln_emp,nln_emp_motor_2_100_bearing_contaminated_vibration,nln_emp_motor_2_100_bearing_contaminated,test,Motor-2,vibration,vibration,100,unknown,motor_2_speed_100,bearing_contamination,unknown,fault,experimental,unknown,data/raw/nln_emp/Dataset/Vibration/Motor-2/100/bearing contaminated/Vibration_Motor-2_100_time-bearing contaminated-ch1.csv|data/raw/nln_emp/Dataset/Vibration/Motor-2/100/bearing contaminated/Vibration_Motor-2_100_time-bearing contaminated-ch2.csv|data/raw/nln_emp/Dataset/Vibration/Motor-2/100/bearing contaminated/Vibration_Motor-2_100_time-bearing contaminated-ch3.csv|data/raw/nln_emp/Dataset/Vibration/Motor-2/100/bearing contaminated/Vibration_Motor-2_100_time-bearing contaminated-ch4.csv|data/raw/nln_emp/Dataset/Vibration/Motor-2/100/bearing contaminated/Vibration_Motor-2_100_time-bearing contaminated-ch5.csv,False,channel_1;nln_overview_verified=True|channel_2;nln_overview_verified=True|channel_3;nln_overview_verified=True|channel_4;nln_overview_verified=True|channel_5;nln_overview_verified=True
nln_emp_leave_one_speed_out,test_speed_100,nln_emp,nln_emp_motor_2_100_bearing_pump_1_current,nln_emp_motor_2_100_bearing_pump_1,test,Motor-2,current,current,100,unknown,motor_2_speed_100,bearing_ball,2,fault,experimental,unknown,data/raw/nln_emp/Dataset/Electric/Motor-2/100/bearing pump 1/Electric_Motor-2_100_time-bearing pump 1-ch1.csv|data/raw/nln_emp/Dataset/Electric/Motor-2/100/bearing pump 1/Electric_Motor-2_100_time-bearing pump 1-ch2.csv|data/raw/nln_emp/Dataset/Electric/Motor-2/100/bearing pump 1/Electric_Motor-2_100_time-bearing pump 1-ch3.csv|data/raw/nln_emp/Dataset/Electric/Motor-2/100/bearing pump 1/Electric_Motor-2_100_time-bearing pump 1-ch4.csv|data/raw/nln_emp/Dataset/Electric/Motor-2/100/bearing pump 1/Electric_Motor-2_100_time-bearing pump 1-ch5.csv|data/raw/nln_emp/Dataset/Electric/Motor-2/100/bearing pump 1/Electric_Motor-2_100_time-bearing pump 1-ch6.csv,False,channel_1;nln_overview_verified=True|channel_2;nln_overview_verified=True|channel_3;nln_overview_verified=True|channel_4;nln_overview_verified=True|channel_5;nln_overview_verified=True|channel_6;nln_overview_verified=True
nln_emp_leave_one_speed_out,test_speed_100,nln_emp,nln_emp_motor_2_100_bearing_pump_1_vibration,nln_emp_motor_2_100_bearing_pump_1,test,Motor-2,vibration,vibration,100,unknown,motor_2_speed_100,bearing_ball,2,fault,experimental,unknown,data/raw/nln_emp/Dataset/Vibration/Motor-2/100/bearing pump 1/Vibration_Motor-2_100_time-bearing pump 1-ch1.csv|data/raw/nln_emp/Dataset/Vibration/Motor-2/100/bearing pump 1/Vibration_Motor-2_100_time-bearing pump 1-ch2.csv|data/raw/nln_emp/Dataset/Vibration/Motor-2/100/bearing pump 1/Vibration_Motor-2_100_time-bearing pump 1-ch3.csv|data/raw/nln_emp/Dataset/Vibration/Motor-2/100/bearing pump 1/Vibration_Motor-2_100_time-bearing pump 1-ch4.csv|data/raw/nln_emp/Dataset/Vibration/Motor-2/100/bearing pump 1/Vibration_Motor-2_100_time-bearing pump 1-ch5.csv,False,channel_1;nln_overview_verified=True|channel_2;nln_overview_verified=True|channel_3;nln_overview_verified=True|channel_4;nln_overview_verified=True|channel_5;nln_overview_verified=True
nln_emp_leave_one_speed_out,test_speed_100,nln_emp,nln_emp_motor_2_100_bearing_pump_2_current,nln_emp_motor_2_100_bearing_pump_2,test,Motor-2,current,current,100,unknown,motor_2_speed_100,bearing_ball,2,fault,experimental,unknown,data/raw/nln_emp/Dataset/Electric/Motor-2/100/bearing pump 2/Electric_Motor-2_100_time-bearing pump 2-ch1.csv|data/raw/nln_emp/Dataset/Electric/Motor-2/100/bearing pump 2/Electric_Motor-2_100_time-bearing pump 2-ch2.csv|data/raw/nln_emp/Dataset/Electric/Motor-2/100/bearing pump 2/Electric_Motor-2_100_time-bearing pump 2-ch3.csv|data/raw/nln_emp/Dataset/Electric/Motor-2/100/bearing pump 2/Electric_Motor-2_100_time-bearing pump 2-ch4.csv|data/raw/nln_emp/Dataset/Electric/Motor-2/100/bearing pump 2/Electric_Motor-2_100_time-bearing pump 2-ch5.csv|data/raw/nln_emp/Dataset/Electric/Motor-2/100/bearing pump 2/Electric_Motor-2_100_time-bearing pump 2-ch6.csv,False,channel_1;nln_overview_verified=True|channel_2;nln_overview_verified=True|channel_3;nln_overview_verified=True|channel_4;nln_overview_verified=True|channel_5;nln_overview_verified=True|channel_6;nln_overview_verified=True
nln_emp_leave_one_speed_out,test_speed_100,nln_emp,nln_emp_motor_2_100_bearing_pump_2_vibration,nln_emp_motor_2_100_bearing_pump_2,test,Motor-2,vibration,vibration,100,unknown,motor_2_speed_100,bearing_ball,2,fault,experimental,unknown,data/raw/nln_emp/Dataset/Vibration/Motor-2/100/bearing pump 2/Vibration_Motor-2_100_time-bearing pump 2-ch1.csv|data/raw/nln_emp/Dataset/Vibration/Motor-2/100/bearing pump 2/Vibration_Motor-2_100_time-bearing pump 2-ch2.csv|data/raw/nln_emp/Dataset/Vibration/Motor-2/100/bearing pump 2/Vibration_Motor-2_100_time-bearing pump 2-ch3.csv|data/raw/nln_emp/Dataset/Vibration/Motor-2/100/bearing pump 2/Vibration_Motor-2_100_time-bearing pump 2-ch4.csv|data/raw/nln_emp/Dataset/Vibration/Motor-2/100/bearing pump 2/Vibration_Motor-2_100_time-bearing pump 2-ch5.csv,False,channel_1;nln_overview_verified=True|channel_2;nln_overview_verified=True|channel_3;nln_overview_verified=True|channel_4;nln_overview_verified=True|channel_5;nln_overview_verified=True
nln_emp_leave_one_speed_out,test_speed_100,nln_emp,nln_emp_motor_2_100_bearing_pump_3_current,nln_emp_motor_2_100_bearing_pump_3,test,Motor-2,current,current,100,unknown,motor_2_speed_100,bearing_ball,2,fault,experimental,unknown,data/raw/nln_emp/Dataset/Electric/Motor-2/100/bearing pump 3/Electric_Motor-2_100_time-bearing pump 3-ch1.csv|data/raw/nln_emp/Dataset/Electric/Motor-2/100/bearing pump 3/Electric_Motor-2_100_time-bearing pump 3-ch2.csv|data/raw/nln_emp/Dataset/Electric/Motor-2/100/bearing pump 3/Electric_Motor-2_100_time-bearing pump 3-ch3.csv|data/raw/nln_emp/Dataset/Electric/Motor-2/100/bearing pump 3/Electric_Motor-2_100_time-bearing pump 3-ch4.csv|data/raw/nln_emp/Dataset/Electric/Motor-2/100/bearing pump 3/Electric_Motor-2_100_time-bearing pump 3-ch5.csv|data/raw/nln_emp/Dataset/Electric/Motor-2/100/bearing pump 3/Electric_Motor-2_100_time-bearing pump 3-ch6.csv,False,channel_1;nln_overview_verified=True|channel_2;nln_overview_verified=True|channel_3;nln_overview_verified=True|channel_4;nln_overview_verified=True|channel_5;nln_overview_verified=True|channel_6;nln_overview_verified=True
nln_emp_leave_one_speed_out,test_speed_100,nln_emp,nln_emp_motor_2_100_bearing_pump_3_vibration,nln_emp_motor_2_100_bearing_pump_3,test,Motor-2,vibration,vibration,100,unknown,motor_2_speed_100,bearing_ball,2,fault,experimental,unknown,data/raw/nln_emp/Dataset/Vibration/Motor-2/100/bearing pump 3/Vibration_Motor-2_100_time-bearing pump 3-ch1.csv|data/raw/nln_emp/Dataset/Vibration/Motor-2/100/bearing pump 3/Vibration_Motor-2_100_time-bearing pump 3-ch2.csv|data/raw/nln_emp/Dataset/Vibration/Motor-2/100/bearing pump 3/Vibration_Motor-2_100_time-bearing pump 3-ch3.csv|data/raw/nln_emp/Dataset/Vibration/Motor-2/100/bearing pump 3/Vibration_Motor-2_100_time-bearing pump 3-ch4.csv|data/raw/nln_emp/Dataset/Vibration/Motor-2/100/bearing pump 3/Vibration_Motor-2_100_time-bearing pump 3-ch5.csv,False,channel_1;nln_overview_verified=True|channel_2;nln_overview_verified=True|channel_3;nln_overview_verified=True|channel_4;nln_overview_verified=True|channel_5;nln_overview_verified=True
nln_emp_leave_one_speed_out,test_speed_100,nln_emp,nln_emp_motor_2_100_broken_rotor_bar_current,nln_emp_motor_2_100_broken_rotor_bar,test,Motor-2,current,current,100,unknown,motor_2_speed_100,rotor_fault,unknown,fault,experimental,unknown,data/raw/nln_emp/Dataset/Electric/Motor-2/100/broken rotor bar/Electric_Motor-2_100_time-broken rotor bar-ch1.csv|data/raw/nln_emp/Dataset/Electric/Motor-2/100/broken rotor bar/Electric_Motor-2_100_time-broken rotor bar-ch2.csv|data/raw/nln_emp/Dataset/Electric/Motor-2/100/broken rotor bar/Electric_Motor-2_100_time-broken rotor bar-ch3.csv|data/raw/nln_emp/Dataset/Electric/Motor-2/100/broken rotor bar/Electric_Motor-2_100_time-broken rotor bar-ch4.csv|data/raw/nln_emp/Dataset/Electric/Motor-2/100/broken rotor bar/Electric_Motor-2_100_time-broken rotor bar-ch5.csv|data/raw/nln_emp/Dataset/Electric/Motor-2/100/broken rotor bar/Electric_Motor-2_100_time-broken rotor bar-ch6.csv,False,channel_1;nln_overview_verified=True|channel_2;nln_overview_verified=True|channel_3;nln_overview_verified=True|channel_4;nln_overview_verified=True|channel_5;nln_overview_verified=True|channel_6;nln_overview_verified=True
nln_emp_leave_one_speed_out,test_speed_100,nln_emp,nln_emp_motor_2_100_broken_rotor_bar_vibration,nln_emp_motor_2_100_broken_rotor_bar,test,Motor-2,vibration,vibration,100,unknown,motor_2_speed_100,rotor_fault,unknown,fault,experimental,unknown,data/raw/nln_emp/Dataset/Vibration/Motor-2/100/broken rotor bar/Vibration_Motor-2_100_time-broken rotor bar-ch1.csv|data/raw/nln_emp/Dataset/Vibration/Motor-2/100/broken rotor bar/Vibration_Motor-2_100_time-broken rotor bar-ch2.csv|data/raw/nln_emp/Dataset/Vibration/Motor-2/100/broken rotor bar/Vibration_Motor-2_100_time-broken rotor bar-ch3.csv|data/raw/nln_emp/Dataset/Vibration/Motor-2/100/broken rotor bar/Vibration_Motor-2_100_time-broken rotor bar-ch4.csv|data/raw/nln_emp/Dataset/Vibration/Motor-2/100/broken rotor bar/Vibration_Motor-2_100_time-broken rotor bar-ch5.csv,False,channel_1;nln_overview_verified=True|channel_2;nln_overview_verified=True|channel_3;nln_overview_verified=True|channel_4;nln_overview_verified=True|channel_5;nln_overview_verified=True
nln_emp_leave_one_speed_out,test_speed_100,nln_emp,nln_emp_motor_2_100_healthy_1_current,nln_emp_motor_2_100_healthy_1,test,Motor-2,current,current,100,unknown,motor_2_speed_100,healthy,0,healthy,experimental,unknown,data/raw/nln_emp/Dataset/Electric/Motor-2/100/healthy 1/Electric_Motor-2_100_time-healthy 1-ch1.csv|data/raw/nln_emp/Dataset/Electric/Motor-2/100/healthy 1/Electric_Motor-2_100_time-healthy 1-ch2.csv|data/raw/nln_emp/Dataset/Electric/Motor-2/100/healthy 1/Electric_Motor-2_100_time-healthy 1-ch3.csv|data/raw/nln_emp/Dataset/Electric/Motor-2/100/healthy 1/Electric_Motor-2_100_time-healthy 1-ch4.csv|data/raw/nln_emp/Dataset/Electric/Motor-2/100/healthy 1/Electric_Motor-2_100_time-healthy 1-ch5.csv|data/raw/nln_emp/Dataset/Electric/Motor-2/100/healthy 1/Electric_Motor-2_100_time-healthy 1-ch6.csv,False,channel_1;nln_overview_verified=True|channel_2;nln_overview_verified=True|channel_3;nln_overview_verified=True|channel_4;nln_overview_verified=True|channel_5;nln_overview_verified=True|channel_6;nln_overview_verified=True
nln_emp_leave_one_speed_out,test_speed_100,nln_emp,nln_emp_motor_2_100_healthy_1_vibration,nln_emp_motor_2_100_healthy_1,test,Motor-2,vibration,vibration,100,unknown,motor_2_speed_100,healthy,0,healthy,experimental,unknown,data/raw/nln_emp/Dataset/Vibration/Motor-2/100/healthy 1/Vibration_Motor-2_100_time-healthy 1-ch1.csv|data/raw/nln_emp/Dataset/Vibration/Motor-2/100/healthy 1/Vibration_Motor-2_100_time-healthy 1-ch2.csv|data/raw/nln_emp/Dataset/Vibration/Motor-2/100/healthy 1/Vibration_Motor-2_100_time-healthy 1-ch3.csv|data/raw/nln_emp/Dataset/Vibration/Motor-2/100/healthy 1/Vibration_Motor-2_100_time-healthy 1-ch4.csv|data/raw/nln_emp/Dataset/Vibration/Motor-2/100/healthy 1/Vibration_Motor-2_100_time-healthy 1-ch5.csv,False,channel_1;nln_overview_verified=True|channel_2;nln_overview_verified=True|channel_3;nln_overview_verified=True|channel_4;nln_overview_verified=True|channel_5;nln_overview_verified=True
nln_emp_leave_one_speed_out,test_speed_100,nln_emp,nln_emp_motor_2_100_healthy_2_current,nln_emp_motor_2_100_healthy_2,test,Motor-2,current,current,100,unknown,motor_2_speed_100,healthy,0,healthy,experimental,unknown,data/raw/nln_emp/Dataset/Electric/Motor-2/100/healthy 2/Electric_Motor-2_100_time-healthy 2-ch1.csv|data/raw/nln_emp/Dataset/Electric/Motor-2/100/healthy 2/Electric_Motor-2_100_time-healthy 2-ch2.csv|data/raw/nln_emp/Dataset/Electric/Motor-2/100/healthy 2/Electric_Motor-2_100_time-healthy 2-ch3.csv|data/raw/nln_emp/Dataset/Electric/Motor-2/100/healthy 2/Electric_Motor-2_100_time-healthy 2-ch4.csv|data/raw/nln_emp/Dataset/Electric/Motor-2/100/healthy 2/Electric_Motor-2_100_time-healthy 2-ch5.csv|data/raw/nln_emp/Dataset/Electric/Motor-2/100/healthy 2/Electric_Motor-2_100_time-healthy 2-ch6.csv,False,channel_1;nln_overview_verified=True|channel_2;nln_overview_verified=True|channel_3;nln_overview_verified=True|channel_4;nln_overview_verified=True|channel_5;nln_overview_verified=True|channel_6;nln_overview_verified=True
nln_emp_leave_one_speed_out,test_speed_100,nln_emp,nln_emp_motor_2_100_healthy_2_vibration,nln_emp_motor_2_100_healthy_2,test,Motor-2,vibration,vibration,100,unknown,motor_2_speed_100,healthy,0,healthy,experimental,unknown,data/raw/nln_emp/Dataset/Vibration/Motor-2/100/healthy 2/Vibration_Motor-2_100_time-healthy 2-ch1.csv|data/raw/nln_emp/Dataset/Vibration/Motor-2/100/healthy 2/Vibration_Motor-2_100_time-healthy 2-ch2.csv|data/raw/nln_emp/Dataset/Vibration/Motor-2/100/healthy 2/Vibration_Motor-2_100_time-healthy 2-ch3.csv|data/raw/nln_emp/Dataset/Vibration/Motor-2/100/healthy 2/Vibration_Motor-2_100_time-healthy 2-ch4.csv|data/raw/nln_emp/Dataset/Vibration/Motor-2/100/healthy 2/Vibration_Motor-2_100_time-healthy 2-ch5.csv,False,channel_1;nln_overview_verified=True|channel_2;nln_overview_verified=True|channel_3;nln_overview_verified=True|channel_4;nln_overview_verified=True|channel_5;nln_overview_verified=True
nln_emp_leave_one_speed_out,test_speed_100,nln_emp,nln_emp_motor_2_100_healthy_3_current,nln_emp_motor_2_100_healthy_3,test,Motor-2,current,current,100,unknown,motor_2_speed_100,healthy,0,healthy,experimental,unknown,data/raw/nln_emp/Dataset/Electric/Motor-2/100/healthy 3/Electric_Motor-2_100_time-healthy 3-ch1.csv|data/raw/nln_emp/Dataset/Electric/Motor-2/100/healthy 3/Electric_Motor-2_100_time-healthy 3-ch2.csv|data/raw/nln_emp/Dataset/Electric/Motor-2/100/healthy 3/Electric_Motor-2_100_time-healthy 3-ch3.csv|data/raw/nln_emp/Dataset/Electric/Motor-2/100/healthy 3/Electric_Motor-2_100_time-healthy 3-ch4.csv|data/raw/nln_emp/Dataset/Electric/Motor-2/100/healthy 3/Electric_Motor-2_100_time-healthy 3-ch5.csv|data/raw/nln_emp/Dataset/Electric/Motor-2/100/healthy 3/Electric_Motor-2_100_time-healthy 3-ch6.csv,False,channel_1;nln_overview_verified=True|channel_2;nln_overview_verified=True|channel_3;nln_overview_verified=True|channel_4;nln_overview_verified=True|channel_5;nln_overview_verified=True|channel_6;nln_overview_verified=True
nln_emp_leave_one_speed_out,test_speed_100,nln_emp,nln_emp_motor_2_100_healthy_3_vibration,nln_emp_motor_2_100_healthy_3,test,Motor-2,vibration,vibration,100,unknown,motor_2_speed_100,healthy,0,healthy,experimental,unknown,data/raw/nln_emp/Dataset/Vibration/Motor-2/100/healthy 3/Vibration_Motor-2_100_time-healthy 3-ch1.csv|data/raw/nln_emp/Dataset/Vibration/Motor-2/100/healthy 3/Vibration_Motor-2_100_time-healthy 3-ch2.csv|data/raw/nln_emp/Dataset/Vibration/Motor-2/100/healthy 3/Vibration_Motor-2_100_time-healthy 3-ch3.csv|data/raw/nln_emp/Dataset/Vibration/Motor-2/100/healthy 3/Vibration_Motor-2_100_time-healthy 3-ch4.csv|data/raw/nln_emp/Dataset/Vibration/Motor-2/100/healthy 3/Vibration_Motor-2_100_time-healthy 3-ch5.csv,False,channel_1;nln_overview_verified=True|channel_2;nln_overview_verified=True|channel_3;nln_overview_verified=True|channel_4;nln_overview_verified=True|channel_5;nln_overview_verified=True
nln_emp_leave_one_speed_out,test_speed_100,nln_emp,nln_emp_motor_2_100_healthy_noise_current,nln_emp_motor_2_100_healthy_noise,test,Motor-2,current,current,100,unknown,motor_2_speed_100,healthy,0,healthy,experimental,unknown,data/raw/nln_emp/Dataset/Electric/Motor-2/100/healthy noise/Electric_Motor-2_100_time-healthy noise-ch1.csv|data/raw/nln_emp/Dataset/Electric/Motor-2/100/healthy noise/Electric_Motor-2_100_time-healthy noise-ch2.csv|data/raw/nln_emp/Dataset/Electric/Motor-2/100/healthy noise/Electric_Motor-2_100_time-healthy noise-ch3.csv|data/raw/nln_emp/Dataset/Electric/Motor-2/100/healthy noise/Electric_Motor-2_100_time-healthy noise-ch4.csv|data/raw/nln_emp/Dataset/Electric/Motor-2/100/healthy noise/Electric_Motor-2_100_time-healthy noise-ch5.csv|data/raw/nln_emp/Dataset/Electric/Motor-2/100/healthy noise/Electric_Motor-2_100_time-healthy noise-ch6.csv,False,channel_1;nln_overview_verified=True|channel_2;nln_overview_verified=True|channel_3;nln_overview_verified=True|channel_4;nln_overview_verified=True|channel_5;nln_overview_verified=True|channel_6;nln_overview_verified=True
nln_emp_leave_one_speed_out,test_speed_100,nln_emp,nln_emp_motor_2_100_healthy_noise_vibration,nln_emp_motor_2_100_healthy_noise,test,Motor-2,vibration,vibration,100,unknown,motor_2_speed_100,healthy,0,healthy,experimental,unknown,data/raw/nln_emp/Dataset/Vibration/Motor-2/100/healthy noise/Vibration_Motor-2_100_time-healthy noise-ch1.csv|data/raw/nln_emp/Dataset/Vibration/Motor-2/100/healthy noise/Vibration_Motor-2_100_time-healthy noise-ch2.csv|data/raw/nln_emp/Dataset/Vibration/Motor-2/100/healthy noise/Vibration_Motor-2_100_time-healthy noise-ch3.csv|data/raw/nln_emp/Dataset/Vibration/Motor-2/100/healthy noise/Vibration_Motor-2_100_time-healthy noise-ch4.csv|data/raw/nln_emp/Dataset/Vibration/Motor-2/100/healthy noise/Vibration_Motor-2_100_time-healthy noise-ch5.csv,False,channel_1;nln_overview_verified=True|channel_2;nln_overview_verified=True|channel_3;nln_overview_verified=True|channel_4;nln_overview_verified=True|channel_5;nln_overview_verified=True
nln_emp_leave_one_speed_out,test_speed_100,nln_emp,nln_emp_motor_2_100_impeller_1_current,nln_emp_motor_2_100_impeller_1,test,Motor-2,current,current,100,unknown,motor_2_speed_100,impeller_fault,1,fault,experimental,unknown,data/raw/nln_emp/Dataset/Electric/Motor-2/100/impeller 1/Electric_Motor-2_100_time-impeller 1-ch1.csv|data/raw/nln_emp/Dataset/Electric/Motor-2/100/impeller 1/Electric_Motor-2_100_time-impeller 1-ch2.csv|data/raw/nln_emp/Dataset/Electric/Motor-2/100/impeller 1/Electric_Motor-2_100_time-impeller 1-ch3.csv|data/raw/nln_emp/Dataset/Electric/Motor-2/100/impeller 1/Electric_Motor-2_100_time-impeller 1-ch4.csv|data/raw/nln_emp/Dataset/Electric/Motor-2/100/impeller 1/Electric_Motor-2_100_time-impeller 1-ch5.csv|data/raw/nln_emp/Dataset/Electric/Motor-2/100/impeller 1/Electric_Motor-2_100_time-impeller 1-ch6.csv,False,channel_1;nln_overview_verified=True|channel_2;nln_overview_verified=True|channel_3;nln_overview_verified=True|channel_4;nln_overview_verified=True|channel_5;nln_overview_verified=True|channel_6;nln_overview_verified=True
nln_emp_leave_one_speed_out,test_speed_100,nln_emp,nln_emp_motor_2_100_impeller_1_vibration,nln_emp_motor_2_100_impeller_1,test,Motor-2,vibration,vibration,100,unknown,motor_2_speed_100,impeller_fault,1,fault,experimental,unknown,data/raw/nln_emp/Dataset/Vibration/Motor-2/100/impeller 1/Vibration_Motor-2_100_time-impeller 1-ch1.csv|data/raw/nln_emp/Dataset/Vibration/Motor-2/100/impeller 1/Vibration_Motor-2_100_time-impeller 1-ch2.csv|data/raw/nln_emp/Dataset/Vibration/Motor-2/100/impeller 1/Vibration_Motor-2_100_time-impeller 1-ch3.csv|data/raw/nln_emp/Dataset/Vibration/Motor-2/100/impeller 1/Vibration_Motor-2_100_time-impeller 1-ch4.csv|data/raw/nln_emp/Dataset/Vibration/Motor-2/100/impeller 1/Vibration_Motor-2_100_time-impeller 1-ch5.csv,False,channel_1;nln_overview_verified=True|channel_2;nln_overview_verified=True|channel_3;nln_overview_verified=True|channel_4;nln_overview_verified=True|channel_5;nln_overview_verified=True
nln_emp_leave_one_speed_out,test_speed_100,nln_emp,nln_emp_motor_2_100_impeller_2_current,nln_emp_motor_2_100_impeller_2,test,Motor-2,current,current,100,unknown,motor_2_speed_100,impeller_fault,1,fault,experimental,unknown,data/raw/nln_emp/Dataset/Electric/Motor-2/100/impeller 2/Electric_Motor-2_100_time-impeller 2-ch1.csv|data/raw/nln_emp/Dataset/Electric/Motor-2/100/impeller 2/Electric_Motor-2_100_time-impeller 2-ch2.csv|data/raw/nln_emp/Dataset/Electric/Motor-2/100/impeller 2/Electric_Motor-2_100_time-impeller 2-ch3.csv|data/raw/nln_emp/Dataset/Electric/Motor-2/100/impeller 2/Electric_Motor-2_100_time-impeller 2-ch4.csv|data/raw/nln_emp/Dataset/Electric/Motor-2/100/impeller 2/Electric_Motor-2_100_time-impeller 2-ch5.csv|data/raw/nln_emp/Dataset/Electric/Motor-2/100/impeller 2/Electric_Motor-2_100_time-impeller 2-ch6.csv,False,channel_1;nln_overview_verified=True|channel_2;nln_overview_verified=True|channel_3;nln_overview_verified=True|channel_4;nln_overview_verified=True|channel_5;nln_overview_verified=True|channel_6;nln_overview_verified=True
nln_emp_leave_one_speed_out,test_speed_100,nln_emp,nln_emp_motor_2_100_impeller_2_vibration,nln_emp_motor_2_100_impeller_2,test,Motor-2,vibration,vibration,100,unknown,motor_2_speed_100,impeller_fault,1,fault,experimental,unknown,data/raw/nln_emp/Dataset/Vibration/Motor-2/100/impeller 2/Vibration_Motor-2_100_time-impeller 2-ch1.csv|data/raw/nln_emp/Dataset/Vibration/Motor-2/100/impeller 2/Vibration_Motor-2_100_time-impeller 2-ch2.csv|data/raw/nln_emp/Dataset/Vibration/Motor-2/100/impeller 2/Vibration_Motor-2_100_time-impeller 2-ch3.csv|data/raw/nln_emp/Dataset/Vibration/Motor-2/100/impeller 2/Vibration_Motor-2_100_time-impeller 2-ch4.csv|data/raw/nln_emp/Dataset/Vibration/Motor-2/100/impeller 2/Vibration_Motor-2_100_time-impeller 2-ch5.csv,False,channel_1;nln_overview_verified=True|channel_2;nln_overview_verified=True|channel_3;nln_overview_verified=True|channel_4;nln_overview_verified=True|channel_5;nln_overview_verified=True
nln_emp_leave_one_speed_out,test_speed_100,nln_emp,nln_emp_motor_2_100_impeller_3_current,nln_emp_motor_2_100_impeller_3,test,Motor-2,current,current,100,unknown,motor_2_speed_100,impeller_fault,1,fault,experimental,unknown,data/raw/nln_emp/Dataset/Electric/Motor-2/100/impeller 3/Electric_Motor-2_100_time-impeller 3-ch1.csv|data/raw/nln_emp/Dataset/Electric/Motor-2/100/impeller 3/Electric_Motor-2_100_time-impeller 3-ch2.csv|data/raw/nln_emp/Dataset/Electric/Motor-2/100/impeller 3/Electric_Motor-2_100_time-impeller 3-ch3.csv|data/raw/nln_emp/Dataset/Electric/Motor-2/100/impeller 3/Electric_Motor-2_100_time-impeller 3-ch4.csv|data/raw/nln_emp/Dataset/Electric/Motor-2/100/impeller 3/Electric_Motor-2_100_time-impeller 3-ch5.csv|data/raw/nln_emp/Dataset/Electric/Motor-2/100/impeller 3/Electric_Motor-2_100_time-impeller 3-ch6.csv,False,channel_1;nln_overview_verified=True|channel_2;nln_overview_verified=True|channel_3;nln_overview_verified=True|channel_4;nln_overview_verified=True|channel_5;nln_overview_verified=True|channel_6;nln_overview_verified=True
nln_emp_leave_one_speed_out,test_speed_100,nln_emp,nln_emp_motor_2_100_impeller_3_vibration,nln_emp_motor_2_100_impeller_3,test,Motor-2,vibration,vibration,100,unknown,motor_2_speed_100,impeller_fault,1,fault,experimental,unknown,data/raw/nln_emp/Dataset/Vibration/Motor-2/100/impeller 3/Vibration_Motor-2_100_time-impeller 3-ch1.csv|data/raw/nln_emp/Dataset/Vibration/Motor-2/100/impeller 3/Vibration_Motor-2_100_time-impeller 3-ch2.csv|data/raw/nln_emp/Dataset/Vibration/Motor-2/100/impeller 3/Vibration_Motor-2_100_time-impeller 3-ch3.csv|data/raw/nln_emp/Dataset/Vibration/Motor-2/100/impeller 3/Vibration_Motor-2_100_time-impeller 3-ch4.csv|data/raw/nln_emp/Dataset/Vibration/Motor-2/100/impeller 3/Vibration_Motor-2_100_time-impeller 3-ch5.csv,False,channel_1;nln_overview_verified=True|channel_2;nln_overview_verified=True|channel_3;nln_overview_verified=True|channel_4;nln_overview_verified=True|channel_5;nln_overview_verified=True
nln_emp_leave_one_speed_out,test_speed_100,nln_emp,nln_emp_motor_2_100_loose_foot_motor_current,nln_emp_motor_2_100_loose_foot_motor,test,Motor-2,current,current,100,unknown,motor_2_speed_100,looseness_soft_foot,unknown,fault,experimental,unknown,data/raw/nln_emp/Dataset/Electric/Motor-2/100/loose foot motor/Electric_Motor-2_100_time-loose foot motor-ch1.csv|data/raw/nln_emp/Dataset/Electric/Motor-2/100/loose foot motor/Electric_Motor-2_100_time-loose foot motor-ch2.csv|data/raw/nln_emp/Dataset/Electric/Motor-2/100/loose foot motor/Electric_Motor-2_100_time-loose foot motor-ch3.csv|data/raw/nln_emp/Dataset/Electric/Motor-2/100/loose foot motor/Electric_Motor-2_100_time-loose foot motor-ch4.csv|data/raw/nln_emp/Dataset/Electric/Motor-2/100/loose foot motor/Electric_Motor-2_100_time-loose foot motor-ch5.csv|data/raw/nln_emp/Dataset/Electric/Motor-2/100/loose foot motor/Electric_Motor-2_100_time-loose foot motor-ch6.csv,False,channel_1;nln_overview_verified=True|channel_2;nln_overview_verified=True|channel_3;nln_overview_verified=True|channel_4;nln_overview_verified=True|channel_5;nln_overview_verified=True|channel_6;nln_overview_verified=True
nln_emp_leave_one_speed_out,test_speed_100,nln_emp,nln_emp_motor_2_100_loose_foot_motor_vibration,nln_emp_motor_2_100_loose_foot_motor,test,Motor-2,vibration,vibration,100,unknown,motor_2_speed_100,looseness_soft_foot,unknown,fault,experimental,unknown,data/raw/nln_emp/Dataset/Vibration/Motor-2/100/loose foot motor/Vibration_Motor-2_100_time-loose foot motor-ch1.csv|data/raw/nln_emp/Dataset/Vibration/Motor-2/100/loose foot motor/Vibration_Motor-2_100_time-loose foot motor-ch2.csv|data/raw/nln_emp/Dataset/Vibration/Motor-2/100/loose foot motor/Vibration_Motor-2_100_time-loose foot motor-ch3.csv|data/raw/nln_emp/Dataset/Vibration/Motor-2/100/loose foot motor/Vibration_Motor-2_100_time-loose foot motor-ch4.csv|data/raw/nln_emp/Dataset/Vibration/Motor-2/100/loose foot motor/Vibration_Motor-2_100_time-loose foot motor-ch5.csv,False,channel_1;nln_overview_verified=True|channel_2;nln_overview_verified=True|channel_3;nln_overview_verified=True|channel_4;nln_overview_verified=True|channel_5;nln_overview_verified=True
nln_emp_leave_one_speed_out,test_speed_100,nln_emp,nln_emp_motor_2_100_loose_foot_pump_current,nln_emp_motor_2_100_loose_foot_pump,test,Motor-2,current,current,100,unknown,motor_2_speed_100,looseness_soft_foot,unknown,fault,experimental,unknown,data/raw/nln_emp/Dataset/Electric/Motor-2/100/loose foot pump/Electric_Motor-2_100_time-loose foot pump-ch1.csv|data/raw/nln_emp/Dataset/Electric/Motor-2/100/loose foot pump/Electric_Motor-2_100_time-loose foot pump-ch2.csv|data/raw/nln_emp/Dataset/Electric/Motor-2/100/loose foot pump/Electric_Motor-2_100_time-loose foot pump-ch3.csv|data/raw/nln_emp/Dataset/Electric/Motor-2/100/loose foot pump/Electric_Motor-2_100_time-loose foot pump-ch4.csv|data/raw/nln_emp/Dataset/Electric/Motor-2/100/loose foot pump/Electric_Motor-2_100_time-loose foot pump-ch5.csv|data/raw/nln_emp/Dataset/Electric/Motor-2/100/loose foot pump/Electric_Motor-2_100_time-loose foot pump-ch6.csv,False,channel_1;nln_overview_verified=True|channel_2;nln_overview_verified=True|channel_3;nln_overview_verified=True|channel_4;nln_overview_verified=True|channel_5;nln_overview_verified=True|channel_6;nln_overview_verified=True
nln_emp_leave_one_speed_out,test_speed_100,nln_emp,nln_emp_motor_2_100_loose_foot_pump_vibration,nln_emp_motor_2_100_loose_foot_pump,test,Motor-2,vibration,vibration,100,unknown,motor_2_speed_100,looseness_soft_foot,unknown,fault,experimental,unknown,data/raw/nln_emp/Dataset/Vibration/Motor-2/100/loose foot pump/Vibration_Motor-2_100_time-loose foot pump-ch1.csv|data/raw/nln_emp/Dataset/Vibration/Motor-2/100/loose foot pump/Vibration_Motor-2_100_time-loose foot pump-ch2.csv|data/raw/nln_emp/Dataset/Vibration/Motor-2/100/loose foot pump/Vibration_Motor-2_100_time-loose foot pump-ch3.csv|data/raw/nln_emp/Dataset/Vibration/Motor-2/100/loose foot pump/Vibration_Motor-2_100_time-loose foot pump-ch4.csv|data/raw/nln_emp/Dataset/Vibration/Motor-2/100/loose foot pump/Vibration_Motor-2_100_time-loose foot pump-ch5.csv,False,channel_1;nln_overview_verified=True|channel_2;nln_overview_verified=True|channel_3;nln_overview_verified=True|channel_4;nln_overview_verified=True|channel_5;nln_overview_verified=True
nln_emp_leave_one_speed_out,test_speed_100,nln_emp,nln_emp_motor_2_100_new_motor_current,nln_emp_motor_2_100_new_motor,test,Motor-2,current,current,100,unknown,motor_2_speed_100,healthy,0,healthy,experimental,unknown,data/raw/nln_emp/Dataset/Electric/Motor-2/100/new motor/Electric_Motor-2_100_time-new motor-ch1.csv|data/raw/nln_emp/Dataset/Electric/Motor-2/100/new motor/Electric_Motor-2_100_time-new motor-ch2.csv|data/raw/nln_emp/Dataset/Electric/Motor-2/100/new motor/Electric_Motor-2_100_time-new motor-ch3.csv|data/raw/nln_emp/Dataset/Electric/Motor-2/100/new motor/Electric_Motor-2_100_time-new motor-ch4.csv|data/raw/nln_emp/Dataset/Electric/Motor-2/100/new motor/Electric_Motor-2_100_time-new motor-ch5.csv|data/raw/nln_emp/Dataset/Electric/Motor-2/100/new motor/Electric_Motor-2_100_time-new motor-ch6.csv,False,channel_1;nln_overview_verified=True|channel_2;nln_overview_verified=True|channel_3;nln_overview_verified=True|channel_4;nln_overview_verified=True|channel_5;nln_overview_verified=True|channel_6;nln_overview_verified=True
nln_emp_leave_one_speed_out,test_speed_100,nln_emp,nln_emp_motor_2_100_new_motor_vibration,nln_emp_motor_2_100_new_motor,test,Motor-2,vibration,vibration,100,unknown,motor_2_speed_100,healthy,0,healthy,experimental,unknown,data/raw/nln_emp/Dataset/Vibration/Motor-2/100/new motor/Vibration_Motor-2_100_time-new motor-ch1.csv|data/raw/nln_emp/Dataset/Vibration/Motor-2/100/new motor/Vibration_Motor-2_100_time-new motor-ch2.csv|data/raw/nln_emp/Dataset/Vibration/Motor-2/100/new motor/Vibration_Motor-2_100_time-new motor-ch3.csv|data/raw/nln_emp/Dataset/Vibration/Motor-2/100/new motor/Vibration_Motor-2_100_time-new motor-ch4.csv|data/raw/nln_emp/Dataset/Vibration/Motor-2/100/new motor/Vibration_Motor-2_100_time-new motor-ch5.csv,False,channel_1;nln_overview_verified=True|channel_2;nln_overview_verified=True|channel_3;nln_overview_verified=True|channel_4;nln_overview_verified=True|channel_5;nln_overview_verified=True
nln_emp_leave_one_speed_out,test_speed_100,nln_emp,nln_emp_motor_2_100_soft_foot_1_current,nln_emp_motor_2_100_soft_foot_1,test,Motor-2,current,current,100,unknown,motor_2_speed_100,looseness_soft_foot,2,fault,experimental,unknown,data/raw/nln_emp/Dataset/Electric/Motor-2/100/soft foot 1/Electric_Motor-2_100_time-soft foot 1-ch1.csv|data/raw/nln_emp/Dataset/Electric/Motor-2/100/soft foot 1/Electric_Motor-2_100_time-soft foot 1-ch2.csv|data/raw/nln_emp/Dataset/Electric/Motor-2/100/soft foot 1/Electric_Motor-2_100_time-soft foot 1-ch3.csv|data/raw/nln_emp/Dataset/Electric/Motor-2/100/soft foot 1/Electric_Motor-2_100_time-soft foot 1-ch4.csv|data/raw/nln_emp/Dataset/Electric/Motor-2/100/soft foot 1/Electric_Motor-2_100_time-soft foot 1-ch5.csv|data/raw/nln_emp/Dataset/Electric/Motor-2/100/soft foot 1/Electric_Motor-2_100_time-soft foot 1-ch6.csv,False,channel_1;nln_overview_verified=True|channel_2;nln_overview_verified=True|channel_3;nln_overview_verified=True|channel_4;nln_overview_verified=True|channel_5;nln_overview_verified=True|channel_6;nln_overview_verified=True
nln_emp_leave_one_speed_out,test_speed_100,nln_emp,nln_emp_motor_2_100_soft_foot_1_vibration,nln_emp_motor_2_100_soft_foot_1,test,Motor-2,vibration,vibration,100,unknown,motor_2_speed_100,looseness_soft_foot,2,fault,experimental,unknown,data/raw/nln_emp/Dataset/Vibration/Motor-2/100/soft foot 1/Vibration_Motor-2_100_time-soft foot 1-ch1.csv|data/raw/nln_emp/Dataset/Vibration/Motor-2/100/soft foot 1/Vibration_Motor-2_100_time-soft foot 1-ch2.csv|data/raw/nln_emp/Dataset/Vibration/Motor-2/100/soft foot 1/Vibration_Motor-2_100_time-soft foot 1-ch3.csv|data/raw/nln_emp/Dataset/Vibration/Motor-2/100/soft foot 1/Vibration_Motor-2_100_time-soft foot 1-ch4.csv|data/raw/nln_emp/Dataset/Vibration/Motor-2/100/soft foot 1/Vibration_Motor-2_100_time-soft foot 1-ch5.csv,False,channel_1;nln_overview_verified=True|channel_2;nln_overview_verified=True|channel_3;nln_overview_verified=True|channel_4;nln_overview_verified=True|channel_5;nln_overview_verified=True
nln_emp_leave_one_speed_out,test_speed_100,nln_emp,nln_emp_motor_2_100_soft_foot_2_current,nln_emp_motor_2_100_soft_foot_2,test,Motor-2,current,current,100,unknown,motor_2_speed_100,looseness_soft_foot,2,fault,experimental,unknown,data/raw/nln_emp/Dataset/Electric/Motor-2/100/soft foot 2/Electric_Motor-2_100_time-soft foot 2-ch1.csv|data/raw/nln_emp/Dataset/Electric/Motor-2/100/soft foot 2/Electric_Motor-2_100_time-soft foot 2-ch2.csv|data/raw/nln_emp/Dataset/Electric/Motor-2/100/soft foot 2/Electric_Motor-2_100_time-soft foot 2-ch3.csv|data/raw/nln_emp/Dataset/Electric/Motor-2/100/soft foot 2/Electric_Motor-2_100_time-soft foot 2-ch4.csv|data/raw/nln_emp/Dataset/Electric/Motor-2/100/soft foot 2/Electric_Motor-2_100_time-soft foot 2-ch5.csv|data/raw/nln_emp/Dataset/Electric/Motor-2/100/soft foot 2/Electric_Motor-2_100_time-soft foot 2-ch6.csv,False,channel_1;nln_overview_verified=True|channel_2;nln_overview_verified=True|channel_3;nln_overview_verified=True|channel_4;nln_overview_verified=True|channel_5;nln_overview_verified=True|channel_6;nln_overview_verified=True
nln_emp_leave_one_speed_out,test_speed_100,nln_emp,nln_emp_motor_2_100_soft_foot_2_vibration,nln_emp_motor_2_100_soft_foot_2,test,Motor-2,vibration,vibration,100,unknown,motor_2_speed_100,looseness_soft_foot,2,fault,experimental,unknown,data/raw/nln_emp/Dataset/Vibration/Motor-2/100/soft foot 2/Vibration_Motor-2_100_time-soft foot 2-ch1.csv|data/raw/nln_emp/Dataset/Vibration/Motor-2/100/soft foot 2/Vibration_Motor-2_100_time-soft foot 2-ch2.csv|data/raw/nln_emp/Dataset/Vibration/Motor-2/100/soft foot 2/Vibration_Motor-2_100_time-soft foot 2-ch3.csv|data/raw/nln_emp/Dataset/Vibration/Motor-2/100/soft foot 2/Vibration_Motor-2_100_time-soft foot 2-ch4.csv|data/raw/nln_emp/Dataset/Vibration/Motor-2/100/soft foot 2/Vibration_Motor-2_100_time-soft foot 2-ch5.csv,False,channel_1;nln_overview_verified=True|channel_2;nln_overview_verified=True|channel_3;nln_overview_verified=True|channel_4;nln_overview_verified=True|channel_5;nln_overview_verified=True
nln_emp_leave_one_speed_out,test_speed_100,nln_emp,nln_emp_motor_2_100_stator_short_1_current,nln_emp_motor_2_100_stator_short_1,test,Motor-2,current,current,100,unknown,motor_2_speed_100,stator_winding_fault,1,fault,experimental,unknown,data/raw/nln_emp/Dataset/Electric/Motor-2/100/stator short 1/Electric_Motor-2_100_time-stator short 1-ch1.csv|data/raw/nln_emp/Dataset/Electric/Motor-2/100/stator short 1/Electric_Motor-2_100_time-stator short 1-ch2.csv|data/raw/nln_emp/Dataset/Electric/Motor-2/100/stator short 1/Electric_Motor-2_100_time-stator short 1-ch3.csv|data/raw/nln_emp/Dataset/Electric/Motor-2/100/stator short 1/Electric_Motor-2_100_time-stator short 1-ch4.csv|data/raw/nln_emp/Dataset/Electric/Motor-2/100/stator short 1/Electric_Motor-2_100_time-stator short 1-ch5.csv|data/raw/nln_emp/Dataset/Electric/Motor-2/100/stator short 1/Electric_Motor-2_100_time-stator short 1-ch6.csv,False,channel_1;nln_overview_verified=True|channel_2;nln_overview_verified=True|channel_3;nln_overview_verified=True|channel_4;nln_overview_verified=True|channel_5;nln_overview_verified=True|channel_6;nln_overview_verified=True
nln_emp_leave_one_speed_out,test_speed_100,nln_emp,nln_emp_motor_2_100_stator_short_1_vibration,nln_emp_motor_2_100_stator_short_1,test,Motor-2,vibration,vibration,100,unknown,motor_2_speed_100,stator_winding_fault,1,fault,experimental,unknown,data/raw/nln_emp/Dataset/Vibration/Motor-2/100/stator short 1/Vibration_Motor-2_100_time-stator short 1-ch1.csv|data/raw/nln_emp/Dataset/Vibration/Motor-2/100/stator short 1/Vibration_Motor-2_100_time-stator short 1-ch2.csv|data/raw/nln_emp/Dataset/Vibration/Motor-2/100/stator short 1/Vibration_Motor-2_100_time-stator short 1-ch3.csv|data/raw/nln_emp/Dataset/Vibration/Motor-2/100/stator short 1/Vibration_Motor-2_100_time-stator short 1-ch4.csv|data/raw/nln_emp/Dataset/Vibration/Motor-2/100/stator short 1/Vibration_Motor-2_100_time-stator short 1-ch5.csv,False,channel_1;nln_overview_verified=True|channel_2;nln_overview_verified=True|channel_3;nln_overview_verified=True|channel_4;nln_overview_verified=True|channel_5;nln_overview_verified=True
nln_emp_leave_one_speed_out,test_speed_100,nln_emp,nln_emp_motor_2_100_stator_short_2_vibration,nln_emp_motor_2_100_stator_short_2,test,Motor-2,vibration,vibration,100,unknown,motor_2_speed_100,stator_winding_fault,1,fault,experimental,unknown,data/raw/nln_emp/Dataset/Vibration/Motor-2/100/stator short 2/Vibration_Motor-2_100_time-stator short 2-ch1.csv|data/raw/nln_emp/Dataset/Vibration/Motor-2/100/stator short 2/Vibration_Motor-2_100_time-stator short 2-ch2.csv|data/raw/nln_emp/Dataset/Vibration/Motor-2/100/stator short 2/Vibration_Motor-2_100_time-stator short 2-ch3.csv|data/raw/nln_emp/Dataset/Vibration/Motor-2/100/stator short 2/Vibration_Motor-2_100_time-stator short 2-ch4.csv|data/raw/nln_emp/Dataset/Vibration/Motor-2/100/stator short 2/Vibration_Motor-2_100_time-stator short 2-ch5.csv,False,channel_1;nln_overview_verified=True|channel_2;nln_overview_verified=True|channel_3;nln_overview_verified=True|channel_4;nln_overview_verified=True|channel_5;nln_overview_verified=True
nln_emp_leave_one_speed_out,test_speed_50,nln_emp,nln_emp_motor_2_100_bearing_bpfi_1_current,nln_emp_motor_2_100_bearing_bpfi_1,val,Motor-2,current,current,100,unknown,motor_2_speed_100,bearing_inner_race,2,fault,experimental,unknown,data/raw/nln_emp/Dataset/Electric/Motor-2/100/bearing bpfi 1/Electric_Motor-2_100_time-bearing bpfi 1-ch1.csv|data/raw/nln_emp/Dataset/Electric/Motor-2/100/bearing bpfi 1/Electric_Motor-2_100_time-bearing bpfi 1-ch2.csv|data/raw/nln_emp/Dataset/Electric/Motor-2/100/bearing bpfi 1/Electric_Motor-2_100_time-bearing bpfi 1-ch3.csv|data/raw/nln_emp/Dataset/Electric/Motor-2/100/bearing bpfi 1/Electric_Motor-2_100_time-bearing bpfi 1-ch4.csv|data/raw/nln_emp/Dataset/Electric/Motor-2/100/bearing bpfi 1/Electric_Motor-2_100_time-bearing bpfi 1-ch5.csv|data/raw/nln_emp/Dataset/Electric/Motor-2/100/bearing bpfi 1/Electric_Motor-2_100_time-bearing bpfi 1-ch6.csv,False,channel_1;nln_overview_verified=True|channel_2;nln_overview_verified=True|channel_3;nln_overview_verified=True|channel_4;nln_overview_verified=True|channel_5;nln_overview_verified=True|channel_6;nln_overview_verified=True
nln_emp_leave_one_speed_out,test_speed_50,nln_emp,nln_emp_motor_2_100_bearing_bpfi_1_vibration,nln_emp_motor_2_100_bearing_bpfi_1,val,Motor-2,vibration,vibration,100,unknown,motor_2_speed_100,bearing_inner_race,2,fault,experimental,unknown,data/raw/nln_emp/Dataset/Vibration/Motor-2/100/bearing bpfi 1/Vibration_Motor-2_100_time-bearing bpfi 1-ch1.csv|data/raw/nln_emp/Dataset/Vibration/Motor-2/100/bearing bpfi 1/Vibration_Motor-2_100_time-bearing bpfi 1-ch2.csv|data/raw/nln_emp/Dataset/Vibration/Motor-2/100/bearing bpfi 1/Vibration_Motor-2_100_time-bearing bpfi 1-ch3.csv|data/raw/nln_emp/Dataset/Vibration/Motor-2/100/bearing bpfi 1/Vibration_Motor-2_100_time-bearing bpfi 1-ch4.csv|data/raw/nln_emp/Dataset/Vibration/Motor-2/100/bearing bpfi 1/Vibration_Motor-2_100_time-bearing bpfi 1-ch5.csv,False,channel_1;nln_overview_verified=True|channel_2;nln_overview_verified=True|channel_3;nln_overview_verified=True|channel_4;nln_overview_verified=True|channel_5;nln_overview_verified=True
nln_emp_leave_one_speed_out,test_speed_50,nln_emp,nln_emp_motor_2_100_bearing_bpfi_2_current,nln_emp_motor_2_100_bearing_bpfi_2,train,Motor-2,current,current,100,unknown,motor_2_speed_100,bearing_inner_race,2,fault,experimental,unknown,data/raw/nln_emp/Dataset/Electric/Motor-2/100/bearing bpfi 2/Electric_Motor-2_100_time-bearing bpfi 2-ch1.csv|data/raw/nln_emp/Dataset/Electric/Motor-2/100/bearing bpfi 2/Electric_Motor-2_100_time-bearing bpfi 2-ch2.csv|data/raw/nln_emp/Dataset/Electric/Motor-2/100/bearing bpfi 2/Electric_Motor-2_100_time-bearing bpfi 2-ch3.csv|data/raw/nln_emp/Dataset/Electric/Motor-2/100/bearing bpfi 2/Electric_Motor-2_100_time-bearing bpfi 2-ch4.csv|data/raw/nln_emp/Dataset/Electric/Motor-2/100/bearing bpfi 2/Electric_Motor-2_100_time-bearing bpfi 2-ch5.csv|data/raw/nln_emp/Dataset/Electric/Motor-2/100/bearing bpfi 2/Electric_Motor-2_100_time-bearing bpfi 2-ch6.csv,False,channel_1;nln_overview_verified=True|channel_2;nln_overview_verified=True|channel_3;nln_overview_verified=True|channel_4;nln_overview_verified=True|channel_5;nln_overview_verified=True|channel_6;nln_overview_verified=True
nln_emp_leave_one_speed_out,test_speed_50,nln_emp,nln_emp_motor_2_100_bearing_bpfi_2_vibration,nln_emp_motor_2_100_bearing_bpfi_2,train,Motor-2,vibration,vibration,100,unknown,motor_2_speed_100,bearing_inner_race,2,fault,experimental,unknown,data/raw/nln_emp/Dataset/Vibration/Motor-2/100/bearing bpfi 2/Vibration_Motor-2_100_time-bearing bpfi 2-ch1.csv|data/raw/nln_emp/Dataset/Vibration/Motor-2/100/bearing bpfi 2/Vibration_Motor-2_100_time-bearing bpfi 2-ch2.csv|data/raw/nln_emp/Dataset/Vibration/Motor-2/100/bearing bpfi 2/Vibration_Motor-2_100_time-bearing bpfi 2-ch3.csv|data/raw/nln_emp/Dataset/Vibration/Motor-2/100/bearing bpfi 2/Vibration_Motor-2_100_time-bearing bpfi 2-ch4.csv|data/raw/nln_emp/Dataset/Vibration/Motor-2/100/bearing bpfi 2/Vibration_Motor-2_100_time-bearing bpfi 2-ch5.csv,False,channel_1;nln_overview_verified=True|channel_2;nln_overview_verified=True|channel_3;nln_overview_verified=True|channel_4;nln_overview_verified=True|channel_5;nln_overview_verified=True
nln_emp_leave_one_speed_out,test_speed_50,nln_emp,nln_emp_motor_2_100_bearing_bpfi_3_current,nln_emp_motor_2_100_bearing_bpfi_3,train,Motor-2,current,current,100,unknown,motor_2_speed_100,bearing_inner_race,2,fault,experimental,unknown,data/raw/nln_emp/Dataset/Electric/Motor-2/100/bearing bpfi 3/Electric_Motor-2_100_time-bearing bpfi 3-ch1.csv|data/raw/nln_emp/Dataset/Electric/Motor-2/100/bearing bpfi 3/Electric_Motor-2_100_time-bearing bpfi 3-ch2.csv|data/raw/nln_emp/Dataset/Electric/Motor-2/100/bearing bpfi 3/Electric_Motor-2_100_time-bearing bpfi 3-ch3.csv|data/raw/nln_emp/Dataset/Electric/Motor-2/100/bearing bpfi 3/Electric_Motor-2_100_time-bearing bpfi 3-ch4.csv|data/raw/nln_emp/Dataset/Electric/Motor-2/100/bearing bpfi 3/Electric_Motor-2_100_time-bearing bpfi 3-ch5.csv|data/raw/nln_emp/Dataset/Electric/Motor-2/100/bearing bpfi 3/Electric_Motor-2_100_time-bearing bpfi 3-ch6.csv,False,channel_1;nln_overview_verified=True|channel_2;nln_overview_verified=True|channel_3;nln_overview_verified=True|channel_4;nln_overview_verified=True|channel_5;nln_overview_verified=True|channel_6;nln_overview_verified=True
nln_emp_leave_one_speed_out,test_speed_50,nln_emp,nln_emp_motor_2_100_bearing_bpfi_3_vibration,nln_emp_motor_2_100_bearing_bpfi_3,train,Motor-2,vibration,vibration,100,unknown,motor_2_speed_100,bearing_inner_race,2,fault,experimental,unknown,data/raw/nln_emp/Dataset/Vibration/Motor-2/100/bearing bpfi 3/Vibration_Motor-2_100_time-bearing bpfi 3-ch1.csv|data/raw/nln_emp/Dataset/Vibration/Motor-2/100/bearing bpfi 3/Vibration_Motor-2_100_time-bearing bpfi 3-ch2.csv|data/raw/nln_emp/Dataset/Vibration/Motor-2/100/bearing bpfi 3/Vibration_Motor-2_100_time-bearing bpfi 3-ch3.csv|data/raw/nln_emp/Dataset/Vibration/Motor-2/100/bearing bpfi 3/Vibration_Motor-2_100_time-bearing bpfi 3-ch4.csv|data/raw/nln_emp/Dataset/Vibration/Motor-2/100/bearing bpfi 3/Vibration_Motor-2_100_time-bearing bpfi 3-ch5.csv,False,channel_1;nln_overview_verified=True|channel_2;nln_overview_verified=True|channel_3;nln_overview_verified=True|channel_4;nln_overview_verified=True|channel_5;nln_overview_verified=True
nln_emp_leave_one_speed_out,test_speed_50,nln_emp,nln_emp_motor_2_100_bearing_bpfo_1_current,nln_emp_motor_2_100_bearing_bpfo_1,train,Motor-2,current,current,100,unknown,motor_2_speed_100,bearing_outer_race,1,fault,experimental,unknown,data/raw/nln_emp/Dataset/Electric/Motor-2/100/bearing bpfo 1/Electric_Motor-2_100_time-bearing bpfo 1-ch1.csv|data/raw/nln_emp/Dataset/Electric/Motor-2/100/bearing bpfo 1/Electric_Motor-2_100_time-bearing bpfo 1-ch2.csv|data/raw/nln_emp/Dataset/Electric/Motor-2/100/bearing bpfo 1/Electric_Motor-2_100_time-bearing bpfo 1-ch3.csv|data/raw/nln_emp/Dataset/Electric/Motor-2/100/bearing bpfo 1/Electric_Motor-2_100_time-bearing bpfo 1-ch4.csv|data/raw/nln_emp/Dataset/Electric/Motor-2/100/bearing bpfo 1/Electric_Motor-2_100_time-bearing bpfo 1-ch5.csv|data/raw/nln_emp/Dataset/Electric/Motor-2/100/bearing bpfo 1/Electric_Motor-2_100_time-bearing bpfo 1-ch6.csv,False,channel_1;nln_overview_verified=True|channel_2;nln_overview_verified=True|channel_3;nln_overview_verified=True|channel_4;nln_overview_verified=True|channel_5;nln_overview_verified=True|channel_6;nln_overview_verified=True
nln_emp_leave_one_speed_out,test_speed_50,nln_emp,nln_emp_motor_2_100_bearing_bpfo_1_vibration,nln_emp_motor_2_100_bearing_bpfo_1,train,Motor-2,vibration,vibration,100,unknown,motor_2_speed_100,bearing_outer_race,1,fault,experimental,unknown,data/raw/nln_emp/Dataset/Vibration/Motor-2/100/bearing bpfo 1/Vibration_Motor-2_100_time-bearing bpfo 1-ch1.csv|data/raw/nln_emp/Dataset/Vibration/Motor-2/100/bearing bpfo 1/Vibration_Motor-2_100_time-bearing bpfo 1-ch2.csv|data/raw/nln_emp/Dataset/Vibration/Motor-2/100/bearing bpfo 1/Vibration_Motor-2_100_time-bearing bpfo 1-ch3.csv|data/raw/nln_emp/Dataset/Vibration/Motor-2/100/bearing bpfo 1/Vibration_Motor-2_100_time-bearing bpfo 1-ch4.csv|data/raw/nln_emp/Dataset/Vibration/Motor-2/100/bearing bpfo 1/Vibration_Motor-2_100_time-bearing bpfo 1-ch5.csv,False,channel_1;nln_overview_verified=True|channel_2;nln_overview_verified=True|channel_3;nln_overview_verified=True|channel_4;nln_overview_verified=True|channel_5;nln_overview_verified=True
nln_emp_leave_one_speed_out,test_speed_50,nln_emp,nln_emp_motor_2_100_bearing_bpfo_2_current,nln_emp_motor_2_100_bearing_bpfo_2,train,Motor-2,current,current,100,unknown,motor_2_speed_100,bearing_outer_race,1,fault,experimental,unknown,data/raw/nln_emp/Dataset/Electric/Motor-2/100/bearing bpfo 2/Electric_Motor-2_100_time-bearing bpfo 2-ch1.csv|data/raw/nln_emp/Dataset/Electric/Motor-2/100/bearing bpfo 2/Electric_Motor-2_100_time-bearing bpfo 2-ch2.csv|data/raw/nln_emp/Dataset/Electric/Motor-2/100/bearing bpfo 2/Electric_Motor-2_100_time-bearing bpfo 2-ch3.csv|data/raw/nln_emp/Dataset/Electric/Motor-2/100/bearing bpfo 2/Electric_Motor-2_100_time-bearing bpfo 2-ch4.csv|data/raw/nln_emp/Dataset/Electric/Motor-2/100/bearing bpfo 2/Electric_Motor-2_100_time-bearing bpfo 2-ch5.csv|data/raw/nln_emp/Dataset/Electric/Motor-2/100/bearing bpfo 2/Electric_Motor-2_100_time-bearing bpfo 2-ch6.csv,False,channel_1;nln_overview_verified=True|channel_2;nln_overview_verified=True|channel_3;nln_overview_verified=True|channel_4;nln_overview_verified=True|channel_5;nln_overview_verified=True|channel_6;nln_overview_verified=True
nln_emp_leave_one_speed_out,test_speed_50,nln_emp,nln_emp_motor_2_100_bearing_bpfo_2_vibration,nln_emp_motor_2_100_bearing_bpfo_2,train,Motor-2,vibration,vibration,100,unknown,motor_2_speed_100,bearing_outer_race,1,fault,experimental,unknown,data/raw/nln_emp/Dataset/Vibration/Motor-2/100/bearing bpfo 2/Vibration_Motor-2_100_time-bearing bpfo 2-ch1.csv|data/raw/nln_emp/Dataset/Vibration/Motor-2/100/bearing bpfo 2/Vibration_Motor-2_100_time-bearing bpfo 2-ch2.csv|data/raw/nln_emp/Dataset/Vibration/Motor-2/100/bearing bpfo 2/Vibration_Motor-2_100_time-bearing bpfo 2-ch3.csv|data/raw/nln_emp/Dataset/Vibration/Motor-2/100/bearing bpfo 2/Vibration_Motor-2_100_time-bearing bpfo 2-ch4.csv|data/raw/nln_emp/Dataset/Vibration/Motor-2/100/bearing bpfo 2/Vibration_Motor-2_100_time-bearing bpfo 2-ch5.csv,False,channel_1;nln_overview_verified=True|channel_2;nln_overview_verified=True|channel_3;nln_overview_verified=True|channel_4;nln_overview_verified=True|channel_5;nln_overview_verified=True
nln_emp_leave_one_speed_out,test_speed_50,nln_emp,nln_emp_motor_2_100_bearing_bpfo_3_current,nln_emp_motor_2_100_bearing_bpfo_3,train,Motor-2,current,current,100,unknown,motor_2_speed_100,bearing_outer_race,1,fault,experimental,unknown,data/raw/nln_emp/Dataset/Electric/Motor-2/100/bearing bpfo 3/Electric_Motor-2_100_time-bearing bpfo 3-ch1.csv|data/raw/nln_emp/Dataset/Electric/Motor-2/100/bearing bpfo 3/Electric_Motor-2_100_time-bearing bpfo 3-ch2.csv|data/raw/nln_emp/Dataset/Electric/Motor-2/100/bearing bpfo 3/Electric_Motor-2_100_time-bearing bpfo 3-ch3.csv|data/raw/nln_emp/Dataset/Electric/Motor-2/100/bearing bpfo 3/Electric_Motor-2_100_time-bearing bpfo 3-ch4.csv|data/raw/nln_emp/Dataset/Electric/Motor-2/100/bearing bpfo 3/Electric_Motor-2_100_time-bearing bpfo 3-ch5.csv|data/raw/nln_emp/Dataset/Electric/Motor-2/100/bearing bpfo 3/Electric_Motor-2_100_time-bearing bpfo 3-ch6.csv,False,channel_1;nln_overview_verified=True|channel_2;nln_overview_verified=True|channel_3;nln_overview_verified=True|channel_4;nln_overview_verified=True|channel_5;nln_overview_verified=True|channel_6;nln_overview_verified=True
nln_emp_leave_one_speed_out,test_speed_50,nln_emp,nln_emp_motor_2_100_bearing_bpfo_3_vibration,nln_emp_motor_2_100_bearing_bpfo_3,train,Motor-2,vibration,vibration,100,unknown,motor_2_speed_100,bearing_outer_race,1,fault,experimental,unknown,data/raw/nln_emp/Dataset/Vibration/Motor-2/100/bearing bpfo 3/Vibration_Motor-2_100_time-bearing bpfo 3-ch1.csv|data/raw/nln_emp/Dataset/Vibration/Motor-2/100/bearing bpfo 3/Vibration_Motor-2_100_time-bearing bpfo 3-ch2.csv|data/raw/nln_emp/Dataset/Vibration/Motor-2/100/bearing bpfo 3/Vibration_Motor-2_100_time-bearing bpfo 3-ch3.csv|data/raw/nln_emp/Dataset/Vibration/Motor-2/100/bearing bpfo 3/Vibration_Motor-2_100_time-bearing bpfo 3-ch4.csv|data/raw/nln_emp/Dataset/Vibration/Motor-2/100/bearing bpfo 3/Vibration_Motor-2_100_time-bearing bpfo 3-ch5.csv,False,channel_1;nln_overview_verified=True|channel_2;nln_overview_verified=True|channel_3;nln_overview_verified=True|channel_4;nln_overview_verified=True|channel_5;nln_overview_verified=True
nln_emp_leave_one_speed_out,test_speed_50,nln_emp,nln_emp_motor_2_100_bearing_bsf_current,nln_emp_motor_2_100_bearing_bsf,train,Motor-2,current,current,100,unknown,motor_2_speed_100,bearing_ball_spin,unknown,fault,experimental,unknown,data/raw/nln_emp/Dataset/Electric/Motor-2/100/bearing bsf/Electric_Motor-2_100_time-bearing bsf-ch1.csv|data/raw/nln_emp/Dataset/Electric/Motor-2/100/bearing bsf/Electric_Motor-2_100_time-bearing bsf-ch2.csv|data/raw/nln_emp/Dataset/Electric/Motor-2/100/bearing bsf/Electric_Motor-2_100_time-bearing bsf-ch3.csv|data/raw/nln_emp/Dataset/Electric/Motor-2/100/bearing bsf/Electric_Motor-2_100_time-bearing bsf-ch4.csv|data/raw/nln_emp/Dataset/Electric/Motor-2/100/bearing bsf/Electric_Motor-2_100_time-bearing bsf-ch5.csv|data/raw/nln_emp/Dataset/Electric/Motor-2/100/bearing bsf/Electric_Motor-2_100_time-bearing bsf-ch6.csv,False,channel_1;nln_overview_verified=True|channel_2;nln_overview_verified=True|channel_3;nln_overview_verified=True|channel_4;nln_overview_verified=True|channel_5;nln_overview_verified=True|channel_6;nln_overview_verified=True
nln_emp_leave_one_speed_out,test_speed_50,nln_emp,nln_emp_motor_2_100_bearing_bsf_vibration,nln_emp_motor_2_100_bearing_bsf,train,Motor-2,vibration,vibration,100,unknown,motor_2_speed_100,bearing_ball_spin,unknown,fault,experimental,unknown,data/raw/nln_emp/Dataset/Vibration/Motor-2/100/bearing bsf/Vibration_Motor-2_100_time-bearing bsf-ch1.csv|data/raw/nln_emp/Dataset/Vibration/Motor-2/100/bearing bsf/Vibration_Motor-2_100_time-bearing bsf-ch2.csv|data/raw/nln_emp/Dataset/Vibration/Motor-2/100/bearing bsf/Vibration_Motor-2_100_time-bearing bsf-ch3.csv|data/raw/nln_emp/Dataset/Vibration/Motor-2/100/bearing bsf/Vibration_Motor-2_100_time-bearing bsf-ch4.csv|data/raw/nln_emp/Dataset/Vibration/Motor-2/100/bearing bsf/Vibration_Motor-2_100_time-bearing bsf-ch5.csv,False,channel_1;nln_overview_verified=True|channel_2;nln_overview_verified=True|channel_3;nln_overview_verified=True|channel_4;nln_overview_verified=True|channel_5;nln_overview_verified=True
nln_emp_leave_one_speed_out,test_speed_50,nln_emp,nln_emp_motor_2_100_bearing_contaminated_current,nln_emp_motor_2_100_bearing_contaminated,train,Motor-2,current,current,100,unknown,motor_2_speed_100,bearing_contamination,unknown,fault,experimental,unknown,data/raw/nln_emp/Dataset/Electric/Motor-2/100/bearing contaminated/Electric_Motor-2_100_time-bearing contaminated-ch1.csv|data/raw/nln_emp/Dataset/Electric/Motor-2/100/bearing contaminated/Electric_Motor-2_100_time-bearing contaminated-ch2.csv|data/raw/nln_emp/Dataset/Electric/Motor-2/100/bearing contaminated/Electric_Motor-2_100_time-bearing contaminated-ch3.csv|data/raw/nln_emp/Dataset/Electric/Motor-2/100/bearing contaminated/Electric_Motor-2_100_time-bearing contaminated-ch4.csv|data/raw/nln_emp/Dataset/Electric/Motor-2/100/bearing contaminated/Electric_Motor-2_100_time-bearing contaminated-ch5.csv|data/raw/nln_emp/Dataset/Electric/Motor-2/100/bearing contaminated/Electric_Motor-2_100_time-bearing contaminated-ch6.csv,False,channel_1;nln_overview_verified=True|channel_2;nln_overview_verified=True|channel_3;nln_overview_verified=True|channel_4;nln_overview_verified=True|channel_5;nln_overview_verified=True|channel_6;nln_overview_verified=True
nln_emp_leave_one_speed_out,test_speed_50,nln_emp,nln_emp_motor_2_100_bearing_contaminated_vibration,nln_emp_motor_2_100_bearing_contaminated,train,Motor-2,vibration,vibration,100,unknown,motor_2_speed_100,bearing_contamination,unknown,fault,experimental,unknown,data/raw/nln_emp/Dataset/Vibration/Motor-2/100/bearing contaminated/Vibration_Motor-2_100_time-bearing contaminated-ch1.csv|data/raw/nln_emp/Dataset/Vibration/Motor-2/100/bearing contaminated/Vibration_Motor-2_100_time-bearing contaminated-ch2.csv|data/raw/nln_emp/Dataset/Vibration/Motor-2/100/bearing contaminated/Vibration_Motor-2_100_time-bearing contaminated-ch3.csv|data/raw/nln_emp/Dataset/Vibration/Motor-2/100/bearing contaminated/Vibration_Motor-2_100_time-bearing contaminated-ch4.csv|data/raw/nln_emp/Dataset/Vibration/Motor-2/100/bearing contaminated/Vibration_Motor-2_100_time-bearing contaminated-ch5.csv,False,channel_1;nln_overview_verified=True|channel_2;nln_overview_verified=True|channel_3;nln_overview_verified=True|channel_4;nln_overview_verified=True|channel_5;nln_overview_verified=True
nln_emp_leave_one_speed_out,test_speed_50,nln_emp,nln_emp_motor_2_100_bearing_pump_1_current,nln_emp_motor_2_100_bearing_pump_1,train,Motor-2,current,current,100,unknown,motor_2_speed_100,bearing_ball,2,fault,experimental,unknown,data/raw/nln_emp/Dataset/Electric/Motor-2/100/bearing pump 1/Electric_Motor-2_100_time-bearing pump 1-ch1.csv|data/raw/nln_emp/Dataset/Electric/Motor-2/100/bearing pump 1/Electric_Motor-2_100_time-bearing pump 1-ch2.csv|data/raw/nln_emp/Dataset/Electric/Motor-2/100/bearing pump 1/Electric_Motor-2_100_time-bearing pump 1-ch3.csv|data/raw/nln_emp/Dataset/Electric/Motor-2/100/bearing pump 1/Electric_Motor-2_100_time-bearing pump 1-ch4.csv|data/raw/nln_emp/Dataset/Electric/Motor-2/100/bearing pump 1/Electric_Motor-2_100_time-bearing pump 1-ch5.csv|data/raw/nln_emp/Dataset/Electric/Motor-2/100/bearing pump 1/Electric_Motor-2_100_time-bearing pump 1-ch6.csv,False,channel_1;nln_overview_verified=True|channel_2;nln_overview_verified=True|channel_3;nln_overview_verified=True|channel_4;nln_overview_verified=True|channel_5;nln_overview_verified=True|channel_6;nln_overview_verified=True
nln_emp_leave_one_speed_out,test_speed_50,nln_emp,nln_emp_motor_2_100_bearing_pump_1_vibration,nln_emp_motor_2_100_bearing_pump_1,train,Motor-2,vibration,vibration,100,unknown,motor_2_speed_100,bearing_ball,2,fault,experimental,unknown,data/raw/nln_emp/Dataset/Vibration/Motor-2/100/bearing pump 1/Vibration_Motor-2_100_time-bearing pump 1-ch1.csv|data/raw/nln_emp/Dataset/Vibration/Motor-2/100/bearing pump 1/Vibration_Motor-2_100_time-bearing pump 1-ch2.csv|data/raw/nln_emp/Dataset/Vibration/Motor-2/100/bearing pump 1/Vibration_Motor-2_100_time-bearing pump 1-ch3.csv|data/raw/nln_emp/Dataset/Vibration/Motor-2/100/bearing pump 1/Vibration_Motor-2_100_time-bearing pump 1-ch4.csv|data/raw/nln_emp/Dataset/Vibration/Motor-2/100/bearing pump 1/Vibration_Motor-2_100_time-bearing pump 1-ch5.csv,False,channel_1;nln_overview_verified=True|channel_2;nln_overview_verified=True|channel_3;nln_overview_verified=True|channel_4;nln_overview_verified=True|channel_5;nln_overview_verified=True
nln_emp_leave_one_speed_out,test_speed_50,nln_emp,nln_emp_motor_2_100_bearing_pump_2_current,nln_emp_motor_2_100_bearing_pump_2,train,Motor-2,current,current,100,unknown,motor_2_speed_100,bearing_ball,2,fault,experimental,unknown,data/raw/nln_emp/Dataset/Electric/Motor-2/100/bearing pump 2/Electric_Motor-2_100_time-bearing pump 2-ch1.csv|data/raw/nln_emp/Dataset/Electric/Motor-2/100/bearing pump 2/Electric_Motor-2_100_time-bearing pump 2-ch2.csv|data/raw/nln_emp/Dataset/Electric/Motor-2/100/bearing pump 2/Electric_Motor-2_100_time-bearing pump 2-ch3.csv|data/raw/nln_emp/Dataset/Electric/Motor-2/100/bearing pump 2/Electric_Motor-2_100_time-bearing pump 2-ch4.csv|data/raw/nln_emp/Dataset/Electric/Motor-2/100/bearing pump 2/Electric_Motor-2_100_time-bearing pump 2-ch5.csv|data/raw/nln_emp/Dataset/Electric/Motor-2/100/bearing pump 2/Electric_Motor-2_100_time-bearing pump 2-ch6.csv,False,channel_1;nln_overview_verified=True|channel_2;nln_overview_verified=True|channel_3;nln_overview_verified=True|channel_4;nln_overview_verified=True|channel_5;nln_overview_verified=True|channel_6;nln_overview_verified=True
nln_emp_leave_one_speed_out,test_speed_50,nln_emp,nln_emp_motor_2_100_bearing_pump_2_vibration,nln_emp_motor_2_100_bearing_pump_2,train,Motor-2,vibration,vibration,100,unknown,motor_2_speed_100,bearing_ball,2,fault,experimental,unknown,data/raw/nln_emp/Dataset/Vibration/Motor-2/100/bearing pump 2/Vibration_Motor-2_100_time-bearing pump 2-ch1.csv|data/raw/nln_emp/Dataset/Vibration/Motor-2/100/bearing pump 2/Vibration_Motor-2_100_time-bearing pump 2-ch2.csv|data/raw/nln_emp/Dataset/Vibration/Motor-2/100/bearing pump 2/Vibration_Motor-2_100_time-bearing pump 2-ch3.csv|data/raw/nln_emp/Dataset/Vibration/Motor-2/100/bearing pump 2/Vibration_Motor-2_100_time-bearing pump 2-ch4.csv|data/raw/nln_emp/Dataset/Vibration/Motor-2/100/bearing pump 2/Vibration_Motor-2_100_time-bearing pump 2-ch5.csv,False,channel_1;nln_overview_verified=True|channel_2;nln_overview_verified=True|channel_3;nln_overview_verified=True|channel_4;nln_overview_verified=True|channel_5;nln_overview_verified=True
nln_emp_leave_one_speed_out,test_speed_50,nln_emp,nln_emp_motor_2_100_bearing_pump_3_current,nln_emp_motor_2_100_bearing_pump_3,val,Motor-2,current,current,100,unknown,motor_2_speed_100,bearing_ball,2,fault,experimental,unknown,data/raw/nln_emp/Dataset/Electric/Motor-2/100/bearing pump 3/Electric_Motor-2_100_time-bearing pump 3-ch1.csv|data/raw/nln_emp/Dataset/Electric/Motor-2/100/bearing pump 3/Electric_Motor-2_100_time-bearing pump 3-ch2.csv|data/raw/nln_emp/Dataset/Electric/Motor-2/100/bearing pump 3/Electric_Motor-2_100_time-bearing pump 3-ch3.csv|data/raw/nln_emp/Dataset/Electric/Motor-2/100/bearing pump 3/Electric_Motor-2_100_time-bearing pump 3-ch4.csv|data/raw/nln_emp/Dataset/Electric/Motor-2/100/bearing pump 3/Electric_Motor-2_100_time-bearing pump 3-ch5.csv|data/raw/nln_emp/Dataset/Electric/Motor-2/100/bearing pump 3/Electric_Motor-2_100_time-bearing pump 3-ch6.csv,False,channel_1;nln_overview_verified=True|channel_2;nln_overview_verified=True|channel_3;nln_overview_verified=True|channel_4;nln_overview_verified=True|channel_5;nln_overview_verified=True|channel_6;nln_overview_verified=True
nln_emp_leave_one_speed_out,test_speed_50,nln_emp,nln_emp_motor_2_100_bearing_pump_3_vibration,nln_emp_motor_2_100_bearing_pump_3,val,Motor-2,vibration,vibration,100,unknown,motor_2_speed_100,bearing_ball,2,fault,experimental,unknown,data/raw/nln_emp/Dataset/Vibration/Motor-2/100/bearing pump 3/Vibration_Motor-2_100_time-bearing pump 3-ch1.csv|data/raw/nln_emp/Dataset/Vibration/Motor-2/100/bearing pump 3/Vibration_Motor-2_100_time-bearing pump 3-ch2.csv|data/raw/nln_emp/Dataset/Vibration/Motor-2/100/bearing pump 3/Vibration_Motor-2_100_time-bearing pump 3-ch3.csv|data/raw/nln_emp/Dataset/Vibration/Motor-2/100/bearing pump 3/Vibration_Motor-2_100_time-bearing pump 3-ch4.csv|data/raw/nln_emp/Dataset/Vibration/Motor-2/100/bearing pump 3/Vibration_Motor-2_100_time-bearing pump 3-ch5.csv,False,channel_1;nln_overview_verified=True|channel_2;nln_overview_verified=True|channel_3;nln_overview_verified=True|channel_4;nln_overview_verified=True|channel_5;nln_overview_verified=True
nln_emp_leave_one_speed_out,test_speed_50,nln_emp,nln_emp_motor_2_100_broken_rotor_bar_current,nln_emp_motor_2_100_broken_rotor_bar,train,Motor-2,current,current,100,unknown,motor_2_speed_100,rotor_fault,unknown,fault,experimental,unknown,data/raw/nln_emp/Dataset/Electric/Motor-2/100/broken rotor bar/Electric_Motor-2_100_time-broken rotor bar-ch1.csv|data/raw/nln_emp/Dataset/Electric/Motor-2/100/broken rotor bar/Electric_Motor-2_100_time-broken rotor bar-ch2.csv|data/raw/nln_emp/Dataset/Electric/Motor-2/100/broken rotor bar/Electric_Motor-2_100_time-broken rotor bar-ch3.csv|data/raw/nln_emp/Dataset/Electric/Motor-2/100/broken rotor bar/Electric_Motor-2_100_time-broken rotor bar-ch4.csv|data/raw/nln_emp/Dataset/Electric/Motor-2/100/broken rotor bar/Electric_Motor-2_100_time-broken rotor bar-ch5.csv|data/raw/nln_emp/Dataset/Electric/Motor-2/100/broken rotor bar/Electric_Motor-2_100_time-broken rotor bar-ch6.csv,False,channel_1;nln_overview_verified=True|channel_2;nln_overview_verified=True|channel_3;nln_overview_verified=True|channel_4;nln_overview_verified=True|channel_5;nln_overview_verified=True|channel_6;nln_overview_verified=True
nln_emp_leave_one_speed_out,test_speed_50,nln_emp,nln_emp_motor_2_100_broken_rotor_bar_vibration,nln_emp_motor_2_100_broken_rotor_bar,train,Motor-2,vibration,vibration,100,unknown,motor_2_speed_100,rotor_fault,unknown,fault,experimental,unknown,data/raw/nln_emp/Dataset/Vibration/Motor-2/100/broken rotor bar/Vibration_Motor-2_100_time-broken rotor bar-ch1.csv|data/raw/nln_emp/Dataset/Vibration/Motor-2/100/broken rotor bar/Vibration_Motor-2_100_time-broken rotor bar-ch2.csv|data/raw/nln_emp/Dataset/Vibration/Motor-2/100/broken rotor bar/Vibration_Motor-2_100_time-broken rotor bar-ch3.csv|data/raw/nln_emp/Dataset/Vibration/Motor-2/100/broken rotor bar/Vibration_Motor-2_100_time-broken rotor bar-ch4.csv|data/raw/nln_emp/Dataset/Vibration/Motor-2/100/broken rotor bar/Vibration_Motor-2_100_time-broken rotor bar-ch5.csv,False,channel_1;nln_overview_verified=True|channel_2;nln_overview_verified=True|channel_3;nln_overview_verified=True|channel_4;nln_overview_verified=True|channel_5;nln_overview_verified=True
nln_emp_leave_one_speed_out,test_speed_50,nln_emp,nln_emp_motor_2_100_healthy_1_current,nln_emp_motor_2_100_healthy_1,train,Motor-2,current,current,100,unknown,motor_2_speed_100,healthy,0,healthy,experimental,unknown,data/raw/nln_emp/Dataset/Electric/Motor-2/100/healthy 1/Electric_Motor-2_100_time-healthy 1-ch1.csv|data/raw/nln_emp/Dataset/Electric/Motor-2/100/healthy 1/Electric_Motor-2_100_time-healthy 1-ch2.csv|data/raw/nln_emp/Dataset/Electric/Motor-2/100/healthy 1/Electric_Motor-2_100_time-healthy 1-ch3.csv|data/raw/nln_emp/Dataset/Electric/Motor-2/100/healthy 1/Electric_Motor-2_100_time-healthy 1-ch4.csv|data/raw/nln_emp/Dataset/Electric/Motor-2/100/healthy 1/Electric_Motor-2_100_time-healthy 1-ch5.csv|data/raw/nln_emp/Dataset/Electric/Motor-2/100/healthy 1/Electric_Motor-2_100_time-healthy 1-ch6.csv,False,channel_1;nln_overview_verified=True|channel_2;nln_overview_verified=True|channel_3;nln_overview_verified=True|channel_4;nln_overview_verified=True|channel_5;nln_overview_verified=True|channel_6;nln_overview_verified=True
nln_emp_leave_one_speed_out,test_speed_50,nln_emp,nln_emp_motor_2_100_healthy_1_vibration,nln_emp_motor_2_100_healthy_1,train,Motor-2,vibration,vibration,100,unknown,motor_2_speed_100,healthy,0,healthy,experimental,unknown,data/raw/nln_emp/Dataset/Vibration/Motor-2/100/healthy 1/Vibration_Motor-2_100_time-healthy 1-ch1.csv|data/raw/nln_emp/Dataset/Vibration/Motor-2/100/healthy 1/Vibration_Motor-2_100_time-healthy 1-ch2.csv|data/raw/nln_emp/Dataset/Vibration/Motor-2/100/healthy 1/Vibration_Motor-2_100_time-healthy 1-ch3.csv|data/raw/nln_emp/Dataset/Vibration/Motor-2/100/healthy 1/Vibration_Motor-2_100_time-healthy 1-ch4.csv|data/raw/nln_emp/Dataset/Vibration/Motor-2/100/healthy 1/Vibration_Motor-2_100_time-healthy 1-ch5.csv,False,channel_1;nln_overview_verified=True|channel_2;nln_overview_verified=True|channel_3;nln_overview_verified=True|channel_4;nln_overview_verified=True|channel_5;nln_overview_verified=True
nln_emp_leave_one_speed_out,test_speed_50,nln_emp,nln_emp_motor_2_100_healthy_2_current,nln_emp_motor_2_100_healthy_2,train,Motor-2,current,current,100,unknown,motor_2_speed_100,healthy,0,healthy,experimental,unknown,data/raw/nln_emp/Dataset/Electric/Motor-2/100/healthy 2/Electric_Motor-2_100_time-healthy 2-ch1.csv|data/raw/nln_emp/Dataset/Electric/Motor-2/100/healthy 2/Electric_Motor-2_100_time-healthy 2-ch2.csv|data/raw/nln_emp/Dataset/Electric/Motor-2/100/healthy 2/Electric_Motor-2_100_time-healthy 2-ch3.csv|data/raw/nln_emp/Dataset/Electric/Motor-2/100/healthy 2/Electric_Motor-2_100_time-healthy 2-ch4.csv|data/raw/nln_emp/Dataset/Electric/Motor-2/100/healthy 2/Electric_Motor-2_100_time-healthy 2-ch5.csv|data/raw/nln_emp/Dataset/Electric/Motor-2/100/healthy 2/Electric_Motor-2_100_time-healthy 2-ch6.csv,False,channel_1;nln_overview_verified=True|channel_2;nln_overview_verified=True|channel_3;nln_overview_verified=True|channel_4;nln_overview_verified=True|channel_5;nln_overview_verified=True|channel_6;nln_overview_verified=True
nln_emp_leave_one_speed_out,test_speed_50,nln_emp,nln_emp_motor_2_100_healthy_2_vibration,nln_emp_motor_2_100_healthy_2,train,Motor-2,vibration,vibration,100,unknown,motor_2_speed_100,healthy,0,healthy,experimental,unknown,data/raw/nln_emp/Dataset/Vibration/Motor-2/100/healthy 2/Vibration_Motor-2_100_time-healthy 2-ch1.csv|data/raw/nln_emp/Dataset/Vibration/Motor-2/100/healthy 2/Vibration_Motor-2_100_time-healthy 2-ch2.csv|data/raw/nln_emp/Dataset/Vibration/Motor-2/100/healthy 2/Vibration_Motor-2_100_time-healthy 2-ch3.csv|data/raw/nln_emp/Dataset/Vibration/Motor-2/100/healthy 2/Vibration_Motor-2_100_time-healthy 2-ch4.csv|data/raw/nln_emp/Dataset/Vibration/Motor-2/100/healthy 2/Vibration_Motor-2_100_time-healthy 2-ch5.csv,False,channel_1;nln_overview_verified=True|channel_2;nln_overview_verified=True|channel_3;nln_overview_verified=True|channel_4;nln_overview_verified=True|channel_5;nln_overview_verified=True
nln_emp_leave_one_speed_out,test_speed_50,nln_emp,nln_emp_motor_2_100_healthy_3_current,nln_emp_motor_2_100_healthy_3,train,Motor-2,current,current,100,unknown,motor_2_speed_100,healthy,0,healthy,experimental,unknown,data/raw/nln_emp/Dataset/Electric/Motor-2/100/healthy 3/Electric_Motor-2_100_time-healthy 3-ch1.csv|data/raw/nln_emp/Dataset/Electric/Motor-2/100/healthy 3/Electric_Motor-2_100_time-healthy 3-ch2.csv|data/raw/nln_emp/Dataset/Electric/Motor-2/100/healthy 3/Electric_Motor-2_100_time-healthy 3-ch3.csv|data/raw/nln_emp/Dataset/Electric/Motor-2/100/healthy 3/Electric_Motor-2_100_time-healthy 3-ch4.csv|data/raw/nln_emp/Dataset/Electric/Motor-2/100/healthy 3/Electric_Motor-2_100_time-healthy 3-ch5.csv|data/raw/nln_emp/Dataset/Electric/Motor-2/100/healthy 3/Electric_Motor-2_100_time-healthy 3-ch6.csv,False,channel_1;nln_overview_verified=True|channel_2;nln_overview_verified=True|channel_3;nln_overview_verified=True|channel_4;nln_overview_verified=True|channel_5;nln_overview_verified=True|channel_6;nln_overview_verified=True
nln_emp_leave_one_speed_out,test_speed_50,nln_emp,nln_emp_motor_2_100_healthy_3_vibration,nln_emp_motor_2_100_healthy_3,train,Motor-2,vibration,vibration,100,unknown,motor_2_speed_100,healthy,0,healthy,experimental,unknown,data/raw/nln_emp/Dataset/Vibration/Motor-2/100/healthy 3/Vibration_Motor-2_100_time-healthy 3-ch1.csv|data/raw/nln_emp/Dataset/Vibration/Motor-2/100/healthy 3/Vibration_Motor-2_100_time-healthy 3-ch2.csv|data/raw/nln_emp/Dataset/Vibration/Motor-2/100/healthy 3/Vibration_Motor-2_100_time-healthy 3-ch3.csv|data/raw/nln_emp/Dataset/Vibration/Motor-2/100/healthy 3/Vibration_Motor-2_100_time-healthy 3-ch4.csv|data/raw/nln_emp/Dataset/Vibration/Motor-2/100/healthy 3/Vibration_Motor-2_100_time-healthy 3-ch5.csv,False,channel_1;nln_overview_verified=True|channel_2;nln_overview_verified=True|channel_3;nln_overview_verified=True|channel_4;nln_overview_verified=True|channel_5;nln_overview_verified=True
nln_emp_leave_one_speed_out,test_speed_50,nln_emp,nln_emp_motor_2_100_healthy_noise_current,nln_emp_motor_2_100_healthy_noise,train,Motor-2,current,current,100,unknown,motor_2_speed_100,healthy,0,healthy,experimental,unknown,data/raw/nln_emp/Dataset/Electric/Motor-2/100/healthy noise/Electric_Motor-2_100_time-healthy noise-ch1.csv|data/raw/nln_emp/Dataset/Electric/Motor-2/100/healthy noise/Electric_Motor-2_100_time-healthy noise-ch2.csv|data/raw/nln_emp/Dataset/Electric/Motor-2/100/healthy noise/Electric_Motor-2_100_time-healthy noise-ch3.csv|data/raw/nln_emp/Dataset/Electric/Motor-2/100/healthy noise/Electric_Motor-2_100_time-healthy noise-ch4.csv|data/raw/nln_emp/Dataset/Electric/Motor-2/100/healthy noise/Electric_Motor-2_100_time-healthy noise-ch5.csv|data/raw/nln_emp/Dataset/Electric/Motor-2/100/healthy noise/Electric_Motor-2_100_time-healthy noise-ch6.csv,False,channel_1;nln_overview_verified=True|channel_2;nln_overview_verified=True|channel_3;nln_overview_verified=True|channel_4;nln_overview_verified=True|channel_5;nln_overview_verified=True|channel_6;nln_overview_verified=True
nln_emp_leave_one_speed_out,test_speed_50,nln_emp,nln_emp_motor_2_100_healthy_noise_vibration,nln_emp_motor_2_100_healthy_noise,train,Motor-2,vibration,vibration,100,unknown,motor_2_speed_100,healthy,0,healthy,experimental,unknown,data/raw/nln_emp/Dataset/Vibration/Motor-2/100/healthy noise/Vibration_Motor-2_100_time-healthy noise-ch1.csv|data/raw/nln_emp/Dataset/Vibration/Motor-2/100/healthy noise/Vibration_Motor-2_100_time-healthy noise-ch2.csv|data/raw/nln_emp/Dataset/Vibration/Motor-2/100/healthy noise/Vibration_Motor-2_100_time-healthy noise-ch3.csv|data/raw/nln_emp/Dataset/Vibration/Motor-2/100/healthy noise/Vibration_Motor-2_100_time-healthy noise-ch4.csv|data/raw/nln_emp/Dataset/Vibration/Motor-2/100/healthy noise/Vibration_Motor-2_100_time-healthy noise-ch5.csv,False,channel_1;nln_overview_verified=True|channel_2;nln_overview_verified=True|channel_3;nln_overview_verified=True|channel_4;nln_overview_verified=True|channel_5;nln_overview_verified=True
nln_emp_leave_one_speed_out,test_speed_50,nln_emp,nln_emp_motor_2_100_impeller_1_current,nln_emp_motor_2_100_impeller_1,train,Motor-2,current,current,100,unknown,motor_2_speed_100,impeller_fault,1,fault,experimental,unknown,data/raw/nln_emp/Dataset/Electric/Motor-2/100/impeller 1/Electric_Motor-2_100_time-impeller 1-ch1.csv|data/raw/nln_emp/Dataset/Electric/Motor-2/100/impeller 1/Electric_Motor-2_100_time-impeller 1-ch2.csv|data/raw/nln_emp/Dataset/Electric/Motor-2/100/impeller 1/Electric_Motor-2_100_time-impeller 1-ch3.csv|data/raw/nln_emp/Dataset/Electric/Motor-2/100/impeller 1/Electric_Motor-2_100_time-impeller 1-ch4.csv|data/raw/nln_emp/Dataset/Electric/Motor-2/100/impeller 1/Electric_Motor-2_100_time-impeller 1-ch5.csv|data/raw/nln_emp/Dataset/Electric/Motor-2/100/impeller 1/Electric_Motor-2_100_time-impeller 1-ch6.csv,False,channel_1;nln_overview_verified=True|channel_2;nln_overview_verified=True|channel_3;nln_overview_verified=True|channel_4;nln_overview_verified=True|channel_5;nln_overview_verified=True|channel_6;nln_overview_verified=True
nln_emp_leave_one_speed_out,test_speed_50,nln_emp,nln_emp_motor_2_100_impeller_1_vibration,nln_emp_motor_2_100_impeller_1,train,Motor-2,vibration,vibration,100,unknown,motor_2_speed_100,impeller_fault,1,fault,experimental,unknown,data/raw/nln_emp/Dataset/Vibration/Motor-2/100/impeller 1/Vibration_Motor-2_100_time-impeller 1-ch1.csv|data/raw/nln_emp/Dataset/Vibration/Motor-2/100/impeller 1/Vibration_Motor-2_100_time-impeller 1-ch2.csv|data/raw/nln_emp/Dataset/Vibration/Motor-2/100/impeller 1/Vibration_Motor-2_100_time-impeller 1-ch3.csv|data/raw/nln_emp/Dataset/Vibration/Motor-2/100/impeller 1/Vibration_Motor-2_100_time-impeller 1-ch4.csv|data/raw/nln_emp/Dataset/Vibration/Motor-2/100/impeller 1/Vibration_Motor-2_100_time-impeller 1-ch5.csv,False,channel_1;nln_overview_verified=True|channel_2;nln_overview_verified=True|channel_3;nln_overview_verified=True|channel_4;nln_overview_verified=True|channel_5;nln_overview_verified=True
nln_emp_leave_one_speed_out,test_speed_50,nln_emp,nln_emp_motor_2_100_impeller_2_current,nln_emp_motor_2_100_impeller_2,train,Motor-2,current,current,100,unknown,motor_2_speed_100,impeller_fault,1,fault,experimental,unknown,data/raw/nln_emp/Dataset/Electric/Motor-2/100/impeller 2/Electric_Motor-2_100_time-impeller 2-ch1.csv|data/raw/nln_emp/Dataset/Electric/Motor-2/100/impeller 2/Electric_Motor-2_100_time-impeller 2-ch2.csv|data/raw/nln_emp/Dataset/Electric/Motor-2/100/impeller 2/Electric_Motor-2_100_time-impeller 2-ch3.csv|data/raw/nln_emp/Dataset/Electric/Motor-2/100/impeller 2/Electric_Motor-2_100_time-impeller 2-ch4.csv|data/raw/nln_emp/Dataset/Electric/Motor-2/100/impeller 2/Electric_Motor-2_100_time-impeller 2-ch5.csv|data/raw/nln_emp/Dataset/Electric/Motor-2/100/impeller 2/Electric_Motor-2_100_time-impeller 2-ch6.csv,False,channel_1;nln_overview_verified=True|channel_2;nln_overview_verified=True|channel_3;nln_overview_verified=True|channel_4;nln_overview_verified=True|channel_5;nln_overview_verified=True|channel_6;nln_overview_verified=True
nln_emp_leave_one_speed_out,test_speed_50,nln_emp,nln_emp_motor_2_100_impeller_2_vibration,nln_emp_motor_2_100_impeller_2,train,Motor-2,vibration,vibration,100,unknown,motor_2_speed_100,impeller_fault,1,fault,experimental,unknown,data/raw/nln_emp/Dataset/Vibration/Motor-2/100/impeller 2/Vibration_Motor-2_100_time-impeller 2-ch1.csv|data/raw/nln_emp/Dataset/Vibration/Motor-2/100/impeller 2/Vibration_Motor-2_100_time-impeller 2-ch2.csv|data/raw/nln_emp/Dataset/Vibration/Motor-2/100/impeller 2/Vibration_Motor-2_100_time-impeller 2-ch3.csv|data/raw/nln_emp/Dataset/Vibration/Motor-2/100/impeller 2/Vibration_Motor-2_100_time-impeller 2-ch4.csv|data/raw/nln_emp/Dataset/Vibration/Motor-2/100/impeller 2/Vibration_Motor-2_100_time-impeller 2-ch5.csv,False,channel_1;nln_overview_verified=True|channel_2;nln_overview_verified=True|channel_3;nln_overview_verified=True|channel_4;nln_overview_verified=True|channel_5;nln_overview_verified=True
nln_emp_leave_one_speed_out,test_speed_50,nln_emp,nln_emp_motor_2_100_impeller_3_current,nln_emp_motor_2_100_impeller_3,train,Motor-2,current,current,100,unknown,motor_2_speed_100,impeller_fault,1,fault,experimental,unknown,data/raw/nln_emp/Dataset/Electric/Motor-2/100/impeller 3/Electric_Motor-2_100_time-impeller 3-ch1.csv|data/raw/nln_emp/Dataset/Electric/Motor-2/100/impeller 3/Electric_Motor-2_100_time-impeller 3-ch2.csv|data/raw/nln_emp/Dataset/Electric/Motor-2/100/impeller 3/Electric_Motor-2_100_time-impeller 3-ch3.csv|data/raw/nln_emp/Dataset/Electric/Motor-2/100/impeller 3/Electric_Motor-2_100_time-impeller 3-ch4.csv|data/raw/nln_emp/Dataset/Electric/Motor-2/100/impeller 3/Electric_Motor-2_100_time-impeller 3-ch5.csv|data/raw/nln_emp/Dataset/Electric/Motor-2/100/impeller 3/Electric_Motor-2_100_time-impeller 3-ch6.csv,False,channel_1;nln_overview_verified=True|channel_2;nln_overview_verified=True|channel_3;nln_overview_verified=True|channel_4;nln_overview_verified=True|channel_5;nln_overview_verified=True|channel_6;nln_overview_verified=True
nln_emp_leave_one_speed_out,test_speed_50,nln_emp,nln_emp_motor_2_100_impeller_3_vibration,nln_emp_motor_2_100_impeller_3,train,Motor-2,vibration,vibration,100,unknown,motor_2_speed_100,impeller_fault,1,fault,experimental,unknown,data/raw/nln_emp/Dataset/Vibration/Motor-2/100/impeller 3/Vibration_Motor-2_100_time-impeller 3-ch1.csv|data/raw/nln_emp/Dataset/Vibration/Motor-2/100/impeller 3/Vibration_Motor-2_100_time-impeller 3-ch2.csv|data/raw/nln_emp/Dataset/Vibration/Motor-2/100/impeller 3/Vibration_Motor-2_100_time-impeller 3-ch3.csv|data/raw/nln_emp/Dataset/Vibration/Motor-2/100/impeller 3/Vibration_Motor-2_100_time-impeller 3-ch4.csv|data/raw/nln_emp/Dataset/Vibration/Motor-2/100/impeller 3/Vibration_Motor-2_100_time-impeller 3-ch5.csv,False,channel_1;nln_overview_verified=True|channel_2;nln_overview_verified=True|channel_3;nln_overview_verified=True|channel_4;nln_overview_verified=True|channel_5;nln_overview_verified=True
nln_emp_leave_one_speed_out,test_speed_50,nln_emp,nln_emp_motor_2_100_loose_foot_motor_current,nln_emp_motor_2_100_loose_foot_motor,train,Motor-2,current,current,100,unknown,motor_2_speed_100,looseness_soft_foot,unknown,fault,experimental,unknown,data/raw/nln_emp/Dataset/Electric/Motor-2/100/loose foot motor/Electric_Motor-2_100_time-loose foot motor-ch1.csv|data/raw/nln_emp/Dataset/Electric/Motor-2/100/loose foot motor/Electric_Motor-2_100_time-loose foot motor-ch2.csv|data/raw/nln_emp/Dataset/Electric/Motor-2/100/loose foot motor/Electric_Motor-2_100_time-loose foot motor-ch3.csv|data/raw/nln_emp/Dataset/Electric/Motor-2/100/loose foot motor/Electric_Motor-2_100_time-loose foot motor-ch4.csv|data/raw/nln_emp/Dataset/Electric/Motor-2/100/loose foot motor/Electric_Motor-2_100_time-loose foot motor-ch5.csv|data/raw/nln_emp/Dataset/Electric/Motor-2/100/loose foot motor/Electric_Motor-2_100_time-loose foot motor-ch6.csv,False,channel_1;nln_overview_verified=True|channel_2;nln_overview_verified=True|channel_3;nln_overview_verified=True|channel_4;nln_overview_verified=True|channel_5;nln_overview_verified=True|channel_6;nln_overview_verified=True
nln_emp_leave_one_speed_out,test_speed_50,nln_emp,nln_emp_motor_2_100_loose_foot_motor_vibration,nln_emp_motor_2_100_loose_foot_motor,train,Motor-2,vibration,vibration,100,unknown,motor_2_speed_100,looseness_soft_foot,unknown,fault,experimental,unknown,data/raw/nln_emp/Dataset/Vibration/Motor-2/100/loose foot motor/Vibration_Motor-2_100_time-loose foot motor-ch1.csv|data/raw/nln_emp/Dataset/Vibration/Motor-2/100/loose foot motor/Vibration_Motor-2_100_time-loose foot motor-ch2.csv|data/raw/nln_emp/Dataset/Vibration/Motor-2/100/loose foot motor/Vibration_Motor-2_100_time-loose foot motor-ch3.csv|data/raw/nln_emp/Dataset/Vibration/Motor-2/100/loose foot motor/Vibration_Motor-2_100_time-loose foot motor-ch4.csv|data/raw/nln_emp/Dataset/Vibration/Motor-2/100/loose foot motor/Vibration_Motor-2_100_time-loose foot motor-ch5.csv,False,channel_1;nln_overview_verified=True|channel_2;nln_overview_verified=True|channel_3;nln_overview_verified=True|channel_4;nln_overview_verified=True|channel_5;nln_overview_verified=True
nln_emp_leave_one_speed_out,test_speed_50,nln_emp,nln_emp_motor_2_100_loose_foot_pump_current,nln_emp_motor_2_100_loose_foot_pump,train,Motor-2,current,current,100,unknown,motor_2_speed_100,looseness_soft_foot,unknown,fault,experimental,unknown,data/raw/nln_emp/Dataset/Electric/Motor-2/100/loose foot pump/Electric_Motor-2_100_time-loose foot pump-ch1.csv|data/raw/nln_emp/Dataset/Electric/Motor-2/100/loose foot pump/Electric_Motor-2_100_time-loose foot pump-ch2.csv|data/raw/nln_emp/Dataset/Electric/Motor-2/100/loose foot pump/Electric_Motor-2_100_time-loose foot pump-ch3.csv|data/raw/nln_emp/Dataset/Electric/Motor-2/100/loose foot pump/Electric_Motor-2_100_time-loose foot pump-ch4.csv|data/raw/nln_emp/Dataset/Electric/Motor-2/100/loose foot pump/Electric_Motor-2_100_time-loose foot pump-ch5.csv|data/raw/nln_emp/Dataset/Electric/Motor-2/100/loose foot pump/Electric_Motor-2_100_time-loose foot pump-ch6.csv,False,channel_1;nln_overview_verified=True|channel_2;nln_overview_verified=True|channel_3;nln_overview_verified=True|channel_4;nln_overview_verified=True|channel_5;nln_overview_verified=True|channel_6;nln_overview_verified=True
nln_emp_leave_one_speed_out,test_speed_50,nln_emp,nln_emp_motor_2_100_loose_foot_pump_vibration,nln_emp_motor_2_100_loose_foot_pump,train,Motor-2,vibration,vibration,100,unknown,motor_2_speed_100,looseness_soft_foot,unknown,fault,experimental,unknown,data/raw/nln_emp/Dataset/Vibration/Motor-2/100/loose foot pump/Vibration_Motor-2_100_time-loose foot pump-ch1.csv|data/raw/nln_emp/Dataset/Vibration/Motor-2/100/loose foot pump/Vibration_Motor-2_100_time-loose foot pump-ch2.csv|data/raw/nln_emp/Dataset/Vibration/Motor-2/100/loose foot pump/Vibration_Motor-2_100_time-loose foot pump-ch3.csv|data/raw/nln_emp/Dataset/Vibration/Motor-2/100/loose foot pump/Vibration_Motor-2_100_time-loose foot pump-ch4.csv|data/raw/nln_emp/Dataset/Vibration/Motor-2/100/loose foot pump/Vibration_Motor-2_100_time-loose foot pump-ch5.csv,False,channel_1;nln_overview_verified=True|channel_2;nln_overview_verified=True|channel_3;nln_overview_verified=True|channel_4;nln_overview_verified=True|channel_5;nln_overview_verified=True
nln_emp_leave_one_speed_out,test_speed_50,nln_emp,nln_emp_motor_2_100_new_motor_current,nln_emp_motor_2_100_new_motor,train,Motor-2,current,current,100,unknown,motor_2_speed_100,healthy,0,healthy,experimental,unknown,data/raw/nln_emp/Dataset/Electric/Motor-2/100/new motor/Electric_Motor-2_100_time-new motor-ch1.csv|data/raw/nln_emp/Dataset/Electric/Motor-2/100/new motor/Electric_Motor-2_100_time-new motor-ch2.csv|data/raw/nln_emp/Dataset/Electric/Motor-2/100/new motor/Electric_Motor-2_100_time-new motor-ch3.csv|data/raw/nln_emp/Dataset/Electric/Motor-2/100/new motor/Electric_Motor-2_100_time-new motor-ch4.csv|data/raw/nln_emp/Dataset/Electric/Motor-2/100/new motor/Electric_Motor-2_100_time-new motor-ch5.csv|data/raw/nln_emp/Dataset/Electric/Motor-2/100/new motor/Electric_Motor-2_100_time-new motor-ch6.csv,False,channel_1;nln_overview_verified=True|channel_2;nln_overview_verified=True|channel_3;nln_overview_verified=True|channel_4;nln_overview_verified=True|channel_5;nln_overview_verified=True|channel_6;nln_overview_verified=True
nln_emp_leave_one_speed_out,test_speed_50,nln_emp,nln_emp_motor_2_100_new_motor_vibration,nln_emp_motor_2_100_new_motor,train,Motor-2,vibration,vibration,100,unknown,motor_2_speed_100,healthy,0,healthy,experimental,unknown,data/raw/nln_emp/Dataset/Vibration/Motor-2/100/new motor/Vibration_Motor-2_100_time-new motor-ch1.csv|data/raw/nln_emp/Dataset/Vibration/Motor-2/100/new motor/Vibration_Motor-2_100_time-new motor-ch2.csv|data/raw/nln_emp/Dataset/Vibration/Motor-2/100/new motor/Vibration_Motor-2_100_time-new motor-ch3.csv|data/raw/nln_emp/Dataset/Vibration/Motor-2/100/new motor/Vibration_Motor-2_100_time-new motor-ch4.csv|data/raw/nln_emp/Dataset/Vibration/Motor-2/100/new motor/Vibration_Motor-2_100_time-new motor-ch5.csv,False,channel_1;nln_overview_verified=True|channel_2;nln_overview_verified=True|channel_3;nln_overview_verified=True|channel_4;nln_overview_verified=True|channel_5;nln_overview_verified=True
nln_emp_leave_one_speed_out,test_speed_50,nln_emp,nln_emp_motor_2_100_soft_foot_1_current,nln_emp_motor_2_100_soft_foot_1,val,Motor-2,current,current,100,unknown,motor_2_speed_100,looseness_soft_foot,2,fault,experimental,unknown,data/raw/nln_emp/Dataset/Electric/Motor-2/100/soft foot 1/Electric_Motor-2_100_time-soft foot 1-ch1.csv|data/raw/nln_emp/Dataset/Electric/Motor-2/100/soft foot 1/Electric_Motor-2_100_time-soft foot 1-ch2.csv|data/raw/nln_emp/Dataset/Electric/Motor-2/100/soft foot 1/Electric_Motor-2_100_time-soft foot 1-ch3.csv|data/raw/nln_emp/Dataset/Electric/Motor-2/100/soft foot 1/Electric_Motor-2_100_time-soft foot 1-ch4.csv|data/raw/nln_emp/Dataset/Electric/Motor-2/100/soft foot 1/Electric_Motor-2_100_time-soft foot 1-ch5.csv|data/raw/nln_emp/Dataset/Electric/Motor-2/100/soft foot 1/Electric_Motor-2_100_time-soft foot 1-ch6.csv,False,channel_1;nln_overview_verified=True|channel_2;nln_overview_verified=True|channel_3;nln_overview_verified=True|channel_4;nln_overview_verified=True|channel_5;nln_overview_verified=True|channel_6;nln_overview_verified=True
nln_emp_leave_one_speed_out,test_speed_50,nln_emp,nln_emp_motor_2_100_soft_foot_1_vibration,nln_emp_motor_2_100_soft_foot_1,val,Motor-2,vibration,vibration,100,unknown,motor_2_speed_100,looseness_soft_foot,2,fault,experimental,unknown,data/raw/nln_emp/Dataset/Vibration/Motor-2/100/soft foot 1/Vibration_Motor-2_100_time-soft foot 1-ch1.csv|data/raw/nln_emp/Dataset/Vibration/Motor-2/100/soft foot 1/Vibration_Motor-2_100_time-soft foot 1-ch2.csv|data/raw/nln_emp/Dataset/Vibration/Motor-2/100/soft foot 1/Vibration_Motor-2_100_time-soft foot 1-ch3.csv|data/raw/nln_emp/Dataset/Vibration/Motor-2/100/soft foot 1/Vibration_Motor-2_100_time-soft foot 1-ch4.csv|data/raw/nln_emp/Dataset/Vibration/Motor-2/100/soft foot 1/Vibration_Motor-2_100_time-soft foot 1-ch5.csv,False,channel_1;nln_overview_verified=True|channel_2;nln_overview_verified=True|channel_3;nln_overview_verified=True|channel_4;nln_overview_verified=True|channel_5;nln_overview_verified=True
nln_emp_leave_one_speed_out,test_speed_50,nln_emp,nln_emp_motor_2_100_soft_foot_2_current,nln_emp_motor_2_100_soft_foot_2,train,Motor-2,current,current,100,unknown,motor_2_speed_100,looseness_soft_foot,2,fault,experimental,unknown,data/raw/nln_emp/Dataset/Electric/Motor-2/100/soft foot 2/Electric_Motor-2_100_time-soft foot 2-ch1.csv|data/raw/nln_emp/Dataset/Electric/Motor-2/100/soft foot 2/Electric_Motor-2_100_time-soft foot 2-ch2.csv|data/raw/nln_emp/Dataset/Electric/Motor-2/100/soft foot 2/Electric_Motor-2_100_time-soft foot 2-ch3.csv|data/raw/nln_emp/Dataset/Electric/Motor-2/100/soft foot 2/Electric_Motor-2_100_time-soft foot 2-ch4.csv|data/raw/nln_emp/Dataset/Electric/Motor-2/100/soft foot 2/Electric_Motor-2_100_time-soft foot 2-ch5.csv|data/raw/nln_emp/Dataset/Electric/Motor-2/100/soft foot 2/Electric_Motor-2_100_time-soft foot 2-ch6.csv,False,channel_1;nln_overview_verified=True|channel_2;nln_overview_verified=True|channel_3;nln_overview_verified=True|channel_4;nln_overview_verified=True|channel_5;nln_overview_verified=True|channel_6;nln_overview_verified=True
nln_emp_leave_one_speed_out,test_speed_50,nln_emp,nln_emp_motor_2_100_soft_foot_2_vibration,nln_emp_motor_2_100_soft_foot_2,train,Motor-2,vibration,vibration,100,unknown,motor_2_speed_100,looseness_soft_foot,2,fault,experimental,unknown,data/raw/nln_emp/Dataset/Vibration/Motor-2/100/soft foot 2/Vibration_Motor-2_100_time-soft foot 2-ch1.csv|data/raw/nln_emp/Dataset/Vibration/Motor-2/100/soft foot 2/Vibration_Motor-2_100_time-soft foot 2-ch2.csv|data/raw/nln_emp/Dataset/Vibration/Motor-2/100/soft foot 2/Vibration_Motor-2_100_time-soft foot 2-ch3.csv|data/raw/nln_emp/Dataset/Vibration/Motor-2/100/soft foot 2/Vibration_Motor-2_100_time-soft foot 2-ch4.csv|data/raw/nln_emp/Dataset/Vibration/Motor-2/100/soft foot 2/Vibration_Motor-2_100_time-soft foot 2-ch5.csv,False,channel_1;nln_overview_verified=True|channel_2;nln_overview_verified=True|channel_3;nln_overview_verified=True|channel_4;nln_overview_verified=True|channel_5;nln_overview_verified=True
nln_emp_leave_one_speed_out,test_speed_50,nln_emp,nln_emp_motor_2_100_stator_short_1_current,nln_emp_motor_2_100_stator_short_1,train,Motor-2,current,current,100,unknown,motor_2_speed_100,stator_winding_fault,1,fault,experimental,unknown,data/raw/nln_emp/Dataset/Electric/Motor-2/100/stator short 1/Electric_Motor-2_100_time-stator short 1-ch1.csv|data/raw/nln_emp/Dataset/Electric/Motor-2/100/stator short 1/Electric_Motor-2_100_time-stator short 1-ch2.csv|data/raw/nln_emp/Dataset/Electric/Motor-2/100/stator short 1/Electric_Motor-2_100_time-stator short 1-ch3.csv|data/raw/nln_emp/Dataset/Electric/Motor-2/100/stator short 1/Electric_Motor-2_100_time-stator short 1-ch4.csv|data/raw/nln_emp/Dataset/Electric/Motor-2/100/stator short 1/Electric_Motor-2_100_time-stator short 1-ch5.csv|data/raw/nln_emp/Dataset/Electric/Motor-2/100/stator short 1/Electric_Motor-2_100_time-stator short 1-ch6.csv,False,channel_1;nln_overview_verified=True|channel_2;nln_overview_verified=True|channel_3;nln_overview_verified=True|channel_4;nln_overview_verified=True|channel_5;nln_overview_verified=True|channel_6;nln_overview_verified=True
nln_emp_leave_one_speed_out,test_speed_50,nln_emp,nln_emp_motor_2_100_stator_short_1_vibration,nln_emp_motor_2_100_stator_short_1,train,Motor-2,vibration,vibration,100,unknown,motor_2_speed_100,stator_winding_fault,1,fault,experimental,unknown,data/raw/nln_emp/Dataset/Vibration/Motor-2/100/stator short 1/Vibration_Motor-2_100_time-stator short 1-ch1.csv|data/raw/nln_emp/Dataset/Vibration/Motor-2/100/stator short 1/Vibration_Motor-2_100_time-stator short 1-ch2.csv|data/raw/nln_emp/Dataset/Vibration/Motor-2/100/stator short 1/Vibration_Motor-2_100_time-stator short 1-ch3.csv|data/raw/nln_emp/Dataset/Vibration/Motor-2/100/stator short 1/Vibration_Motor-2_100_time-stator short 1-ch4.csv|data/raw/nln_emp/Dataset/Vibration/Motor-2/100/stator short 1/Vibration_Motor-2_100_time-stator short 1-ch5.csv,False,channel_1;nln_overview_verified=True|channel_2;nln_overview_verified=True|channel_3;nln_overview_verified=True|channel_4;nln_overview_verified=True|channel_5;nln_overview_verified=True
nln_emp_leave_one_speed_out,test_speed_50,nln_emp,nln_emp_motor_2_100_stator_short_2_vibration,nln_emp_motor_2_100_stator_short_2,train,Motor-2,vibration,vibration,100,unknown,motor_2_speed_100,stator_winding_fault,1,fault,experimental,unknown,data/raw/nln_emp/Dataset/Vibration/Motor-2/100/stator short 2/Vibration_Motor-2_100_time-stator short 2-ch1.csv|data/raw/nln_emp/Dataset/Vibration/Motor-2/100/stator short 2/Vibration_Motor-2_100_time-stator short 2-ch2.csv|data/raw/nln_emp/Dataset/Vibration/Motor-2/100/stator short 2/Vibration_Motor-2_100_time-stator short 2-ch3.csv|data/raw/nln_emp/Dataset/Vibration/Motor-2/100/stator short 2/Vibration_Motor-2_100_time-stator short 2-ch4.csv|data/raw/nln_emp/Dataset/Vibration/Motor-2/100/stator short 2/Vibration_Motor-2_100_time-stator short 2-ch5.csv,False,channel_1;nln_overview_verified=True|channel_2;nln_overview_verified=True|channel_3;nln_overview_verified=True|channel_4;nln_overview_verified=True|channel_5;nln_overview_verified=True
nln_emp_leave_one_speed_out,test_speed_50,nln_emp,nln_emp_motor_2_75_bearing_bpfi_1_current,nln_emp_motor_2_75_bearing_bpfi_1,val,Motor-2,current,current,75,unknown,motor_2_speed_75,bearing_inner_race,2,fault,experimental,unknown,data/raw/nln_emp/Dataset/Electric/Motor-2/75/bearing bpfi 1/Electric_Motor-2_75_time-bearing bpfi 1-ch1.csv|data/raw/nln_emp/Dataset/Electric/Motor-2/75/bearing bpfi 1/Electric_Motor-2_75_time-bearing bpfi 1-ch2.csv|data/raw/nln_emp/Dataset/Electric/Motor-2/75/bearing bpfi 1/Electric_Motor-2_75_time-bearing bpfi 1-ch3.csv|data/raw/nln_emp/Dataset/Electric/Motor-2/75/bearing bpfi 1/Electric_Motor-2_75_time-bearing bpfi 1-ch4.csv|data/raw/nln_emp/Dataset/Electric/Motor-2/75/bearing bpfi 1/Electric_Motor-2_75_time-bearing bpfi 1-ch5.csv|data/raw/nln_emp/Dataset/Electric/Motor-2/75/bearing bpfi 1/Electric_Motor-2_75_time-bearing bpfi 1-ch6.csv,False,channel_1;nln_overview_verified=True|channel_2;nln_overview_verified=True|channel_3;nln_overview_verified=True|channel_4;nln_overview_verified=True|channel_5;nln_overview_verified=True|channel_6;nln_overview_verified=True
nln_emp_leave_one_speed_out,test_speed_50,nln_emp,nln_emp_motor_2_75_bearing_bpfi_1_vibration,nln_emp_motor_2_75_bearing_bpfi_1,val,Motor-2,vibration,vibration,75,unknown,motor_2_speed_75,bearing_inner_race,2,fault,experimental,unknown,data/raw/nln_emp/Dataset/Vibration/Motor-2/75/bearing bpfi 1/Vibration_Motor-2_75_time-bearing bpfi 1-ch1.csv|data/raw/nln_emp/Dataset/Vibration/Motor-2/75/bearing bpfi 1/Vibration_Motor-2_75_time-bearing bpfi 1-ch2.csv|data/raw/nln_emp/Dataset/Vibration/Motor-2/75/bearing bpfi 1/Vibration_Motor-2_75_time-bearing bpfi 1-ch3.csv|data/raw/nln_emp/Dataset/Vibration/Motor-2/75/bearing bpfi 1/Vibration_Motor-2_75_time-bearing bpfi 1-ch4.csv|data/raw/nln_emp/Dataset/Vibration/Motor-2/75/bearing bpfi 1/Vibration_Motor-2_75_time-bearing bpfi 1-ch5.csv,False,channel_1;nln_overview_verified=True|channel_2;nln_overview_verified=True|channel_3;nln_overview_verified=True|channel_4;nln_overview_verified=True|channel_5;nln_overview_verified=True
nln_emp_leave_one_speed_out,test_speed_50,nln_emp,nln_emp_motor_2_75_bearing_bpfi_2_current,nln_emp_motor_2_75_bearing_bpfi_2,train,Motor-2,current,current,75,unknown,motor_2_speed_75,bearing_inner_race,2,fault,experimental,unknown,data/raw/nln_emp/Dataset/Electric/Motor-2/75/bearing bpfi 2/Electric_Motor-2_75_time-bearing bpfi 2-ch1.csv|data/raw/nln_emp/Dataset/Electric/Motor-2/75/bearing bpfi 2/Electric_Motor-2_75_time-bearing bpfi 2-ch2.csv|data/raw/nln_emp/Dataset/Electric/Motor-2/75/bearing bpfi 2/Electric_Motor-2_75_time-bearing bpfi 2-ch3.csv|data/raw/nln_emp/Dataset/Electric/Motor-2/75/bearing bpfi 2/Electric_Motor-2_75_time-bearing bpfi 2-ch4.csv|data/raw/nln_emp/Dataset/Electric/Motor-2/75/bearing bpfi 2/Electric_Motor-2_75_time-bearing bpfi 2-ch5.csv|data/raw/nln_emp/Dataset/Electric/Motor-2/75/bearing bpfi 2/Electric_Motor-2_75_time-bearing bpfi 2-ch6.csv,False,channel_1;nln_overview_verified=True|channel_2;nln_overview_verified=True|channel_3;nln_overview_verified=True|channel_4;nln_overview_verified=True|channel_5;nln_overview_verified=True|channel_6;nln_overview_verified=True
nln_emp_leave_one_speed_out,test_speed_50,nln_emp,nln_emp_motor_2_75_bearing_bpfi_2_vibration,nln_emp_motor_2_75_bearing_bpfi_2,train,Motor-2,vibration,vibration,75,unknown,motor_2_speed_75,bearing_inner_race,2,fault,experimental,unknown,data/raw/nln_emp/Dataset/Vibration/Motor-2/75/bearing bpfi 2/Vibration_Motor-2_75_time-bearing bpfi 2-ch1.csv|data/raw/nln_emp/Dataset/Vibration/Motor-2/75/bearing bpfi 2/Vibration_Motor-2_75_time-bearing bpfi 2-ch2.csv|data/raw/nln_emp/Dataset/Vibration/Motor-2/75/bearing bpfi 2/Vibration_Motor-2_75_time-bearing bpfi 2-ch3.csv|data/raw/nln_emp/Dataset/Vibration/Motor-2/75/bearing bpfi 2/Vibration_Motor-2_75_time-bearing bpfi 2-ch4.csv|data/raw/nln_emp/Dataset/Vibration/Motor-2/75/bearing bpfi 2/Vibration_Motor-2_75_time-bearing bpfi 2-ch5.csv,False,channel_1;nln_overview_verified=True|channel_2;nln_overview_verified=True|channel_3;nln_overview_verified=True|channel_4;nln_overview_verified=True|channel_5;nln_overview_verified=True
nln_emp_leave_one_speed_out,test_speed_50,nln_emp,nln_emp_motor_2_75_bearing_bpfi_3_current,nln_emp_motor_2_75_bearing_bpfi_3,train,Motor-2,current,current,75,unknown,motor_2_speed_75,bearing_inner_race,2,fault,experimental,unknown,data/raw/nln_emp/Dataset/Electric/Motor-2/75/bearing bpfi 3/Electric_Motor-2_75_time-bearing bpfi 3-ch1.csv|data/raw/nln_emp/Dataset/Electric/Motor-2/75/bearing bpfi 3/Electric_Motor-2_75_time-bearing bpfi 3-ch2.csv|data/raw/nln_emp/Dataset/Electric/Motor-2/75/bearing bpfi 3/Electric_Motor-2_75_time-bearing bpfi 3-ch3.csv|data/raw/nln_emp/Dataset/Electric/Motor-2/75/bearing bpfi 3/Electric_Motor-2_75_time-bearing bpfi 3-ch4.csv|data/raw/nln_emp/Dataset/Electric/Motor-2/75/bearing bpfi 3/Electric_Motor-2_75_time-bearing bpfi 3-ch5.csv|data/raw/nln_emp/Dataset/Electric/Motor-2/75/bearing bpfi 3/Electric_Motor-2_75_time-bearing bpfi 3-ch6.csv,False,channel_1;nln_overview_verified=True|channel_2;nln_overview_verified=True|channel_3;nln_overview_verified=True|channel_4;nln_overview_verified=True|channel_5;nln_overview_verified=True|channel_6;nln_overview_verified=True
nln_emp_leave_one_speed_out,test_speed_50,nln_emp,nln_emp_motor_2_75_bearing_bpfi_3_vibration,nln_emp_motor_2_75_bearing_bpfi_3,train,Motor-2,vibration,vibration,75,unknown,motor_2_speed_75,bearing_inner_race,2,fault,experimental,unknown,data/raw/nln_emp/Dataset/Vibration/Motor-2/75/bearing bpfi 3/Vibration_Motor-2_75_time-bearing bpfi 3-ch1.csv|data/raw/nln_emp/Dataset/Vibration/Motor-2/75/bearing bpfi 3/Vibration_Motor-2_75_time-bearing bpfi 3-ch2.csv|data/raw/nln_emp/Dataset/Vibration/Motor-2/75/bearing bpfi 3/Vibration_Motor-2_75_time-bearing bpfi 3-ch3.csv|data/raw/nln_emp/Dataset/Vibration/Motor-2/75/bearing bpfi 3/Vibration_Motor-2_75_time-bearing bpfi 3-ch4.csv|data/raw/nln_emp/Dataset/Vibration/Motor-2/75/bearing bpfi 3/Vibration_Motor-2_75_time-bearing bpfi 3-ch5.csv,False,channel_1;nln_overview_verified=True|channel_2;nln_overview_verified=True|channel_3;nln_overview_verified=True|channel_4;nln_overview_verified=True|channel_5;nln_overview_verified=True
nln_emp_leave_one_speed_out,test_speed_50,nln_emp,nln_emp_motor_2_75_bearing_bpfo_1_current,nln_emp_motor_2_75_bearing_bpfo_1,train,Motor-2,current,current,75,unknown,motor_2_speed_75,bearing_outer_race,1,fault,experimental,unknown,data/raw/nln_emp/Dataset/Electric/Motor-2/75/bearing bpfo 1/Electric_Motor-2_75_time-bearing bpfo 1-ch1.csv|data/raw/nln_emp/Dataset/Electric/Motor-2/75/bearing bpfo 1/Electric_Motor-2_75_time-bearing bpfo 1-ch2.csv|data/raw/nln_emp/Dataset/Electric/Motor-2/75/bearing bpfo 1/Electric_Motor-2_75_time-bearing bpfo 1-ch3.csv|data/raw/nln_emp/Dataset/Electric/Motor-2/75/bearing bpfo 1/Electric_Motor-2_75_time-bearing bpfo 1-ch4.csv|data/raw/nln_emp/Dataset/Electric/Motor-2/75/bearing bpfo 1/Electric_Motor-2_75_time-bearing bpfo 1-ch5.csv|data/raw/nln_emp/Dataset/Electric/Motor-2/75/bearing bpfo 1/Electric_Motor-2_75_time-bearing bpfo 1-ch6.csv,False,channel_1;nln_overview_verified=True|channel_2;nln_overview_verified=True|channel_3;nln_overview_verified=True|channel_4;nln_overview_verified=True|channel_5;nln_overview_verified=True|channel_6;nln_overview_verified=True
nln_emp_leave_one_speed_out,test_speed_50,nln_emp,nln_emp_motor_2_75_bearing_bpfo_1_vibration,nln_emp_motor_2_75_bearing_bpfo_1,train,Motor-2,vibration,vibration,75,unknown,motor_2_speed_75,bearing_outer_race,1,fault,experimental,unknown,data/raw/nln_emp/Dataset/Vibration/Motor-2/75/bearing bpfo 1/Vibration_Motor-2_75_time-bearing bpfo 1-ch1.csv|data/raw/nln_emp/Dataset/Vibration/Motor-2/75/bearing bpfo 1/Vibration_Motor-2_75_time-bearing bpfo 1-ch2.csv|data/raw/nln_emp/Dataset/Vibration/Motor-2/75/bearing bpfo 1/Vibration_Motor-2_75_time-bearing bpfo 1-ch3.csv|data/raw/nln_emp/Dataset/Vibration/Motor-2/75/bearing bpfo 1/Vibration_Motor-2_75_time-bearing bpfo 1-ch4.csv|data/raw/nln_emp/Dataset/Vibration/Motor-2/75/bearing bpfo 1/Vibration_Motor-2_75_time-bearing bpfo 1-ch5.csv,False,channel_1;nln_overview_verified=True|channel_2;nln_overview_verified=True|channel_3;nln_overview_verified=True|channel_4;nln_overview_verified=True|channel_5;nln_overview_verified=True
nln_emp_leave_one_speed_out,test_speed_50,nln_emp,nln_emp_motor_2_75_bearing_bpfo_2_current,nln_emp_motor_2_75_bearing_bpfo_2,train,Motor-2,current,current,75,unknown,motor_2_speed_75,bearing_outer_race,1,fault,experimental,unknown,data/raw/nln_emp/Dataset/Electric/Motor-2/75/bearing bpfo 2/Electric_Motor-2_75_time-bearing bpfo 2-ch1.csv|data/raw/nln_emp/Dataset/Electric/Motor-2/75/bearing bpfo 2/Electric_Motor-2_75_time-bearing bpfo 2-ch2.csv|data/raw/nln_emp/Dataset/Electric/Motor-2/75/bearing bpfo 2/Electric_Motor-2_75_time-bearing bpfo 2-ch3.csv|data/raw/nln_emp/Dataset/Electric/Motor-2/75/bearing bpfo 2/Electric_Motor-2_75_time-bearing bpfo 2-ch4.csv|data/raw/nln_emp/Dataset/Electric/Motor-2/75/bearing bpfo 2/Electric_Motor-2_75_time-bearing bpfo 2-ch5.csv|data/raw/nln_emp/Dataset/Electric/Motor-2/75/bearing bpfo 2/Electric_Motor-2_75_time-bearing bpfo 2-ch6.csv,False,channel_1;nln_overview_verified=True|channel_2;nln_overview_verified=True|channel_3;nln_overview_verified=True|channel_4;nln_overview_verified=True|channel_5;nln_overview_verified=True|channel_6;nln_overview_verified=True
nln_emp_leave_one_speed_out,test_speed_50,nln_emp,nln_emp_motor_2_75_bearing_bpfo_2_vibration,nln_emp_motor_2_75_bearing_bpfo_2,train,Motor-2,vibration,vibration,75,unknown,motor_2_speed_75,bearing_outer_race,1,fault,experimental,unknown,data/raw/nln_emp/Dataset/Vibration/Motor-2/75/bearing bpfo 2/Vibration_Motor-2_75_time-bearing bpfo 2-ch1.csv|data/raw/nln_emp/Dataset/Vibration/Motor-2/75/bearing bpfo 2/Vibration_Motor-2_75_time-bearing bpfo 2-ch2.csv|data/raw/nln_emp/Dataset/Vibration/Motor-2/75/bearing bpfo 2/Vibration_Motor-2_75_time-bearing bpfo 2-ch3.csv|data/raw/nln_emp/Dataset/Vibration/Motor-2/75/bearing bpfo 2/Vibration_Motor-2_75_time-bearing bpfo 2-ch4.csv|data/raw/nln_emp/Dataset/Vibration/Motor-2/75/bearing bpfo 2/Vibration_Motor-2_75_time-bearing bpfo 2-ch5.csv,False,channel_1;nln_overview_verified=True|channel_2;nln_overview_verified=True|channel_3;nln_overview_verified=True|channel_4;nln_overview_verified=True|channel_5;nln_overview_verified=True
nln_emp_leave_one_speed_out,test_speed_50,nln_emp,nln_emp_motor_2_75_bearing_bpfo_3_current,nln_emp_motor_2_75_bearing_bpfo_3,train,Motor-2,current,current,75,unknown,motor_2_speed_75,bearing_outer_race,1,fault,experimental,unknown,data/raw/nln_emp/Dataset/Electric/Motor-2/75/bearing bpfo 3/Electric_Motor-2_75_time-bearing bpfo 3-ch1.csv|data/raw/nln_emp/Dataset/Electric/Motor-2/75/bearing bpfo 3/Electric_Motor-2_75_time-bearing bpfo 3-ch2.csv|data/raw/nln_emp/Dataset/Electric/Motor-2/75/bearing bpfo 3/Electric_Motor-2_75_time-bearing bpfo 3-ch3.csv|data/raw/nln_emp/Dataset/Electric/Motor-2/75/bearing bpfo 3/Electric_Motor-2_75_time-bearing bpfo 3-ch4.csv|data/raw/nln_emp/Dataset/Electric/Motor-2/75/bearing bpfo 3/Electric_Motor-2_75_time-bearing bpfo 3-ch5.csv|data/raw/nln_emp/Dataset/Electric/Motor-2/75/bearing bpfo 3/Electric_Motor-2_75_time-bearing bpfo 3-ch6.csv,False,channel_1;nln_overview_verified=True|channel_2;nln_overview_verified=True|channel_3;nln_overview_verified=True|channel_4;nln_overview_verified=True|channel_5;nln_overview_verified=True|channel_6;nln_overview_verified=True
nln_emp_leave_one_speed_out,test_speed_50,nln_emp,nln_emp_motor_2_75_bearing_bpfo_3_vibration,nln_emp_motor_2_75_bearing_bpfo_3,train,Motor-2,vibration,vibration,75,unknown,motor_2_speed_75,bearing_outer_race,1,fault,experimental,unknown,data/raw/nln_emp/Dataset/Vibration/Motor-2/75/bearing bpfo 3/Vibration_Motor-2_75_time-bearing bpfo 3-ch1.csv|data/raw/nln_emp/Dataset/Vibration/Motor-2/75/bearing bpfo 3/Vibration_Motor-2_75_time-bearing bpfo 3-ch2.csv|data/raw/nln_emp/Dataset/Vibration/Motor-2/75/bearing bpfo 3/Vibration_Motor-2_75_time-bearing bpfo 3-ch3.csv|data/raw/nln_emp/Dataset/Vibration/Motor-2/75/bearing bpfo 3/Vibration_Motor-2_75_time-bearing bpfo 3-ch4.csv|data/raw/nln_emp/Dataset/Vibration/Motor-2/75/bearing bpfo 3/Vibration_Motor-2_75_time-bearing bpfo 3-ch5.csv,False,channel_1;nln_overview_verified=True|channel_2;nln_overview_verified=True|channel_3;nln_overview_verified=True|channel_4;nln_overview_verified=True|channel_5;nln_overview_verified=True
nln_emp_leave_one_speed_out,test_speed_50,nln_emp,nln_emp_motor_2_75_bearing_bsf_current,nln_emp_motor_2_75_bearing_bsf,train,Motor-2,current,current,75,unknown,motor_2_speed_75,bearing_ball_spin,unknown,fault,experimental,unknown,data/raw/nln_emp/Dataset/Electric/Motor-2/75/bearing bsf/Electric_Motor-2_75_time-bearing bsf-ch1.csv|data/raw/nln_emp/Dataset/Electric/Motor-2/75/bearing bsf/Electric_Motor-2_75_time-bearing bsf-ch2.csv|data/raw/nln_emp/Dataset/Electric/Motor-2/75/bearing bsf/Electric_Motor-2_75_time-bearing bsf-ch3.csv|data/raw/nln_emp/Dataset/Electric/Motor-2/75/bearing bsf/Electric_Motor-2_75_time-bearing bsf-ch4.csv|data/raw/nln_emp/Dataset/Electric/Motor-2/75/bearing bsf/Electric_Motor-2_75_time-bearing bsf-ch5.csv|data/raw/nln_emp/Dataset/Electric/Motor-2/75/bearing bsf/Electric_Motor-2_75_time-bearing bsf-ch6.csv,False,channel_1;nln_overview_verified=True|channel_2;nln_overview_verified=True|channel_3;nln_overview_verified=True|channel_4;nln_overview_verified=True|channel_5;nln_overview_verified=True|channel_6;nln_overview_verified=True
nln_emp_leave_one_speed_out,test_speed_50,nln_emp,nln_emp_motor_2_75_bearing_bsf_vibration,nln_emp_motor_2_75_bearing_bsf,train,Motor-2,vibration,vibration,75,unknown,motor_2_speed_75,bearing_ball_spin,unknown,fault,experimental,unknown,data/raw/nln_emp/Dataset/Vibration/Motor-2/75/bearing bsf/Vibration_Motor-2_75_time-bearing bsf-ch1.csv|data/raw/nln_emp/Dataset/Vibration/Motor-2/75/bearing bsf/Vibration_Motor-2_75_time-bearing bsf-ch2.csv|data/raw/nln_emp/Dataset/Vibration/Motor-2/75/bearing bsf/Vibration_Motor-2_75_time-bearing bsf-ch3.csv|data/raw/nln_emp/Dataset/Vibration/Motor-2/75/bearing bsf/Vibration_Motor-2_75_time-bearing bsf-ch4.csv|data/raw/nln_emp/Dataset/Vibration/Motor-2/75/bearing bsf/Vibration_Motor-2_75_time-bearing bsf-ch5.csv,False,channel_1;nln_overview_verified=True|channel_2;nln_overview_verified=True|channel_3;nln_overview_verified=True|channel_4;nln_overview_verified=True|channel_5;nln_overview_verified=True
nln_emp_leave_one_speed_out,test_speed_50,nln_emp,nln_emp_motor_2_75_bearing_contaminated_current,nln_emp_motor_2_75_bearing_contaminated,train,Motor-2,current,current,75,unknown,motor_2_speed_75,bearing_contamination,unknown,fault,experimental,unknown,data/raw/nln_emp/Dataset/Electric/Motor-2/75/bearing contaminated/Electric_Motor-2_75_time-bearing contaminated-ch1.csv|data/raw/nln_emp/Dataset/Electric/Motor-2/75/bearing contaminated/Electric_Motor-2_75_time-bearing contaminated-ch2.csv|data/raw/nln_emp/Dataset/Electric/Motor-2/75/bearing contaminated/Electric_Motor-2_75_time-bearing contaminated-ch3.csv|data/raw/nln_emp/Dataset/Electric/Motor-2/75/bearing contaminated/Electric_Motor-2_75_time-bearing contaminated-ch4.csv|data/raw/nln_emp/Dataset/Electric/Motor-2/75/bearing contaminated/Electric_Motor-2_75_time-bearing contaminated-ch5.csv|data/raw/nln_emp/Dataset/Electric/Motor-2/75/bearing contaminated/Electric_Motor-2_75_time-bearing contaminated-ch6.csv,False,channel_1;nln_overview_verified=True|channel_2;nln_overview_verified=True|channel_3;nln_overview_verified=True|channel_4;nln_overview_verified=True|channel_5;nln_overview_verified=True|channel_6;nln_overview_verified=True
nln_emp_leave_one_speed_out,test_speed_50,nln_emp,nln_emp_motor_2_75_bearing_contaminated_vibration,nln_emp_motor_2_75_bearing_contaminated,train,Motor-2,vibration,vibration,75,unknown,motor_2_speed_75,bearing_contamination,unknown,fault,experimental,unknown,data/raw/nln_emp/Dataset/Vibration/Motor-2/75/bearing contaminated/Vibration_Motor-2_75_time-bearing contaminated-ch1.csv|data/raw/nln_emp/Dataset/Vibration/Motor-2/75/bearing contaminated/Vibration_Motor-2_75_time-bearing contaminated-ch2.csv|data/raw/nln_emp/Dataset/Vibration/Motor-2/75/bearing contaminated/Vibration_Motor-2_75_time-bearing contaminated-ch3.csv|data/raw/nln_emp/Dataset/Vibration/Motor-2/75/bearing contaminated/Vibration_Motor-2_75_time-bearing contaminated-ch4.csv|data/raw/nln_emp/Dataset/Vibration/Motor-2/75/bearing contaminated/Vibration_Motor-2_75_time-bearing contaminated-ch5.csv,False,channel_1;nln_overview_verified=True|channel_2;nln_overview_verified=True|channel_3;nln_overview_verified=True|channel_4;nln_overview_verified=True|channel_5;nln_overview_verified=True
nln_emp_leave_one_speed_out,test_speed_50,nln_emp,nln_emp_motor_2_75_bearing_pump_1_current,nln_emp_motor_2_75_bearing_pump_1,train,Motor-2,current,current,75,unknown,motor_2_speed_75,bearing_ball,2,fault,experimental,unknown,data/raw/nln_emp/Dataset/Electric/Motor-2/75/bearing pump 1/Electric_Motor-2_75_time-bearing pump 1-ch1.csv|data/raw/nln_emp/Dataset/Electric/Motor-2/75/bearing pump 1/Electric_Motor-2_75_time-bearing pump 1-ch2.csv|data/raw/nln_emp/Dataset/Electric/Motor-2/75/bearing pump 1/Electric_Motor-2_75_time-bearing pump 1-ch3.csv|data/raw/nln_emp/Dataset/Electric/Motor-2/75/bearing pump 1/Electric_Motor-2_75_time-bearing pump 1-ch4.csv|data/raw/nln_emp/Dataset/Electric/Motor-2/75/bearing pump 1/Electric_Motor-2_75_time-bearing pump 1-ch5.csv|data/raw/nln_emp/Dataset/Electric/Motor-2/75/bearing pump 1/Electric_Motor-2_75_time-bearing pump 1-ch6.csv,False,channel_1;nln_overview_verified=True|channel_2;nln_overview_verified=True|channel_3;nln_overview_verified=True|channel_4;nln_overview_verified=True|channel_5;nln_overview_verified=True|channel_6;nln_overview_verified=True
nln_emp_leave_one_speed_out,test_speed_50,nln_emp,nln_emp_motor_2_75_bearing_pump_1_vibration,nln_emp_motor_2_75_bearing_pump_1,train,Motor-2,vibration,vibration,75,unknown,motor_2_speed_75,bearing_ball,2,fault,experimental,unknown,data/raw/nln_emp/Dataset/Vibration/Motor-2/75/bearing pump 1/Vibration_Motor-2_75_time-bearing pump 1-ch1.csv|data/raw/nln_emp/Dataset/Vibration/Motor-2/75/bearing pump 1/Vibration_Motor-2_75_time-bearing pump 1-ch2.csv|data/raw/nln_emp/Dataset/Vibration/Motor-2/75/bearing pump 1/Vibration_Motor-2_75_time-bearing pump 1-ch3.csv|data/raw/nln_emp/Dataset/Vibration/Motor-2/75/bearing pump 1/Vibration_Motor-2_75_time-bearing pump 1-ch4.csv|data/raw/nln_emp/Dataset/Vibration/Motor-2/75/bearing pump 1/Vibration_Motor-2_75_time-bearing pump 1-ch5.csv,False,channel_1;nln_overview_verified=True|channel_2;nln_overview_verified=True|channel_3;nln_overview_verified=True|channel_4;nln_overview_verified=True|channel_5;nln_overview_verified=True
nln_emp_leave_one_speed_out,test_speed_50,nln_emp,nln_emp_motor_2_75_bearing_pump_2_current,nln_emp_motor_2_75_bearing_pump_2,val,Motor-2,current,current,75,unknown,motor_2_speed_75,bearing_ball,2,fault,experimental,unknown,data/raw/nln_emp/Dataset/Electric/Motor-2/75/bearing pump 2/Electric_Motor-2_75_time-bearing pump 2-ch1.csv|data/raw/nln_emp/Dataset/Electric/Motor-2/75/bearing pump 2/Electric_Motor-2_75_time-bearing pump 2-ch2.csv|data/raw/nln_emp/Dataset/Electric/Motor-2/75/bearing pump 2/Electric_Motor-2_75_time-bearing pump 2-ch3.csv|data/raw/nln_emp/Dataset/Electric/Motor-2/75/bearing pump 2/Electric_Motor-2_75_time-bearing pump 2-ch4.csv|data/raw/nln_emp/Dataset/Electric/Motor-2/75/bearing pump 2/Electric_Motor-2_75_time-bearing pump 2-ch5.csv|data/raw/nln_emp/Dataset/Electric/Motor-2/75/bearing pump 2/Electric_Motor-2_75_time-bearing pump 2-ch6.csv,False,channel_1;nln_overview_verified=True|channel_2;nln_overview_verified=True|channel_3;nln_overview_verified=True|channel_4;nln_overview_verified=True|channel_5;nln_overview_verified=True|channel_6;nln_overview_verified=True
nln_emp_leave_one_speed_out,test_speed_50,nln_emp,nln_emp_motor_2_75_bearing_pump_2_vibration,nln_emp_motor_2_75_bearing_pump_2,val,Motor-2,vibration,vibration,75,unknown,motor_2_speed_75,bearing_ball,2,fault,experimental,unknown,data/raw/nln_emp/Dataset/Vibration/Motor-2/75/bearing pump 2/Vibration_Motor-2_75_time-bearing pump 2-ch1.csv|data/raw/nln_emp/Dataset/Vibration/Motor-2/75/bearing pump 2/Vibration_Motor-2_75_time-bearing pump 2-ch2.csv|data/raw/nln_emp/Dataset/Vibration/Motor-2/75/bearing pump 2/Vibration_Motor-2_75_time-bearing pump 2-ch3.csv|data/raw/nln_emp/Dataset/Vibration/Motor-2/75/bearing pump 2/Vibration_Motor-2_75_time-bearing pump 2-ch4.csv|data/raw/nln_emp/Dataset/Vibration/Motor-2/75/bearing pump 2/Vibration_Motor-2_75_time-bearing pump 2-ch5.csv,False,channel_1;nln_overview_verified=True|channel_2;nln_overview_verified=True|channel_3;nln_overview_verified=True|channel_4;nln_overview_verified=True|channel_5;nln_overview_verified=True
nln_emp_leave_one_speed_out,test_speed_50,nln_emp,nln_emp_motor_2_75_bearing_pump_3_current,nln_emp_motor_2_75_bearing_pump_3,train,Motor-2,current,current,75,unknown,motor_2_speed_75,bearing_ball,2,fault,experimental,unknown,data/raw/nln_emp/Dataset/Electric/Motor-2/75/bearing pump 3/Electric_Motor-2_75_time-bearing pump 3-ch1.csv|data/raw/nln_emp/Dataset/Electric/Motor-2/75/bearing pump 3/Electric_Motor-2_75_time-bearing pump 3-ch2.csv|data/raw/nln_emp/Dataset/Electric/Motor-2/75/bearing pump 3/Electric_Motor-2_75_time-bearing pump 3-ch3.csv|data/raw/nln_emp/Dataset/Electric/Motor-2/75/bearing pump 3/Electric_Motor-2_75_time-bearing pump 3-ch4.csv|data/raw/nln_emp/Dataset/Electric/Motor-2/75/bearing pump 3/Electric_Motor-2_75_time-bearing pump 3-ch5.csv|data/raw/nln_emp/Dataset/Electric/Motor-2/75/bearing pump 3/Electric_Motor-2_75_time-bearing pump 3-ch6.csv,False,channel_1;nln_overview_verified=True|channel_2;nln_overview_verified=True|channel_3;nln_overview_verified=True|channel_4;nln_overview_verified=True|channel_5;nln_overview_verified=True|channel_6;nln_overview_verified=True
nln_emp_leave_one_speed_out,test_speed_50,nln_emp,nln_emp_motor_2_75_bearing_pump_3_vibration,nln_emp_motor_2_75_bearing_pump_3,train,Motor-2,vibration,vibration,75,unknown,motor_2_speed_75,bearing_ball,2,fault,experimental,unknown,data/raw/nln_emp/Dataset/Vibration/Motor-2/75/bearing pump 3/Vibration_Motor-2_75_time-bearing pump 3-ch1.csv|data/raw/nln_emp/Dataset/Vibration/Motor-2/75/bearing pump 3/Vibration_Motor-2_75_time-bearing pump 3-ch2.csv|data/raw/nln_emp/Dataset/Vibration/Motor-2/75/bearing pump 3/Vibration_Motor-2_75_time-bearing pump 3-ch3.csv|data/raw/nln_emp/Dataset/Vibration/Motor-2/75/bearing pump 3/Vibration_Motor-2_75_time-bearing pump 3-ch4.csv|data/raw/nln_emp/Dataset/Vibration/Motor-2/75/bearing pump 3/Vibration_Motor-2_75_time-bearing pump 3-ch5.csv,False,channel_1;nln_overview_verified=True|channel_2;nln_overview_verified=True|channel_3;nln_overview_verified=True|channel_4;nln_overview_verified=True|channel_5;nln_overview_verified=True
nln_emp_leave_one_speed_out,test_speed_50,nln_emp,nln_emp_motor_2_75_broken_rotor_bar_current,nln_emp_motor_2_75_broken_rotor_bar,train,Motor-2,current,current,75,unknown,motor_2_speed_75,rotor_fault,unknown,fault,experimental,unknown,data/raw/nln_emp/Dataset/Electric/Motor-2/75/broken rotor bar/Electric_Motor-2_75_time-broken rotor bar-ch1.csv|data/raw/nln_emp/Dataset/Electric/Motor-2/75/broken rotor bar/Electric_Motor-2_75_time-broken rotor bar-ch2.csv|data/raw/nln_emp/Dataset/Electric/Motor-2/75/broken rotor bar/Electric_Motor-2_75_time-broken rotor bar-ch3.csv|data/raw/nln_emp/Dataset/Electric/Motor-2/75/broken rotor bar/Electric_Motor-2_75_time-broken rotor bar-ch4.csv|data/raw/nln_emp/Dataset/Electric/Motor-2/75/broken rotor bar/Electric_Motor-2_75_time-broken rotor bar-ch5.csv|data/raw/nln_emp/Dataset/Electric/Motor-2/75/broken rotor bar/Electric_Motor-2_75_time-broken rotor bar-ch6.csv,False,channel_1;nln_overview_verified=True|channel_2;nln_overview_verified=True|channel_3;nln_overview_verified=True|channel_4;nln_overview_verified=True|channel_5;nln_overview_verified=True|channel_6;nln_overview_verified=True
nln_emp_leave_one_speed_out,test_speed_50,nln_emp,nln_emp_motor_2_75_broken_rotor_bar_vibration,nln_emp_motor_2_75_broken_rotor_bar,train,Motor-2,vibration,vibration,75,unknown,motor_2_speed_75,rotor_fault,unknown,fault,experimental,unknown,data/raw/nln_emp/Dataset/Vibration/Motor-2/75/broken rotor bar/Vibration_Motor-2_75_time-broken rotor bar-ch1.csv|data/raw/nln_emp/Dataset/Vibration/Motor-2/75/broken rotor bar/Vibration_Motor-2_75_time-broken rotor bar-ch2.csv|data/raw/nln_emp/Dataset/Vibration/Motor-2/75/broken rotor bar/Vibration_Motor-2_75_time-broken rotor bar-ch3.csv|data/raw/nln_emp/Dataset/Vibration/Motor-2/75/broken rotor bar/Vibration_Motor-2_75_time-broken rotor bar-ch4.csv|data/raw/nln_emp/Dataset/Vibration/Motor-2/75/broken rotor bar/Vibration_Motor-2_75_time-broken rotor bar-ch5.csv,False,channel_1;nln_overview_verified=True|channel_2;nln_overview_verified=True|channel_3;nln_overview_verified=True|channel_4;nln_overview_verified=True|channel_5;nln_overview_verified=True
nln_emp_leave_one_speed_out,test_speed_50,nln_emp,nln_emp_motor_2_75_healthy_1_current,nln_emp_motor_2_75_healthy_1,train,Motor-2,current,current,75,unknown,motor_2_speed_75,healthy,0,healthy,experimental,unknown,data/raw/nln_emp/Dataset/Electric/Motor-2/75/healthy 1/Electric_Motor-2_75_time-healthy 1-ch1.csv|data/raw/nln_emp/Dataset/Electric/Motor-2/75/healthy 1/Electric_Motor-2_75_time-healthy 1-ch2.csv|data/raw/nln_emp/Dataset/Electric/Motor-2/75/healthy 1/Electric_Motor-2_75_time-healthy 1-ch3.csv|data/raw/nln_emp/Dataset/Electric/Motor-2/75/healthy 1/Electric_Motor-2_75_time-healthy 1-ch4.csv|data/raw/nln_emp/Dataset/Electric/Motor-2/75/healthy 1/Electric_Motor-2_75_time-healthy 1-ch5.csv|data/raw/nln_emp/Dataset/Electric/Motor-2/75/healthy 1/Electric_Motor-2_75_time-healthy 1-ch6.csv,False,channel_1;nln_overview_verified=True|channel_2;nln_overview_verified=True|channel_3;nln_overview_verified=True|channel_4;nln_overview_verified=True|channel_5;nln_overview_verified=True|channel_6;nln_overview_verified=True
nln_emp_leave_one_speed_out,test_speed_50,nln_emp,nln_emp_motor_2_75_healthy_1_vibration,nln_emp_motor_2_75_healthy_1,train,Motor-2,vibration,vibration,75,unknown,motor_2_speed_75,healthy,0,healthy,experimental,unknown,data/raw/nln_emp/Dataset/Vibration/Motor-2/75/healthy 1/Vibration_Motor-2_75_time-healthy 1-ch1.csv|data/raw/nln_emp/Dataset/Vibration/Motor-2/75/healthy 1/Vibration_Motor-2_75_time-healthy 1-ch2.csv|data/raw/nln_emp/Dataset/Vibration/Motor-2/75/healthy 1/Vibration_Motor-2_75_time-healthy 1-ch3.csv|data/raw/nln_emp/Dataset/Vibration/Motor-2/75/healthy 1/Vibration_Motor-2_75_time-healthy 1-ch4.csv|data/raw/nln_emp/Dataset/Vibration/Motor-2/75/healthy 1/Vibration_Motor-2_75_time-healthy 1-ch5.csv,False,channel_1;nln_overview_verified=True|channel_2;nln_overview_verified=True|channel_3;nln_overview_verified=True|channel_4;nln_overview_verified=True|channel_5;nln_overview_verified=True
nln_emp_leave_one_speed_out,test_speed_50,nln_emp,nln_emp_motor_2_75_healthy_2_current,nln_emp_motor_2_75_healthy_2,val,Motor-2,current,current,75,unknown,motor_2_speed_75,healthy,0,healthy,experimental,unknown,data/raw/nln_emp/Dataset/Electric/Motor-2/75/healthy 2/Electric_Motor-2_75_time-healthy 2-ch1.csv|data/raw/nln_emp/Dataset/Electric/Motor-2/75/healthy 2/Electric_Motor-2_75_time-healthy 2-ch2.csv|data/raw/nln_emp/Dataset/Electric/Motor-2/75/healthy 2/Electric_Motor-2_75_time-healthy 2-ch3.csv|data/raw/nln_emp/Dataset/Electric/Motor-2/75/healthy 2/Electric_Motor-2_75_time-healthy 2-ch4.csv|data/raw/nln_emp/Dataset/Electric/Motor-2/75/healthy 2/Electric_Motor-2_75_time-healthy 2-ch5.csv|data/raw/nln_emp/Dataset/Electric/Motor-2/75/healthy 2/Electric_Motor-2_75_time-healthy 2-ch6.csv,False,channel_1;nln_overview_verified=True|channel_2;nln_overview_verified=True|channel_3;nln_overview_verified=True|channel_4;nln_overview_verified=True|channel_5;nln_overview_verified=True|channel_6;nln_overview_verified=True
nln_emp_leave_one_speed_out,test_speed_50,nln_emp,nln_emp_motor_2_75_healthy_2_vibration,nln_emp_motor_2_75_healthy_2,val,Motor-2,vibration,vibration,75,unknown,motor_2_speed_75,healthy,0,healthy,experimental,unknown,data/raw/nln_emp/Dataset/Vibration/Motor-2/75/healthy 2/Vibration_Motor-2_75_time-healthy 2-ch1.csv|data/raw/nln_emp/Dataset/Vibration/Motor-2/75/healthy 2/Vibration_Motor-2_75_time-healthy 2-ch2.csv|data/raw/nln_emp/Dataset/Vibration/Motor-2/75/healthy 2/Vibration_Motor-2_75_time-healthy 2-ch3.csv|data/raw/nln_emp/Dataset/Vibration/Motor-2/75/healthy 2/Vibration_Motor-2_75_time-healthy 2-ch4.csv|data/raw/nln_emp/Dataset/Vibration/Motor-2/75/healthy 2/Vibration_Motor-2_75_time-healthy 2-ch5.csv,False,channel_1;nln_overview_verified=True|channel_2;nln_overview_verified=True|channel_3;nln_overview_verified=True|channel_4;nln_overview_verified=True|channel_5;nln_overview_verified=True
nln_emp_leave_one_speed_out,test_speed_50,nln_emp,nln_emp_motor_2_75_healthy_3_current,nln_emp_motor_2_75_healthy_3,val,Motor-2,current,current,75,unknown,motor_2_speed_75,healthy,0,healthy,experimental,unknown,data/raw/nln_emp/Dataset/Electric/Motor-2/75/healthy 3/Electric_Motor-2_75_time-healthy 3-ch1.csv|data/raw/nln_emp/Dataset/Electric/Motor-2/75/healthy 3/Electric_Motor-2_75_time-healthy 3-ch2.csv|data/raw/nln_emp/Dataset/Electric/Motor-2/75/healthy 3/Electric_Motor-2_75_time-healthy 3-ch3.csv|data/raw/nln_emp/Dataset/Electric/Motor-2/75/healthy 3/Electric_Motor-2_75_time-healthy 3-ch4.csv|data/raw/nln_emp/Dataset/Electric/Motor-2/75/healthy 3/Electric_Motor-2_75_time-healthy 3-ch5.csv|data/raw/nln_emp/Dataset/Electric/Motor-2/75/healthy 3/Electric_Motor-2_75_time-healthy 3-ch6.csv,False,channel_1;nln_overview_verified=True|channel_2;nln_overview_verified=True|channel_3;nln_overview_verified=True|channel_4;nln_overview_verified=True|channel_5;nln_overview_verified=True|channel_6;nln_overview_verified=True
nln_emp_leave_one_speed_out,test_speed_50,nln_emp,nln_emp_motor_2_75_healthy_3_vibration,nln_emp_motor_2_75_healthy_3,val,Motor-2,vibration,vibration,75,unknown,motor_2_speed_75,healthy,0,healthy,experimental,unknown,data/raw/nln_emp/Dataset/Vibration/Motor-2/75/healthy 3/Vibration_Motor-2_75_time-healthy 3-ch1.csv|data/raw/nln_emp/Dataset/Vibration/Motor-2/75/healthy 3/Vibration_Motor-2_75_time-healthy 3-ch2.csv|data/raw/nln_emp/Dataset/Vibration/Motor-2/75/healthy 3/Vibration_Motor-2_75_time-healthy 3-ch3.csv|data/raw/nln_emp/Dataset/Vibration/Motor-2/75/healthy 3/Vibration_Motor-2_75_time-healthy 3-ch4.csv|data/raw/nln_emp/Dataset/Vibration/Motor-2/75/healthy 3/Vibration_Motor-2_75_time-healthy 3-ch5.csv,False,channel_1;nln_overview_verified=True|channel_2;nln_overview_verified=True|channel_3;nln_overview_verified=True|channel_4;nln_overview_verified=True|channel_5;nln_overview_verified=True
nln_emp_leave_one_speed_out,test_speed_50,nln_emp,nln_emp_motor_2_75_healthy_noise_current,nln_emp_motor_2_75_healthy_noise,train,Motor-2,current,current,75,unknown,motor_2_speed_75,healthy,0,healthy,experimental,unknown,data/raw/nln_emp/Dataset/Electric/Motor-2/75/healthy noise/Electric_Motor-2_75_time-healthy noise-ch1.csv|data/raw/nln_emp/Dataset/Electric/Motor-2/75/healthy noise/Electric_Motor-2_75_time-healthy noise-ch2.csv|data/raw/nln_emp/Dataset/Electric/Motor-2/75/healthy noise/Electric_Motor-2_75_time-healthy noise-ch3.csv|data/raw/nln_emp/Dataset/Electric/Motor-2/75/healthy noise/Electric_Motor-2_75_time-healthy noise-ch4.csv|data/raw/nln_emp/Dataset/Electric/Motor-2/75/healthy noise/Electric_Motor-2_75_time-healthy noise-ch5.csv|data/raw/nln_emp/Dataset/Electric/Motor-2/75/healthy noise/Electric_Motor-2_75_time-healthy noise-ch6.csv,False,channel_1;nln_overview_verified=True|channel_2;nln_overview_verified=True|channel_3;nln_overview_verified=True|channel_4;nln_overview_verified=True|channel_5;nln_overview_verified=True|channel_6;nln_overview_verified=True
nln_emp_leave_one_speed_out,test_speed_50,nln_emp,nln_emp_motor_2_75_healthy_noise_vibration,nln_emp_motor_2_75_healthy_noise,train,Motor-2,vibration,vibration,75,unknown,motor_2_speed_75,healthy,0,healthy,experimental,unknown,data/raw/nln_emp/Dataset/Vibration/Motor-2/75/healthy noise/Vibration_Motor-2_75_time-healthy noise-ch1.csv|data/raw/nln_emp/Dataset/Vibration/Motor-2/75/healthy noise/Vibration_Motor-2_75_time-healthy noise-ch2.csv|data/raw/nln_emp/Dataset/Vibration/Motor-2/75/healthy noise/Vibration_Motor-2_75_time-healthy noise-ch3.csv|data/raw/nln_emp/Dataset/Vibration/Motor-2/75/healthy noise/Vibration_Motor-2_75_time-healthy noise-ch4.csv|data/raw/nln_emp/Dataset/Vibration/Motor-2/75/healthy noise/Vibration_Motor-2_75_time-healthy noise-ch5.csv,False,channel_1;nln_overview_verified=True|channel_2;nln_overview_verified=True|channel_3;nln_overview_verified=True|channel_4;nln_overview_verified=True|channel_5;nln_overview_verified=True
nln_emp_leave_one_speed_out,test_speed_50,nln_emp,nln_emp_motor_2_75_impeller_1_current,nln_emp_motor_2_75_impeller_1,train,Motor-2,current,current,75,unknown,motor_2_speed_75,impeller_fault,1,fault,experimental,unknown,data/raw/nln_emp/Dataset/Electric/Motor-2/75/impeller 1/Electric_Motor-2_75_time-impeller 1-ch1.csv|data/raw/nln_emp/Dataset/Electric/Motor-2/75/impeller 1/Electric_Motor-2_75_time-impeller 1-ch2.csv|data/raw/nln_emp/Dataset/Electric/Motor-2/75/impeller 1/Electric_Motor-2_75_time-impeller 1-ch3.csv|data/raw/nln_emp/Dataset/Electric/Motor-2/75/impeller 1/Electric_Motor-2_75_time-impeller 1-ch4.csv|data/raw/nln_emp/Dataset/Electric/Motor-2/75/impeller 1/Electric_Motor-2_75_time-impeller 1-ch5.csv|data/raw/nln_emp/Dataset/Electric/Motor-2/75/impeller 1/Electric_Motor-2_75_time-impeller 1-ch6.csv,False,channel_1;nln_overview_verified=True|channel_2;nln_overview_verified=True|channel_3;nln_overview_verified=True|channel_4;nln_overview_verified=True|channel_5;nln_overview_verified=True|channel_6;nln_overview_verified=True
nln_emp_leave_one_speed_out,test_speed_50,nln_emp,nln_emp_motor_2_75_impeller_1_vibration,nln_emp_motor_2_75_impeller_1,train,Motor-2,vibration,vibration,75,unknown,motor_2_speed_75,impeller_fault,1,fault,experimental,unknown,data/raw/nln_emp/Dataset/Vibration/Motor-2/75/impeller 1/Vibration_Motor-2_75_time-impeller 1-ch1.csv|data/raw/nln_emp/Dataset/Vibration/Motor-2/75/impeller 1/Vibration_Motor-2_75_time-impeller 1-ch2.csv|data/raw/nln_emp/Dataset/Vibration/Motor-2/75/impeller 1/Vibration_Motor-2_75_time-impeller 1-ch3.csv|data/raw/nln_emp/Dataset/Vibration/Motor-2/75/impeller 1/Vibration_Motor-2_75_time-impeller 1-ch4.csv|data/raw/nln_emp/Dataset/Vibration/Motor-2/75/impeller 1/Vibration_Motor-2_75_time-impeller 1-ch5.csv,False,channel_1;nln_overview_verified=True|channel_2;nln_overview_verified=True|channel_3;nln_overview_verified=True|channel_4;nln_overview_verified=True|channel_5;nln_overview_verified=True
nln_emp_leave_one_speed_out,test_speed_50,nln_emp,nln_emp_motor_2_75_impeller_2_current,nln_emp_motor_2_75_impeller_2,train,Motor-2,current,current,75,unknown,motor_2_speed_75,impeller_fault,1,fault,experimental,unknown,data/raw/nln_emp/Dataset/Electric/Motor-2/75/impeller 2/Electric_Motor-2_75_time-impeller 2-ch1.csv|data/raw/nln_emp/Dataset/Electric/Motor-2/75/impeller 2/Electric_Motor-2_75_time-impeller 2-ch2.csv|data/raw/nln_emp/Dataset/Electric/Motor-2/75/impeller 2/Electric_Motor-2_75_time-impeller 2-ch3.csv|data/raw/nln_emp/Dataset/Electric/Motor-2/75/impeller 2/Electric_Motor-2_75_time-impeller 2-ch4.csv|data/raw/nln_emp/Dataset/Electric/Motor-2/75/impeller 2/Electric_Motor-2_75_time-impeller 2-ch5.csv|data/raw/nln_emp/Dataset/Electric/Motor-2/75/impeller 2/Electric_Motor-2_75_time-impeller 2-ch6.csv,False,channel_1;nln_overview_verified=True|channel_2;nln_overview_verified=True|channel_3;nln_overview_verified=True|channel_4;nln_overview_verified=True|channel_5;nln_overview_verified=True|channel_6;nln_overview_verified=True
nln_emp_leave_one_speed_out,test_speed_50,nln_emp,nln_emp_motor_2_75_impeller_2_vibration,nln_emp_motor_2_75_impeller_2,train,Motor-2,vibration,vibration,75,unknown,motor_2_speed_75,impeller_fault,1,fault,experimental,unknown,data/raw/nln_emp/Dataset/Vibration/Motor-2/75/impeller 2/Vibration_Motor-2_75_time-impeller 2-ch1.csv|data/raw/nln_emp/Dataset/Vibration/Motor-2/75/impeller 2/Vibration_Motor-2_75_time-impeller 2-ch2.csv|data/raw/nln_emp/Dataset/Vibration/Motor-2/75/impeller 2/Vibration_Motor-2_75_time-impeller 2-ch3.csv|data/raw/nln_emp/Dataset/Vibration/Motor-2/75/impeller 2/Vibration_Motor-2_75_time-impeller 2-ch4.csv|data/raw/nln_emp/Dataset/Vibration/Motor-2/75/impeller 2/Vibration_Motor-2_75_time-impeller 2-ch5.csv,False,channel_1;nln_overview_verified=True|channel_2;nln_overview_verified=True|channel_3;nln_overview_verified=True|channel_4;nln_overview_verified=True|channel_5;nln_overview_verified=True
nln_emp_leave_one_speed_out,test_speed_50,nln_emp,nln_emp_motor_2_75_impeller_3_current,nln_emp_motor_2_75_impeller_3,val,Motor-2,current,current,75,unknown,motor_2_speed_75,impeller_fault,1,fault,experimental,unknown,data/raw/nln_emp/Dataset/Electric/Motor-2/75/impeller 3/Electric_Motor-2_75_time-impeller 3-ch1.csv|data/raw/nln_emp/Dataset/Electric/Motor-2/75/impeller 3/Electric_Motor-2_75_time-impeller 3-ch2.csv|data/raw/nln_emp/Dataset/Electric/Motor-2/75/impeller 3/Electric_Motor-2_75_time-impeller 3-ch3.csv|data/raw/nln_emp/Dataset/Electric/Motor-2/75/impeller 3/Electric_Motor-2_75_time-impeller 3-ch4.csv|data/raw/nln_emp/Dataset/Electric/Motor-2/75/impeller 3/Electric_Motor-2_75_time-impeller 3-ch5.csv|data/raw/nln_emp/Dataset/Electric/Motor-2/75/impeller 3/Electric_Motor-2_75_time-impeller 3-ch6.csv,False,channel_1;nln_overview_verified=True|channel_2;nln_overview_verified=True|channel_3;nln_overview_verified=True|channel_4;nln_overview_verified=True|channel_5;nln_overview_verified=True|channel_6;nln_overview_verified=True
nln_emp_leave_one_speed_out,test_speed_50,nln_emp,nln_emp_motor_2_75_impeller_3_vibration,nln_emp_motor_2_75_impeller_3,val,Motor-2,vibration,vibration,75,unknown,motor_2_speed_75,impeller_fault,1,fault,experimental,unknown,data/raw/nln_emp/Dataset/Vibration/Motor-2/75/impeller 3/Vibration_Motor-2_75_time-impeller 3-ch1.csv|data/raw/nln_emp/Dataset/Vibration/Motor-2/75/impeller 3/Vibration_Motor-2_75_time-impeller 3-ch2.csv|data/raw/nln_emp/Dataset/Vibration/Motor-2/75/impeller 3/Vibration_Motor-2_75_time-impeller 3-ch3.csv|data/raw/nln_emp/Dataset/Vibration/Motor-2/75/impeller 3/Vibration_Motor-2_75_time-impeller 3-ch4.csv|data/raw/nln_emp/Dataset/Vibration/Motor-2/75/impeller 3/Vibration_Motor-2_75_time-impeller 3-ch5.csv,False,channel_1;nln_overview_verified=True|channel_2;nln_overview_verified=True|channel_3;nln_overview_verified=True|channel_4;nln_overview_verified=True|channel_5;nln_overview_verified=True
nln_emp_leave_one_speed_out,test_speed_50,nln_emp,nln_emp_motor_2_75_loose_foot_motor_current,nln_emp_motor_2_75_loose_foot_motor,train,Motor-2,current,current,75,unknown,motor_2_speed_75,looseness_soft_foot,unknown,fault,experimental,unknown,data/raw/nln_emp/Dataset/Electric/Motor-2/75/loose foot motor/Electric_Motor-2_75_time-loose foot motor-ch1.csv|data/raw/nln_emp/Dataset/Electric/Motor-2/75/loose foot motor/Electric_Motor-2_75_time-loose foot motor-ch2.csv|data/raw/nln_emp/Dataset/Electric/Motor-2/75/loose foot motor/Electric_Motor-2_75_time-loose foot motor-ch3.csv|data/raw/nln_emp/Dataset/Electric/Motor-2/75/loose foot motor/Electric_Motor-2_75_time-loose foot motor-ch4.csv|data/raw/nln_emp/Dataset/Electric/Motor-2/75/loose foot motor/Electric_Motor-2_75_time-loose foot motor-ch5.csv|data/raw/nln_emp/Dataset/Electric/Motor-2/75/loose foot motor/Electric_Motor-2_75_time-loose foot motor-ch6.csv,False,channel_1;nln_overview_verified=True|channel_2;nln_overview_verified=True|channel_3;nln_overview_verified=True|channel_4;nln_overview_verified=True|channel_5;nln_overview_verified=True|channel_6;nln_overview_verified=True
nln_emp_leave_one_speed_out,test_speed_50,nln_emp,nln_emp_motor_2_75_loose_foot_motor_vibration,nln_emp_motor_2_75_loose_foot_motor,train,Motor-2,vibration,vibration,75,unknown,motor_2_speed_75,looseness_soft_foot,unknown,fault,experimental,unknown,data/raw/nln_emp/Dataset/Vibration/Motor-2/75/loose foot motor/Vibration_Motor-2_75_time-loose foot motor-ch1.csv|data/raw/nln_emp/Dataset/Vibration/Motor-2/75/loose foot motor/Vibration_Motor-2_75_time-loose foot motor-ch2.csv|data/raw/nln_emp/Dataset/Vibration/Motor-2/75/loose foot motor/Vibration_Motor-2_75_time-loose foot motor-ch3.csv|data/raw/nln_emp/Dataset/Vibration/Motor-2/75/loose foot motor/Vibration_Motor-2_75_time-loose foot motor-ch4.csv|data/raw/nln_emp/Dataset/Vibration/Motor-2/75/loose foot motor/Vibration_Motor-2_75_time-loose foot motor-ch5.csv,False,channel_1;nln_overview_verified=True|channel_2;nln_overview_verified=True|channel_3;nln_overview_verified=True|channel_4;nln_overview_verified=True|channel_5;nln_overview_verified=True
nln_emp_leave_one_speed_out,test_speed_50,nln_emp,nln_emp_motor_2_75_loose_foot_pump_current,nln_emp_motor_2_75_loose_foot_pump,train,Motor-2,current,current,75,unknown,motor_2_speed_75,looseness_soft_foot,unknown,fault,experimental,unknown,data/raw/nln_emp/Dataset/Electric/Motor-2/75/loose foot pump/Electric_Motor-2_75_time-loose foot pump-ch1.csv|data/raw/nln_emp/Dataset/Electric/Motor-2/75/loose foot pump/Electric_Motor-2_75_time-loose foot pump-ch2.csv|data/raw/nln_emp/Dataset/Electric/Motor-2/75/loose foot pump/Electric_Motor-2_75_time-loose foot pump-ch3.csv|data/raw/nln_emp/Dataset/Electric/Motor-2/75/loose foot pump/Electric_Motor-2_75_time-loose foot pump-ch4.csv|data/raw/nln_emp/Dataset/Electric/Motor-2/75/loose foot pump/Electric_Motor-2_75_time-loose foot pump-ch5.csv|data/raw/nln_emp/Dataset/Electric/Motor-2/75/loose foot pump/Electric_Motor-2_75_time-loose foot pump-ch6.csv,False,channel_1;nln_overview_verified=True|channel_2;nln_overview_verified=True|channel_3;nln_overview_verified=True|channel_4;nln_overview_verified=True|channel_5;nln_overview_verified=True|channel_6;nln_overview_verified=True
nln_emp_leave_one_speed_out,test_speed_50,nln_emp,nln_emp_motor_2_75_loose_foot_pump_vibration,nln_emp_motor_2_75_loose_foot_pump,train,Motor-2,vibration,vibration,75,unknown,motor_2_speed_75,looseness_soft_foot,unknown,fault,experimental,unknown,data/raw/nln_emp/Dataset/Vibration/Motor-2/75/loose foot pump/Vibration_Motor-2_75_time-loose foot pump-ch1.csv|data/raw/nln_emp/Dataset/Vibration/Motor-2/75/loose foot pump/Vibration_Motor-2_75_time-loose foot pump-ch2.csv|data/raw/nln_emp/Dataset/Vibration/Motor-2/75/loose foot pump/Vibration_Motor-2_75_time-loose foot pump-ch3.csv|data/raw/nln_emp/Dataset/Vibration/Motor-2/75/loose foot pump/Vibration_Motor-2_75_time-loose foot pump-ch4.csv|data/raw/nln_emp/Dataset/Vibration/Motor-2/75/loose foot pump/Vibration_Motor-2_75_time-loose foot pump-ch5.csv,False,channel_1;nln_overview_verified=True|channel_2;nln_overview_verified=True|channel_3;nln_overview_verified=True|channel_4;nln_overview_verified=True|channel_5;nln_overview_verified=True
nln_emp_leave_one_speed_out,test_speed_50,nln_emp,nln_emp_motor_2_75_new_motor_current,nln_emp_motor_2_75_new_motor,train,Motor-2,current,current,75,unknown,motor_2_speed_75,healthy,0,healthy,experimental,unknown,data/raw/nln_emp/Dataset/Electric/Motor-2/75/new motor/Electric_Motor-2_75_time-new motor-ch1.csv|data/raw/nln_emp/Dataset/Electric/Motor-2/75/new motor/Electric_Motor-2_75_time-new motor-ch2.csv|data/raw/nln_emp/Dataset/Electric/Motor-2/75/new motor/Electric_Motor-2_75_time-new motor-ch3.csv|data/raw/nln_emp/Dataset/Electric/Motor-2/75/new motor/Electric_Motor-2_75_time-new motor-ch4.csv|data/raw/nln_emp/Dataset/Electric/Motor-2/75/new motor/Electric_Motor-2_75_time-new motor-ch5.csv|data/raw/nln_emp/Dataset/Electric/Motor-2/75/new motor/Electric_Motor-2_75_time-new motor-ch6.csv,False,channel_1;nln_overview_verified=True|channel_2;nln_overview_verified=True|channel_3;nln_overview_verified=True|channel_4;nln_overview_verified=True|channel_5;nln_overview_verified=True|channel_6;nln_overview_verified=True
nln_emp_leave_one_speed_out,test_speed_50,nln_emp,nln_emp_motor_2_75_new_motor_vibration,nln_emp_motor_2_75_new_motor,train,Motor-2,vibration,vibration,75,unknown,motor_2_speed_75,healthy,0,healthy,experimental,unknown,data/raw/nln_emp/Dataset/Vibration/Motor-2/75/new motor/Vibration_Motor-2_75_time-new motor-ch1.csv|data/raw/nln_emp/Dataset/Vibration/Motor-2/75/new motor/Vibration_Motor-2_75_time-new motor-ch2.csv|data/raw/nln_emp/Dataset/Vibration/Motor-2/75/new motor/Vibration_Motor-2_75_time-new motor-ch3.csv|data/raw/nln_emp/Dataset/Vibration/Motor-2/75/new motor/Vibration_Motor-2_75_time-new motor-ch4.csv|data/raw/nln_emp/Dataset/Vibration/Motor-2/75/new motor/Vibration_Motor-2_75_time-new motor-ch5.csv,False,channel_1;nln_overview_verified=True|channel_2;nln_overview_verified=True|channel_3;nln_overview_verified=True|channel_4;nln_overview_verified=True|channel_5;nln_overview_verified=True
nln_emp_leave_one_speed_out,test_speed_50,nln_emp,nln_emp_motor_2_75_soft_foot_1_current,nln_emp_motor_2_75_soft_foot_1,train,Motor-2,current,current,75,unknown,motor_2_speed_75,looseness_soft_foot,2,fault,experimental,unknown,data/raw/nln_emp/Dataset/Electric/Motor-2/75/soft foot 1/Electric_Motor-2_75_time-soft foot 1-ch1.csv|data/raw/nln_emp/Dataset/Electric/Motor-2/75/soft foot 1/Electric_Motor-2_75_time-soft foot 1-ch2.csv|data/raw/nln_emp/Dataset/Electric/Motor-2/75/soft foot 1/Electric_Motor-2_75_time-soft foot 1-ch3.csv|data/raw/nln_emp/Dataset/Electric/Motor-2/75/soft foot 1/Electric_Motor-2_75_time-soft foot 1-ch4.csv|data/raw/nln_emp/Dataset/Electric/Motor-2/75/soft foot 1/Electric_Motor-2_75_time-soft foot 1-ch5.csv|data/raw/nln_emp/Dataset/Electric/Motor-2/75/soft foot 1/Electric_Motor-2_75_time-soft foot 1-ch6.csv,False,channel_1;nln_overview_verified=True|channel_2;nln_overview_verified=True|channel_3;nln_overview_verified=True|channel_4;nln_overview_verified=True|channel_5;nln_overview_verified=True|channel_6;nln_overview_verified=True
nln_emp_leave_one_speed_out,test_speed_50,nln_emp,nln_emp_motor_2_75_soft_foot_1_vibration,nln_emp_motor_2_75_soft_foot_1,train,Motor-2,vibration,vibration,75,unknown,motor_2_speed_75,looseness_soft_foot,2,fault,experimental,unknown,data/raw/nln_emp/Dataset/Vibration/Motor-2/75/soft foot 1/Vibration_Motor-2_75_time-soft foot 1-ch1.csv|data/raw/nln_emp/Dataset/Vibration/Motor-2/75/soft foot 1/Vibration_Motor-2_75_time-soft foot 1-ch2.csv|data/raw/nln_emp/Dataset/Vibration/Motor-2/75/soft foot 1/Vibration_Motor-2_75_time-soft foot 1-ch3.csv|data/raw/nln_emp/Dataset/Vibration/Motor-2/75/soft foot 1/Vibration_Motor-2_75_time-soft foot 1-ch4.csv|data/raw/nln_emp/Dataset/Vibration/Motor-2/75/soft foot 1/Vibration_Motor-2_75_time-soft foot 1-ch5.csv,False,channel_1;nln_overview_verified=True|channel_2;nln_overview_verified=True|channel_3;nln_overview_verified=True|channel_4;nln_overview_verified=True|channel_5;nln_overview_verified=True
nln_emp_leave_one_speed_out,test_speed_50,nln_emp,nln_emp_motor_2_75_soft_foot_2_current,nln_emp_motor_2_75_soft_foot_2,train,Motor-2,current,current,75,unknown,motor_2_speed_75,looseness_soft_foot,2,fault,experimental,unknown,data/raw/nln_emp/Dataset/Electric/Motor-2/75/soft foot 2/Electric_Motor-2_75_time-soft foot 2-ch1.csv|data/raw/nln_emp/Dataset/Electric/Motor-2/75/soft foot 2/Electric_Motor-2_75_time-soft foot 2-ch2.csv|data/raw/nln_emp/Dataset/Electric/Motor-2/75/soft foot 2/Electric_Motor-2_75_time-soft foot 2-ch3.csv|data/raw/nln_emp/Dataset/Electric/Motor-2/75/soft foot 2/Electric_Motor-2_75_time-soft foot 2-ch4.csv|data/raw/nln_emp/Dataset/Electric/Motor-2/75/soft foot 2/Electric_Motor-2_75_time-soft foot 2-ch5.csv|data/raw/nln_emp/Dataset/Electric/Motor-2/75/soft foot 2/Electric_Motor-2_75_time-soft foot 2-ch6.csv,False,channel_1;nln_overview_verified=True|channel_2;nln_overview_verified=True|channel_3;nln_overview_verified=True|channel_4;nln_overview_verified=True|channel_5;nln_overview_verified=True|channel_6;nln_overview_verified=True
nln_emp_leave_one_speed_out,test_speed_50,nln_emp,nln_emp_motor_2_75_soft_foot_2_vibration,nln_emp_motor_2_75_soft_foot_2,train,Motor-2,vibration,vibration,75,unknown,motor_2_speed_75,looseness_soft_foot,2,fault,experimental,unknown,data/raw/nln_emp/Dataset/Vibration/Motor-2/75/soft foot 2/Vibration_Motor-2_75_time-soft foot 2-ch1.csv|data/raw/nln_emp/Dataset/Vibration/Motor-2/75/soft foot 2/Vibration_Motor-2_75_time-soft foot 2-ch2.csv|data/raw/nln_emp/Dataset/Vibration/Motor-2/75/soft foot 2/Vibration_Motor-2_75_time-soft foot 2-ch3.csv|data/raw/nln_emp/Dataset/Vibration/Motor-2/75/soft foot 2/Vibration_Motor-2_75_time-soft foot 2-ch4.csv|data/raw/nln_emp/Dataset/Vibration/Motor-2/75/soft foot 2/Vibration_Motor-2_75_time-soft foot 2-ch5.csv,False,channel_1;nln_overview_verified=True|channel_2;nln_overview_verified=True|channel_3;nln_overview_verified=True|channel_4;nln_overview_verified=True|channel_5;nln_overview_verified=True
nln_emp_leave_one_speed_out,test_speed_50,nln_emp,nln_emp_motor_2_75_stator_short_1_current,nln_emp_motor_2_75_stator_short_1,train,Motor-2,current,current,75,unknown,motor_2_speed_75,stator_winding_fault,1,fault,experimental,unknown,data/raw/nln_emp/Dataset/Electric/Motor-2/75/stator short 1/Electric_Motor-2_75_time-stator short 1-ch1.csv|data/raw/nln_emp/Dataset/Electric/Motor-2/75/stator short 1/Electric_Motor-2_75_time-stator short 1-ch2.csv|data/raw/nln_emp/Dataset/Electric/Motor-2/75/stator short 1/Electric_Motor-2_75_time-stator short 1-ch3.csv|data/raw/nln_emp/Dataset/Electric/Motor-2/75/stator short 1/Electric_Motor-2_75_time-stator short 1-ch4.csv|data/raw/nln_emp/Dataset/Electric/Motor-2/75/stator short 1/Electric_Motor-2_75_time-stator short 1-ch5.csv|data/raw/nln_emp/Dataset/Electric/Motor-2/75/stator short 1/Electric_Motor-2_75_time-stator short 1-ch6.csv,False,channel_1;nln_overview_verified=True|channel_2;nln_overview_verified=True|channel_3;nln_overview_verified=True|channel_4;nln_overview_verified=True|channel_5;nln_overview_verified=True|channel_6;nln_overview_verified=True
nln_emp_leave_one_speed_out,test_speed_50,nln_emp,nln_emp_motor_2_75_stator_short_1_vibration,nln_emp_motor_2_75_stator_short_1,train,Motor-2,vibration,vibration,75,unknown,motor_2_speed_75,stator_winding_fault,1,fault,experimental,unknown,data/raw/nln_emp/Dataset/Vibration/Motor-2/75/stator short 1/Vibration_Motor-2_75_time-stator short 1-ch1.csv|data/raw/nln_emp/Dataset/Vibration/Motor-2/75/stator short 1/Vibration_Motor-2_75_time-stator short 1-ch2.csv|data/raw/nln_emp/Dataset/Vibration/Motor-2/75/stator short 1/Vibration_Motor-2_75_time-stator short 1-ch3.csv|data/raw/nln_emp/Dataset/Vibration/Motor-2/75/stator short 1/Vibration_Motor-2_75_time-stator short 1-ch4.csv|data/raw/nln_emp/Dataset/Vibration/Motor-2/75/stator short 1/Vibration_Motor-2_75_time-stator short 1-ch5.csv,False,channel_1;nln_overview_verified=True|channel_2;nln_overview_verified=True|channel_3;nln_overview_verified=True|channel_4;nln_overview_verified=True|channel_5;nln_overview_verified=True
nln_emp_leave_one_speed_out,test_speed_50,nln_emp,nln_emp_motor_2_75_stator_short_2_current,nln_emp_motor_2_75_stator_short_2,train,Motor-2,current,current,75,unknown,motor_2_speed_75,stator_winding_fault,1,fault,experimental,unknown,data/raw/nln_emp/Dataset/Electric/Motor-2/75/stator short 2/Electric_Motor-2_75_time-stator short 2-ch1.csv|data/raw/nln_emp/Dataset/Electric/Motor-2/75/stator short 2/Electric_Motor-2_75_time-stator short 2-ch2.csv|data/raw/nln_emp/Dataset/Electric/Motor-2/75/stator short 2/Electric_Motor-2_75_time-stator short 2-ch3.csv|data/raw/nln_emp/Dataset/Electric/Motor-2/75/stator short 2/Electric_Motor-2_75_time-stator short 2-ch4.csv|data/raw/nln_emp/Dataset/Electric/Motor-2/75/stator short 2/Electric_Motor-2_75_time-stator short 2-ch5.csv|data/raw/nln_emp/Dataset/Electric/Motor-2/75/stator short 2/Electric_Motor-2_75_time-stator short 2-ch6.csv,False,channel_1;nln_overview_verified=True|channel_2;nln_overview_verified=True|channel_3;nln_overview_verified=True|channel_4;nln_overview_verified=True|channel_5;nln_overview_verified=True|channel_6;nln_overview_verified=True
nln_emp_leave_one_speed_out,test_speed_50,nln_emp,nln_emp_motor_2_75_stator_short_2_vibration,nln_emp_motor_2_75_stator_short_2,train,Motor-2,vibration,vibration,75,unknown,motor_2_speed_75,stator_winding_fault,1,fault,experimental,unknown,data/raw/nln_emp/Dataset/Vibration/Motor-2/75/stator short 2/Vibration_Motor-2_75_time-stator short 2-ch1.csv|data/raw/nln_emp/Dataset/Vibration/Motor-2/75/stator short 2/Vibration_Motor-2_75_time-stator short 2-ch2.csv|data/raw/nln_emp/Dataset/Vibration/Motor-2/75/stator short 2/Vibration_Motor-2_75_time-stator short 2-ch3.csv|data/raw/nln_emp/Dataset/Vibration/Motor-2/75/stator short 2/Vibration_Motor-2_75_time-stator short 2-ch4.csv|data/raw/nln_emp/Dataset/Vibration/Motor-2/75/stator short 2/Vibration_Motor-2_75_time-stator short 2-ch5.csv,False,channel_1;nln_overview_verified=True|channel_2;nln_overview_verified=True|channel_3;nln_overview_verified=True|channel_4;nln_overview_verified=True|channel_5;nln_overview_verified=True
nln_emp_leave_one_speed_out,test_speed_50,nln_emp,nln_emp_motor_4_70_align_angular_1_current,nln_emp_motor_4_70_align_angular_1,train,Motor-4,current,current,70,unknown,motor_4_speed_70,misalignment,1,fault,experimental,unknown,data/raw/nln_emp/Dataset/Electric/Motor-4/70/align angular 1/Electric_Motor-4_70_time-align angular 1-ch1.csv|data/raw/nln_emp/Dataset/Electric/Motor-4/70/align angular 1/Electric_Motor-4_70_time-align angular 1-ch2.csv|data/raw/nln_emp/Dataset/Electric/Motor-4/70/align angular 1/Electric_Motor-4_70_time-align angular 1-ch3.csv|data/raw/nln_emp/Dataset/Electric/Motor-4/70/align angular 1/Electric_Motor-4_70_time-align angular 1-ch4.csv|data/raw/nln_emp/Dataset/Electric/Motor-4/70/align angular 1/Electric_Motor-4_70_time-align angular 1-ch5.csv|data/raw/nln_emp/Dataset/Electric/Motor-4/70/align angular 1/Electric_Motor-4_70_time-align angular 1-ch6.csv,False,channel_1;nln_overview_verified=True|channel_2;nln_overview_verified=True|channel_3;nln_overview_verified=True|channel_4;nln_overview_verified=True|channel_5;nln_overview_verified=True|channel_6;nln_overview_verified=True
nln_emp_leave_one_speed_out,test_speed_50,nln_emp,nln_emp_motor_4_70_align_angular_1_vibration,nln_emp_motor_4_70_align_angular_1,train,Motor-4,vibration,vibration,70,unknown,motor_4_speed_70,misalignment,1,fault,experimental,unknown,data/raw/nln_emp/Dataset/Vibration/Motor-4/70/align angular 1/Vibration_Motor-4_70_time-align angular 1-ch1.csv|data/raw/nln_emp/Dataset/Vibration/Motor-4/70/align angular 1/Vibration_Motor-4_70_time-align angular 1-ch2.csv|data/raw/nln_emp/Dataset/Vibration/Motor-4/70/align angular 1/Vibration_Motor-4_70_time-align angular 1-ch3.csv|data/raw/nln_emp/Dataset/Vibration/Motor-4/70/align angular 1/Vibration_Motor-4_70_time-align angular 1-ch4.csv|data/raw/nln_emp/Dataset/Vibration/Motor-4/70/align angular 1/Vibration_Motor-4_70_time-align angular 1-ch5.csv,False,channel_1;nln_overview_verified=True|channel_2;nln_overview_verified=True|channel_3;nln_overview_verified=True|channel_4;nln_overview_verified=True|channel_5;nln_overview_verified=True
nln_emp_leave_one_speed_out,test_speed_50,nln_emp,nln_emp_motor_4_70_align_angular_2_current,nln_emp_motor_4_70_align_angular_2,train,Motor-4,current,current,70,unknown,motor_4_speed_70,misalignment,1,fault,experimental,unknown,data/raw/nln_emp/Dataset/Electric/Motor-4/70/align angular 2/Electric_Motor-4_70_time-align angular 2-ch1.csv|data/raw/nln_emp/Dataset/Electric/Motor-4/70/align angular 2/Electric_Motor-4_70_time-align angular 2-ch2.csv|data/raw/nln_emp/Dataset/Electric/Motor-4/70/align angular 2/Electric_Motor-4_70_time-align angular 2-ch3.csv|data/raw/nln_emp/Dataset/Electric/Motor-4/70/align angular 2/Electric_Motor-4_70_time-align angular 2-ch4.csv|data/raw/nln_emp/Dataset/Electric/Motor-4/70/align angular 2/Electric_Motor-4_70_time-align angular 2-ch5.csv|data/raw/nln_emp/Dataset/Electric/Motor-4/70/align angular 2/Electric_Motor-4_70_time-align angular 2-ch6.csv,False,channel_1;nln_overview_verified=True|channel_2;nln_overview_verified=True|channel_3;nln_overview_verified=True|channel_4;nln_overview_verified=True|channel_5;nln_overview_verified=True|channel_6;nln_overview_verified=True
nln_emp_leave_one_speed_out,test_speed_50,nln_emp,nln_emp_motor_4_70_align_angular_2_vibration,nln_emp_motor_4_70_align_angular_2,train,Motor-4,vibration,vibration,70,unknown,motor_4_speed_70,misalignment,1,fault,experimental,unknown,data/raw/nln_emp/Dataset/Vibration/Motor-4/70/align angular 2/Vibration_Motor-4_70_time-align angular 2-ch1.csv|data/raw/nln_emp/Dataset/Vibration/Motor-4/70/align angular 2/Vibration_Motor-4_70_time-align angular 2-ch2.csv|data/raw/nln_emp/Dataset/Vibration/Motor-4/70/align angular 2/Vibration_Motor-4_70_time-align angular 2-ch3.csv|data/raw/nln_emp/Dataset/Vibration/Motor-4/70/align angular 2/Vibration_Motor-4_70_time-align angular 2-ch4.csv|data/raw/nln_emp/Dataset/Vibration/Motor-4/70/align angular 2/Vibration_Motor-4_70_time-align angular 2-ch5.csv,False,channel_1;nln_overview_verified=True|channel_2;nln_overview_verified=True|channel_3;nln_overview_verified=True|channel_4;nln_overview_verified=True|channel_5;nln_overview_verified=True
nln_emp_leave_one_speed_out,test_speed_50,nln_emp,nln_emp_motor_4_70_align_angular_3_current,nln_emp_motor_4_70_align_angular_3,train,Motor-4,current,current,70,unknown,motor_4_speed_70,misalignment,1,fault,experimental,unknown,data/raw/nln_emp/Dataset/Electric/Motor-4/70/align angular 3/Electric_Motor-4_70_time-align angular 3-ch1.csv|data/raw/nln_emp/Dataset/Electric/Motor-4/70/align angular 3/Electric_Motor-4_70_time-align angular 3-ch2.csv|data/raw/nln_emp/Dataset/Electric/Motor-4/70/align angular 3/Electric_Motor-4_70_time-align angular 3-ch3.csv|data/raw/nln_emp/Dataset/Electric/Motor-4/70/align angular 3/Electric_Motor-4_70_time-align angular 3-ch4.csv|data/raw/nln_emp/Dataset/Electric/Motor-4/70/align angular 3/Electric_Motor-4_70_time-align angular 3-ch5.csv|data/raw/nln_emp/Dataset/Electric/Motor-4/70/align angular 3/Electric_Motor-4_70_time-align angular 3-ch6.csv,False,channel_1;nln_overview_verified=True|channel_2;nln_overview_verified=True|channel_3;nln_overview_verified=True|channel_4;nln_overview_verified=True|channel_5;nln_overview_verified=True|channel_6;nln_overview_verified=True
nln_emp_leave_one_speed_out,test_speed_50,nln_emp,nln_emp_motor_4_70_align_angular_3_vibration,nln_emp_motor_4_70_align_angular_3,train,Motor-4,vibration,vibration,70,unknown,motor_4_speed_70,misalignment,1,fault,experimental,unknown,data/raw/nln_emp/Dataset/Vibration/Motor-4/70/align angular 3/Vibration_Motor-4_70_time-align angular 3-ch1.csv|data/raw/nln_emp/Dataset/Vibration/Motor-4/70/align angular 3/Vibration_Motor-4_70_time-align angular 3-ch2.csv|data/raw/nln_emp/Dataset/Vibration/Motor-4/70/align angular 3/Vibration_Motor-4_70_time-align angular 3-ch3.csv|data/raw/nln_emp/Dataset/Vibration/Motor-4/70/align angular 3/Vibration_Motor-4_70_time-align angular 3-ch4.csv|data/raw/nln_emp/Dataset/Vibration/Motor-4/70/align angular 3/Vibration_Motor-4_70_time-align angular 3-ch5.csv,False,channel_1;nln_overview_verified=True|channel_2;nln_overview_verified=True|channel_3;nln_overview_verified=True|channel_4;nln_overview_verified=True|channel_5;nln_overview_verified=True
nln_emp_leave_one_speed_out,test_speed_50,nln_emp,nln_emp_motor_4_70_align_angular_4_current,nln_emp_motor_4_70_align_angular_4,val,Motor-4,current,current,70,unknown,motor_4_speed_70,misalignment,1,fault,experimental,unknown,data/raw/nln_emp/Dataset/Electric/Motor-4/70/align angular 4/Electric_Motor-4_70_time-align angular 4-ch1.csv|data/raw/nln_emp/Dataset/Electric/Motor-4/70/align angular 4/Electric_Motor-4_70_time-align angular 4-ch2.csv|data/raw/nln_emp/Dataset/Electric/Motor-4/70/align angular 4/Electric_Motor-4_70_time-align angular 4-ch3.csv|data/raw/nln_emp/Dataset/Electric/Motor-4/70/align angular 4/Electric_Motor-4_70_time-align angular 4-ch4.csv|data/raw/nln_emp/Dataset/Electric/Motor-4/70/align angular 4/Electric_Motor-4_70_time-align angular 4-ch5.csv|data/raw/nln_emp/Dataset/Electric/Motor-4/70/align angular 4/Electric_Motor-4_70_time-align angular 4-ch6.csv,False,channel_1;nln_overview_verified=True|channel_2;nln_overview_verified=True|channel_3;nln_overview_verified=True|channel_4;nln_overview_verified=True|channel_5;nln_overview_verified=True|channel_6;nln_overview_verified=True
nln_emp_leave_one_speed_out,test_speed_50,nln_emp,nln_emp_motor_4_70_align_angular_4_vibration,nln_emp_motor_4_70_align_angular_4,val,Motor-4,vibration,vibration,70,unknown,motor_4_speed_70,misalignment,1,fault,experimental,unknown,data/raw/nln_emp/Dataset/Vibration/Motor-4/70/align angular 4/Vibration_Motor-4_70_time-align angular 4-ch1.csv|data/raw/nln_emp/Dataset/Vibration/Motor-4/70/align angular 4/Vibration_Motor-4_70_time-align angular 4-ch2.csv|data/raw/nln_emp/Dataset/Vibration/Motor-4/70/align angular 4/Vibration_Motor-4_70_time-align angular 4-ch3.csv|data/raw/nln_emp/Dataset/Vibration/Motor-4/70/align angular 4/Vibration_Motor-4_70_time-align angular 4-ch4.csv|data/raw/nln_emp/Dataset/Vibration/Motor-4/70/align angular 4/Vibration_Motor-4_70_time-align angular 4-ch5.csv,False,channel_1;nln_overview_verified=True|channel_2;nln_overview_verified=True|channel_3;nln_overview_verified=True|channel_4;nln_overview_verified=True|channel_5;nln_overview_verified=True
nln_emp_leave_one_speed_out,test_speed_50,nln_emp,nln_emp_motor_4_70_align_angular_5_current,nln_emp_motor_4_70_align_angular_5,train,Motor-4,current,current,70,unknown,motor_4_speed_70,misalignment,1,fault,experimental,unknown,data/raw/nln_emp/Dataset/Electric/Motor-4/70/align angular 5/Electric_Motor-4_70_time-align angular 5-ch1.csv|data/raw/nln_emp/Dataset/Electric/Motor-4/70/align angular 5/Electric_Motor-4_70_time-align angular 5-ch2.csv|data/raw/nln_emp/Dataset/Electric/Motor-4/70/align angular 5/Electric_Motor-4_70_time-align angular 5-ch3.csv|data/raw/nln_emp/Dataset/Electric/Motor-4/70/align angular 5/Electric_Motor-4_70_time-align angular 5-ch4.csv|data/raw/nln_emp/Dataset/Electric/Motor-4/70/align angular 5/Electric_Motor-4_70_time-align angular 5-ch5.csv|data/raw/nln_emp/Dataset/Electric/Motor-4/70/align angular 5/Electric_Motor-4_70_time-align angular 5-ch6.csv,False,channel_1;nln_overview_verified=True|channel_2;nln_overview_verified=True|channel_3;nln_overview_verified=True|channel_4;nln_overview_verified=True|channel_5;nln_overview_verified=True|channel_6;nln_overview_verified=True
nln_emp_leave_one_speed_out,test_speed_50,nln_emp,nln_emp_motor_4_70_align_angular_5_vibration,nln_emp_motor_4_70_align_angular_5,train,Motor-4,vibration,vibration,70,unknown,motor_4_speed_70,misalignment,1,fault,experimental,unknown,data/raw/nln_emp/Dataset/Vibration/Motor-4/70/align angular 5/Vibration_Motor-4_70_time-align angular 5-ch1.csv|data/raw/nln_emp/Dataset/Vibration/Motor-4/70/align angular 5/Vibration_Motor-4_70_time-align angular 5-ch2.csv|data/raw/nln_emp/Dataset/Vibration/Motor-4/70/align angular 5/Vibration_Motor-4_70_time-align angular 5-ch3.csv|data/raw/nln_emp/Dataset/Vibration/Motor-4/70/align angular 5/Vibration_Motor-4_70_time-align angular 5-ch4.csv|data/raw/nln_emp/Dataset/Vibration/Motor-4/70/align angular 5/Vibration_Motor-4_70_time-align angular 5-ch5.csv,False,channel_1;nln_overview_verified=True|channel_2;nln_overview_verified=True|channel_3;nln_overview_verified=True|channel_4;nln_overview_verified=True|channel_5;nln_overview_verified=True
nln_emp_leave_one_speed_out,test_speed_50,nln_emp,nln_emp_motor_4_70_align_combination_1_current,nln_emp_motor_4_70_align_combination_1,train,Motor-4,current,current,70,unknown,motor_4_speed_70,misalignment,2,fault,experimental,unknown,data/raw/nln_emp/Dataset/Electric/Motor-4/70/align combination 1/Electric_Motor-4_70_time-align combination 1-ch1.csv|data/raw/nln_emp/Dataset/Electric/Motor-4/70/align combination 1/Electric_Motor-4_70_time-align combination 1-ch2.csv|data/raw/nln_emp/Dataset/Electric/Motor-4/70/align combination 1/Electric_Motor-4_70_time-align combination 1-ch3.csv|data/raw/nln_emp/Dataset/Electric/Motor-4/70/align combination 1/Electric_Motor-4_70_time-align combination 1-ch4.csv|data/raw/nln_emp/Dataset/Electric/Motor-4/70/align combination 1/Electric_Motor-4_70_time-align combination 1-ch5.csv|data/raw/nln_emp/Dataset/Electric/Motor-4/70/align combination 1/Electric_Motor-4_70_time-align combination 1-ch6.csv,False,channel_1;nln_overview_verified=True|channel_2;nln_overview_verified=True|channel_3;nln_overview_verified=True|channel_4;nln_overview_verified=True|channel_5;nln_overview_verified=True|channel_6;nln_overview_verified=True
nln_emp_leave_one_speed_out,test_speed_50,nln_emp,nln_emp_motor_4_70_align_combination_1_vibration,nln_emp_motor_4_70_align_combination_1,train,Motor-4,vibration,vibration,70,unknown,motor_4_speed_70,misalignment,2,fault,experimental,unknown,data/raw/nln_emp/Dataset/Vibration/Motor-4/70/align combination 1/Vibration_Motor-4_70_time-align combination 1-ch1.csv|data/raw/nln_emp/Dataset/Vibration/Motor-4/70/align combination 1/Vibration_Motor-4_70_time-align combination 1-ch2.csv|data/raw/nln_emp/Dataset/Vibration/Motor-4/70/align combination 1/Vibration_Motor-4_70_time-align combination 1-ch3.csv|data/raw/nln_emp/Dataset/Vibration/Motor-4/70/align combination 1/Vibration_Motor-4_70_time-align combination 1-ch4.csv|data/raw/nln_emp/Dataset/Vibration/Motor-4/70/align combination 1/Vibration_Motor-4_70_time-align combination 1-ch5.csv,False,channel_1;nln_overview_verified=True|channel_2;nln_overview_verified=True|channel_3;nln_overview_verified=True|channel_4;nln_overview_verified=True|channel_5;nln_overview_verified=True
nln_emp_leave_one_speed_out,test_speed_50,nln_emp,nln_emp_motor_4_70_align_combination_2_current,nln_emp_motor_4_70_align_combination_2,train,Motor-4,current,current,70,unknown,motor_4_speed_70,misalignment,2,fault,experimental,unknown,data/raw/nln_emp/Dataset/Electric/Motor-4/70/align combination 2/Electric_Motor-4_70_time-align combination 2-ch1.csv|data/raw/nln_emp/Dataset/Electric/Motor-4/70/align combination 2/Electric_Motor-4_70_time-align combination 2-ch2.csv|data/raw/nln_emp/Dataset/Electric/Motor-4/70/align combination 2/Electric_Motor-4_70_time-align combination 2-ch3.csv|data/raw/nln_emp/Dataset/Electric/Motor-4/70/align combination 2/Electric_Motor-4_70_time-align combination 2-ch4.csv|data/raw/nln_emp/Dataset/Electric/Motor-4/70/align combination 2/Electric_Motor-4_70_time-align combination 2-ch5.csv|data/raw/nln_emp/Dataset/Electric/Motor-4/70/align combination 2/Electric_Motor-4_70_time-align combination 2-ch6.csv,False,channel_1;nln_overview_verified=True|channel_2;nln_overview_verified=True|channel_3;nln_overview_verified=True|channel_4;nln_overview_verified=True|channel_5;nln_overview_verified=True|channel_6;nln_overview_verified=True
nln_emp_leave_one_speed_out,test_speed_50,nln_emp,nln_emp_motor_4_70_align_combination_2_vibration,nln_emp_motor_4_70_align_combination_2,train,Motor-4,vibration,vibration,70,unknown,motor_4_speed_70,misalignment,2,fault,experimental,unknown,data/raw/nln_emp/Dataset/Vibration/Motor-4/70/align combination 2/Vibration_Motor-4_70_time-align combination 2-ch1.csv|data/raw/nln_emp/Dataset/Vibration/Motor-4/70/align combination 2/Vibration_Motor-4_70_time-align combination 2-ch2.csv|data/raw/nln_emp/Dataset/Vibration/Motor-4/70/align combination 2/Vibration_Motor-4_70_time-align combination 2-ch3.csv|data/raw/nln_emp/Dataset/Vibration/Motor-4/70/align combination 2/Vibration_Motor-4_70_time-align combination 2-ch4.csv|data/raw/nln_emp/Dataset/Vibration/Motor-4/70/align combination 2/Vibration_Motor-4_70_time-align combination 2-ch5.csv,False,channel_1;nln_overview_verified=True|channel_2;nln_overview_verified=True|channel_3;nln_overview_verified=True|channel_4;nln_overview_verified=True|channel_5;nln_overview_verified=True
nln_emp_leave_one_speed_out,test_speed_50,nln_emp,nln_emp_motor_4_70_align_combination_3_current,nln_emp_motor_4_70_align_combination_3,train,Motor-4,current,current,70,unknown,motor_4_speed_70,misalignment,2,fault,experimental,unknown,data/raw/nln_emp/Dataset/Electric/Motor-4/70/align combination 3/Electric_Motor-4_70_time-align combination 3-ch1.csv|data/raw/nln_emp/Dataset/Electric/Motor-4/70/align combination 3/Electric_Motor-4_70_time-align combination 3-ch2.csv|data/raw/nln_emp/Dataset/Electric/Motor-4/70/align combination 3/Electric_Motor-4_70_time-align combination 3-ch3.csv|data/raw/nln_emp/Dataset/Electric/Motor-4/70/align combination 3/Electric_Motor-4_70_time-align combination 3-ch4.csv|data/raw/nln_emp/Dataset/Electric/Motor-4/70/align combination 3/Electric_Motor-4_70_time-align combination 3-ch5.csv|data/raw/nln_emp/Dataset/Electric/Motor-4/70/align combination 3/Electric_Motor-4_70_time-align combination 3-ch6.csv,False,channel_1;nln_overview_verified=True|channel_2;nln_overview_verified=True|channel_3;nln_overview_verified=True|channel_4;nln_overview_verified=True|channel_5;nln_overview_verified=True|channel_6;nln_overview_verified=True
nln_emp_leave_one_speed_out,test_speed_50,nln_emp,nln_emp_motor_4_70_align_combination_3_vibration,nln_emp_motor_4_70_align_combination_3,train,Motor-4,vibration,vibration,70,unknown,motor_4_speed_70,misalignment,2,fault,experimental,unknown,data/raw/nln_emp/Dataset/Vibration/Motor-4/70/align combination 3/Vibration_Motor-4_70_time-align combination 3-ch1.csv|data/raw/nln_emp/Dataset/Vibration/Motor-4/70/align combination 3/Vibration_Motor-4_70_time-align combination 3-ch2.csv|data/raw/nln_emp/Dataset/Vibration/Motor-4/70/align combination 3/Vibration_Motor-4_70_time-align combination 3-ch3.csv|data/raw/nln_emp/Dataset/Vibration/Motor-4/70/align combination 3/Vibration_Motor-4_70_time-align combination 3-ch4.csv|data/raw/nln_emp/Dataset/Vibration/Motor-4/70/align combination 3/Vibration_Motor-4_70_time-align combination 3-ch5.csv,False,channel_1;nln_overview_verified=True|channel_2;nln_overview_verified=True|channel_3;nln_overview_verified=True|channel_4;nln_overview_verified=True|channel_5;nln_overview_verified=True
nln_emp_leave_one_speed_out,test_speed_50,nln_emp,nln_emp_motor_4_70_align_combination_4_current,nln_emp_motor_4_70_align_combination_4,train,Motor-4,current,current,70,unknown,motor_4_speed_70,misalignment,2,fault,experimental,unknown,data/raw/nln_emp/Dataset/Electric/Motor-4/70/align combination 4/Electric_Motor-4_70_time-align combination 4-ch1.csv|data/raw/nln_emp/Dataset/Electric/Motor-4/70/align combination 4/Electric_Motor-4_70_time-align combination 4-ch2.csv|data/raw/nln_emp/Dataset/Electric/Motor-4/70/align combination 4/Electric_Motor-4_70_time-align combination 4-ch3.csv|data/raw/nln_emp/Dataset/Electric/Motor-4/70/align combination 4/Electric_Motor-4_70_time-align combination 4-ch4.csv|data/raw/nln_emp/Dataset/Electric/Motor-4/70/align combination 4/Electric_Motor-4_70_time-align combination 4-ch5.csv|data/raw/nln_emp/Dataset/Electric/Motor-4/70/align combination 4/Electric_Motor-4_70_time-align combination 4-ch6.csv,False,channel_1;nln_overview_verified=True|channel_2;nln_overview_verified=True|channel_3;nln_overview_verified=True|channel_4;nln_overview_verified=True|channel_5;nln_overview_verified=True|channel_6;nln_overview_verified=True
nln_emp_leave_one_speed_out,test_speed_50,nln_emp,nln_emp_motor_4_70_align_combination_4_vibration,nln_emp_motor_4_70_align_combination_4,train,Motor-4,vibration,vibration,70,unknown,motor_4_speed_70,misalignment,2,fault,experimental,unknown,data/raw/nln_emp/Dataset/Vibration/Motor-4/70/align combination 4/Vibration_Motor-4_70_time-align combination 4-ch1.csv|data/raw/nln_emp/Dataset/Vibration/Motor-4/70/align combination 4/Vibration_Motor-4_70_time-align combination 4-ch2.csv|data/raw/nln_emp/Dataset/Vibration/Motor-4/70/align combination 4/Vibration_Motor-4_70_time-align combination 4-ch3.csv|data/raw/nln_emp/Dataset/Vibration/Motor-4/70/align combination 4/Vibration_Motor-4_70_time-align combination 4-ch4.csv|data/raw/nln_emp/Dataset/Vibration/Motor-4/70/align combination 4/Vibration_Motor-4_70_time-align combination 4-ch5.csv,False,channel_1;nln_overview_verified=True|channel_2;nln_overview_verified=True|channel_3;nln_overview_verified=True|channel_4;nln_overview_verified=True|channel_5;nln_overview_verified=True
nln_emp_leave_one_speed_out,test_speed_50,nln_emp,nln_emp_motor_4_70_align_parallel_1_current,nln_emp_motor_4_70_align_parallel_1,train,Motor-4,current,current,70,unknown,motor_4_speed_70,misalignment,1,fault,experimental,unknown,data/raw/nln_emp/Dataset/Electric/Motor-4/70/align parallel 1/Electric_Motor-4_70_time-align parallel 1-ch1.csv|data/raw/nln_emp/Dataset/Electric/Motor-4/70/align parallel 1/Electric_Motor-4_70_time-align parallel 1-ch2.csv|data/raw/nln_emp/Dataset/Electric/Motor-4/70/align parallel 1/Electric_Motor-4_70_time-align parallel 1-ch3.csv|data/raw/nln_emp/Dataset/Electric/Motor-4/70/align parallel 1/Electric_Motor-4_70_time-align parallel 1-ch4.csv|data/raw/nln_emp/Dataset/Electric/Motor-4/70/align parallel 1/Electric_Motor-4_70_time-align parallel 1-ch5.csv|data/raw/nln_emp/Dataset/Electric/Motor-4/70/align parallel 1/Electric_Motor-4_70_time-align parallel 1-ch6.csv,False,channel_1;nln_overview_verified=True|channel_2;nln_overview_verified=True|channel_3;nln_overview_verified=True|channel_4;nln_overview_verified=True|channel_5;nln_overview_verified=True|channel_6;nln_overview_verified=True
nln_emp_leave_one_speed_out,test_speed_50,nln_emp,nln_emp_motor_4_70_align_parallel_1_vibration,nln_emp_motor_4_70_align_parallel_1,train,Motor-4,vibration,vibration,70,unknown,motor_4_speed_70,misalignment,1,fault,experimental,unknown,data/raw/nln_emp/Dataset/Vibration/Motor-4/70/align parallel 1/Vibration_Motor-4_70_time-align parallel 1-ch1.csv|data/raw/nln_emp/Dataset/Vibration/Motor-4/70/align parallel 1/Vibration_Motor-4_70_time-align parallel 1-ch2.csv|data/raw/nln_emp/Dataset/Vibration/Motor-4/70/align parallel 1/Vibration_Motor-4_70_time-align parallel 1-ch3.csv|data/raw/nln_emp/Dataset/Vibration/Motor-4/70/align parallel 1/Vibration_Motor-4_70_time-align parallel 1-ch4.csv|data/raw/nln_emp/Dataset/Vibration/Motor-4/70/align parallel 1/Vibration_Motor-4_70_time-align parallel 1-ch5.csv,False,channel_1;nln_overview_verified=True|channel_2;nln_overview_verified=True|channel_3;nln_overview_verified=True|channel_4;nln_overview_verified=True|channel_5;nln_overview_verified=True
nln_emp_leave_one_speed_out,test_speed_50,nln_emp,nln_emp_motor_4_70_align_parallel_2_current,nln_emp_motor_4_70_align_parallel_2,val,Motor-4,current,current,70,unknown,motor_4_speed_70,misalignment,1,fault,experimental,unknown,data/raw/nln_emp/Dataset/Electric/Motor-4/70/align parallel 2/Electric_Motor-4_70_time-align parallel 2-ch1.csv|data/raw/nln_emp/Dataset/Electric/Motor-4/70/align parallel 2/Electric_Motor-4_70_time-align parallel 2-ch2.csv|data/raw/nln_emp/Dataset/Electric/Motor-4/70/align parallel 2/Electric_Motor-4_70_time-align parallel 2-ch3.csv|data/raw/nln_emp/Dataset/Electric/Motor-4/70/align parallel 2/Electric_Motor-4_70_time-align parallel 2-ch4.csv|data/raw/nln_emp/Dataset/Electric/Motor-4/70/align parallel 2/Electric_Motor-4_70_time-align parallel 2-ch5.csv|data/raw/nln_emp/Dataset/Electric/Motor-4/70/align parallel 2/Electric_Motor-4_70_time-align parallel 2-ch6.csv,False,channel_1;nln_overview_verified=True|channel_2;nln_overview_verified=True|channel_3;nln_overview_verified=True|channel_4;nln_overview_verified=True|channel_5;nln_overview_verified=True|channel_6;nln_overview_verified=True
nln_emp_leave_one_speed_out,test_speed_50,nln_emp,nln_emp_motor_4_70_align_parallel_2_vibration,nln_emp_motor_4_70_align_parallel_2,val,Motor-4,vibration,vibration,70,unknown,motor_4_speed_70,misalignment,1,fault,experimental,unknown,data/raw/nln_emp/Dataset/Vibration/Motor-4/70/align parallel 2/Vibration_Motor-4_70_time-align parallel 2-ch1.csv|data/raw/nln_emp/Dataset/Vibration/Motor-4/70/align parallel 2/Vibration_Motor-4_70_time-align parallel 2-ch2.csv|data/raw/nln_emp/Dataset/Vibration/Motor-4/70/align parallel 2/Vibration_Motor-4_70_time-align parallel 2-ch3.csv|data/raw/nln_emp/Dataset/Vibration/Motor-4/70/align parallel 2/Vibration_Motor-4_70_time-align parallel 2-ch4.csv|data/raw/nln_emp/Dataset/Vibration/Motor-4/70/align parallel 2/Vibration_Motor-4_70_time-align parallel 2-ch5.csv,False,channel_1;nln_overview_verified=True|channel_2;nln_overview_verified=True|channel_3;nln_overview_verified=True|channel_4;nln_overview_verified=True|channel_5;nln_overview_verified=True
nln_emp_leave_one_speed_out,test_speed_50,nln_emp,nln_emp_motor_4_70_align_parallel_3_current,nln_emp_motor_4_70_align_parallel_3,train,Motor-4,current,current,70,unknown,motor_4_speed_70,misalignment,1,fault,experimental,unknown,data/raw/nln_emp/Dataset/Electric/Motor-4/70/align parallel 3/Electric_Motor-4_70_time-align parallel 3-ch1.csv|data/raw/nln_emp/Dataset/Electric/Motor-4/70/align parallel 3/Electric_Motor-4_70_time-align parallel 3-ch2.csv|data/raw/nln_emp/Dataset/Electric/Motor-4/70/align parallel 3/Electric_Motor-4_70_time-align parallel 3-ch3.csv|data/raw/nln_emp/Dataset/Electric/Motor-4/70/align parallel 3/Electric_Motor-4_70_time-align parallel 3-ch4.csv|data/raw/nln_emp/Dataset/Electric/Motor-4/70/align parallel 3/Electric_Motor-4_70_time-align parallel 3-ch5.csv|data/raw/nln_emp/Dataset/Electric/Motor-4/70/align parallel 3/Electric_Motor-4_70_time-align parallel 3-ch6.csv,False,channel_1;nln_overview_verified=True|channel_2;nln_overview_verified=True|channel_3;nln_overview_verified=True|channel_4;nln_overview_verified=True|channel_5;nln_overview_verified=True|channel_6;nln_overview_verified=True
nln_emp_leave_one_speed_out,test_speed_50,nln_emp,nln_emp_motor_4_70_align_parallel_3_vibration,nln_emp_motor_4_70_align_parallel_3,train,Motor-4,vibration,vibration,70,unknown,motor_4_speed_70,misalignment,1,fault,experimental,unknown,data/raw/nln_emp/Dataset/Vibration/Motor-4/70/align parallel 3/Vibration_Motor-4_70_time-align parallel 3-ch1.csv|data/raw/nln_emp/Dataset/Vibration/Motor-4/70/align parallel 3/Vibration_Motor-4_70_time-align parallel 3-ch2.csv|data/raw/nln_emp/Dataset/Vibration/Motor-4/70/align parallel 3/Vibration_Motor-4_70_time-align parallel 3-ch3.csv|data/raw/nln_emp/Dataset/Vibration/Motor-4/70/align parallel 3/Vibration_Motor-4_70_time-align parallel 3-ch4.csv|data/raw/nln_emp/Dataset/Vibration/Motor-4/70/align parallel 3/Vibration_Motor-4_70_time-align parallel 3-ch5.csv,False,channel_1;nln_overview_verified=True|channel_2;nln_overview_verified=True|channel_3;nln_overview_verified=True|channel_4;nln_overview_verified=True|channel_5;nln_overview_verified=True
nln_emp_leave_one_speed_out,test_speed_50,nln_emp,nln_emp_motor_4_70_align_parallel_4_current,nln_emp_motor_4_70_align_parallel_4,train,Motor-4,current,current,70,unknown,motor_4_speed_70,misalignment,1,fault,experimental,unknown,data/raw/nln_emp/Dataset/Electric/Motor-4/70/align parallel 4/Electric_Motor-4_70_time-align parallel 4-ch1.csv|data/raw/nln_emp/Dataset/Electric/Motor-4/70/align parallel 4/Electric_Motor-4_70_time-align parallel 4-ch2.csv|data/raw/nln_emp/Dataset/Electric/Motor-4/70/align parallel 4/Electric_Motor-4_70_time-align parallel 4-ch3.csv|data/raw/nln_emp/Dataset/Electric/Motor-4/70/align parallel 4/Electric_Motor-4_70_time-align parallel 4-ch4.csv|data/raw/nln_emp/Dataset/Electric/Motor-4/70/align parallel 4/Electric_Motor-4_70_time-align parallel 4-ch5.csv|data/raw/nln_emp/Dataset/Electric/Motor-4/70/align parallel 4/Electric_Motor-4_70_time-align parallel 4-ch6.csv,False,channel_1;nln_overview_verified=True|channel_2;nln_overview_verified=True|channel_3;nln_overview_verified=True|channel_4;nln_overview_verified=True|channel_5;nln_overview_verified=True|channel_6;nln_overview_verified=True
nln_emp_leave_one_speed_out,test_speed_50,nln_emp,nln_emp_motor_4_70_align_parallel_4_vibration,nln_emp_motor_4_70_align_parallel_4,train,Motor-4,vibration,vibration,70,unknown,motor_4_speed_70,misalignment,1,fault,experimental,unknown,data/raw/nln_emp/Dataset/Vibration/Motor-4/70/align parallel 4/Vibration_Motor-4_70_time-align parallel 4-ch1.csv|data/raw/nln_emp/Dataset/Vibration/Motor-4/70/align parallel 4/Vibration_Motor-4_70_time-align parallel 4-ch2.csv|data/raw/nln_emp/Dataset/Vibration/Motor-4/70/align parallel 4/Vibration_Motor-4_70_time-align parallel 4-ch3.csv|data/raw/nln_emp/Dataset/Vibration/Motor-4/70/align parallel 4/Vibration_Motor-4_70_time-align parallel 4-ch4.csv|data/raw/nln_emp/Dataset/Vibration/Motor-4/70/align parallel 4/Vibration_Motor-4_70_time-align parallel 4-ch5.csv,False,channel_1;nln_overview_verified=True|channel_2;nln_overview_verified=True|channel_3;nln_overview_verified=True|channel_4;nln_overview_verified=True|channel_5;nln_overview_verified=True
nln_emp_leave_one_speed_out,test_speed_50,nln_emp,nln_emp_motor_4_70_bent_shaft_current,nln_emp_motor_4_70_bent_shaft,train,Motor-4,current,current,70,unknown,motor_4_speed_70,bent_shaft,unknown,fault,experimental,unknown,data/raw/nln_emp/Dataset/Electric/Motor-4/70/bent shaft/Electric_Motor-4_70_time-bent shaft-ch1.csv|data/raw/nln_emp/Dataset/Electric/Motor-4/70/bent shaft/Electric_Motor-4_70_time-bent shaft-ch2.csv|data/raw/nln_emp/Dataset/Electric/Motor-4/70/bent shaft/Electric_Motor-4_70_time-bent shaft-ch3.csv|data/raw/nln_emp/Dataset/Electric/Motor-4/70/bent shaft/Electric_Motor-4_70_time-bent shaft-ch4.csv|data/raw/nln_emp/Dataset/Electric/Motor-4/70/bent shaft/Electric_Motor-4_70_time-bent shaft-ch5.csv|data/raw/nln_emp/Dataset/Electric/Motor-4/70/bent shaft/Electric_Motor-4_70_time-bent shaft-ch6.csv,False,channel_1;nln_overview_verified=True|channel_2;nln_overview_verified=True|channel_3;nln_overview_verified=True|channel_4;nln_overview_verified=True|channel_5;nln_overview_verified=True|channel_6;nln_overview_verified=True
nln_emp_leave_one_speed_out,test_speed_50,nln_emp,nln_emp_motor_4_70_bent_shaft_vibration,nln_emp_motor_4_70_bent_shaft,train,Motor-4,vibration,vibration,70,unknown,motor_4_speed_70,bent_shaft,unknown,fault,experimental,unknown,data/raw/nln_emp/Dataset/Vibration/Motor-4/70/bent shaft/Vibration_Motor-4_70_time-bent shaft-ch1.csv|data/raw/nln_emp/Dataset/Vibration/Motor-4/70/bent shaft/Vibration_Motor-4_70_time-bent shaft-ch2.csv|data/raw/nln_emp/Dataset/Vibration/Motor-4/70/bent shaft/Vibration_Motor-4_70_time-bent shaft-ch3.csv|data/raw/nln_emp/Dataset/Vibration/Motor-4/70/bent shaft/Vibration_Motor-4_70_time-bent shaft-ch4.csv|data/raw/nln_emp/Dataset/Vibration/Motor-4/70/bent shaft/Vibration_Motor-4_70_time-bent shaft-ch5.csv,False,channel_1;nln_overview_verified=True|channel_2;nln_overview_verified=True|channel_3;nln_overview_verified=True|channel_4;nln_overview_verified=True|channel_5;nln_overview_verified=True
nln_emp_leave_one_speed_out,test_speed_50,nln_emp,nln_emp_motor_4_70_cavitation_discharge_1_current,nln_emp_motor_4_70_cavitation_discharge_1,train,Motor-4,current,current,70,unknown,motor_4_speed_70,cavitation,3,fault,experimental,unknown,data/raw/nln_emp/Dataset/Electric/Motor-4/70/cavitation discharge 1/Electric_Motor-4_70_time-cavitation discharge 1-ch1.csv|data/raw/nln_emp/Dataset/Electric/Motor-4/70/cavitation discharge 1/Electric_Motor-4_70_time-cavitation discharge 1-ch2.csv|data/raw/nln_emp/Dataset/Electric/Motor-4/70/cavitation discharge 1/Electric_Motor-4_70_time-cavitation discharge 1-ch3.csv|data/raw/nln_emp/Dataset/Electric/Motor-4/70/cavitation discharge 1/Electric_Motor-4_70_time-cavitation discharge 1-ch4.csv|data/raw/nln_emp/Dataset/Electric/Motor-4/70/cavitation discharge 1/Electric_Motor-4_70_time-cavitation discharge 1-ch5.csv|data/raw/nln_emp/Dataset/Electric/Motor-4/70/cavitation discharge 1/Electric_Motor-4_70_time-cavitation discharge 1-ch6.csv,False,channel_1;nln_overview_verified=True|channel_2;nln_overview_verified=True|channel_3;nln_overview_verified=True|channel_4;nln_overview_verified=True|channel_5;nln_overview_verified=True|channel_6;nln_overview_verified=True
nln_emp_leave_one_speed_out,test_speed_50,nln_emp,nln_emp_motor_4_70_cavitation_discharge_1_vibration,nln_emp_motor_4_70_cavitation_discharge_1,train,Motor-4,vibration,vibration,70,unknown,motor_4_speed_70,cavitation,3,fault,experimental,unknown,data/raw/nln_emp/Dataset/Vibration/Motor-4/70/cavitation discharge 1/Vibration_Motor-4_70_time-cavitation discharge 1-ch1.csv|data/raw/nln_emp/Dataset/Vibration/Motor-4/70/cavitation discharge 1/Vibration_Motor-4_70_time-cavitation discharge 1-ch2.csv|data/raw/nln_emp/Dataset/Vibration/Motor-4/70/cavitation discharge 1/Vibration_Motor-4_70_time-cavitation discharge 1-ch3.csv|data/raw/nln_emp/Dataset/Vibration/Motor-4/70/cavitation discharge 1/Vibration_Motor-4_70_time-cavitation discharge 1-ch4.csv|data/raw/nln_emp/Dataset/Vibration/Motor-4/70/cavitation discharge 1/Vibration_Motor-4_70_time-cavitation discharge 1-ch5.csv,False,channel_1;nln_overview_verified=True|channel_2;nln_overview_verified=True|channel_3;nln_overview_verified=True|channel_4;nln_overview_verified=True|channel_5;nln_overview_verified=True
nln_emp_leave_one_speed_out,test_speed_50,nln_emp,nln_emp_motor_4_70_cavitation_discharge_2_current,nln_emp_motor_4_70_cavitation_discharge_2,val,Motor-4,current,current,70,unknown,motor_4_speed_70,cavitation,3,fault,experimental,unknown,data/raw/nln_emp/Dataset/Electric/Motor-4/70/cavitation discharge 2/Electric_Motor-4_70_time-cavitation discharge 2-ch1.csv|data/raw/nln_emp/Dataset/Electric/Motor-4/70/cavitation discharge 2/Electric_Motor-4_70_time-cavitation discharge 2-ch2.csv|data/raw/nln_emp/Dataset/Electric/Motor-4/70/cavitation discharge 2/Electric_Motor-4_70_time-cavitation discharge 2-ch3.csv|data/raw/nln_emp/Dataset/Electric/Motor-4/70/cavitation discharge 2/Electric_Motor-4_70_time-cavitation discharge 2-ch4.csv|data/raw/nln_emp/Dataset/Electric/Motor-4/70/cavitation discharge 2/Electric_Motor-4_70_time-cavitation discharge 2-ch5.csv|data/raw/nln_emp/Dataset/Electric/Motor-4/70/cavitation discharge 2/Electric_Motor-4_70_time-cavitation discharge 2-ch6.csv,False,channel_1;nln_overview_verified=True|channel_2;nln_overview_verified=True|channel_3;nln_overview_verified=True|channel_4;nln_overview_verified=True|channel_5;nln_overview_verified=True|channel_6;nln_overview_verified=True
nln_emp_leave_one_speed_out,test_speed_50,nln_emp,nln_emp_motor_4_70_cavitation_discharge_2_vibration,nln_emp_motor_4_70_cavitation_discharge_2,val,Motor-4,vibration,vibration,70,unknown,motor_4_speed_70,cavitation,3,fault,experimental,unknown,data/raw/nln_emp/Dataset/Vibration/Motor-4/70/cavitation discharge 2/Vibration_Motor-4_70_time-cavitation discharge 2-ch1.csv|data/raw/nln_emp/Dataset/Vibration/Motor-4/70/cavitation discharge 2/Vibration_Motor-4_70_time-cavitation discharge 2-ch2.csv|data/raw/nln_emp/Dataset/Vibration/Motor-4/70/cavitation discharge 2/Vibration_Motor-4_70_time-cavitation discharge 2-ch3.csv|data/raw/nln_emp/Dataset/Vibration/Motor-4/70/cavitation discharge 2/Vibration_Motor-4_70_time-cavitation discharge 2-ch4.csv|data/raw/nln_emp/Dataset/Vibration/Motor-4/70/cavitation discharge 2/Vibration_Motor-4_70_time-cavitation discharge 2-ch5.csv,False,channel_1;nln_overview_verified=True|channel_2;nln_overview_verified=True|channel_3;nln_overview_verified=True|channel_4;nln_overview_verified=True|channel_5;nln_overview_verified=True
nln_emp_leave_one_speed_out,test_speed_50,nln_emp,nln_emp_motor_4_70_cavitation_discharge_3_current,nln_emp_motor_4_70_cavitation_discharge_3,train,Motor-4,current,current,70,unknown,motor_4_speed_70,cavitation,3,fault,experimental,unknown,data/raw/nln_emp/Dataset/Electric/Motor-4/70/cavitation discharge 3/Electric_Motor-4_70_time-cavitation discharge 3-ch1.csv|data/raw/nln_emp/Dataset/Electric/Motor-4/70/cavitation discharge 3/Electric_Motor-4_70_time-cavitation discharge 3-ch2.csv|data/raw/nln_emp/Dataset/Electric/Motor-4/70/cavitation discharge 3/Electric_Motor-4_70_time-cavitation discharge 3-ch3.csv|data/raw/nln_emp/Dataset/Electric/Motor-4/70/cavitation discharge 3/Electric_Motor-4_70_time-cavitation discharge 3-ch4.csv|data/raw/nln_emp/Dataset/Electric/Motor-4/70/cavitation discharge 3/Electric_Motor-4_70_time-cavitation discharge 3-ch5.csv|data/raw/nln_emp/Dataset/Electric/Motor-4/70/cavitation discharge 3/Electric_Motor-4_70_time-cavitation discharge 3-ch6.csv,False,channel_1;nln_overview_verified=True|channel_2;nln_overview_verified=True|channel_3;nln_overview_verified=True|channel_4;nln_overview_verified=True|channel_5;nln_overview_verified=True|channel_6;nln_overview_verified=True
nln_emp_leave_one_speed_out,test_speed_50,nln_emp,nln_emp_motor_4_70_cavitation_discharge_3_vibration,nln_emp_motor_4_70_cavitation_discharge_3,train,Motor-4,vibration,vibration,70,unknown,motor_4_speed_70,cavitation,3,fault,experimental,unknown,data/raw/nln_emp/Dataset/Vibration/Motor-4/70/cavitation discharge 3/Vibration_Motor-4_70_time-cavitation discharge 3-ch1.csv|data/raw/nln_emp/Dataset/Vibration/Motor-4/70/cavitation discharge 3/Vibration_Motor-4_70_time-cavitation discharge 3-ch2.csv|data/raw/nln_emp/Dataset/Vibration/Motor-4/70/cavitation discharge 3/Vibration_Motor-4_70_time-cavitation discharge 3-ch3.csv|data/raw/nln_emp/Dataset/Vibration/Motor-4/70/cavitation discharge 3/Vibration_Motor-4_70_time-cavitation discharge 3-ch4.csv|data/raw/nln_emp/Dataset/Vibration/Motor-4/70/cavitation discharge 3/Vibration_Motor-4_70_time-cavitation discharge 3-ch5.csv,False,channel_1;nln_overview_verified=True|channel_2;nln_overview_verified=True|channel_3;nln_overview_verified=True|channel_4;nln_overview_verified=True|channel_5;nln_overview_verified=True
nln_emp_leave_one_speed_out,test_speed_50,nln_emp,nln_emp_motor_4_70_cavitation_discharge_4_current,nln_emp_motor_4_70_cavitation_discharge_4,train,Motor-4,current,current,70,unknown,motor_4_speed_70,cavitation,3,fault,experimental,unknown,data/raw/nln_emp/Dataset/Electric/Motor-4/70/cavitation discharge 4/Electric_Motor-4_70_time-cavitation discharge 4-ch1.csv|data/raw/nln_emp/Dataset/Electric/Motor-4/70/cavitation discharge 4/Electric_Motor-4_70_time-cavitation discharge 4-ch2.csv|data/raw/nln_emp/Dataset/Electric/Motor-4/70/cavitation discharge 4/Electric_Motor-4_70_time-cavitation discharge 4-ch3.csv|data/raw/nln_emp/Dataset/Electric/Motor-4/70/cavitation discharge 4/Electric_Motor-4_70_time-cavitation discharge 4-ch4.csv|data/raw/nln_emp/Dataset/Electric/Motor-4/70/cavitation discharge 4/Electric_Motor-4_70_time-cavitation discharge 4-ch5.csv|data/raw/nln_emp/Dataset/Electric/Motor-4/70/cavitation discharge 4/Electric_Motor-4_70_time-cavitation discharge 4-ch6.csv,False,channel_1;nln_overview_verified=True|channel_2;nln_overview_verified=True|channel_3;nln_overview_verified=True|channel_4;nln_overview_verified=True|channel_5;nln_overview_verified=True|channel_6;nln_overview_verified=True
nln_emp_leave_one_speed_out,test_speed_50,nln_emp,nln_emp_motor_4_70_cavitation_discharge_4_vibration,nln_emp_motor_4_70_cavitation_discharge_4,train,Motor-4,vibration,vibration,70,unknown,motor_4_speed_70,cavitation,3,fault,experimental,unknown,data/raw/nln_emp/Dataset/Vibration/Motor-4/70/cavitation discharge 4/Vibration_Motor-4_70_time-cavitation discharge 4-ch1.csv|data/raw/nln_emp/Dataset/Vibration/Motor-4/70/cavitation discharge 4/Vibration_Motor-4_70_time-cavitation discharge 4-ch2.csv|data/raw/nln_emp/Dataset/Vibration/Motor-4/70/cavitation discharge 4/Vibration_Motor-4_70_time-cavitation discharge 4-ch3.csv|data/raw/nln_emp/Dataset/Vibration/Motor-4/70/cavitation discharge 4/Vibration_Motor-4_70_time-cavitation discharge 4-ch4.csv|data/raw/nln_emp/Dataset/Vibration/Motor-4/70/cavitation discharge 4/Vibration_Motor-4_70_time-cavitation discharge 4-ch5.csv,False,channel_1;nln_overview_verified=True|channel_2;nln_overview_verified=True|channel_3;nln_overview_verified=True|channel_4;nln_overview_verified=True|channel_5;nln_overview_verified=True
nln_emp_leave_one_speed_out,test_speed_50,nln_emp,nln_emp_motor_4_70_cavitation_discharge_5_current,nln_emp_motor_4_70_cavitation_discharge_5,train,Motor-4,current,current,70,unknown,motor_4_speed_70,cavitation,3,fault,experimental,unknown,data/raw/nln_emp/Dataset/Electric/Motor-4/70/cavitation discharge 5/Electric_Motor-4_70_time-cavitation discharge 5-ch1.csv|data/raw/nln_emp/Dataset/Electric/Motor-4/70/cavitation discharge 5/Electric_Motor-4_70_time-cavitation discharge 5-ch2.csv|data/raw/nln_emp/Dataset/Electric/Motor-4/70/cavitation discharge 5/Electric_Motor-4_70_time-cavitation discharge 5-ch3.csv|data/raw/nln_emp/Dataset/Electric/Motor-4/70/cavitation discharge 5/Electric_Motor-4_70_time-cavitation discharge 5-ch4.csv|data/raw/nln_emp/Dataset/Electric/Motor-4/70/cavitation discharge 5/Electric_Motor-4_70_time-cavitation discharge 5-ch5.csv|data/raw/nln_emp/Dataset/Electric/Motor-4/70/cavitation discharge 5/Electric_Motor-4_70_time-cavitation discharge 5-ch6.csv,False,channel_1;nln_overview_verified=True|channel_2;nln_overview_verified=True|channel_3;nln_overview_verified=True|channel_4;nln_overview_verified=True|channel_5;nln_overview_verified=True|channel_6;nln_overview_verified=True
nln_emp_leave_one_speed_out,test_speed_50,nln_emp,nln_emp_motor_4_70_cavitation_discharge_5_vibration,nln_emp_motor_4_70_cavitation_discharge_5,train,Motor-4,vibration,vibration,70,unknown,motor_4_speed_70,cavitation,3,fault,experimental,unknown,data/raw/nln_emp/Dataset/Vibration/Motor-4/70/cavitation discharge 5/Vibration_Motor-4_70_time-cavitation discharge 5-ch1.csv|data/raw/nln_emp/Dataset/Vibration/Motor-4/70/cavitation discharge 5/Vibration_Motor-4_70_time-cavitation discharge 5-ch2.csv|data/raw/nln_emp/Dataset/Vibration/Motor-4/70/cavitation discharge 5/Vibration_Motor-4_70_time-cavitation discharge 5-ch3.csv|data/raw/nln_emp/Dataset/Vibration/Motor-4/70/cavitation discharge 5/Vibration_Motor-4_70_time-cavitation discharge 5-ch4.csv|data/raw/nln_emp/Dataset/Vibration/Motor-4/70/cavitation discharge 5/Vibration_Motor-4_70_time-cavitation discharge 5-ch5.csv,False,channel_1;nln_overview_verified=True|channel_2;nln_overview_verified=True|channel_3;nln_overview_verified=True|channel_4;nln_overview_verified=True|channel_5;nln_overview_verified=True
nln_emp_leave_one_speed_out,test_speed_50,nln_emp,nln_emp_motor_4_70_cavitation_suction_1_current,nln_emp_motor_4_70_cavitation_suction_1,train,Motor-4,current,current,70,unknown,motor_4_speed_70,cavitation,3,fault,experimental,unknown,data/raw/nln_emp/Dataset/Electric/Motor-4/70/cavitation suction 1/Electric_Motor-4_70_time-cavitation suction 1-ch1.csv|data/raw/nln_emp/Dataset/Electric/Motor-4/70/cavitation suction 1/Electric_Motor-4_70_time-cavitation suction 1-ch2.csv|data/raw/nln_emp/Dataset/Electric/Motor-4/70/cavitation suction 1/Electric_Motor-4_70_time-cavitation suction 1-ch3.csv|data/raw/nln_emp/Dataset/Electric/Motor-4/70/cavitation suction 1/Electric_Motor-4_70_time-cavitation suction 1-ch4.csv|data/raw/nln_emp/Dataset/Electric/Motor-4/70/cavitation suction 1/Electric_Motor-4_70_time-cavitation suction 1-ch5.csv|data/raw/nln_emp/Dataset/Electric/Motor-4/70/cavitation suction 1/Electric_Motor-4_70_time-cavitation suction 1-ch6.csv,False,channel_1;nln_overview_verified=True|channel_2;nln_overview_verified=True|channel_3;nln_overview_verified=True|channel_4;nln_overview_verified=True|channel_5;nln_overview_verified=True|channel_6;nln_overview_verified=True
nln_emp_leave_one_speed_out,test_speed_50,nln_emp,nln_emp_motor_4_70_cavitation_suction_1_vibration,nln_emp_motor_4_70_cavitation_suction_1,train,Motor-4,vibration,vibration,70,unknown,motor_4_speed_70,cavitation,3,fault,experimental,unknown,data/raw/nln_emp/Dataset/Vibration/Motor-4/70/cavitation suction 1/Vibration_Motor-4_70_time-cavitation suction 1-ch1.csv|data/raw/nln_emp/Dataset/Vibration/Motor-4/70/cavitation suction 1/Vibration_Motor-4_70_time-cavitation suction 1-ch2.csv|data/raw/nln_emp/Dataset/Vibration/Motor-4/70/cavitation suction 1/Vibration_Motor-4_70_time-cavitation suction 1-ch3.csv|data/raw/nln_emp/Dataset/Vibration/Motor-4/70/cavitation suction 1/Vibration_Motor-4_70_time-cavitation suction 1-ch4.csv|data/raw/nln_emp/Dataset/Vibration/Motor-4/70/cavitation suction 1/Vibration_Motor-4_70_time-cavitation suction 1-ch5.csv,False,channel_1;nln_overview_verified=True|channel_2;nln_overview_verified=True|channel_3;nln_overview_verified=True|channel_4;nln_overview_verified=True|channel_5;nln_overview_verified=True
nln_emp_leave_one_speed_out,test_speed_50,nln_emp,nln_emp_motor_4_70_cavitation_suction_2_current,nln_emp_motor_4_70_cavitation_suction_2,val,Motor-4,current,current,70,unknown,motor_4_speed_70,cavitation,3,fault,experimental,unknown,data/raw/nln_emp/Dataset/Electric/Motor-4/70/cavitation suction 2/Electric_Motor-4_70_time-cavitation suction 2-ch1.csv|data/raw/nln_emp/Dataset/Electric/Motor-4/70/cavitation suction 2/Electric_Motor-4_70_time-cavitation suction 2-ch2.csv|data/raw/nln_emp/Dataset/Electric/Motor-4/70/cavitation suction 2/Electric_Motor-4_70_time-cavitation suction 2-ch3.csv|data/raw/nln_emp/Dataset/Electric/Motor-4/70/cavitation suction 2/Electric_Motor-4_70_time-cavitation suction 2-ch4.csv|data/raw/nln_emp/Dataset/Electric/Motor-4/70/cavitation suction 2/Electric_Motor-4_70_time-cavitation suction 2-ch5.csv|data/raw/nln_emp/Dataset/Electric/Motor-4/70/cavitation suction 2/Electric_Motor-4_70_time-cavitation suction 2-ch6.csv,False,channel_1;nln_overview_verified=True|channel_2;nln_overview_verified=True|channel_3;nln_overview_verified=True|channel_4;nln_overview_verified=True|channel_5;nln_overview_verified=True|channel_6;nln_overview_verified=True
nln_emp_leave_one_speed_out,test_speed_50,nln_emp,nln_emp_motor_4_70_cavitation_suction_3_current,nln_emp_motor_4_70_cavitation_suction_3,train,Motor-4,current,current,70,unknown,motor_4_speed_70,cavitation,3,fault,experimental,unknown,data/raw/nln_emp/Dataset/Electric/Motor-4/70/cavitation suction 3/Electric_Motor-4_70_time-cavitation suction 3-ch1.csv|data/raw/nln_emp/Dataset/Electric/Motor-4/70/cavitation suction 3/Electric_Motor-4_70_time-cavitation suction 3-ch2.csv|data/raw/nln_emp/Dataset/Electric/Motor-4/70/cavitation suction 3/Electric_Motor-4_70_time-cavitation suction 3-ch3.csv|data/raw/nln_emp/Dataset/Electric/Motor-4/70/cavitation suction 3/Electric_Motor-4_70_time-cavitation suction 3-ch4.csv|data/raw/nln_emp/Dataset/Electric/Motor-4/70/cavitation suction 3/Electric_Motor-4_70_time-cavitation suction 3-ch5.csv|data/raw/nln_emp/Dataset/Electric/Motor-4/70/cavitation suction 3/Electric_Motor-4_70_time-cavitation suction 3-ch6.csv,False,channel_1;nln_overview_verified=True|channel_2;nln_overview_verified=True|channel_3;nln_overview_verified=True|channel_4;nln_overview_verified=True|channel_5;nln_overview_verified=True|channel_6;nln_overview_verified=True
nln_emp_leave_one_speed_out,test_speed_50,nln_emp,nln_emp_motor_4_70_cavitation_suction_3_vibration,nln_emp_motor_4_70_cavitation_suction_3,train,Motor-4,vibration,vibration,70,unknown,motor_4_speed_70,cavitation,3,fault,experimental,unknown,data/raw/nln_emp/Dataset/Vibration/Motor-4/70/cavitation suction 3/Vibration_Motor-4_70_time-cavitation suction 3-ch1.csv|data/raw/nln_emp/Dataset/Vibration/Motor-4/70/cavitation suction 3/Vibration_Motor-4_70_time-cavitation suction 3-ch2.csv|data/raw/nln_emp/Dataset/Vibration/Motor-4/70/cavitation suction 3/Vibration_Motor-4_70_time-cavitation suction 3-ch3.csv|data/raw/nln_emp/Dataset/Vibration/Motor-4/70/cavitation suction 3/Vibration_Motor-4_70_time-cavitation suction 3-ch4.csv|data/raw/nln_emp/Dataset/Vibration/Motor-4/70/cavitation suction 3/Vibration_Motor-4_70_time-cavitation suction 3-ch5.csv,False,channel_1;nln_overview_verified=True|channel_2;nln_overview_verified=True|channel_3;nln_overview_verified=True|channel_4;nln_overview_verified=True|channel_5;nln_overview_verified=True
nln_emp_leave_one_speed_out,test_speed_50,nln_emp,nln_emp_motor_4_70_cavitation_suction_4_current,nln_emp_motor_4_70_cavitation_suction_4,train,Motor-4,current,current,70,unknown,motor_4_speed_70,cavitation,3,fault,experimental,unknown,data/raw/nln_emp/Dataset/Electric/Motor-4/70/cavitation suction 4/Electric_Motor-4_70_time-cavitation suction 4-ch1.csv|data/raw/nln_emp/Dataset/Electric/Motor-4/70/cavitation suction 4/Electric_Motor-4_70_time-cavitation suction 4-ch2.csv|data/raw/nln_emp/Dataset/Electric/Motor-4/70/cavitation suction 4/Electric_Motor-4_70_time-cavitation suction 4-ch3.csv|data/raw/nln_emp/Dataset/Electric/Motor-4/70/cavitation suction 4/Electric_Motor-4_70_time-cavitation suction 4-ch4.csv|data/raw/nln_emp/Dataset/Electric/Motor-4/70/cavitation suction 4/Electric_Motor-4_70_time-cavitation suction 4-ch5.csv|data/raw/nln_emp/Dataset/Electric/Motor-4/70/cavitation suction 4/Electric_Motor-4_70_time-cavitation suction 4-ch6.csv,False,channel_1;nln_overview_verified=True|channel_2;nln_overview_verified=True|channel_3;nln_overview_verified=True|channel_4;nln_overview_verified=True|channel_5;nln_overview_verified=True|channel_6;nln_overview_verified=True
nln_emp_leave_one_speed_out,test_speed_50,nln_emp,nln_emp_motor_4_70_cavitation_suction_4_vibration,nln_emp_motor_4_70_cavitation_suction_4,train,Motor-4,vibration,vibration,70,unknown,motor_4_speed_70,cavitation,3,fault,experimental,unknown,data/raw/nln_emp/Dataset/Vibration/Motor-4/70/cavitation suction 4/Vibration_Motor-4_70_time-cavitation suction 4-ch1.csv|data/raw/nln_emp/Dataset/Vibration/Motor-4/70/cavitation suction 4/Vibration_Motor-4_70_time-cavitation suction 4-ch2.csv|data/raw/nln_emp/Dataset/Vibration/Motor-4/70/cavitation suction 4/Vibration_Motor-4_70_time-cavitation suction 4-ch3.csv|data/raw/nln_emp/Dataset/Vibration/Motor-4/70/cavitation suction 4/Vibration_Motor-4_70_time-cavitation suction 4-ch4.csv|data/raw/nln_emp/Dataset/Vibration/Motor-4/70/cavitation suction 4/Vibration_Motor-4_70_time-cavitation suction 4-ch5.csv,False,channel_1;nln_overview_verified=True|channel_2;nln_overview_verified=True|channel_3;nln_overview_verified=True|channel_4;nln_overview_verified=True|channel_5;nln_overview_verified=True
nln_emp_leave_one_speed_out,test_speed_50,nln_emp,nln_emp_motor_4_70_coupling_1_current,nln_emp_motor_4_70_coupling_1,train,Motor-4,current,current,70,unknown,motor_4_speed_70,coupling_fault,2D,fault,experimental,unknown,data/raw/nln_emp/Dataset/Electric/Motor-4/70/coupling 1/Electric_Motor-4_70_time-coupling 1-ch1.csv|data/raw/nln_emp/Dataset/Electric/Motor-4/70/coupling 1/Electric_Motor-4_70_time-coupling 1-ch2.csv|data/raw/nln_emp/Dataset/Electric/Motor-4/70/coupling 1/Electric_Motor-4_70_time-coupling 1-ch3.csv|data/raw/nln_emp/Dataset/Electric/Motor-4/70/coupling 1/Electric_Motor-4_70_time-coupling 1-ch4.csv|data/raw/nln_emp/Dataset/Electric/Motor-4/70/coupling 1/Electric_Motor-4_70_time-coupling 1-ch5.csv|data/raw/nln_emp/Dataset/Electric/Motor-4/70/coupling 1/Electric_Motor-4_70_time-coupling 1-ch6.csv,False,channel_1;nln_overview_verified=True|channel_2;nln_overview_verified=True|channel_3;nln_overview_verified=True|channel_4;nln_overview_verified=True|channel_5;nln_overview_verified=True|channel_6;nln_overview_verified=True
nln_emp_leave_one_speed_out,test_speed_50,nln_emp,nln_emp_motor_4_70_coupling_1_vibration,nln_emp_motor_4_70_coupling_1,train,Motor-4,vibration,vibration,70,unknown,motor_4_speed_70,coupling_fault,2D,fault,experimental,unknown,data/raw/nln_emp/Dataset/Vibration/Motor-4/70/coupling 1/Vibration_Motor-4_70_time-coupling 1-ch1.csv|data/raw/nln_emp/Dataset/Vibration/Motor-4/70/coupling 1/Vibration_Motor-4_70_time-coupling 1-ch2.csv|data/raw/nln_emp/Dataset/Vibration/Motor-4/70/coupling 1/Vibration_Motor-4_70_time-coupling 1-ch3.csv|data/raw/nln_emp/Dataset/Vibration/Motor-4/70/coupling 1/Vibration_Motor-4_70_time-coupling 1-ch4.csv|data/raw/nln_emp/Dataset/Vibration/Motor-4/70/coupling 1/Vibration_Motor-4_70_time-coupling 1-ch5.csv,False,channel_1;nln_overview_verified=True|channel_2;nln_overview_verified=True|channel_3;nln_overview_verified=True|channel_4;nln_overview_verified=True|channel_5;nln_overview_verified=True
nln_emp_leave_one_speed_out,test_speed_50,nln_emp,nln_emp_motor_4_70_coupling_2_current,nln_emp_motor_4_70_coupling_2,train,Motor-4,current,current,70,unknown,motor_4_speed_70,coupling_fault,2D,fault,experimental,unknown,data/raw/nln_emp/Dataset/Electric/Motor-4/70/coupling 2/Electric_Motor-4_70_time-coupling 2-ch1.csv|data/raw/nln_emp/Dataset/Electric/Motor-4/70/coupling 2/Electric_Motor-4_70_time-coupling 2-ch2.csv|data/raw/nln_emp/Dataset/Electric/Motor-4/70/coupling 2/Electric_Motor-4_70_time-coupling 2-ch3.csv|data/raw/nln_emp/Dataset/Electric/Motor-4/70/coupling 2/Electric_Motor-4_70_time-coupling 2-ch4.csv|data/raw/nln_emp/Dataset/Electric/Motor-4/70/coupling 2/Electric_Motor-4_70_time-coupling 2-ch5.csv|data/raw/nln_emp/Dataset/Electric/Motor-4/70/coupling 2/Electric_Motor-4_70_time-coupling 2-ch6.csv,False,channel_1;nln_overview_verified=True|channel_2;nln_overview_verified=True|channel_3;nln_overview_verified=True|channel_4;nln_overview_verified=True|channel_5;nln_overview_verified=True|channel_6;nln_overview_verified=True
nln_emp_leave_one_speed_out,test_speed_50,nln_emp,nln_emp_motor_4_70_coupling_2_vibration,nln_emp_motor_4_70_coupling_2,train,Motor-4,vibration,vibration,70,unknown,motor_4_speed_70,coupling_fault,2D,fault,experimental,unknown,data/raw/nln_emp/Dataset/Vibration/Motor-4/70/coupling 2/Vibration_Motor-4_70_time-coupling 2-ch1.csv|data/raw/nln_emp/Dataset/Vibration/Motor-4/70/coupling 2/Vibration_Motor-4_70_time-coupling 2-ch2.csv|data/raw/nln_emp/Dataset/Vibration/Motor-4/70/coupling 2/Vibration_Motor-4_70_time-coupling 2-ch3.csv|data/raw/nln_emp/Dataset/Vibration/Motor-4/70/coupling 2/Vibration_Motor-4_70_time-coupling 2-ch4.csv|data/raw/nln_emp/Dataset/Vibration/Motor-4/70/coupling 2/Vibration_Motor-4_70_time-coupling 2-ch5.csv,False,channel_1;nln_overview_verified=True|channel_2;nln_overview_verified=True|channel_3;nln_overview_verified=True|channel_4;nln_overview_verified=True|channel_5;nln_overview_verified=True
nln_emp_leave_one_speed_out,test_speed_50,nln_emp,nln_emp_motor_4_70_coupling_2d_current,nln_emp_motor_4_70_coupling_2d,train,Motor-4,current,current,70,unknown,motor_4_speed_70,coupling_fault,2D,fault,experimental,unknown,data/raw/nln_emp/Dataset/Electric/Motor-4/70/coupling 2D/Electric_Motor-4_70_time-coupling 2D-ch1.csv|data/raw/nln_emp/Dataset/Electric/Motor-4/70/coupling 2D/Electric_Motor-4_70_time-coupling 2D-ch2.csv|data/raw/nln_emp/Dataset/Electric/Motor-4/70/coupling 2D/Electric_Motor-4_70_time-coupling 2D-ch3.csv|data/raw/nln_emp/Dataset/Electric/Motor-4/70/coupling 2D/Electric_Motor-4_70_time-coupling 2D-ch4.csv|data/raw/nln_emp/Dataset/Electric/Motor-4/70/coupling 2D/Electric_Motor-4_70_time-coupling 2D-ch5.csv|data/raw/nln_emp/Dataset/Electric/Motor-4/70/coupling 2D/Electric_Motor-4_70_time-coupling 2D-ch6.csv,False,channel_1;nln_overview_verified=True|channel_2;nln_overview_verified=True|channel_3;nln_overview_verified=True|channel_4;nln_overview_verified=True|channel_5;nln_overview_verified=True|channel_6;nln_overview_verified=True
nln_emp_leave_one_speed_out,test_speed_50,nln_emp,nln_emp_motor_4_70_coupling_2d_vibration,nln_emp_motor_4_70_coupling_2d,train,Motor-4,vibration,vibration,70,unknown,motor_4_speed_70,coupling_fault,2D,fault,experimental,unknown,data/raw/nln_emp/Dataset/Vibration/Motor-4/70/coupling 2D/Vibration_Motor-4_70_time-coupling 2D-ch1.csv|data/raw/nln_emp/Dataset/Vibration/Motor-4/70/coupling 2D/Vibration_Motor-4_70_time-coupling 2D-ch2.csv|data/raw/nln_emp/Dataset/Vibration/Motor-4/70/coupling 2D/Vibration_Motor-4_70_time-coupling 2D-ch3.csv|data/raw/nln_emp/Dataset/Vibration/Motor-4/70/coupling 2D/Vibration_Motor-4_70_time-coupling 2D-ch4.csv|data/raw/nln_emp/Dataset/Vibration/Motor-4/70/coupling 2D/Vibration_Motor-4_70_time-coupling 2D-ch5.csv,False,channel_1;nln_overview_verified=True|channel_2;nln_overview_verified=True|channel_3;nln_overview_verified=True|channel_4;nln_overview_verified=True|channel_5;nln_overview_verified=True
nln_emp_leave_one_speed_out,test_speed_50,nln_emp,nln_emp_motor_4_70_coupling_3_current,nln_emp_motor_4_70_coupling_3,train,Motor-4,current,current,70,unknown,motor_4_speed_70,coupling_fault,2D,fault,experimental,unknown,data/raw/nln_emp/Dataset/Electric/Motor-4/70/coupling 3/Electric_Motor-4_70_time-coupling 3-ch1.csv|data/raw/nln_emp/Dataset/Electric/Motor-4/70/coupling 3/Electric_Motor-4_70_time-coupling 3-ch2.csv|data/raw/nln_emp/Dataset/Electric/Motor-4/70/coupling 3/Electric_Motor-4_70_time-coupling 3-ch3.csv|data/raw/nln_emp/Dataset/Electric/Motor-4/70/coupling 3/Electric_Motor-4_70_time-coupling 3-ch4.csv|data/raw/nln_emp/Dataset/Electric/Motor-4/70/coupling 3/Electric_Motor-4_70_time-coupling 3-ch5.csv|data/raw/nln_emp/Dataset/Electric/Motor-4/70/coupling 3/Electric_Motor-4_70_time-coupling 3-ch6.csv,False,channel_1;nln_overview_verified=True|channel_2;nln_overview_verified=True|channel_3;nln_overview_verified=True|channel_4;nln_overview_verified=True|channel_5;nln_overview_verified=True|channel_6;nln_overview_verified=True
nln_emp_leave_one_speed_out,test_speed_50,nln_emp,nln_emp_motor_4_70_coupling_3_vibration,nln_emp_motor_4_70_coupling_3,train,Motor-4,vibration,vibration,70,unknown,motor_4_speed_70,coupling_fault,2D,fault,experimental,unknown,data/raw/nln_emp/Dataset/Vibration/Motor-4/70/coupling 3/Vibration_Motor-4_70_time-coupling 3-ch1.csv|data/raw/nln_emp/Dataset/Vibration/Motor-4/70/coupling 3/Vibration_Motor-4_70_time-coupling 3-ch2.csv|data/raw/nln_emp/Dataset/Vibration/Motor-4/70/coupling 3/Vibration_Motor-4_70_time-coupling 3-ch3.csv|data/raw/nln_emp/Dataset/Vibration/Motor-4/70/coupling 3/Vibration_Motor-4_70_time-coupling 3-ch4.csv|data/raw/nln_emp/Dataset/Vibration/Motor-4/70/coupling 3/Vibration_Motor-4_70_time-coupling 3-ch5.csv,False,channel_1;nln_overview_verified=True|channel_2;nln_overview_verified=True|channel_3;nln_overview_verified=True|channel_4;nln_overview_verified=True|channel_5;nln_overview_verified=True
nln_emp_leave_one_speed_out,test_speed_50,nln_emp,nln_emp_motor_4_70_healthy_1_current,nln_emp_motor_4_70_healthy_1,train,Motor-4,current,current,70,unknown,motor_4_speed_70,healthy,0,healthy,experimental,unknown,data/raw/nln_emp/Dataset/Electric/Motor-4/70/healthy 1/Electric_Motor-4_70_time-healthy 1-ch1.csv|data/raw/nln_emp/Dataset/Electric/Motor-4/70/healthy 1/Electric_Motor-4_70_time-healthy 1-ch2.csv|data/raw/nln_emp/Dataset/Electric/Motor-4/70/healthy 1/Electric_Motor-4_70_time-healthy 1-ch3.csv|data/raw/nln_emp/Dataset/Electric/Motor-4/70/healthy 1/Electric_Motor-4_70_time-healthy 1-ch4.csv|data/raw/nln_emp/Dataset/Electric/Motor-4/70/healthy 1/Electric_Motor-4_70_time-healthy 1-ch5.csv|data/raw/nln_emp/Dataset/Electric/Motor-4/70/healthy 1/Electric_Motor-4_70_time-healthy 1-ch6.csv,False,channel_1;nln_overview_verified=True|channel_2;nln_overview_verified=True|channel_3;nln_overview_verified=True|channel_4;nln_overview_verified=True|channel_5;nln_overview_verified=True|channel_6;nln_overview_verified=True
nln_emp_leave_one_speed_out,test_speed_50,nln_emp,nln_emp_motor_4_70_healthy_1_vibration,nln_emp_motor_4_70_healthy_1,train,Motor-4,vibration,vibration,70,unknown,motor_4_speed_70,healthy,0,healthy,experimental,unknown,data/raw/nln_emp/Dataset/Vibration/Motor-4/70/healthy 1/Vibration_Motor-4_70_time-healthy 1-ch1.csv|data/raw/nln_emp/Dataset/Vibration/Motor-4/70/healthy 1/Vibration_Motor-4_70_time-healthy 1-ch2.csv|data/raw/nln_emp/Dataset/Vibration/Motor-4/70/healthy 1/Vibration_Motor-4_70_time-healthy 1-ch3.csv|data/raw/nln_emp/Dataset/Vibration/Motor-4/70/healthy 1/Vibration_Motor-4_70_time-healthy 1-ch4.csv|data/raw/nln_emp/Dataset/Vibration/Motor-4/70/healthy 1/Vibration_Motor-4_70_time-healthy 1-ch5.csv,False,channel_1;nln_overview_verified=True|channel_2;nln_overview_verified=True|channel_3;nln_overview_verified=True|channel_4;nln_overview_verified=True|channel_5;nln_overview_verified=True
nln_emp_leave_one_speed_out,test_speed_50,nln_emp,nln_emp_motor_4_70_healthy_2_current,nln_emp_motor_4_70_healthy_2,train,Motor-4,current,current,70,unknown,motor_4_speed_70,healthy,0,healthy,experimental,unknown,data/raw/nln_emp/Dataset/Electric/Motor-4/70/healthy 2/Electric_Motor-4_70_time-healthy 2-ch1.csv|data/raw/nln_emp/Dataset/Electric/Motor-4/70/healthy 2/Electric_Motor-4_70_time-healthy 2-ch2.csv|data/raw/nln_emp/Dataset/Electric/Motor-4/70/healthy 2/Electric_Motor-4_70_time-healthy 2-ch3.csv|data/raw/nln_emp/Dataset/Electric/Motor-4/70/healthy 2/Electric_Motor-4_70_time-healthy 2-ch4.csv|data/raw/nln_emp/Dataset/Electric/Motor-4/70/healthy 2/Electric_Motor-4_70_time-healthy 2-ch5.csv|data/raw/nln_emp/Dataset/Electric/Motor-4/70/healthy 2/Electric_Motor-4_70_time-healthy 2-ch6.csv,False,channel_1;nln_overview_verified=True|channel_2;nln_overview_verified=True|channel_3;nln_overview_verified=True|channel_4;nln_overview_verified=True|channel_5;nln_overview_verified=True|channel_6;nln_overview_verified=True
nln_emp_leave_one_speed_out,test_speed_50,nln_emp,nln_emp_motor_4_70_healthy_2_vibration,nln_emp_motor_4_70_healthy_2,train,Motor-4,vibration,vibration,70,unknown,motor_4_speed_70,healthy,0,healthy,experimental,unknown,data/raw/nln_emp/Dataset/Vibration/Motor-4/70/healthy 2/Vibration_Motor-4_70_time-healthy 2-ch1.csv|data/raw/nln_emp/Dataset/Vibration/Motor-4/70/healthy 2/Vibration_Motor-4_70_time-healthy 2-ch2.csv|data/raw/nln_emp/Dataset/Vibration/Motor-4/70/healthy 2/Vibration_Motor-4_70_time-healthy 2-ch3.csv|data/raw/nln_emp/Dataset/Vibration/Motor-4/70/healthy 2/Vibration_Motor-4_70_time-healthy 2-ch4.csv|data/raw/nln_emp/Dataset/Vibration/Motor-4/70/healthy 2/Vibration_Motor-4_70_time-healthy 2-ch5.csv,False,channel_1;nln_overview_verified=True|channel_2;nln_overview_verified=True|channel_3;nln_overview_verified=True|channel_4;nln_overview_verified=True|channel_5;nln_overview_verified=True
nln_emp_leave_one_speed_out,test_speed_50,nln_emp,nln_emp_motor_4_70_healthy_3_current,nln_emp_motor_4_70_healthy_3,train,Motor-4,current,current,70,unknown,motor_4_speed_70,healthy,0,healthy,experimental,unknown,data/raw/nln_emp/Dataset/Electric/Motor-4/70/healthy 3/Electric_Motor-4_70_time-healthy 3-ch1.csv|data/raw/nln_emp/Dataset/Electric/Motor-4/70/healthy 3/Electric_Motor-4_70_time-healthy 3-ch2.csv|data/raw/nln_emp/Dataset/Electric/Motor-4/70/healthy 3/Electric_Motor-4_70_time-healthy 3-ch3.csv|data/raw/nln_emp/Dataset/Electric/Motor-4/70/healthy 3/Electric_Motor-4_70_time-healthy 3-ch4.csv|data/raw/nln_emp/Dataset/Electric/Motor-4/70/healthy 3/Electric_Motor-4_70_time-healthy 3-ch5.csv|data/raw/nln_emp/Dataset/Electric/Motor-4/70/healthy 3/Electric_Motor-4_70_time-healthy 3-ch6.csv,False,channel_1;nln_overview_verified=True|channel_2;nln_overview_verified=True|channel_3;nln_overview_verified=True|channel_4;nln_overview_verified=True|channel_5;nln_overview_verified=True|channel_6;nln_overview_verified=True
nln_emp_leave_one_speed_out,test_speed_50,nln_emp,nln_emp_motor_4_70_healthy_3_vibration,nln_emp_motor_4_70_healthy_3,train,Motor-4,vibration,vibration,70,unknown,motor_4_speed_70,healthy,0,healthy,experimental,unknown,data/raw/nln_emp/Dataset/Vibration/Motor-4/70/healthy 3/Vibration_Motor-4_70_time-healthy 3-ch1.csv|data/raw/nln_emp/Dataset/Vibration/Motor-4/70/healthy 3/Vibration_Motor-4_70_time-healthy 3-ch2.csv|data/raw/nln_emp/Dataset/Vibration/Motor-4/70/healthy 3/Vibration_Motor-4_70_time-healthy 3-ch3.csv|data/raw/nln_emp/Dataset/Vibration/Motor-4/70/healthy 3/Vibration_Motor-4_70_time-healthy 3-ch4.csv|data/raw/nln_emp/Dataset/Vibration/Motor-4/70/healthy 3/Vibration_Motor-4_70_time-healthy 3-ch5.csv,False,channel_1;nln_overview_verified=True|channel_2;nln_overview_verified=True|channel_3;nln_overview_verified=True|channel_4;nln_overview_verified=True|channel_5;nln_overview_verified=True
nln_emp_leave_one_speed_out,test_speed_50,nln_emp,nln_emp_motor_4_70_healthy_noise_current,nln_emp_motor_4_70_healthy_noise,train,Motor-4,current,current,70,unknown,motor_4_speed_70,healthy,0,healthy,experimental,unknown,data/raw/nln_emp/Dataset/Electric/Motor-4/70/healthy noise/Electric_Motor-4_70_time-healthy noise-ch1.csv|data/raw/nln_emp/Dataset/Electric/Motor-4/70/healthy noise/Electric_Motor-4_70_time-healthy noise-ch2.csv|data/raw/nln_emp/Dataset/Electric/Motor-4/70/healthy noise/Electric_Motor-4_70_time-healthy noise-ch3.csv|data/raw/nln_emp/Dataset/Electric/Motor-4/70/healthy noise/Electric_Motor-4_70_time-healthy noise-ch4.csv|data/raw/nln_emp/Dataset/Electric/Motor-4/70/healthy noise/Electric_Motor-4_70_time-healthy noise-ch5.csv|data/raw/nln_emp/Dataset/Electric/Motor-4/70/healthy noise/Electric_Motor-4_70_time-healthy noise-ch6.csv,False,channel_1;nln_overview_verified=False|channel_2;nln_overview_verified=False|channel_3;nln_overview_verified=False|channel_4;nln_overview_verified=False|channel_5;nln_overview_verified=False|channel_6;nln_overview_verified=False
nln_emp_leave_one_speed_out,test_speed_50,nln_emp,nln_emp_motor_4_70_healthy_noise_vibration,nln_emp_motor_4_70_healthy_noise,train,Motor-4,vibration,vibration,70,unknown,motor_4_speed_70,healthy,0,healthy,experimental,unknown,data/raw/nln_emp/Dataset/Vibration/Motor-4/70/healthy noise/Vibration_Motor-4_70_time-healthy noise-ch1.csv|data/raw/nln_emp/Dataset/Vibration/Motor-4/70/healthy noise/Vibration_Motor-4_70_time-healthy noise-ch2.csv|data/raw/nln_emp/Dataset/Vibration/Motor-4/70/healthy noise/Vibration_Motor-4_70_time-healthy noise-ch3.csv|data/raw/nln_emp/Dataset/Vibration/Motor-4/70/healthy noise/Vibration_Motor-4_70_time-healthy noise-ch4.csv|data/raw/nln_emp/Dataset/Vibration/Motor-4/70/healthy noise/Vibration_Motor-4_70_time-healthy noise-ch5.csv,False,channel_1;nln_overview_verified=False|channel_2;nln_overview_verified=False|channel_3;nln_overview_verified=False|channel_4;nln_overview_verified=False|channel_5;nln_overview_verified=False
nln_emp_leave_one_speed_out,test_speed_50,nln_emp,nln_emp_motor_4_70_unbalance_motor_1_current,nln_emp_motor_4_70_unbalance_motor_1,val,Motor-4,current,current,70,unknown,motor_4_speed_70,unbalance,3,fault,experimental,unknown,data/raw/nln_emp/Dataset/Electric/Motor-4/70/unbalance motor 1/Electric_Motor-4_70_time-unbalance motor 1-ch1.csv|data/raw/nln_emp/Dataset/Electric/Motor-4/70/unbalance motor 1/Electric_Motor-4_70_time-unbalance motor 1-ch2.csv|data/raw/nln_emp/Dataset/Electric/Motor-4/70/unbalance motor 1/Electric_Motor-4_70_time-unbalance motor 1-ch3.csv|data/raw/nln_emp/Dataset/Electric/Motor-4/70/unbalance motor 1/Electric_Motor-4_70_time-unbalance motor 1-ch4.csv|data/raw/nln_emp/Dataset/Electric/Motor-4/70/unbalance motor 1/Electric_Motor-4_70_time-unbalance motor 1-ch5.csv|data/raw/nln_emp/Dataset/Electric/Motor-4/70/unbalance motor 1/Electric_Motor-4_70_time-unbalance motor 1-ch6.csv,False,channel_1;nln_overview_verified=True|channel_2;nln_overview_verified=True|channel_3;nln_overview_verified=True|channel_4;nln_overview_verified=True|channel_5;nln_overview_verified=True|channel_6;nln_overview_verified=True
nln_emp_leave_one_speed_out,test_speed_50,nln_emp,nln_emp_motor_4_70_unbalance_motor_1_vibration,nln_emp_motor_4_70_unbalance_motor_1,val,Motor-4,vibration,vibration,70,unknown,motor_4_speed_70,unbalance,3,fault,experimental,unknown,data/raw/nln_emp/Dataset/Vibration/Motor-4/70/unbalance motor 1/Vibration_Motor-4_70_time-unbalance motor 1-ch1.csv|data/raw/nln_emp/Dataset/Vibration/Motor-4/70/unbalance motor 1/Vibration_Motor-4_70_time-unbalance motor 1-ch2.csv|data/raw/nln_emp/Dataset/Vibration/Motor-4/70/unbalance motor 1/Vibration_Motor-4_70_time-unbalance motor 1-ch3.csv|data/raw/nln_emp/Dataset/Vibration/Motor-4/70/unbalance motor 1/Vibration_Motor-4_70_time-unbalance motor 1-ch4.csv|data/raw/nln_emp/Dataset/Vibration/Motor-4/70/unbalance motor 1/Vibration_Motor-4_70_time-unbalance motor 1-ch5.csv,False,channel_1;nln_overview_verified=True|channel_2;nln_overview_verified=True|channel_3;nln_overview_verified=True|channel_4;nln_overview_verified=True|channel_5;nln_overview_verified=True
nln_emp_leave_one_speed_out,test_speed_50,nln_emp,nln_emp_motor_4_70_unbalance_motor_2_current,nln_emp_motor_4_70_unbalance_motor_2,train,Motor-4,current,current,70,unknown,motor_4_speed_70,unbalance,3,fault,experimental,unknown,data/raw/nln_emp/Dataset/Electric/Motor-4/70/unbalance motor 2/Electric_Motor-4_70_time-unbalance motor 2-ch1.csv|data/raw/nln_emp/Dataset/Electric/Motor-4/70/unbalance motor 2/Electric_Motor-4_70_time-unbalance motor 2-ch2.csv|data/raw/nln_emp/Dataset/Electric/Motor-4/70/unbalance motor 2/Electric_Motor-4_70_time-unbalance motor 2-ch3.csv|data/raw/nln_emp/Dataset/Electric/Motor-4/70/unbalance motor 2/Electric_Motor-4_70_time-unbalance motor 2-ch4.csv|data/raw/nln_emp/Dataset/Electric/Motor-4/70/unbalance motor 2/Electric_Motor-4_70_time-unbalance motor 2-ch5.csv|data/raw/nln_emp/Dataset/Electric/Motor-4/70/unbalance motor 2/Electric_Motor-4_70_time-unbalance motor 2-ch6.csv,False,channel_1;nln_overview_verified=True|channel_2;nln_overview_verified=True|channel_3;nln_overview_verified=True|channel_4;nln_overview_verified=True|channel_5;nln_overview_verified=True|channel_6;nln_overview_verified=True
nln_emp_leave_one_speed_out,test_speed_50,nln_emp,nln_emp_motor_4_70_unbalance_motor_2_vibration,nln_emp_motor_4_70_unbalance_motor_2,train,Motor-4,vibration,vibration,70,unknown,motor_4_speed_70,unbalance,3,fault,experimental,unknown,data/raw/nln_emp/Dataset/Vibration/Motor-4/70/unbalance motor 2/Vibration_Motor-4_70_time-unbalance motor 2-ch1.csv|data/raw/nln_emp/Dataset/Vibration/Motor-4/70/unbalance motor 2/Vibration_Motor-4_70_time-unbalance motor 2-ch2.csv|data/raw/nln_emp/Dataset/Vibration/Motor-4/70/unbalance motor 2/Vibration_Motor-4_70_time-unbalance motor 2-ch3.csv|data/raw/nln_emp/Dataset/Vibration/Motor-4/70/unbalance motor 2/Vibration_Motor-4_70_time-unbalance motor 2-ch4.csv|data/raw/nln_emp/Dataset/Vibration/Motor-4/70/unbalance motor 2/Vibration_Motor-4_70_time-unbalance motor 2-ch5.csv,False,channel_1;nln_overview_verified=True|channel_2;nln_overview_verified=True|channel_3;nln_overview_verified=True|channel_4;nln_overview_verified=True|channel_5;nln_overview_verified=True
nln_emp_leave_one_speed_out,test_speed_50,nln_emp,nln_emp_motor_4_70_unbalance_motor_3_current,nln_emp_motor_4_70_unbalance_motor_3,train,Motor-4,current,current,70,unknown,motor_4_speed_70,unbalance,3,fault,experimental,unknown,data/raw/nln_emp/Dataset/Electric/Motor-4/70/unbalance motor 3/Electric_Motor-4_70_time-unbalance motor 3-ch1.csv|data/raw/nln_emp/Dataset/Electric/Motor-4/70/unbalance motor 3/Electric_Motor-4_70_time-unbalance motor 3-ch2.csv|data/raw/nln_emp/Dataset/Electric/Motor-4/70/unbalance motor 3/Electric_Motor-4_70_time-unbalance motor 3-ch3.csv|data/raw/nln_emp/Dataset/Electric/Motor-4/70/unbalance motor 3/Electric_Motor-4_70_time-unbalance motor 3-ch4.csv|data/raw/nln_emp/Dataset/Electric/Motor-4/70/unbalance motor 3/Electric_Motor-4_70_time-unbalance motor 3-ch5.csv|data/raw/nln_emp/Dataset/Electric/Motor-4/70/unbalance motor 3/Electric_Motor-4_70_time-unbalance motor 3-ch6.csv,False,channel_1;nln_overview_verified=True|channel_2;nln_overview_verified=True|channel_3;nln_overview_verified=True|channel_4;nln_overview_verified=True|channel_5;nln_overview_verified=True|channel_6;nln_overview_verified=True
nln_emp_leave_one_speed_out,test_speed_50,nln_emp,nln_emp_motor_4_70_unbalance_motor_3_vibration,nln_emp_motor_4_70_unbalance_motor_3,train,Motor-4,vibration,vibration,70,unknown,motor_4_speed_70,unbalance,3,fault,experimental,unknown,data/raw/nln_emp/Dataset/Vibration/Motor-4/70/unbalance motor 3/Vibration_Motor-4_70_time-unbalance motor 3-ch1.csv|data/raw/nln_emp/Dataset/Vibration/Motor-4/70/unbalance motor 3/Vibration_Motor-4_70_time-unbalance motor 3-ch2.csv|data/raw/nln_emp/Dataset/Vibration/Motor-4/70/unbalance motor 3/Vibration_Motor-4_70_time-unbalance motor 3-ch3.csv|data/raw/nln_emp/Dataset/Vibration/Motor-4/70/unbalance motor 3/Vibration_Motor-4_70_time-unbalance motor 3-ch4.csv|data/raw/nln_emp/Dataset/Vibration/Motor-4/70/unbalance motor 3/Vibration_Motor-4_70_time-unbalance motor 3-ch5.csv,False,channel_1;nln_overview_verified=True|channel_2;nln_overview_verified=True|channel_3;nln_overview_verified=True|channel_4;nln_overview_verified=True|channel_5;nln_overview_verified=True
nln_emp_leave_one_speed_out,test_speed_50,nln_emp,nln_emp_motor_4_70_unbalance_motor_4_current,nln_emp_motor_4_70_unbalance_motor_4,train,Motor-4,current,current,70,unknown,motor_4_speed_70,unbalance,3,fault,experimental,unknown,data/raw/nln_emp/Dataset/Electric/Motor-4/70/unbalance motor 4/Electric_Motor-4_70_time-unbalance motor 4-ch1.csv|data/raw/nln_emp/Dataset/Electric/Motor-4/70/unbalance motor 4/Electric_Motor-4_70_time-unbalance motor 4-ch2.csv|data/raw/nln_emp/Dataset/Electric/Motor-4/70/unbalance motor 4/Electric_Motor-4_70_time-unbalance motor 4-ch3.csv|data/raw/nln_emp/Dataset/Electric/Motor-4/70/unbalance motor 4/Electric_Motor-4_70_time-unbalance motor 4-ch4.csv|data/raw/nln_emp/Dataset/Electric/Motor-4/70/unbalance motor 4/Electric_Motor-4_70_time-unbalance motor 4-ch5.csv|data/raw/nln_emp/Dataset/Electric/Motor-4/70/unbalance motor 4/Electric_Motor-4_70_time-unbalance motor 4-ch6.csv,False,channel_1;nln_overview_verified=True|channel_2;nln_overview_verified=True|channel_3;nln_overview_verified=True|channel_4;nln_overview_verified=True|channel_5;nln_overview_verified=True|channel_6;nln_overview_verified=True
nln_emp_leave_one_speed_out,test_speed_50,nln_emp,nln_emp_motor_4_70_unbalance_motor_4_vibration,nln_emp_motor_4_70_unbalance_motor_4,train,Motor-4,vibration,vibration,70,unknown,motor_4_speed_70,unbalance,3,fault,experimental,unknown,data/raw/nln_emp/Dataset/Vibration/Motor-4/70/unbalance motor 4/Vibration_Motor-4_70_time-unbalance motor 4-ch1.csv|data/raw/nln_emp/Dataset/Vibration/Motor-4/70/unbalance motor 4/Vibration_Motor-4_70_time-unbalance motor 4-ch2.csv|data/raw/nln_emp/Dataset/Vibration/Motor-4/70/unbalance motor 4/Vibration_Motor-4_70_time-unbalance motor 4-ch3.csv|data/raw/nln_emp/Dataset/Vibration/Motor-4/70/unbalance motor 4/Vibration_Motor-4_70_time-unbalance motor 4-ch4.csv|data/raw/nln_emp/Dataset/Vibration/Motor-4/70/unbalance motor 4/Vibration_Motor-4_70_time-unbalance motor 4-ch5.csv,False,channel_1;nln_overview_verified=True|channel_2;nln_overview_verified=True|channel_3;nln_overview_verified=True|channel_4;nln_overview_verified=True|channel_5;nln_overview_verified=True
nln_emp_leave_one_speed_out,test_speed_50,nln_emp,nln_emp_motor_4_70_unbalance_motor_5_current,nln_emp_motor_4_70_unbalance_motor_5,train,Motor-4,current,current,70,unknown,motor_4_speed_70,unbalance,3,fault,experimental,unknown,data/raw/nln_emp/Dataset/Electric/Motor-4/70/unbalance motor 5/Electric_Motor-4_70_time-unbalance motor 5-ch1.csv|data/raw/nln_emp/Dataset/Electric/Motor-4/70/unbalance motor 5/Electric_Motor-4_70_time-unbalance motor 5-ch2.csv|data/raw/nln_emp/Dataset/Electric/Motor-4/70/unbalance motor 5/Electric_Motor-4_70_time-unbalance motor 5-ch3.csv|data/raw/nln_emp/Dataset/Electric/Motor-4/70/unbalance motor 5/Electric_Motor-4_70_time-unbalance motor 5-ch4.csv|data/raw/nln_emp/Dataset/Electric/Motor-4/70/unbalance motor 5/Electric_Motor-4_70_time-unbalance motor 5-ch5.csv|data/raw/nln_emp/Dataset/Electric/Motor-4/70/unbalance motor 5/Electric_Motor-4_70_time-unbalance motor 5-ch6.csv,False,channel_1;nln_overview_verified=True|channel_2;nln_overview_verified=True|channel_3;nln_overview_verified=True|channel_4;nln_overview_verified=True|channel_5;nln_overview_verified=True|channel_6;nln_overview_verified=True
nln_emp_leave_one_speed_out,test_speed_50,nln_emp,nln_emp_motor_4_70_unbalance_motor_5_vibration,nln_emp_motor_4_70_unbalance_motor_5,train,Motor-4,vibration,vibration,70,unknown,motor_4_speed_70,unbalance,3,fault,experimental,unknown,data/raw/nln_emp/Dataset/Vibration/Motor-4/70/unbalance motor 5/Vibration_Motor-4_70_time-unbalance motor 5-ch1.csv|data/raw/nln_emp/Dataset/Vibration/Motor-4/70/unbalance motor 5/Vibration_Motor-4_70_time-unbalance motor 5-ch2.csv|data/raw/nln_emp/Dataset/Vibration/Motor-4/70/unbalance motor 5/Vibration_Motor-4_70_time-unbalance motor 5-ch3.csv|data/raw/nln_emp/Dataset/Vibration/Motor-4/70/unbalance motor 5/Vibration_Motor-4_70_time-unbalance motor 5-ch4.csv|data/raw/nln_emp/Dataset/Vibration/Motor-4/70/unbalance motor 5/Vibration_Motor-4_70_time-unbalance motor 5-ch5.csv,False,channel_1;nln_overview_verified=True|channel_2;nln_overview_verified=True|channel_3;nln_overview_verified=True|channel_4;nln_overview_verified=True|channel_5;nln_overview_verified=True
nln_emp_leave_one_speed_out,test_speed_50,nln_emp,nln_emp_motor_4_70_unbalance_motor_6_current,nln_emp_motor_4_70_unbalance_motor_6,train,Motor-4,current,current,70,unknown,motor_4_speed_70,unbalance,3,fault,experimental,unknown,data/raw/nln_emp/Dataset/Electric/Motor-4/70/unbalance motor 6/Electric_Motor-4_70_time-unbalance motor 6-ch1.csv|data/raw/nln_emp/Dataset/Electric/Motor-4/70/unbalance motor 6/Electric_Motor-4_70_time-unbalance motor 6-ch2.csv|data/raw/nln_emp/Dataset/Electric/Motor-4/70/unbalance motor 6/Electric_Motor-4_70_time-unbalance motor 6-ch3.csv|data/raw/nln_emp/Dataset/Electric/Motor-4/70/unbalance motor 6/Electric_Motor-4_70_time-unbalance motor 6-ch4.csv|data/raw/nln_emp/Dataset/Electric/Motor-4/70/unbalance motor 6/Electric_Motor-4_70_time-unbalance motor 6-ch5.csv|data/raw/nln_emp/Dataset/Electric/Motor-4/70/unbalance motor 6/Electric_Motor-4_70_time-unbalance motor 6-ch6.csv,False,channel_1;nln_overview_verified=True|channel_2;nln_overview_verified=True|channel_3;nln_overview_verified=True|channel_4;nln_overview_verified=True|channel_5;nln_overview_verified=True|channel_6;nln_overview_verified=True
nln_emp_leave_one_speed_out,test_speed_50,nln_emp,nln_emp_motor_4_70_unbalance_motor_6_vibration,nln_emp_motor_4_70_unbalance_motor_6,train,Motor-4,vibration,vibration,70,unknown,motor_4_speed_70,unbalance,3,fault,experimental,unknown,data/raw/nln_emp/Dataset/Vibration/Motor-4/70/unbalance motor 6/Vibration_Motor-4_70_time-unbalance motor 6-ch1.csv|data/raw/nln_emp/Dataset/Vibration/Motor-4/70/unbalance motor 6/Vibration_Motor-4_70_time-unbalance motor 6-ch2.csv|data/raw/nln_emp/Dataset/Vibration/Motor-4/70/unbalance motor 6/Vibration_Motor-4_70_time-unbalance motor 6-ch3.csv|data/raw/nln_emp/Dataset/Vibration/Motor-4/70/unbalance motor 6/Vibration_Motor-4_70_time-unbalance motor 6-ch4.csv|data/raw/nln_emp/Dataset/Vibration/Motor-4/70/unbalance motor 6/Vibration_Motor-4_70_time-unbalance motor 6-ch5.csv,False,channel_1;nln_overview_verified=True|channel_2;nln_overview_verified=True|channel_3;nln_overview_verified=True|channel_4;nln_overview_verified=True|channel_5;nln_overview_verified=True
nln_emp_leave_one_speed_out,test_speed_50,nln_emp,nln_emp_motor_4_70_unbalance_pump_1_current,nln_emp_motor_4_70_unbalance_pump_1,val,Motor-4,current,current,70,unknown,motor_4_speed_70,unbalance,2,fault,experimental,unknown,data/raw/nln_emp/Dataset/Electric/Motor-4/70/unbalance pump 1/Electric_Motor-4_70_time-unbalance pump 1-ch1.csv|data/raw/nln_emp/Dataset/Electric/Motor-4/70/unbalance pump 1/Electric_Motor-4_70_time-unbalance pump 1-ch2.csv|data/raw/nln_emp/Dataset/Electric/Motor-4/70/unbalance pump 1/Electric_Motor-4_70_time-unbalance pump 1-ch3.csv|data/raw/nln_emp/Dataset/Electric/Motor-4/70/unbalance pump 1/Electric_Motor-4_70_time-unbalance pump 1-ch4.csv|data/raw/nln_emp/Dataset/Electric/Motor-4/70/unbalance pump 1/Electric_Motor-4_70_time-unbalance pump 1-ch5.csv|data/raw/nln_emp/Dataset/Electric/Motor-4/70/unbalance pump 1/Electric_Motor-4_70_time-unbalance pump 1-ch6.csv,False,channel_1;nln_overview_verified=True|channel_2;nln_overview_verified=True|channel_3;nln_overview_verified=True|channel_4;nln_overview_verified=True|channel_5;nln_overview_verified=True|channel_6;nln_overview_verified=True
nln_emp_leave_one_speed_out,test_speed_50,nln_emp,nln_emp_motor_4_70_unbalance_pump_1_vibration,nln_emp_motor_4_70_unbalance_pump_1,val,Motor-4,vibration,vibration,70,unknown,motor_4_speed_70,unbalance,2,fault,experimental,unknown,data/raw/nln_emp/Dataset/Vibration/Motor-4/70/unbalance pump 1/Vibration_Motor-4_70_time-unbalance pump 1-ch1.csv|data/raw/nln_emp/Dataset/Vibration/Motor-4/70/unbalance pump 1/Vibration_Motor-4_70_time-unbalance pump 1-ch2.csv|data/raw/nln_emp/Dataset/Vibration/Motor-4/70/unbalance pump 1/Vibration_Motor-4_70_time-unbalance pump 1-ch3.csv|data/raw/nln_emp/Dataset/Vibration/Motor-4/70/unbalance pump 1/Vibration_Motor-4_70_time-unbalance pump 1-ch4.csv|data/raw/nln_emp/Dataset/Vibration/Motor-4/70/unbalance pump 1/Vibration_Motor-4_70_time-unbalance pump 1-ch5.csv,False,channel_1;nln_overview_verified=True|channel_2;nln_overview_verified=True|channel_3;nln_overview_verified=True|channel_4;nln_overview_verified=True|channel_5;nln_overview_verified=True
nln_emp_leave_one_speed_out,test_speed_50,nln_emp,nln_emp_motor_4_70_unbalance_pump_2_current,nln_emp_motor_4_70_unbalance_pump_2,train,Motor-4,current,current,70,unknown,motor_4_speed_70,unbalance,2,fault,experimental,unknown,data/raw/nln_emp/Dataset/Electric/Motor-4/70/unbalance pump 2/Electric_Motor-4_70_time-unbalance pump 2-ch1.csv|data/raw/nln_emp/Dataset/Electric/Motor-4/70/unbalance pump 2/Electric_Motor-4_70_time-unbalance pump 2-ch2.csv|data/raw/nln_emp/Dataset/Electric/Motor-4/70/unbalance pump 2/Electric_Motor-4_70_time-unbalance pump 2-ch3.csv|data/raw/nln_emp/Dataset/Electric/Motor-4/70/unbalance pump 2/Electric_Motor-4_70_time-unbalance pump 2-ch4.csv|data/raw/nln_emp/Dataset/Electric/Motor-4/70/unbalance pump 2/Electric_Motor-4_70_time-unbalance pump 2-ch5.csv|data/raw/nln_emp/Dataset/Electric/Motor-4/70/unbalance pump 2/Electric_Motor-4_70_time-unbalance pump 2-ch6.csv,False,channel_1;nln_overview_verified=True|channel_2;nln_overview_verified=True|channel_3;nln_overview_verified=True|channel_4;nln_overview_verified=True|channel_5;nln_overview_verified=True|channel_6;nln_overview_verified=True
nln_emp_leave_one_speed_out,test_speed_50,nln_emp,nln_emp_motor_4_70_unbalance_pump_2_vibration,nln_emp_motor_4_70_unbalance_pump_2,train,Motor-4,vibration,vibration,70,unknown,motor_4_speed_70,unbalance,2,fault,experimental,unknown,data/raw/nln_emp/Dataset/Vibration/Motor-4/70/unbalance pump 2/Vibration_Motor-4_70_time-unbalance pump 2-ch1.csv|data/raw/nln_emp/Dataset/Vibration/Motor-4/70/unbalance pump 2/Vibration_Motor-4_70_time-unbalance pump 2-ch2.csv|data/raw/nln_emp/Dataset/Vibration/Motor-4/70/unbalance pump 2/Vibration_Motor-4_70_time-unbalance pump 2-ch3.csv|data/raw/nln_emp/Dataset/Vibration/Motor-4/70/unbalance pump 2/Vibration_Motor-4_70_time-unbalance pump 2-ch4.csv|data/raw/nln_emp/Dataset/Vibration/Motor-4/70/unbalance pump 2/Vibration_Motor-4_70_time-unbalance pump 2-ch5.csv,False,channel_1;nln_overview_verified=True|channel_2;nln_overview_verified=True|channel_3;nln_overview_verified=True|channel_4;nln_overview_verified=True|channel_5;nln_overview_verified=True
nln_emp_leave_one_speed_out,test_speed_50,nln_emp,nln_emp_motor_4_70_unbalance_pump_3_current,nln_emp_motor_4_70_unbalance_pump_3,train,Motor-4,current,current,70,unknown,motor_4_speed_70,unbalance,2,fault,experimental,unknown,data/raw/nln_emp/Dataset/Electric/Motor-4/70/unbalance pump 3/Electric_Motor-4_70_time-unbalance pump 3-ch1.csv|data/raw/nln_emp/Dataset/Electric/Motor-4/70/unbalance pump 3/Electric_Motor-4_70_time-unbalance pump 3-ch2.csv|data/raw/nln_emp/Dataset/Electric/Motor-4/70/unbalance pump 3/Electric_Motor-4_70_time-unbalance pump 3-ch3.csv|data/raw/nln_emp/Dataset/Electric/Motor-4/70/unbalance pump 3/Electric_Motor-4_70_time-unbalance pump 3-ch4.csv|data/raw/nln_emp/Dataset/Electric/Motor-4/70/unbalance pump 3/Electric_Motor-4_70_time-unbalance pump 3-ch5.csv|data/raw/nln_emp/Dataset/Electric/Motor-4/70/unbalance pump 3/Electric_Motor-4_70_time-unbalance pump 3-ch6.csv,False,channel_1;nln_overview_verified=True|channel_2;nln_overview_verified=True|channel_3;nln_overview_verified=True|channel_4;nln_overview_verified=True|channel_5;nln_overview_verified=True|channel_6;nln_overview_verified=True
nln_emp_leave_one_speed_out,test_speed_50,nln_emp,nln_emp_motor_4_70_unbalance_pump_3_vibration,nln_emp_motor_4_70_unbalance_pump_3,train,Motor-4,vibration,vibration,70,unknown,motor_4_speed_70,unbalance,2,fault,experimental,unknown,data/raw/nln_emp/Dataset/Vibration/Motor-4/70/unbalance pump 3/Vibration_Motor-4_70_time-unbalance pump 3-ch1.csv|data/raw/nln_emp/Dataset/Vibration/Motor-4/70/unbalance pump 3/Vibration_Motor-4_70_time-unbalance pump 3-ch2.csv|data/raw/nln_emp/Dataset/Vibration/Motor-4/70/unbalance pump 3/Vibration_Motor-4_70_time-unbalance pump 3-ch3.csv|data/raw/nln_emp/Dataset/Vibration/Motor-4/70/unbalance pump 3/Vibration_Motor-4_70_time-unbalance pump 3-ch4.csv|data/raw/nln_emp/Dataset/Vibration/Motor-4/70/unbalance pump 3/Vibration_Motor-4_70_time-unbalance pump 3-ch5.csv,False,channel_1;nln_overview_verified=True|channel_2;nln_overview_verified=True|channel_3;nln_overview_verified=True|channel_4;nln_overview_verified=True|channel_5;nln_overview_verified=True
nln_emp_leave_one_speed_out,test_speed_50,nln_emp,nln_emp_motor_2_50_bearing_bpfi_1_current,nln_emp_motor_2_50_bearing_bpfi_1,test,Motor-2,current,current,50,unknown,motor_2_speed_50,bearing_inner_race,2,fault,experimental,unknown,data/raw/nln_emp/Dataset/Electric/Motor-2/50/bearing bpfi 1/Electric_Motor-2_50_time-bearing bpfi 1-ch1.csv|data/raw/nln_emp/Dataset/Electric/Motor-2/50/bearing bpfi 1/Electric_Motor-2_50_time-bearing bpfi 1-ch2.csv|data/raw/nln_emp/Dataset/Electric/Motor-2/50/bearing bpfi 1/Electric_Motor-2_50_time-bearing bpfi 1-ch3.csv|data/raw/nln_emp/Dataset/Electric/Motor-2/50/bearing bpfi 1/Electric_Motor-2_50_time-bearing bpfi 1-ch4.csv|data/raw/nln_emp/Dataset/Electric/Motor-2/50/bearing bpfi 1/Electric_Motor-2_50_time-bearing bpfi 1-ch5.csv|data/raw/nln_emp/Dataset/Electric/Motor-2/50/bearing bpfi 1/Electric_Motor-2_50_time-bearing bpfi 1-ch6.csv,False,channel_1;nln_overview_verified=True|channel_2;nln_overview_verified=True|channel_3;nln_overview_verified=True|channel_4;nln_overview_verified=True|channel_5;nln_overview_verified=True|channel_6;nln_overview_verified=True
nln_emp_leave_one_speed_out,test_speed_50,nln_emp,nln_emp_motor_2_50_bearing_bpfi_1_vibration,nln_emp_motor_2_50_bearing_bpfi_1,test,Motor-2,vibration,vibration,50,unknown,motor_2_speed_50,bearing_inner_race,2,fault,experimental,unknown,data/raw/nln_emp/Dataset/Vibration/Motor-2/50/bearing bpfi 1/Vibration_Motor-2_50_time-bearing bpfi 1-ch1.csv|data/raw/nln_emp/Dataset/Vibration/Motor-2/50/bearing bpfi 1/Vibration_Motor-2_50_time-bearing bpfi 1-ch2.csv|data/raw/nln_emp/Dataset/Vibration/Motor-2/50/bearing bpfi 1/Vibration_Motor-2_50_time-bearing bpfi 1-ch3.csv|data/raw/nln_emp/Dataset/Vibration/Motor-2/50/bearing bpfi 1/Vibration_Motor-2_50_time-bearing bpfi 1-ch4.csv|data/raw/nln_emp/Dataset/Vibration/Motor-2/50/bearing bpfi 1/Vibration_Motor-2_50_time-bearing bpfi 1-ch5.csv,False,channel_1;nln_overview_verified=True|channel_2;nln_overview_verified=True|channel_3;nln_overview_verified=True|channel_4;nln_overview_verified=True|channel_5;nln_overview_verified=True
nln_emp_leave_one_speed_out,test_speed_50,nln_emp,nln_emp_motor_2_50_bearing_bpfi_2_current,nln_emp_motor_2_50_bearing_bpfi_2,test,Motor-2,current,current,50,unknown,motor_2_speed_50,bearing_inner_race,2,fault,experimental,unknown,data/raw/nln_emp/Dataset/Electric/Motor-2/50/bearing bpfi 2/Electric_Motor-2_50_time-bearing bpfi 2-ch1.csv|data/raw/nln_emp/Dataset/Electric/Motor-2/50/bearing bpfi 2/Electric_Motor-2_50_time-bearing bpfi 2-ch2.csv|data/raw/nln_emp/Dataset/Electric/Motor-2/50/bearing bpfi 2/Electric_Motor-2_50_time-bearing bpfi 2-ch3.csv|data/raw/nln_emp/Dataset/Electric/Motor-2/50/bearing bpfi 2/Electric_Motor-2_50_time-bearing bpfi 2-ch4.csv|data/raw/nln_emp/Dataset/Electric/Motor-2/50/bearing bpfi 2/Electric_Motor-2_50_time-bearing bpfi 2-ch5.csv|data/raw/nln_emp/Dataset/Electric/Motor-2/50/bearing bpfi 2/Electric_Motor-2_50_time-bearing bpfi 2-ch6.csv,False,channel_1;nln_overview_verified=True|channel_2;nln_overview_verified=True|channel_3;nln_overview_verified=True|channel_4;nln_overview_verified=True|channel_5;nln_overview_verified=True|channel_6;nln_overview_verified=True
nln_emp_leave_one_speed_out,test_speed_50,nln_emp,nln_emp_motor_2_50_bearing_bpfi_2_vibration,nln_emp_motor_2_50_bearing_bpfi_2,test,Motor-2,vibration,vibration,50,unknown,motor_2_speed_50,bearing_inner_race,2,fault,experimental,unknown,data/raw/nln_emp/Dataset/Vibration/Motor-2/50/bearing bpfi 2/Vibration_Motor-2_50_time-bearing bpfi 2-ch1.csv|data/raw/nln_emp/Dataset/Vibration/Motor-2/50/bearing bpfi 2/Vibration_Motor-2_50_time-bearing bpfi 2-ch2.csv|data/raw/nln_emp/Dataset/Vibration/Motor-2/50/bearing bpfi 2/Vibration_Motor-2_50_time-bearing bpfi 2-ch3.csv|data/raw/nln_emp/Dataset/Vibration/Motor-2/50/bearing bpfi 2/Vibration_Motor-2_50_time-bearing bpfi 2-ch4.csv|data/raw/nln_emp/Dataset/Vibration/Motor-2/50/bearing bpfi 2/Vibration_Motor-2_50_time-bearing bpfi 2-ch5.csv,False,channel_1;nln_overview_verified=True|channel_2;nln_overview_verified=True|channel_3;nln_overview_verified=True|channel_4;nln_overview_verified=True|channel_5;nln_overview_verified=True
nln_emp_leave_one_speed_out,test_speed_50,nln_emp,nln_emp_motor_2_50_bearing_bpfi_3_current,nln_emp_motor_2_50_bearing_bpfi_3,test,Motor-2,current,current,50,unknown,motor_2_speed_50,bearing_inner_race,2,fault,experimental,unknown,data/raw/nln_emp/Dataset/Electric/Motor-2/50/bearing bpfi 3/Electric_Motor-2_50_time-bearing bpfi 3-ch1.csv|data/raw/nln_emp/Dataset/Electric/Motor-2/50/bearing bpfi 3/Electric_Motor-2_50_time-bearing bpfi 3-ch2.csv|data/raw/nln_emp/Dataset/Electric/Motor-2/50/bearing bpfi 3/Electric_Motor-2_50_time-bearing bpfi 3-ch3.csv|data/raw/nln_emp/Dataset/Electric/Motor-2/50/bearing bpfi 3/Electric_Motor-2_50_time-bearing bpfi 3-ch4.csv|data/raw/nln_emp/Dataset/Electric/Motor-2/50/bearing bpfi 3/Electric_Motor-2_50_time-bearing bpfi 3-ch5.csv|data/raw/nln_emp/Dataset/Electric/Motor-2/50/bearing bpfi 3/Electric_Motor-2_50_time-bearing bpfi 3-ch6.csv,False,channel_1;nln_overview_verified=True|channel_2;nln_overview_verified=True|channel_3;nln_overview_verified=True|channel_4;nln_overview_verified=True|channel_5;nln_overview_verified=True|channel_6;nln_overview_verified=True
nln_emp_leave_one_speed_out,test_speed_50,nln_emp,nln_emp_motor_2_50_bearing_bpfo_1_current,nln_emp_motor_2_50_bearing_bpfo_1,test,Motor-2,current,current,50,unknown,motor_2_speed_50,bearing_outer_race,1,fault,experimental,unknown,data/raw/nln_emp/Dataset/Electric/Motor-2/50/bearing bpfo 1/Electric_Motor-2_50_time-bearing bpfo 1-ch1.csv|data/raw/nln_emp/Dataset/Electric/Motor-2/50/bearing bpfo 1/Electric_Motor-2_50_time-bearing bpfo 1-ch2.csv|data/raw/nln_emp/Dataset/Electric/Motor-2/50/bearing bpfo 1/Electric_Motor-2_50_time-bearing bpfo 1-ch3.csv|data/raw/nln_emp/Dataset/Electric/Motor-2/50/bearing bpfo 1/Electric_Motor-2_50_time-bearing bpfo 1-ch4.csv|data/raw/nln_emp/Dataset/Electric/Motor-2/50/bearing bpfo 1/Electric_Motor-2_50_time-bearing bpfo 1-ch5.csv|data/raw/nln_emp/Dataset/Electric/Motor-2/50/bearing bpfo 1/Electric_Motor-2_50_time-bearing bpfo 1-ch6.csv,False,channel_1;nln_overview_verified=True|channel_2;nln_overview_verified=True|channel_3;nln_overview_verified=True|channel_4;nln_overview_verified=True|channel_5;nln_overview_verified=True|channel_6;nln_overview_verified=True
nln_emp_leave_one_speed_out,test_speed_50,nln_emp,nln_emp_motor_2_50_bearing_bpfo_1_vibration,nln_emp_motor_2_50_bearing_bpfo_1,test,Motor-2,vibration,vibration,50,unknown,motor_2_speed_50,bearing_outer_race,1,fault,experimental,unknown,data/raw/nln_emp/Dataset/Vibration/Motor-2/50/bearing bpfo 1/Vibration_Motor-2_50_time-bearing bpfo 1-ch1.csv|data/raw/nln_emp/Dataset/Vibration/Motor-2/50/bearing bpfo 1/Vibration_Motor-2_50_time-bearing bpfo 1-ch2.csv|data/raw/nln_emp/Dataset/Vibration/Motor-2/50/bearing bpfo 1/Vibration_Motor-2_50_time-bearing bpfo 1-ch3.csv|data/raw/nln_emp/Dataset/Vibration/Motor-2/50/bearing bpfo 1/Vibration_Motor-2_50_time-bearing bpfo 1-ch4.csv|data/raw/nln_emp/Dataset/Vibration/Motor-2/50/bearing bpfo 1/Vibration_Motor-2_50_time-bearing bpfo 1-ch5.csv,False,channel_1;nln_overview_verified=True|channel_2;nln_overview_verified=True|channel_3;nln_overview_verified=True|channel_4;nln_overview_verified=True|channel_5;nln_overview_verified=True
nln_emp_leave_one_speed_out,test_speed_50,nln_emp,nln_emp_motor_2_50_bearing_bpfo_2_current,nln_emp_motor_2_50_bearing_bpfo_2,test,Motor-2,current,current,50,unknown,motor_2_speed_50,bearing_outer_race,1,fault,experimental,unknown,data/raw/nln_emp/Dataset/Electric/Motor-2/50/bearing bpfo 2/Electric_Motor-2_50_time-bearing bpfo 2-ch1.csv|data/raw/nln_emp/Dataset/Electric/Motor-2/50/bearing bpfo 2/Electric_Motor-2_50_time-bearing bpfo 2-ch2.csv|data/raw/nln_emp/Dataset/Electric/Motor-2/50/bearing bpfo 2/Electric_Motor-2_50_time-bearing bpfo 2-ch3.csv|data/raw/nln_emp/Dataset/Electric/Motor-2/50/bearing bpfo 2/Electric_Motor-2_50_time-bearing bpfo 2-ch4.csv|data/raw/nln_emp/Dataset/Electric/Motor-2/50/bearing bpfo 2/Electric_Motor-2_50_time-bearing bpfo 2-ch5.csv|data/raw/nln_emp/Dataset/Electric/Motor-2/50/bearing bpfo 2/Electric_Motor-2_50_time-bearing bpfo 2-ch6.csv,False,channel_1;nln_overview_verified=True|channel_2;nln_overview_verified=True|channel_3;nln_overview_verified=True|channel_4;nln_overview_verified=True|channel_5;nln_overview_verified=True|channel_6;nln_overview_verified=True
nln_emp_leave_one_speed_out,test_speed_50,nln_emp,nln_emp_motor_2_50_bearing_bpfo_2_vibration,nln_emp_motor_2_50_bearing_bpfo_2,test,Motor-2,vibration,vibration,50,unknown,motor_2_speed_50,bearing_outer_race,1,fault,experimental,unknown,data/raw/nln_emp/Dataset/Vibration/Motor-2/50/bearing bpfo 2/Vibration_Motor-2_50_time-bearing bpfo 2-ch1.csv|data/raw/nln_emp/Dataset/Vibration/Motor-2/50/bearing bpfo 2/Vibration_Motor-2_50_time-bearing bpfo 2-ch2.csv|data/raw/nln_emp/Dataset/Vibration/Motor-2/50/bearing bpfo 2/Vibration_Motor-2_50_time-bearing bpfo 2-ch3.csv|data/raw/nln_emp/Dataset/Vibration/Motor-2/50/bearing bpfo 2/Vibration_Motor-2_50_time-bearing bpfo 2-ch4.csv|data/raw/nln_emp/Dataset/Vibration/Motor-2/50/bearing bpfo 2/Vibration_Motor-2_50_time-bearing bpfo 2-ch5.csv,False,channel_1;nln_overview_verified=True|channel_2;nln_overview_verified=True|channel_3;nln_overview_verified=True|channel_4;nln_overview_verified=True|channel_5;nln_overview_verified=True
nln_emp_leave_one_speed_out,test_speed_50,nln_emp,nln_emp_motor_2_50_bearing_bpfo_3_current,nln_emp_motor_2_50_bearing_bpfo_3,test,Motor-2,current,current,50,unknown,motor_2_speed_50,bearing_outer_race,1,fault,experimental,unknown,data/raw/nln_emp/Dataset/Electric/Motor-2/50/bearing bpfo 3/Electric_Motor-2_50_time-bearing bpfo 3-ch1.csv|data/raw/nln_emp/Dataset/Electric/Motor-2/50/bearing bpfo 3/Electric_Motor-2_50_time-bearing bpfo 3-ch2.csv|data/raw/nln_emp/Dataset/Electric/Motor-2/50/bearing bpfo 3/Electric_Motor-2_50_time-bearing bpfo 3-ch3.csv|data/raw/nln_emp/Dataset/Electric/Motor-2/50/bearing bpfo 3/Electric_Motor-2_50_time-bearing bpfo 3-ch4.csv|data/raw/nln_emp/Dataset/Electric/Motor-2/50/bearing bpfo 3/Electric_Motor-2_50_time-bearing bpfo 3-ch5.csv|data/raw/nln_emp/Dataset/Electric/Motor-2/50/bearing bpfo 3/Electric_Motor-2_50_time-bearing bpfo 3-ch6.csv,False,channel_1;nln_overview_verified=True|channel_2;nln_overview_verified=True|channel_3;nln_overview_verified=True|channel_4;nln_overview_verified=True|channel_5;nln_overview_verified=True|channel_6;nln_overview_verified=True
nln_emp_leave_one_speed_out,test_speed_50,nln_emp,nln_emp_motor_2_50_bearing_bpfo_3_vibration,nln_emp_motor_2_50_bearing_bpfo_3,test,Motor-2,vibration,vibration,50,unknown,motor_2_speed_50,bearing_outer_race,1,fault,experimental,unknown,data/raw/nln_emp/Dataset/Vibration/Motor-2/50/bearing bpfo 3/Vibration_Motor-2_50_time-bearing bpfo 3-ch1.csv|data/raw/nln_emp/Dataset/Vibration/Motor-2/50/bearing bpfo 3/Vibration_Motor-2_50_time-bearing bpfo 3-ch2.csv|data/raw/nln_emp/Dataset/Vibration/Motor-2/50/bearing bpfo 3/Vibration_Motor-2_50_time-bearing bpfo 3-ch3.csv|data/raw/nln_emp/Dataset/Vibration/Motor-2/50/bearing bpfo 3/Vibration_Motor-2_50_time-bearing bpfo 3-ch4.csv|data/raw/nln_emp/Dataset/Vibration/Motor-2/50/bearing bpfo 3/Vibration_Motor-2_50_time-bearing bpfo 3-ch5.csv,False,channel_1;nln_overview_verified=True|channel_2;nln_overview_verified=True|channel_3;nln_overview_verified=True|channel_4;nln_overview_verified=True|channel_5;nln_overview_verified=True
nln_emp_leave_one_speed_out,test_speed_50,nln_emp,nln_emp_motor_2_50_bearing_bsf_current,nln_emp_motor_2_50_bearing_bsf,test,Motor-2,current,current,50,unknown,motor_2_speed_50,bearing_ball_spin,unknown,fault,experimental,unknown,data/raw/nln_emp/Dataset/Electric/Motor-2/50/bearing bsf/Electric_Motor-2_50_time-bearing bsf-ch1.csv|data/raw/nln_emp/Dataset/Electric/Motor-2/50/bearing bsf/Electric_Motor-2_50_time-bearing bsf-ch2.csv|data/raw/nln_emp/Dataset/Electric/Motor-2/50/bearing bsf/Electric_Motor-2_50_time-bearing bsf-ch3.csv|data/raw/nln_emp/Dataset/Electric/Motor-2/50/bearing bsf/Electric_Motor-2_50_time-bearing bsf-ch4.csv|data/raw/nln_emp/Dataset/Electric/Motor-2/50/bearing bsf/Electric_Motor-2_50_time-bearing bsf-ch5.csv|data/raw/nln_emp/Dataset/Electric/Motor-2/50/bearing bsf/Electric_Motor-2_50_time-bearing bsf-ch6.csv,False,channel_1;nln_overview_verified=True|channel_2;nln_overview_verified=True|channel_3;nln_overview_verified=True|channel_4;nln_overview_verified=True|channel_5;nln_overview_verified=True|channel_6;nln_overview_verified=True
nln_emp_leave_one_speed_out,test_speed_50,nln_emp,nln_emp_motor_2_50_bearing_bsf_vibration,nln_emp_motor_2_50_bearing_bsf,test,Motor-2,vibration,vibration,50,unknown,motor_2_speed_50,bearing_ball_spin,unknown,fault,experimental,unknown,data/raw/nln_emp/Dataset/Vibration/Motor-2/50/bearing bsf/Vibration_Motor-2_50_time-bearing bsf-ch1.csv|data/raw/nln_emp/Dataset/Vibration/Motor-2/50/bearing bsf/Vibration_Motor-2_50_time-bearing bsf-ch2.csv|data/raw/nln_emp/Dataset/Vibration/Motor-2/50/bearing bsf/Vibration_Motor-2_50_time-bearing bsf-ch3.csv|data/raw/nln_emp/Dataset/Vibration/Motor-2/50/bearing bsf/Vibration_Motor-2_50_time-bearing bsf-ch4.csv|data/raw/nln_emp/Dataset/Vibration/Motor-2/50/bearing bsf/Vibration_Motor-2_50_time-bearing bsf-ch5.csv,False,channel_1;nln_overview_verified=True|channel_2;nln_overview_verified=True|channel_3;nln_overview_verified=True|channel_4;nln_overview_verified=True|channel_5;nln_overview_verified=True
nln_emp_leave_one_speed_out,test_speed_50,nln_emp,nln_emp_motor_2_50_bearing_contaminated_current,nln_emp_motor_2_50_bearing_contaminated,test,Motor-2,current,current,50,unknown,motor_2_speed_50,bearing_contamination,unknown,fault,experimental,unknown,data/raw/nln_emp/Dataset/Electric/Motor-2/50/bearing contaminated/Electric_Motor-2_50_time-bearing contaminated-ch1.csv|data/raw/nln_emp/Dataset/Electric/Motor-2/50/bearing contaminated/Electric_Motor-2_50_time-bearing contaminated-ch2.csv|data/raw/nln_emp/Dataset/Electric/Motor-2/50/bearing contaminated/Electric_Motor-2_50_time-bearing contaminated-ch3.csv|data/raw/nln_emp/Dataset/Electric/Motor-2/50/bearing contaminated/Electric_Motor-2_50_time-bearing contaminated-ch4.csv|data/raw/nln_emp/Dataset/Electric/Motor-2/50/bearing contaminated/Electric_Motor-2_50_time-bearing contaminated-ch5.csv|data/raw/nln_emp/Dataset/Electric/Motor-2/50/bearing contaminated/Electric_Motor-2_50_time-bearing contaminated-ch6.csv,False,channel_1;nln_overview_verified=True|channel_2;nln_overview_verified=True|channel_3;nln_overview_verified=True|channel_4;nln_overview_verified=True|channel_5;nln_overview_verified=True|channel_6;nln_overview_verified=True
nln_emp_leave_one_speed_out,test_speed_50,nln_emp,nln_emp_motor_2_50_bearing_contaminated_vibration,nln_emp_motor_2_50_bearing_contaminated,test,Motor-2,vibration,vibration,50,unknown,motor_2_speed_50,bearing_contamination,unknown,fault,experimental,unknown,data/raw/nln_emp/Dataset/Vibration/Motor-2/50/bearing contaminated/Vibration_Motor-2_50_time-bearing contaminated-ch1.csv|data/raw/nln_emp/Dataset/Vibration/Motor-2/50/bearing contaminated/Vibration_Motor-2_50_time-bearing contaminated-ch2.csv|data/raw/nln_emp/Dataset/Vibration/Motor-2/50/bearing contaminated/Vibration_Motor-2_50_time-bearing contaminated-ch3.csv|data/raw/nln_emp/Dataset/Vibration/Motor-2/50/bearing contaminated/Vibration_Motor-2_50_time-bearing contaminated-ch4.csv|data/raw/nln_emp/Dataset/Vibration/Motor-2/50/bearing contaminated/Vibration_Motor-2_50_time-bearing contaminated-ch5.csv,False,channel_1;nln_overview_verified=True|channel_2;nln_overview_verified=True|channel_3;nln_overview_verified=True|channel_4;nln_overview_verified=True|channel_5;nln_overview_verified=True
nln_emp_leave_one_speed_out,test_speed_50,nln_emp,nln_emp_motor_2_50_bearing_pump_1_current,nln_emp_motor_2_50_bearing_pump_1,test,Motor-2,current,current,50,unknown,motor_2_speed_50,bearing_ball,2,fault,experimental,unknown,data/raw/nln_emp/Dataset/Electric/Motor-2/50/bearing pump 1/Electric_Motor-2_50_time-bearing pump 1-ch1.csv|data/raw/nln_emp/Dataset/Electric/Motor-2/50/bearing pump 1/Electric_Motor-2_50_time-bearing pump 1-ch2.csv|data/raw/nln_emp/Dataset/Electric/Motor-2/50/bearing pump 1/Electric_Motor-2_50_time-bearing pump 1-ch3.csv|data/raw/nln_emp/Dataset/Electric/Motor-2/50/bearing pump 1/Electric_Motor-2_50_time-bearing pump 1-ch4.csv|data/raw/nln_emp/Dataset/Electric/Motor-2/50/bearing pump 1/Electric_Motor-2_50_time-bearing pump 1-ch5.csv|data/raw/nln_emp/Dataset/Electric/Motor-2/50/bearing pump 1/Electric_Motor-2_50_time-bearing pump 1-ch6.csv,False,channel_1;nln_overview_verified=True|channel_2;nln_overview_verified=True|channel_3;nln_overview_verified=True|channel_4;nln_overview_verified=True|channel_5;nln_overview_verified=True|channel_6;nln_overview_verified=True
nln_emp_leave_one_speed_out,test_speed_50,nln_emp,nln_emp_motor_2_50_bearing_pump_1_vibration,nln_emp_motor_2_50_bearing_pump_1,test,Motor-2,vibration,vibration,50,unknown,motor_2_speed_50,bearing_ball,2,fault,experimental,unknown,data/raw/nln_emp/Dataset/Vibration/Motor-2/50/bearing pump 1/Vibration_Motor-2_50_time-bearing pump 1-ch1.csv|data/raw/nln_emp/Dataset/Vibration/Motor-2/50/bearing pump 1/Vibration_Motor-2_50_time-bearing pump 1-ch2.csv|data/raw/nln_emp/Dataset/Vibration/Motor-2/50/bearing pump 1/Vibration_Motor-2_50_time-bearing pump 1-ch3.csv|data/raw/nln_emp/Dataset/Vibration/Motor-2/50/bearing pump 1/Vibration_Motor-2_50_time-bearing pump 1-ch4.csv|data/raw/nln_emp/Dataset/Vibration/Motor-2/50/bearing pump 1/Vibration_Motor-2_50_time-bearing pump 1-ch5.csv,False,channel_1;nln_overview_verified=True|channel_2;nln_overview_verified=True|channel_3;nln_overview_verified=True|channel_4;nln_overview_verified=True|channel_5;nln_overview_verified=True
nln_emp_leave_one_speed_out,test_speed_50,nln_emp,nln_emp_motor_2_50_bearing_pump_2_current,nln_emp_motor_2_50_bearing_pump_2,test,Motor-2,current,current,50,unknown,motor_2_speed_50,bearing_ball,2,fault,experimental,unknown,data/raw/nln_emp/Dataset/Electric/Motor-2/50/bearing pump 2/Electric_Motor-2_50_time-bearing pump 2-ch1.csv|data/raw/nln_emp/Dataset/Electric/Motor-2/50/bearing pump 2/Electric_Motor-2_50_time-bearing pump 2-ch2.csv|data/raw/nln_emp/Dataset/Electric/Motor-2/50/bearing pump 2/Electric_Motor-2_50_time-bearing pump 2-ch3.csv|data/raw/nln_emp/Dataset/Electric/Motor-2/50/bearing pump 2/Electric_Motor-2_50_time-bearing pump 2-ch4.csv|data/raw/nln_emp/Dataset/Electric/Motor-2/50/bearing pump 2/Electric_Motor-2_50_time-bearing pump 2-ch5.csv|data/raw/nln_emp/Dataset/Electric/Motor-2/50/bearing pump 2/Electric_Motor-2_50_time-bearing pump 2-ch6.csv,False,channel_1;nln_overview_verified=True|channel_2;nln_overview_verified=True|channel_3;nln_overview_verified=True|channel_4;nln_overview_verified=True|channel_5;nln_overview_verified=True|channel_6;nln_overview_verified=True
nln_emp_leave_one_speed_out,test_speed_50,nln_emp,nln_emp_motor_2_50_bearing_pump_2_vibration,nln_emp_motor_2_50_bearing_pump_2,test,Motor-2,vibration,vibration,50,unknown,motor_2_speed_50,bearing_ball,2,fault,experimental,unknown,data/raw/nln_emp/Dataset/Vibration/Motor-2/50/bearing pump 2/Vibration_Motor-2_50_time-bearing pump 2-ch1.csv|data/raw/nln_emp/Dataset/Vibration/Motor-2/50/bearing pump 2/Vibration_Motor-2_50_time-bearing pump 2-ch2.csv|data/raw/nln_emp/Dataset/Vibration/Motor-2/50/bearing pump 2/Vibration_Motor-2_50_time-bearing pump 2-ch3.csv|data/raw/nln_emp/Dataset/Vibration/Motor-2/50/bearing pump 2/Vibration_Motor-2_50_time-bearing pump 2-ch4.csv|data/raw/nln_emp/Dataset/Vibration/Motor-2/50/bearing pump 2/Vibration_Motor-2_50_time-bearing pump 2-ch5.csv,False,channel_1;nln_overview_verified=True|channel_2;nln_overview_verified=True|channel_3;nln_overview_verified=True|channel_4;nln_overview_verified=True|channel_5;nln_overview_verified=True
nln_emp_leave_one_speed_out,test_speed_50,nln_emp,nln_emp_motor_2_50_bearing_pump_3_current,nln_emp_motor_2_50_bearing_pump_3,test,Motor-2,current,current,50,unknown,motor_2_speed_50,bearing_ball,2,fault,experimental,unknown,data/raw/nln_emp/Dataset/Electric/Motor-2/50/bearing pump 3/Electric_Motor-2_50_time-bearing pump 3-ch1.csv|data/raw/nln_emp/Dataset/Electric/Motor-2/50/bearing pump 3/Electric_Motor-2_50_time-bearing pump 3-ch2.csv|data/raw/nln_emp/Dataset/Electric/Motor-2/50/bearing pump 3/Electric_Motor-2_50_time-bearing pump 3-ch3.csv|data/raw/nln_emp/Dataset/Electric/Motor-2/50/bearing pump 3/Electric_Motor-2_50_time-bearing pump 3-ch4.csv|data/raw/nln_emp/Dataset/Electric/Motor-2/50/bearing pump 3/Electric_Motor-2_50_time-bearing pump 3-ch5.csv|data/raw/nln_emp/Dataset/Electric/Motor-2/50/bearing pump 3/Electric_Motor-2_50_time-bearing pump 3-ch6.csv,False,channel_1;nln_overview_verified=True|channel_2;nln_overview_verified=True|channel_3;nln_overview_verified=True|channel_4;nln_overview_verified=True|channel_5;nln_overview_verified=True|channel_6;nln_overview_verified=True
nln_emp_leave_one_speed_out,test_speed_50,nln_emp,nln_emp_motor_2_50_bearing_pump_3_vibration,nln_emp_motor_2_50_bearing_pump_3,test,Motor-2,vibration,vibration,50,unknown,motor_2_speed_50,bearing_ball,2,fault,experimental,unknown,data/raw/nln_emp/Dataset/Vibration/Motor-2/50/bearing pump 3/Vibration_Motor-2_50_time-bearing pump 3-ch1.csv|data/raw/nln_emp/Dataset/Vibration/Motor-2/50/bearing pump 3/Vibration_Motor-2_50_time-bearing pump 3-ch2.csv|data/raw/nln_emp/Dataset/Vibration/Motor-2/50/bearing pump 3/Vibration_Motor-2_50_time-bearing pump 3-ch3.csv|data/raw/nln_emp/Dataset/Vibration/Motor-2/50/bearing pump 3/Vibration_Motor-2_50_time-bearing pump 3-ch4.csv|data/raw/nln_emp/Dataset/Vibration/Motor-2/50/bearing pump 3/Vibration_Motor-2_50_time-bearing pump 3-ch5.csv,False,channel_1;nln_overview_verified=True|channel_2;nln_overview_verified=True|channel_3;nln_overview_verified=True|channel_4;nln_overview_verified=True|channel_5;nln_overview_verified=True
nln_emp_leave_one_speed_out,test_speed_50,nln_emp,nln_emp_motor_2_50_broken_rotor_bar_current,nln_emp_motor_2_50_broken_rotor_bar,test,Motor-2,current,current,50,unknown,motor_2_speed_50,rotor_fault,unknown,fault,experimental,unknown,data/raw/nln_emp/Dataset/Electric/Motor-2/50/broken rotor bar/Electric_Motor-2_50_time-broken rotor bar-ch1.csv|data/raw/nln_emp/Dataset/Electric/Motor-2/50/broken rotor bar/Electric_Motor-2_50_time-broken rotor bar-ch2.csv|data/raw/nln_emp/Dataset/Electric/Motor-2/50/broken rotor bar/Electric_Motor-2_50_time-broken rotor bar-ch3.csv|data/raw/nln_emp/Dataset/Electric/Motor-2/50/broken rotor bar/Electric_Motor-2_50_time-broken rotor bar-ch4.csv|data/raw/nln_emp/Dataset/Electric/Motor-2/50/broken rotor bar/Electric_Motor-2_50_time-broken rotor bar-ch5.csv|data/raw/nln_emp/Dataset/Electric/Motor-2/50/broken rotor bar/Electric_Motor-2_50_time-broken rotor bar-ch6.csv,False,channel_1;nln_overview_verified=True|channel_2;nln_overview_verified=True|channel_3;nln_overview_verified=True|channel_4;nln_overview_verified=True|channel_5;nln_overview_verified=True|channel_6;nln_overview_verified=True
nln_emp_leave_one_speed_out,test_speed_50,nln_emp,nln_emp_motor_2_50_broken_rotor_bar_vibration,nln_emp_motor_2_50_broken_rotor_bar,test,Motor-2,vibration,vibration,50,unknown,motor_2_speed_50,rotor_fault,unknown,fault,experimental,unknown,data/raw/nln_emp/Dataset/Vibration/Motor-2/50/broken rotor bar/Vibration_Motor-2_50_time-broken rotor bar-ch1.csv|data/raw/nln_emp/Dataset/Vibration/Motor-2/50/broken rotor bar/Vibration_Motor-2_50_time-broken rotor bar-ch2.csv|data/raw/nln_emp/Dataset/Vibration/Motor-2/50/broken rotor bar/Vibration_Motor-2_50_time-broken rotor bar-ch3.csv|data/raw/nln_emp/Dataset/Vibration/Motor-2/50/broken rotor bar/Vibration_Motor-2_50_time-broken rotor bar-ch4.csv|data/raw/nln_emp/Dataset/Vibration/Motor-2/50/broken rotor bar/Vibration_Motor-2_50_time-broken rotor bar-ch5.csv,False,channel_1;nln_overview_verified=True|channel_2;nln_overview_verified=True|channel_3;nln_overview_verified=True|channel_4;nln_overview_verified=True|channel_5;nln_overview_verified=True
nln_emp_leave_one_speed_out,test_speed_50,nln_emp,nln_emp_motor_2_50_healthy_1_current,nln_emp_motor_2_50_healthy_1,test,Motor-2,current,current,50,unknown,motor_2_speed_50,healthy,0,healthy,experimental,unknown,data/raw/nln_emp/Dataset/Electric/Motor-2/50/healthy 1/Electric_Motor-2_50_time-healthy 1-ch1.csv|data/raw/nln_emp/Dataset/Electric/Motor-2/50/healthy 1/Electric_Motor-2_50_time-healthy 1-ch2.csv|data/raw/nln_emp/Dataset/Electric/Motor-2/50/healthy 1/Electric_Motor-2_50_time-healthy 1-ch3.csv|data/raw/nln_emp/Dataset/Electric/Motor-2/50/healthy 1/Electric_Motor-2_50_time-healthy 1-ch4.csv|data/raw/nln_emp/Dataset/Electric/Motor-2/50/healthy 1/Electric_Motor-2_50_time-healthy 1-ch5.csv|data/raw/nln_emp/Dataset/Electric/Motor-2/50/healthy 1/Electric_Motor-2_50_time-healthy 1-ch6.csv,False,channel_1;nln_overview_verified=True|channel_2;nln_overview_verified=True|channel_3;nln_overview_verified=True|channel_4;nln_overview_verified=True|channel_5;nln_overview_verified=True|channel_6;nln_overview_verified=True
nln_emp_leave_one_speed_out,test_speed_50,nln_emp,nln_emp_motor_2_50_healthy_1_vibration,nln_emp_motor_2_50_healthy_1,test,Motor-2,vibration,vibration,50,unknown,motor_2_speed_50,healthy,0,healthy,experimental,unknown,data/raw/nln_emp/Dataset/Vibration/Motor-2/50/healthy 1/Vibration_Motor-2_50_time-healthy 1-ch1.csv|data/raw/nln_emp/Dataset/Vibration/Motor-2/50/healthy 1/Vibration_Motor-2_50_time-healthy 1-ch2.csv|data/raw/nln_emp/Dataset/Vibration/Motor-2/50/healthy 1/Vibration_Motor-2_50_time-healthy 1-ch3.csv|data/raw/nln_emp/Dataset/Vibration/Motor-2/50/healthy 1/Vibration_Motor-2_50_time-healthy 1-ch4.csv|data/raw/nln_emp/Dataset/Vibration/Motor-2/50/healthy 1/Vibration_Motor-2_50_time-healthy 1-ch5.csv,False,channel_1;nln_overview_verified=True|channel_2;nln_overview_verified=True|channel_3;nln_overview_verified=True|channel_4;nln_overview_verified=True|channel_5;nln_overview_verified=True
nln_emp_leave_one_speed_out,test_speed_50,nln_emp,nln_emp_motor_2_50_healthy_2_current,nln_emp_motor_2_50_healthy_2,test,Motor-2,current,current,50,unknown,motor_2_speed_50,healthy,0,healthy,experimental,unknown,data/raw/nln_emp/Dataset/Electric/Motor-2/50/healthy 2/Electric_Motor-2_50_time-healthy 2-ch1.csv|data/raw/nln_emp/Dataset/Electric/Motor-2/50/healthy 2/Electric_Motor-2_50_time-healthy 2-ch2.csv|data/raw/nln_emp/Dataset/Electric/Motor-2/50/healthy 2/Electric_Motor-2_50_time-healthy 2-ch3.csv|data/raw/nln_emp/Dataset/Electric/Motor-2/50/healthy 2/Electric_Motor-2_50_time-healthy 2-ch4.csv|data/raw/nln_emp/Dataset/Electric/Motor-2/50/healthy 2/Electric_Motor-2_50_time-healthy 2-ch5.csv|data/raw/nln_emp/Dataset/Electric/Motor-2/50/healthy 2/Electric_Motor-2_50_time-healthy 2-ch6.csv,False,channel_1;nln_overview_verified=True|channel_2;nln_overview_verified=True|channel_3;nln_overview_verified=True|channel_4;nln_overview_verified=True|channel_5;nln_overview_verified=True|channel_6;nln_overview_verified=True
nln_emp_leave_one_speed_out,test_speed_50,nln_emp,nln_emp_motor_2_50_healthy_2_vibration,nln_emp_motor_2_50_healthy_2,test,Motor-2,vibration,vibration,50,unknown,motor_2_speed_50,healthy,0,healthy,experimental,unknown,data/raw/nln_emp/Dataset/Vibration/Motor-2/50/healthy 2/Vibration_Motor-2_50_time-healthy 2-ch1.csv|data/raw/nln_emp/Dataset/Vibration/Motor-2/50/healthy 2/Vibration_Motor-2_50_time-healthy 2-ch2.csv|data/raw/nln_emp/Dataset/Vibration/Motor-2/50/healthy 2/Vibration_Motor-2_50_time-healthy 2-ch3.csv|data/raw/nln_emp/Dataset/Vibration/Motor-2/50/healthy 2/Vibration_Motor-2_50_time-healthy 2-ch4.csv|data/raw/nln_emp/Dataset/Vibration/Motor-2/50/healthy 2/Vibration_Motor-2_50_time-healthy 2-ch5.csv,False,channel_1;nln_overview_verified=True|channel_2;nln_overview_verified=True|channel_3;nln_overview_verified=True|channel_4;nln_overview_verified=True|channel_5;nln_overview_verified=True
nln_emp_leave_one_speed_out,test_speed_50,nln_emp,nln_emp_motor_2_50_healthy_3_current,nln_emp_motor_2_50_healthy_3,test,Motor-2,current,current,50,unknown,motor_2_speed_50,healthy,0,healthy,experimental,unknown,data/raw/nln_emp/Dataset/Electric/Motor-2/50/healthy 3/Electric_Motor-2_50_time-healthy 3-ch1.csv|data/raw/nln_emp/Dataset/Electric/Motor-2/50/healthy 3/Electric_Motor-2_50_time-healthy 3-ch2.csv|data/raw/nln_emp/Dataset/Electric/Motor-2/50/healthy 3/Electric_Motor-2_50_time-healthy 3-ch3.csv|data/raw/nln_emp/Dataset/Electric/Motor-2/50/healthy 3/Electric_Motor-2_50_time-healthy 3-ch4.csv|data/raw/nln_emp/Dataset/Electric/Motor-2/50/healthy 3/Electric_Motor-2_50_time-healthy 3-ch5.csv|data/raw/nln_emp/Dataset/Electric/Motor-2/50/healthy 3/Electric_Motor-2_50_time-healthy 3-ch6.csv,False,channel_1;nln_overview_verified=True|channel_2;nln_overview_verified=True|channel_3;nln_overview_verified=True|channel_4;nln_overview_verified=True|channel_5;nln_overview_verified=True|channel_6;nln_overview_verified=True
nln_emp_leave_one_speed_out,test_speed_50,nln_emp,nln_emp_motor_2_50_healthy_3_vibration,nln_emp_motor_2_50_healthy_3,test,Motor-2,vibration,vibration,50,unknown,motor_2_speed_50,healthy,0,healthy,experimental,unknown,data/raw/nln_emp/Dataset/Vibration/Motor-2/50/healthy 3/Vibration_Motor-2_50_time-healthy 3-ch1.csv|data/raw/nln_emp/Dataset/Vibration/Motor-2/50/healthy 3/Vibration_Motor-2_50_time-healthy 3-ch2.csv|data/raw/nln_emp/Dataset/Vibration/Motor-2/50/healthy 3/Vibration_Motor-2_50_time-healthy 3-ch3.csv|data/raw/nln_emp/Dataset/Vibration/Motor-2/50/healthy 3/Vibration_Motor-2_50_time-healthy 3-ch4.csv|data/raw/nln_emp/Dataset/Vibration/Motor-2/50/healthy 3/Vibration_Motor-2_50_time-healthy 3-ch5.csv,False,channel_1;nln_overview_verified=True|channel_2;nln_overview_verified=True|channel_3;nln_overview_verified=True|channel_4;nln_overview_verified=True|channel_5;nln_overview_verified=True
nln_emp_leave_one_speed_out,test_speed_50,nln_emp,nln_emp_motor_2_50_healthy_noise_current,nln_emp_motor_2_50_healthy_noise,test,Motor-2,current,current,50,unknown,motor_2_speed_50,healthy,0,healthy,experimental,unknown,data/raw/nln_emp/Dataset/Electric/Motor-2/50/healthy noise/Electric_Motor-2_50_time-healthy noise-ch1.csv|data/raw/nln_emp/Dataset/Electric/Motor-2/50/healthy noise/Electric_Motor-2_50_time-healthy noise-ch2.csv|data/raw/nln_emp/Dataset/Electric/Motor-2/50/healthy noise/Electric_Motor-2_50_time-healthy noise-ch3.csv|data/raw/nln_emp/Dataset/Electric/Motor-2/50/healthy noise/Electric_Motor-2_50_time-healthy noise-ch4.csv|data/raw/nln_emp/Dataset/Electric/Motor-2/50/healthy noise/Electric_Motor-2_50_time-healthy noise-ch5.csv|data/raw/nln_emp/Dataset/Electric/Motor-2/50/healthy noise/Electric_Motor-2_50_time-healthy noise-ch6.csv,False,channel_1;nln_overview_verified=True|channel_2;nln_overview_verified=True|channel_3;nln_overview_verified=True|channel_4;nln_overview_verified=True|channel_5;nln_overview_verified=True|channel_6;nln_overview_verified=True
nln_emp_leave_one_speed_out,test_speed_50,nln_emp,nln_emp_motor_2_50_healthy_noise_vibration,nln_emp_motor_2_50_healthy_noise,test,Motor-2,vibration,vibration,50,unknown,motor_2_speed_50,healthy,0,healthy,experimental,unknown,data/raw/nln_emp/Dataset/Vibration/Motor-2/50/healthy noise/Vibration_Motor-2_50_time-healthy noise-ch1.csv|data/raw/nln_emp/Dataset/Vibration/Motor-2/50/healthy noise/Vibration_Motor-2_50_time-healthy noise-ch2.csv|data/raw/nln_emp/Dataset/Vibration/Motor-2/50/healthy noise/Vibration_Motor-2_50_time-healthy noise-ch3.csv|data/raw/nln_emp/Dataset/Vibration/Motor-2/50/healthy noise/Vibration_Motor-2_50_time-healthy noise-ch4.csv|data/raw/nln_emp/Dataset/Vibration/Motor-2/50/healthy noise/Vibration_Motor-2_50_time-healthy noise-ch5.csv,False,channel_1;nln_overview_verified=True|channel_2;nln_overview_verified=True|channel_3;nln_overview_verified=True|channel_4;nln_overview_verified=True|channel_5;nln_overview_verified=True
nln_emp_leave_one_speed_out,test_speed_50,nln_emp,nln_emp_motor_2_50_impeller_1_current,nln_emp_motor_2_50_impeller_1,test,Motor-2,current,current,50,unknown,motor_2_speed_50,impeller_fault,1,fault,experimental,unknown,data/raw/nln_emp/Dataset/Electric/Motor-2/50/impeller 1/Electric_Motor-2_50_time-impeller 1-ch1.csv|data/raw/nln_emp/Dataset/Electric/Motor-2/50/impeller 1/Electric_Motor-2_50_time-impeller 1-ch2.csv|data/raw/nln_emp/Dataset/Electric/Motor-2/50/impeller 1/Electric_Motor-2_50_time-impeller 1-ch3.csv|data/raw/nln_emp/Dataset/Electric/Motor-2/50/impeller 1/Electric_Motor-2_50_time-impeller 1-ch4.csv|data/raw/nln_emp/Dataset/Electric/Motor-2/50/impeller 1/Electric_Motor-2_50_time-impeller 1-ch5.csv|data/raw/nln_emp/Dataset/Electric/Motor-2/50/impeller 1/Electric_Motor-2_50_time-impeller 1-ch6.csv,False,channel_1;nln_overview_verified=True|channel_2;nln_overview_verified=True|channel_3;nln_overview_verified=True|channel_4;nln_overview_verified=True|channel_5;nln_overview_verified=True|channel_6;nln_overview_verified=True
nln_emp_leave_one_speed_out,test_speed_50,nln_emp,nln_emp_motor_2_50_impeller_1_vibration,nln_emp_motor_2_50_impeller_1,test,Motor-2,vibration,vibration,50,unknown,motor_2_speed_50,impeller_fault,1,fault,experimental,unknown,data/raw/nln_emp/Dataset/Vibration/Motor-2/50/impeller 1/Vibration_Motor-2_50_time-impeller 1-ch1.csv|data/raw/nln_emp/Dataset/Vibration/Motor-2/50/impeller 1/Vibration_Motor-2_50_time-impeller 1-ch2.csv|data/raw/nln_emp/Dataset/Vibration/Motor-2/50/impeller 1/Vibration_Motor-2_50_time-impeller 1-ch3.csv|data/raw/nln_emp/Dataset/Vibration/Motor-2/50/impeller 1/Vibration_Motor-2_50_time-impeller 1-ch4.csv|data/raw/nln_emp/Dataset/Vibration/Motor-2/50/impeller 1/Vibration_Motor-2_50_time-impeller 1-ch5.csv,False,channel_1;nln_overview_verified=True|channel_2;nln_overview_verified=True|channel_3;nln_overview_verified=True|channel_4;nln_overview_verified=True|channel_5;nln_overview_verified=True
nln_emp_leave_one_speed_out,test_speed_50,nln_emp,nln_emp_motor_2_50_impeller_2_current,nln_emp_motor_2_50_impeller_2,test,Motor-2,current,current,50,unknown,motor_2_speed_50,impeller_fault,1,fault,experimental,unknown,data/raw/nln_emp/Dataset/Electric/Motor-2/50/impeller 2/Electric_Motor-2_50_time-impeller 2-ch1.csv|data/raw/nln_emp/Dataset/Electric/Motor-2/50/impeller 2/Electric_Motor-2_50_time-impeller 2-ch2.csv|data/raw/nln_emp/Dataset/Electric/Motor-2/50/impeller 2/Electric_Motor-2_50_time-impeller 2-ch3.csv|data/raw/nln_emp/Dataset/Electric/Motor-2/50/impeller 2/Electric_Motor-2_50_time-impeller 2-ch4.csv|data/raw/nln_emp/Dataset/Electric/Motor-2/50/impeller 2/Electric_Motor-2_50_time-impeller 2-ch5.csv|data/raw/nln_emp/Dataset/Electric/Motor-2/50/impeller 2/Electric_Motor-2_50_time-impeller 2-ch6.csv,False,channel_1;nln_overview_verified=True|channel_2;nln_overview_verified=True|channel_3;nln_overview_verified=True|channel_4;nln_overview_verified=True|channel_5;nln_overview_verified=True|channel_6;nln_overview_verified=True
nln_emp_leave_one_speed_out,test_speed_50,nln_emp,nln_emp_motor_2_50_impeller_2_vibration,nln_emp_motor_2_50_impeller_2,test,Motor-2,vibration,vibration,50,unknown,motor_2_speed_50,impeller_fault,1,fault,experimental,unknown,data/raw/nln_emp/Dataset/Vibration/Motor-2/50/impeller 2/Vibration_Motor-2_50_time-impeller 2-ch1.csv|data/raw/nln_emp/Dataset/Vibration/Motor-2/50/impeller 2/Vibration_Motor-2_50_time-impeller 2-ch2.csv|data/raw/nln_emp/Dataset/Vibration/Motor-2/50/impeller 2/Vibration_Motor-2_50_time-impeller 2-ch3.csv|data/raw/nln_emp/Dataset/Vibration/Motor-2/50/impeller 2/Vibration_Motor-2_50_time-impeller 2-ch4.csv|data/raw/nln_emp/Dataset/Vibration/Motor-2/50/impeller 2/Vibration_Motor-2_50_time-impeller 2-ch5.csv,False,channel_1;nln_overview_verified=True|channel_2;nln_overview_verified=True|channel_3;nln_overview_verified=True|channel_4;nln_overview_verified=True|channel_5;nln_overview_verified=True
nln_emp_leave_one_speed_out,test_speed_50,nln_emp,nln_emp_motor_2_50_impeller_3_current,nln_emp_motor_2_50_impeller_3,test,Motor-2,current,current,50,unknown,motor_2_speed_50,impeller_fault,1,fault,experimental,unknown,data/raw/nln_emp/Dataset/Electric/Motor-2/50/impeller 3/Electric_Motor-2_50_time-impeller 3-ch1.csv|data/raw/nln_emp/Dataset/Electric/Motor-2/50/impeller 3/Electric_Motor-2_50_time-impeller 3-ch2.csv|data/raw/nln_emp/Dataset/Electric/Motor-2/50/impeller 3/Electric_Motor-2_50_time-impeller 3-ch3.csv|data/raw/nln_emp/Dataset/Electric/Motor-2/50/impeller 3/Electric_Motor-2_50_time-impeller 3-ch4.csv|data/raw/nln_emp/Dataset/Electric/Motor-2/50/impeller 3/Electric_Motor-2_50_time-impeller 3-ch5.csv|data/raw/nln_emp/Dataset/Electric/Motor-2/50/impeller 3/Electric_Motor-2_50_time-impeller 3-ch6.csv,False,channel_1;nln_overview_verified=True|channel_2;nln_overview_verified=True|channel_3;nln_overview_verified=True|channel_4;nln_overview_verified=True|channel_5;nln_overview_verified=True|channel_6;nln_overview_verified=True
nln_emp_leave_one_speed_out,test_speed_50,nln_emp,nln_emp_motor_2_50_impeller_3_vibration,nln_emp_motor_2_50_impeller_3,test,Motor-2,vibration,vibration,50,unknown,motor_2_speed_50,impeller_fault,1,fault,experimental,unknown,data/raw/nln_emp/Dataset/Vibration/Motor-2/50/impeller 3/Vibration_Motor-2_50_time-impeller 3-ch1.csv|data/raw/nln_emp/Dataset/Vibration/Motor-2/50/impeller 3/Vibration_Motor-2_50_time-impeller 3-ch2.csv|data/raw/nln_emp/Dataset/Vibration/Motor-2/50/impeller 3/Vibration_Motor-2_50_time-impeller 3-ch3.csv|data/raw/nln_emp/Dataset/Vibration/Motor-2/50/impeller 3/Vibration_Motor-2_50_time-impeller 3-ch4.csv|data/raw/nln_emp/Dataset/Vibration/Motor-2/50/impeller 3/Vibration_Motor-2_50_time-impeller 3-ch5.csv,False,channel_1;nln_overview_verified=True|channel_2;nln_overview_verified=True|channel_3;nln_overview_verified=True|channel_4;nln_overview_verified=True|channel_5;nln_overview_verified=True
nln_emp_leave_one_speed_out,test_speed_50,nln_emp,nln_emp_motor_2_50_loose_foot_motor_current,nln_emp_motor_2_50_loose_foot_motor,test,Motor-2,current,current,50,unknown,motor_2_speed_50,looseness_soft_foot,unknown,fault,experimental,unknown,data/raw/nln_emp/Dataset/Electric/Motor-2/50/loose foot motor/Electric_Motor-2_50_time-loose foot motor-ch1.csv|data/raw/nln_emp/Dataset/Electric/Motor-2/50/loose foot motor/Electric_Motor-2_50_time-loose foot motor-ch2.csv|data/raw/nln_emp/Dataset/Electric/Motor-2/50/loose foot motor/Electric_Motor-2_50_time-loose foot motor-ch3.csv|data/raw/nln_emp/Dataset/Electric/Motor-2/50/loose foot motor/Electric_Motor-2_50_time-loose foot motor-ch4.csv|data/raw/nln_emp/Dataset/Electric/Motor-2/50/loose foot motor/Electric_Motor-2_50_time-loose foot motor-ch5.csv|data/raw/nln_emp/Dataset/Electric/Motor-2/50/loose foot motor/Electric_Motor-2_50_time-loose foot motor-ch6.csv,False,channel_1;nln_overview_verified=True|channel_2;nln_overview_verified=True|channel_3;nln_overview_verified=True|channel_4;nln_overview_verified=True|channel_5;nln_overview_verified=True|channel_6;nln_overview_verified=True
nln_emp_leave_one_speed_out,test_speed_50,nln_emp,nln_emp_motor_2_50_loose_foot_pump_current,nln_emp_motor_2_50_loose_foot_pump,test,Motor-2,current,current,50,unknown,motor_2_speed_50,looseness_soft_foot,unknown,fault,experimental,unknown,data/raw/nln_emp/Dataset/Electric/Motor-2/50/loose foot pump/Electric_Motor-2_50_time-loose foot pump-ch1.csv|data/raw/nln_emp/Dataset/Electric/Motor-2/50/loose foot pump/Electric_Motor-2_50_time-loose foot pump-ch2.csv|data/raw/nln_emp/Dataset/Electric/Motor-2/50/loose foot pump/Electric_Motor-2_50_time-loose foot pump-ch3.csv|data/raw/nln_emp/Dataset/Electric/Motor-2/50/loose foot pump/Electric_Motor-2_50_time-loose foot pump-ch4.csv|data/raw/nln_emp/Dataset/Electric/Motor-2/50/loose foot pump/Electric_Motor-2_50_time-loose foot pump-ch5.csv|data/raw/nln_emp/Dataset/Electric/Motor-2/50/loose foot pump/Electric_Motor-2_50_time-loose foot pump-ch6.csv,False,channel_1;nln_overview_verified=True|channel_2;nln_overview_verified=True|channel_3;nln_overview_verified=True|channel_4;nln_overview_verified=True|channel_5;nln_overview_verified=True|channel_6;nln_overview_verified=True
nln_emp_leave_one_speed_out,test_speed_50,nln_emp,nln_emp_motor_2_50_loose_foot_pump_vibration,nln_emp_motor_2_50_loose_foot_pump,test,Motor-2,vibration,vibration,50,unknown,motor_2_speed_50,looseness_soft_foot,unknown,fault,experimental,unknown,data/raw/nln_emp/Dataset/Vibration/Motor-2/50/loose foot pump/Vibration_Motor-2_50_time-loose foot pump-ch1.csv|data/raw/nln_emp/Dataset/Vibration/Motor-2/50/loose foot pump/Vibration_Motor-2_50_time-loose foot pump-ch2.csv|data/raw/nln_emp/Dataset/Vibration/Motor-2/50/loose foot pump/Vibration_Motor-2_50_time-loose foot pump-ch3.csv|data/raw/nln_emp/Dataset/Vibration/Motor-2/50/loose foot pump/Vibration_Motor-2_50_time-loose foot pump-ch4.csv|data/raw/nln_emp/Dataset/Vibration/Motor-2/50/loose foot pump/Vibration_Motor-2_50_time-loose foot pump-ch5.csv,False,channel_1;nln_overview_verified=True|channel_2;nln_overview_verified=True|channel_3;nln_overview_verified=True|channel_4;nln_overview_verified=True|channel_5;nln_overview_verified=True
nln_emp_leave_one_speed_out,test_speed_50,nln_emp,nln_emp_motor_2_50_new_motor_current,nln_emp_motor_2_50_new_motor,test,Motor-2,current,current,50,unknown,motor_2_speed_50,healthy,0,healthy,experimental,unknown,data/raw/nln_emp/Dataset/Electric/Motor-2/50/new motor/Electric_Motor-2_50_time-new motor-ch1.csv|data/raw/nln_emp/Dataset/Electric/Motor-2/50/new motor/Electric_Motor-2_50_time-new motor-ch2.csv|data/raw/nln_emp/Dataset/Electric/Motor-2/50/new motor/Electric_Motor-2_50_time-new motor-ch3.csv|data/raw/nln_emp/Dataset/Electric/Motor-2/50/new motor/Electric_Motor-2_50_time-new motor-ch4.csv|data/raw/nln_emp/Dataset/Electric/Motor-2/50/new motor/Electric_Motor-2_50_time-new motor-ch5.csv|data/raw/nln_emp/Dataset/Electric/Motor-2/50/new motor/Electric_Motor-2_50_time-new motor-ch6.csv,False,channel_1;nln_overview_verified=True|channel_2;nln_overview_verified=True|channel_3;nln_overview_verified=True|channel_4;nln_overview_verified=True|channel_5;nln_overview_verified=True|channel_6;nln_overview_verified=True
nln_emp_leave_one_speed_out,test_speed_50,nln_emp,nln_emp_motor_2_50_new_motor_vibration,nln_emp_motor_2_50_new_motor,test,Motor-2,vibration,vibration,50,unknown,motor_2_speed_50,healthy,0,healthy,experimental,unknown,data/raw/nln_emp/Dataset/Vibration/Motor-2/50/new motor/Vibration_Motor-2_50_time-new motor-ch1.csv|data/raw/nln_emp/Dataset/Vibration/Motor-2/50/new motor/Vibration_Motor-2_50_time-new motor-ch2.csv|data/raw/nln_emp/Dataset/Vibration/Motor-2/50/new motor/Vibration_Motor-2_50_time-new motor-ch3.csv|data/raw/nln_emp/Dataset/Vibration/Motor-2/50/new motor/Vibration_Motor-2_50_time-new motor-ch4.csv|data/raw/nln_emp/Dataset/Vibration/Motor-2/50/new motor/Vibration_Motor-2_50_time-new motor-ch5.csv,False,channel_1;nln_overview_verified=True|channel_2;nln_overview_verified=True|channel_3;nln_overview_verified=True|channel_4;nln_overview_verified=True|channel_5;nln_overview_verified=True
nln_emp_leave_one_speed_out,test_speed_50,nln_emp,nln_emp_motor_2_50_soft_foot_1_current,nln_emp_motor_2_50_soft_foot_1,test,Motor-2,current,current,50,unknown,motor_2_speed_50,looseness_soft_foot,2,fault,experimental,unknown,data/raw/nln_emp/Dataset/Electric/Motor-2/50/soft foot 1/Electric_Motor-2_50_time-soft foot 1-ch1.csv|data/raw/nln_emp/Dataset/Electric/Motor-2/50/soft foot 1/Electric_Motor-2_50_time-soft foot 1-ch2.csv|data/raw/nln_emp/Dataset/Electric/Motor-2/50/soft foot 1/Electric_Motor-2_50_time-soft foot 1-ch3.csv|data/raw/nln_emp/Dataset/Electric/Motor-2/50/soft foot 1/Electric_Motor-2_50_time-soft foot 1-ch4.csv|data/raw/nln_emp/Dataset/Electric/Motor-2/50/soft foot 1/Electric_Motor-2_50_time-soft foot 1-ch5.csv|data/raw/nln_emp/Dataset/Electric/Motor-2/50/soft foot 1/Electric_Motor-2_50_time-soft foot 1-ch6.csv,False,channel_1;nln_overview_verified=True|channel_2;nln_overview_verified=True|channel_3;nln_overview_verified=True|channel_4;nln_overview_verified=True|channel_5;nln_overview_verified=True|channel_6;nln_overview_verified=True
nln_emp_leave_one_speed_out,test_speed_50,nln_emp,nln_emp_motor_2_50_soft_foot_1_vibration,nln_emp_motor_2_50_soft_foot_1,test,Motor-2,vibration,vibration,50,unknown,motor_2_speed_50,looseness_soft_foot,2,fault,experimental,unknown,data/raw/nln_emp/Dataset/Vibration/Motor-2/50/soft foot 1/Vibration_Motor-2_50_time-soft foot 1-ch1.csv|data/raw/nln_emp/Dataset/Vibration/Motor-2/50/soft foot 1/Vibration_Motor-2_50_time-soft foot 1-ch2.csv|data/raw/nln_emp/Dataset/Vibration/Motor-2/50/soft foot 1/Vibration_Motor-2_50_time-soft foot 1-ch3.csv|data/raw/nln_emp/Dataset/Vibration/Motor-2/50/soft foot 1/Vibration_Motor-2_50_time-soft foot 1-ch4.csv|data/raw/nln_emp/Dataset/Vibration/Motor-2/50/soft foot 1/Vibration_Motor-2_50_time-soft foot 1-ch5.csv,False,channel_1;nln_overview_verified=True|channel_2;nln_overview_verified=True|channel_3;nln_overview_verified=True|channel_4;nln_overview_verified=True|channel_5;nln_overview_verified=True
nln_emp_leave_one_speed_out,test_speed_50,nln_emp,nln_emp_motor_2_50_soft_foot_2_current,nln_emp_motor_2_50_soft_foot_2,test,Motor-2,current,current,50,unknown,motor_2_speed_50,looseness_soft_foot,2,fault,experimental,unknown,data/raw/nln_emp/Dataset/Electric/Motor-2/50/soft foot 2/Electric_Motor-2_50_time-soft foot 2-ch1.csv|data/raw/nln_emp/Dataset/Electric/Motor-2/50/soft foot 2/Electric_Motor-2_50_time-soft foot 2-ch2.csv|data/raw/nln_emp/Dataset/Electric/Motor-2/50/soft foot 2/Electric_Motor-2_50_time-soft foot 2-ch3.csv|data/raw/nln_emp/Dataset/Electric/Motor-2/50/soft foot 2/Electric_Motor-2_50_time-soft foot 2-ch4.csv|data/raw/nln_emp/Dataset/Electric/Motor-2/50/soft foot 2/Electric_Motor-2_50_time-soft foot 2-ch5.csv|data/raw/nln_emp/Dataset/Electric/Motor-2/50/soft foot 2/Electric_Motor-2_50_time-soft foot 2-ch6.csv,False,channel_1;nln_overview_verified=True|channel_2;nln_overview_verified=True|channel_3;nln_overview_verified=True|channel_4;nln_overview_verified=True|channel_5;nln_overview_verified=True|channel_6;nln_overview_verified=True
nln_emp_leave_one_speed_out,test_speed_50,nln_emp,nln_emp_motor_2_50_soft_foot_2_vibration,nln_emp_motor_2_50_soft_foot_2,test,Motor-2,vibration,vibration,50,unknown,motor_2_speed_50,looseness_soft_foot,2,fault,experimental,unknown,data/raw/nln_emp/Dataset/Vibration/Motor-2/50/soft foot 2/Vibration_Motor-2_50_time-soft foot 2-ch1.csv|data/raw/nln_emp/Dataset/Vibration/Motor-2/50/soft foot 2/Vibration_Motor-2_50_time-soft foot 2-ch2.csv|data/raw/nln_emp/Dataset/Vibration/Motor-2/50/soft foot 2/Vibration_Motor-2_50_time-soft foot 2-ch3.csv|data/raw/nln_emp/Dataset/Vibration/Motor-2/50/soft foot 2/Vibration_Motor-2_50_time-soft foot 2-ch4.csv|data/raw/nln_emp/Dataset/Vibration/Motor-2/50/soft foot 2/Vibration_Motor-2_50_time-soft foot 2-ch5.csv,False,channel_1;nln_overview_verified=True|channel_2;nln_overview_verified=True|channel_3;nln_overview_verified=True|channel_4;nln_overview_verified=True|channel_5;nln_overview_verified=True
nln_emp_leave_one_speed_out,test_speed_50,nln_emp,nln_emp_motor_2_50_stator_short_1_current,nln_emp_motor_2_50_stator_short_1,test,Motor-2,current,current,50,unknown,motor_2_speed_50,stator_winding_fault,1,fault,experimental,unknown,data/raw/nln_emp/Dataset/Electric/Motor-2/50/stator short 1/Electric_Motor-2_50_time-stator short 1-ch1.csv|data/raw/nln_emp/Dataset/Electric/Motor-2/50/stator short 1/Electric_Motor-2_50_time-stator short 1-ch2.csv|data/raw/nln_emp/Dataset/Electric/Motor-2/50/stator short 1/Electric_Motor-2_50_time-stator short 1-ch3.csv|data/raw/nln_emp/Dataset/Electric/Motor-2/50/stator short 1/Electric_Motor-2_50_time-stator short 1-ch4.csv|data/raw/nln_emp/Dataset/Electric/Motor-2/50/stator short 1/Electric_Motor-2_50_time-stator short 1-ch5.csv|data/raw/nln_emp/Dataset/Electric/Motor-2/50/stator short 1/Electric_Motor-2_50_time-stator short 1-ch6.csv,False,channel_1;nln_overview_verified=True|channel_2;nln_overview_verified=True|channel_3;nln_overview_verified=True|channel_4;nln_overview_verified=True|channel_5;nln_overview_verified=True|channel_6;nln_overview_verified=True
nln_emp_leave_one_speed_out,test_speed_50,nln_emp,nln_emp_motor_2_50_stator_short_1_vibration,nln_emp_motor_2_50_stator_short_1,test,Motor-2,vibration,vibration,50,unknown,motor_2_speed_50,stator_winding_fault,1,fault,experimental,unknown,data/raw/nln_emp/Dataset/Vibration/Motor-2/50/stator short 1/Vibration_Motor-2_50_time-stator short 1-ch1.csv|data/raw/nln_emp/Dataset/Vibration/Motor-2/50/stator short 1/Vibration_Motor-2_50_time-stator short 1-ch2.csv|data/raw/nln_emp/Dataset/Vibration/Motor-2/50/stator short 1/Vibration_Motor-2_50_time-stator short 1-ch3.csv|data/raw/nln_emp/Dataset/Vibration/Motor-2/50/stator short 1/Vibration_Motor-2_50_time-stator short 1-ch4.csv|data/raw/nln_emp/Dataset/Vibration/Motor-2/50/stator short 1/Vibration_Motor-2_50_time-stator short 1-ch5.csv,False,channel_1;nln_overview_verified=True|channel_2;nln_overview_verified=True|channel_3;nln_overview_verified=True|channel_4;nln_overview_verified=True|channel_5;nln_overview_verified=True
nln_emp_leave_one_speed_out,test_speed_50,nln_emp,nln_emp_motor_2_50_stator_short_2_current,nln_emp_motor_2_50_stator_short_2,test,Motor-2,current,current,50,unknown,motor_2_speed_50,stator_winding_fault,1,fault,experimental,unknown,data/raw/nln_emp/Dataset/Electric/Motor-2/50/stator short 2/Electric_Motor-2_50_time-stator short 2-ch1.csv|data/raw/nln_emp/Dataset/Electric/Motor-2/50/stator short 2/Electric_Motor-2_50_time-stator short 2-ch2.csv|data/raw/nln_emp/Dataset/Electric/Motor-2/50/stator short 2/Electric_Motor-2_50_time-stator short 2-ch3.csv|data/raw/nln_emp/Dataset/Electric/Motor-2/50/stator short 2/Electric_Motor-2_50_time-stator short 2-ch4.csv|data/raw/nln_emp/Dataset/Electric/Motor-2/50/stator short 2/Electric_Motor-2_50_time-stator short 2-ch5.csv|data/raw/nln_emp/Dataset/Electric/Motor-2/50/stator short 2/Electric_Motor-2_50_time-stator short 2-ch6.csv,False,channel_1;nln_overview_verified=True|channel_2;nln_overview_verified=True|channel_3;nln_overview_verified=True|channel_4;nln_overview_verified=True|channel_5;nln_overview_verified=True|channel_6;nln_overview_verified=True
nln_emp_leave_one_speed_out,test_speed_50,nln_emp,nln_emp_motor_2_50_stator_short_2_vibration,nln_emp_motor_2_50_stator_short_2,test,Motor-2,vibration,vibration,50,unknown,motor_2_speed_50,stator_winding_fault,1,fault,experimental,unknown,data/raw/nln_emp/Dataset/Vibration/Motor-2/50/stator short 2/Vibration_Motor-2_50_time-stator short 2-ch1.csv|data/raw/nln_emp/Dataset/Vibration/Motor-2/50/stator short 2/Vibration_Motor-2_50_time-stator short 2-ch2.csv|data/raw/nln_emp/Dataset/Vibration/Motor-2/50/stator short 2/Vibration_Motor-2_50_time-stator short 2-ch3.csv|data/raw/nln_emp/Dataset/Vibration/Motor-2/50/stator short 2/Vibration_Motor-2_50_time-stator short 2-ch4.csv|data/raw/nln_emp/Dataset/Vibration/Motor-2/50/stator short 2/Vibration_Motor-2_50_time-stator short 2-ch5.csv,False,channel_1;nln_overview_verified=True|channel_2;nln_overview_verified=True|channel_3;nln_overview_verified=True|channel_4;nln_overview_verified=True|channel_5;nln_overview_verified=True
nln_emp_leave_one_speed_out,test_speed_70,nln_emp,nln_emp_motor_2_100_bearing_bpfi_1_current,nln_emp_motor_2_100_bearing_bpfi_1,val,Motor-2,current,current,100,unknown,motor_2_speed_100,bearing_inner_race,2,fault,experimental,unknown,data/raw/nln_emp/Dataset/Electric/Motor-2/100/bearing bpfi 1/Electric_Motor-2_100_time-bearing bpfi 1-ch1.csv|data/raw/nln_emp/Dataset/Electric/Motor-2/100/bearing bpfi 1/Electric_Motor-2_100_time-bearing bpfi 1-ch2.csv|data/raw/nln_emp/Dataset/Electric/Motor-2/100/bearing bpfi 1/Electric_Motor-2_100_time-bearing bpfi 1-ch3.csv|data/raw/nln_emp/Dataset/Electric/Motor-2/100/bearing bpfi 1/Electric_Motor-2_100_time-bearing bpfi 1-ch4.csv|data/raw/nln_emp/Dataset/Electric/Motor-2/100/bearing bpfi 1/Electric_Motor-2_100_time-bearing bpfi 1-ch5.csv|data/raw/nln_emp/Dataset/Electric/Motor-2/100/bearing bpfi 1/Electric_Motor-2_100_time-bearing bpfi 1-ch6.csv,False,channel_1;nln_overview_verified=True|channel_2;nln_overview_verified=True|channel_3;nln_overview_verified=True|channel_4;nln_overview_verified=True|channel_5;nln_overview_verified=True|channel_6;nln_overview_verified=True
nln_emp_leave_one_speed_out,test_speed_70,nln_emp,nln_emp_motor_2_100_bearing_bpfi_1_vibration,nln_emp_motor_2_100_bearing_bpfi_1,val,Motor-2,vibration,vibration,100,unknown,motor_2_speed_100,bearing_inner_race,2,fault,experimental,unknown,data/raw/nln_emp/Dataset/Vibration/Motor-2/100/bearing bpfi 1/Vibration_Motor-2_100_time-bearing bpfi 1-ch1.csv|data/raw/nln_emp/Dataset/Vibration/Motor-2/100/bearing bpfi 1/Vibration_Motor-2_100_time-bearing bpfi 1-ch2.csv|data/raw/nln_emp/Dataset/Vibration/Motor-2/100/bearing bpfi 1/Vibration_Motor-2_100_time-bearing bpfi 1-ch3.csv|data/raw/nln_emp/Dataset/Vibration/Motor-2/100/bearing bpfi 1/Vibration_Motor-2_100_time-bearing bpfi 1-ch4.csv|data/raw/nln_emp/Dataset/Vibration/Motor-2/100/bearing bpfi 1/Vibration_Motor-2_100_time-bearing bpfi 1-ch5.csv,False,channel_1;nln_overview_verified=True|channel_2;nln_overview_verified=True|channel_3;nln_overview_verified=True|channel_4;nln_overview_verified=True|channel_5;nln_overview_verified=True
nln_emp_leave_one_speed_out,test_speed_70,nln_emp,nln_emp_motor_2_100_bearing_bpfi_2_current,nln_emp_motor_2_100_bearing_bpfi_2,train,Motor-2,current,current,100,unknown,motor_2_speed_100,bearing_inner_race,2,fault,experimental,unknown,data/raw/nln_emp/Dataset/Electric/Motor-2/100/bearing bpfi 2/Electric_Motor-2_100_time-bearing bpfi 2-ch1.csv|data/raw/nln_emp/Dataset/Electric/Motor-2/100/bearing bpfi 2/Electric_Motor-2_100_time-bearing bpfi 2-ch2.csv|data/raw/nln_emp/Dataset/Electric/Motor-2/100/bearing bpfi 2/Electric_Motor-2_100_time-bearing bpfi 2-ch3.csv|data/raw/nln_emp/Dataset/Electric/Motor-2/100/bearing bpfi 2/Electric_Motor-2_100_time-bearing bpfi 2-ch4.csv|data/raw/nln_emp/Dataset/Electric/Motor-2/100/bearing bpfi 2/Electric_Motor-2_100_time-bearing bpfi 2-ch5.csv|data/raw/nln_emp/Dataset/Electric/Motor-2/100/bearing bpfi 2/Electric_Motor-2_100_time-bearing bpfi 2-ch6.csv,False,channel_1;nln_overview_verified=True|channel_2;nln_overview_verified=True|channel_3;nln_overview_verified=True|channel_4;nln_overview_verified=True|channel_5;nln_overview_verified=True|channel_6;nln_overview_verified=True
nln_emp_leave_one_speed_out,test_speed_70,nln_emp,nln_emp_motor_2_100_bearing_bpfi_2_vibration,nln_emp_motor_2_100_bearing_bpfi_2,train,Motor-2,vibration,vibration,100,unknown,motor_2_speed_100,bearing_inner_race,2,fault,experimental,unknown,data/raw/nln_emp/Dataset/Vibration/Motor-2/100/bearing bpfi 2/Vibration_Motor-2_100_time-bearing bpfi 2-ch1.csv|data/raw/nln_emp/Dataset/Vibration/Motor-2/100/bearing bpfi 2/Vibration_Motor-2_100_time-bearing bpfi 2-ch2.csv|data/raw/nln_emp/Dataset/Vibration/Motor-2/100/bearing bpfi 2/Vibration_Motor-2_100_time-bearing bpfi 2-ch3.csv|data/raw/nln_emp/Dataset/Vibration/Motor-2/100/bearing bpfi 2/Vibration_Motor-2_100_time-bearing bpfi 2-ch4.csv|data/raw/nln_emp/Dataset/Vibration/Motor-2/100/bearing bpfi 2/Vibration_Motor-2_100_time-bearing bpfi 2-ch5.csv,False,channel_1;nln_overview_verified=True|channel_2;nln_overview_verified=True|channel_3;nln_overview_verified=True|channel_4;nln_overview_verified=True|channel_5;nln_overview_verified=True
nln_emp_leave_one_speed_out,test_speed_70,nln_emp,nln_emp_motor_2_100_bearing_bpfi_3_current,nln_emp_motor_2_100_bearing_bpfi_3,train,Motor-2,current,current,100,unknown,motor_2_speed_100,bearing_inner_race,2,fault,experimental,unknown,data/raw/nln_emp/Dataset/Electric/Motor-2/100/bearing bpfi 3/Electric_Motor-2_100_time-bearing bpfi 3-ch1.csv|data/raw/nln_emp/Dataset/Electric/Motor-2/100/bearing bpfi 3/Electric_Motor-2_100_time-bearing bpfi 3-ch2.csv|data/raw/nln_emp/Dataset/Electric/Motor-2/100/bearing bpfi 3/Electric_Motor-2_100_time-bearing bpfi 3-ch3.csv|data/raw/nln_emp/Dataset/Electric/Motor-2/100/bearing bpfi 3/Electric_Motor-2_100_time-bearing bpfi 3-ch4.csv|data/raw/nln_emp/Dataset/Electric/Motor-2/100/bearing bpfi 3/Electric_Motor-2_100_time-bearing bpfi 3-ch5.csv|data/raw/nln_emp/Dataset/Electric/Motor-2/100/bearing bpfi 3/Electric_Motor-2_100_time-bearing bpfi 3-ch6.csv,False,channel_1;nln_overview_verified=True|channel_2;nln_overview_verified=True|channel_3;nln_overview_verified=True|channel_4;nln_overview_verified=True|channel_5;nln_overview_verified=True|channel_6;nln_overview_verified=True
nln_emp_leave_one_speed_out,test_speed_70,nln_emp,nln_emp_motor_2_100_bearing_bpfi_3_vibration,nln_emp_motor_2_100_bearing_bpfi_3,train,Motor-2,vibration,vibration,100,unknown,motor_2_speed_100,bearing_inner_race,2,fault,experimental,unknown,data/raw/nln_emp/Dataset/Vibration/Motor-2/100/bearing bpfi 3/Vibration_Motor-2_100_time-bearing bpfi 3-ch1.csv|data/raw/nln_emp/Dataset/Vibration/Motor-2/100/bearing bpfi 3/Vibration_Motor-2_100_time-bearing bpfi 3-ch2.csv|data/raw/nln_emp/Dataset/Vibration/Motor-2/100/bearing bpfi 3/Vibration_Motor-2_100_time-bearing bpfi 3-ch3.csv|data/raw/nln_emp/Dataset/Vibration/Motor-2/100/bearing bpfi 3/Vibration_Motor-2_100_time-bearing bpfi 3-ch4.csv|data/raw/nln_emp/Dataset/Vibration/Motor-2/100/bearing bpfi 3/Vibration_Motor-2_100_time-bearing bpfi 3-ch5.csv,False,channel_1;nln_overview_verified=True|channel_2;nln_overview_verified=True|channel_3;nln_overview_verified=True|channel_4;nln_overview_verified=True|channel_5;nln_overview_verified=True
nln_emp_leave_one_speed_out,test_speed_70,nln_emp,nln_emp_motor_2_100_bearing_bpfo_1_current,nln_emp_motor_2_100_bearing_bpfo_1,train,Motor-2,current,current,100,unknown,motor_2_speed_100,bearing_outer_race,1,fault,experimental,unknown,data/raw/nln_emp/Dataset/Electric/Motor-2/100/bearing bpfo 1/Electric_Motor-2_100_time-bearing bpfo 1-ch1.csv|data/raw/nln_emp/Dataset/Electric/Motor-2/100/bearing bpfo 1/Electric_Motor-2_100_time-bearing bpfo 1-ch2.csv|data/raw/nln_emp/Dataset/Electric/Motor-2/100/bearing bpfo 1/Electric_Motor-2_100_time-bearing bpfo 1-ch3.csv|data/raw/nln_emp/Dataset/Electric/Motor-2/100/bearing bpfo 1/Electric_Motor-2_100_time-bearing bpfo 1-ch4.csv|data/raw/nln_emp/Dataset/Electric/Motor-2/100/bearing bpfo 1/Electric_Motor-2_100_time-bearing bpfo 1-ch5.csv|data/raw/nln_emp/Dataset/Electric/Motor-2/100/bearing bpfo 1/Electric_Motor-2_100_time-bearing bpfo 1-ch6.csv,False,channel_1;nln_overview_verified=True|channel_2;nln_overview_verified=True|channel_3;nln_overview_verified=True|channel_4;nln_overview_verified=True|channel_5;nln_overview_verified=True|channel_6;nln_overview_verified=True
nln_emp_leave_one_speed_out,test_speed_70,nln_emp,nln_emp_motor_2_100_bearing_bpfo_1_vibration,nln_emp_motor_2_100_bearing_bpfo_1,train,Motor-2,vibration,vibration,100,unknown,motor_2_speed_100,bearing_outer_race,1,fault,experimental,unknown,data/raw/nln_emp/Dataset/Vibration/Motor-2/100/bearing bpfo 1/Vibration_Motor-2_100_time-bearing bpfo 1-ch1.csv|data/raw/nln_emp/Dataset/Vibration/Motor-2/100/bearing bpfo 1/Vibration_Motor-2_100_time-bearing bpfo 1-ch2.csv|data/raw/nln_emp/Dataset/Vibration/Motor-2/100/bearing bpfo 1/Vibration_Motor-2_100_time-bearing bpfo 1-ch3.csv|data/raw/nln_emp/Dataset/Vibration/Motor-2/100/bearing bpfo 1/Vibration_Motor-2_100_time-bearing bpfo 1-ch4.csv|data/raw/nln_emp/Dataset/Vibration/Motor-2/100/bearing bpfo 1/Vibration_Motor-2_100_time-bearing bpfo 1-ch5.csv,False,channel_1;nln_overview_verified=True|channel_2;nln_overview_verified=True|channel_3;nln_overview_verified=True|channel_4;nln_overview_verified=True|channel_5;nln_overview_verified=True
nln_emp_leave_one_speed_out,test_speed_70,nln_emp,nln_emp_motor_2_100_bearing_bpfo_2_current,nln_emp_motor_2_100_bearing_bpfo_2,val,Motor-2,current,current,100,unknown,motor_2_speed_100,bearing_outer_race,1,fault,experimental,unknown,data/raw/nln_emp/Dataset/Electric/Motor-2/100/bearing bpfo 2/Electric_Motor-2_100_time-bearing bpfo 2-ch1.csv|data/raw/nln_emp/Dataset/Electric/Motor-2/100/bearing bpfo 2/Electric_Motor-2_100_time-bearing bpfo 2-ch2.csv|data/raw/nln_emp/Dataset/Electric/Motor-2/100/bearing bpfo 2/Electric_Motor-2_100_time-bearing bpfo 2-ch3.csv|data/raw/nln_emp/Dataset/Electric/Motor-2/100/bearing bpfo 2/Electric_Motor-2_100_time-bearing bpfo 2-ch4.csv|data/raw/nln_emp/Dataset/Electric/Motor-2/100/bearing bpfo 2/Electric_Motor-2_100_time-bearing bpfo 2-ch5.csv|data/raw/nln_emp/Dataset/Electric/Motor-2/100/bearing bpfo 2/Electric_Motor-2_100_time-bearing bpfo 2-ch6.csv,False,channel_1;nln_overview_verified=True|channel_2;nln_overview_verified=True|channel_3;nln_overview_verified=True|channel_4;nln_overview_verified=True|channel_5;nln_overview_verified=True|channel_6;nln_overview_verified=True
nln_emp_leave_one_speed_out,test_speed_70,nln_emp,nln_emp_motor_2_100_bearing_bpfo_2_vibration,nln_emp_motor_2_100_bearing_bpfo_2,val,Motor-2,vibration,vibration,100,unknown,motor_2_speed_100,bearing_outer_race,1,fault,experimental,unknown,data/raw/nln_emp/Dataset/Vibration/Motor-2/100/bearing bpfo 2/Vibration_Motor-2_100_time-bearing bpfo 2-ch1.csv|data/raw/nln_emp/Dataset/Vibration/Motor-2/100/bearing bpfo 2/Vibration_Motor-2_100_time-bearing bpfo 2-ch2.csv|data/raw/nln_emp/Dataset/Vibration/Motor-2/100/bearing bpfo 2/Vibration_Motor-2_100_time-bearing bpfo 2-ch3.csv|data/raw/nln_emp/Dataset/Vibration/Motor-2/100/bearing bpfo 2/Vibration_Motor-2_100_time-bearing bpfo 2-ch4.csv|data/raw/nln_emp/Dataset/Vibration/Motor-2/100/bearing bpfo 2/Vibration_Motor-2_100_time-bearing bpfo 2-ch5.csv,False,channel_1;nln_overview_verified=True|channel_2;nln_overview_verified=True|channel_3;nln_overview_verified=True|channel_4;nln_overview_verified=True|channel_5;nln_overview_verified=True
nln_emp_leave_one_speed_out,test_speed_70,nln_emp,nln_emp_motor_2_100_bearing_bpfo_3_current,nln_emp_motor_2_100_bearing_bpfo_3,train,Motor-2,current,current,100,unknown,motor_2_speed_100,bearing_outer_race,1,fault,experimental,unknown,data/raw/nln_emp/Dataset/Electric/Motor-2/100/bearing bpfo 3/Electric_Motor-2_100_time-bearing bpfo 3-ch1.csv|data/raw/nln_emp/Dataset/Electric/Motor-2/100/bearing bpfo 3/Electric_Motor-2_100_time-bearing bpfo 3-ch2.csv|data/raw/nln_emp/Dataset/Electric/Motor-2/100/bearing bpfo 3/Electric_Motor-2_100_time-bearing bpfo 3-ch3.csv|data/raw/nln_emp/Dataset/Electric/Motor-2/100/bearing bpfo 3/Electric_Motor-2_100_time-bearing bpfo 3-ch4.csv|data/raw/nln_emp/Dataset/Electric/Motor-2/100/bearing bpfo 3/Electric_Motor-2_100_time-bearing bpfo 3-ch5.csv|data/raw/nln_emp/Dataset/Electric/Motor-2/100/bearing bpfo 3/Electric_Motor-2_100_time-bearing bpfo 3-ch6.csv,False,channel_1;nln_overview_verified=True|channel_2;nln_overview_verified=True|channel_3;nln_overview_verified=True|channel_4;nln_overview_verified=True|channel_5;nln_overview_verified=True|channel_6;nln_overview_verified=True
nln_emp_leave_one_speed_out,test_speed_70,nln_emp,nln_emp_motor_2_100_bearing_bpfo_3_vibration,nln_emp_motor_2_100_bearing_bpfo_3,train,Motor-2,vibration,vibration,100,unknown,motor_2_speed_100,bearing_outer_race,1,fault,experimental,unknown,data/raw/nln_emp/Dataset/Vibration/Motor-2/100/bearing bpfo 3/Vibration_Motor-2_100_time-bearing bpfo 3-ch1.csv|data/raw/nln_emp/Dataset/Vibration/Motor-2/100/bearing bpfo 3/Vibration_Motor-2_100_time-bearing bpfo 3-ch2.csv|data/raw/nln_emp/Dataset/Vibration/Motor-2/100/bearing bpfo 3/Vibration_Motor-2_100_time-bearing bpfo 3-ch3.csv|data/raw/nln_emp/Dataset/Vibration/Motor-2/100/bearing bpfo 3/Vibration_Motor-2_100_time-bearing bpfo 3-ch4.csv|data/raw/nln_emp/Dataset/Vibration/Motor-2/100/bearing bpfo 3/Vibration_Motor-2_100_time-bearing bpfo 3-ch5.csv,False,channel_1;nln_overview_verified=True|channel_2;nln_overview_verified=True|channel_3;nln_overview_verified=True|channel_4;nln_overview_verified=True|channel_5;nln_overview_verified=True
nln_emp_leave_one_speed_out,test_speed_70,nln_emp,nln_emp_motor_2_100_bearing_bsf_current,nln_emp_motor_2_100_bearing_bsf,train,Motor-2,current,current,100,unknown,motor_2_speed_100,bearing_ball_spin,unknown,fault,experimental,unknown,data/raw/nln_emp/Dataset/Electric/Motor-2/100/bearing bsf/Electric_Motor-2_100_time-bearing bsf-ch1.csv|data/raw/nln_emp/Dataset/Electric/Motor-2/100/bearing bsf/Electric_Motor-2_100_time-bearing bsf-ch2.csv|data/raw/nln_emp/Dataset/Electric/Motor-2/100/bearing bsf/Electric_Motor-2_100_time-bearing bsf-ch3.csv|data/raw/nln_emp/Dataset/Electric/Motor-2/100/bearing bsf/Electric_Motor-2_100_time-bearing bsf-ch4.csv|data/raw/nln_emp/Dataset/Electric/Motor-2/100/bearing bsf/Electric_Motor-2_100_time-bearing bsf-ch5.csv|data/raw/nln_emp/Dataset/Electric/Motor-2/100/bearing bsf/Electric_Motor-2_100_time-bearing bsf-ch6.csv,False,channel_1;nln_overview_verified=True|channel_2;nln_overview_verified=True|channel_3;nln_overview_verified=True|channel_4;nln_overview_verified=True|channel_5;nln_overview_verified=True|channel_6;nln_overview_verified=True
nln_emp_leave_one_speed_out,test_speed_70,nln_emp,nln_emp_motor_2_100_bearing_bsf_vibration,nln_emp_motor_2_100_bearing_bsf,train,Motor-2,vibration,vibration,100,unknown,motor_2_speed_100,bearing_ball_spin,unknown,fault,experimental,unknown,data/raw/nln_emp/Dataset/Vibration/Motor-2/100/bearing bsf/Vibration_Motor-2_100_time-bearing bsf-ch1.csv|data/raw/nln_emp/Dataset/Vibration/Motor-2/100/bearing bsf/Vibration_Motor-2_100_time-bearing bsf-ch2.csv|data/raw/nln_emp/Dataset/Vibration/Motor-2/100/bearing bsf/Vibration_Motor-2_100_time-bearing bsf-ch3.csv|data/raw/nln_emp/Dataset/Vibration/Motor-2/100/bearing bsf/Vibration_Motor-2_100_time-bearing bsf-ch4.csv|data/raw/nln_emp/Dataset/Vibration/Motor-2/100/bearing bsf/Vibration_Motor-2_100_time-bearing bsf-ch5.csv,False,channel_1;nln_overview_verified=True|channel_2;nln_overview_verified=True|channel_3;nln_overview_verified=True|channel_4;nln_overview_verified=True|channel_5;nln_overview_verified=True
nln_emp_leave_one_speed_out,test_speed_70,nln_emp,nln_emp_motor_2_100_bearing_contaminated_current,nln_emp_motor_2_100_bearing_contaminated,train,Motor-2,current,current,100,unknown,motor_2_speed_100,bearing_contamination,unknown,fault,experimental,unknown,data/raw/nln_emp/Dataset/Electric/Motor-2/100/bearing contaminated/Electric_Motor-2_100_time-bearing contaminated-ch1.csv|data/raw/nln_emp/Dataset/Electric/Motor-2/100/bearing contaminated/Electric_Motor-2_100_time-bearing contaminated-ch2.csv|data/raw/nln_emp/Dataset/Electric/Motor-2/100/bearing contaminated/Electric_Motor-2_100_time-bearing contaminated-ch3.csv|data/raw/nln_emp/Dataset/Electric/Motor-2/100/bearing contaminated/Electric_Motor-2_100_time-bearing contaminated-ch4.csv|data/raw/nln_emp/Dataset/Electric/Motor-2/100/bearing contaminated/Electric_Motor-2_100_time-bearing contaminated-ch5.csv|data/raw/nln_emp/Dataset/Electric/Motor-2/100/bearing contaminated/Electric_Motor-2_100_time-bearing contaminated-ch6.csv,False,channel_1;nln_overview_verified=True|channel_2;nln_overview_verified=True|channel_3;nln_overview_verified=True|channel_4;nln_overview_verified=True|channel_5;nln_overview_verified=True|channel_6;nln_overview_verified=True
nln_emp_leave_one_speed_out,test_speed_70,nln_emp,nln_emp_motor_2_100_bearing_contaminated_vibration,nln_emp_motor_2_100_bearing_contaminated,train,Motor-2,vibration,vibration,100,unknown,motor_2_speed_100,bearing_contamination,unknown,fault,experimental,unknown,data/raw/nln_emp/Dataset/Vibration/Motor-2/100/bearing contaminated/Vibration_Motor-2_100_time-bearing contaminated-ch1.csv|data/raw/nln_emp/Dataset/Vibration/Motor-2/100/bearing contaminated/Vibration_Motor-2_100_time-bearing contaminated-ch2.csv|data/raw/nln_emp/Dataset/Vibration/Motor-2/100/bearing contaminated/Vibration_Motor-2_100_time-bearing contaminated-ch3.csv|data/raw/nln_emp/Dataset/Vibration/Motor-2/100/bearing contaminated/Vibration_Motor-2_100_time-bearing contaminated-ch4.csv|data/raw/nln_emp/Dataset/Vibration/Motor-2/100/bearing contaminated/Vibration_Motor-2_100_time-bearing contaminated-ch5.csv,False,channel_1;nln_overview_verified=True|channel_2;nln_overview_verified=True|channel_3;nln_overview_verified=True|channel_4;nln_overview_verified=True|channel_5;nln_overview_verified=True
nln_emp_leave_one_speed_out,test_speed_70,nln_emp,nln_emp_motor_2_100_bearing_pump_1_current,nln_emp_motor_2_100_bearing_pump_1,train,Motor-2,current,current,100,unknown,motor_2_speed_100,bearing_ball,2,fault,experimental,unknown,data/raw/nln_emp/Dataset/Electric/Motor-2/100/bearing pump 1/Electric_Motor-2_100_time-bearing pump 1-ch1.csv|data/raw/nln_emp/Dataset/Electric/Motor-2/100/bearing pump 1/Electric_Motor-2_100_time-bearing pump 1-ch2.csv|data/raw/nln_emp/Dataset/Electric/Motor-2/100/bearing pump 1/Electric_Motor-2_100_time-bearing pump 1-ch3.csv|data/raw/nln_emp/Dataset/Electric/Motor-2/100/bearing pump 1/Electric_Motor-2_100_time-bearing pump 1-ch4.csv|data/raw/nln_emp/Dataset/Electric/Motor-2/100/bearing pump 1/Electric_Motor-2_100_time-bearing pump 1-ch5.csv|data/raw/nln_emp/Dataset/Electric/Motor-2/100/bearing pump 1/Electric_Motor-2_100_time-bearing pump 1-ch6.csv,False,channel_1;nln_overview_verified=True|channel_2;nln_overview_verified=True|channel_3;nln_overview_verified=True|channel_4;nln_overview_verified=True|channel_5;nln_overview_verified=True|channel_6;nln_overview_verified=True
nln_emp_leave_one_speed_out,test_speed_70,nln_emp,nln_emp_motor_2_100_bearing_pump_1_vibration,nln_emp_motor_2_100_bearing_pump_1,train,Motor-2,vibration,vibration,100,unknown,motor_2_speed_100,bearing_ball,2,fault,experimental,unknown,data/raw/nln_emp/Dataset/Vibration/Motor-2/100/bearing pump 1/Vibration_Motor-2_100_time-bearing pump 1-ch1.csv|data/raw/nln_emp/Dataset/Vibration/Motor-2/100/bearing pump 1/Vibration_Motor-2_100_time-bearing pump 1-ch2.csv|data/raw/nln_emp/Dataset/Vibration/Motor-2/100/bearing pump 1/Vibration_Motor-2_100_time-bearing pump 1-ch3.csv|data/raw/nln_emp/Dataset/Vibration/Motor-2/100/bearing pump 1/Vibration_Motor-2_100_time-bearing pump 1-ch4.csv|data/raw/nln_emp/Dataset/Vibration/Motor-2/100/bearing pump 1/Vibration_Motor-2_100_time-bearing pump 1-ch5.csv,False,channel_1;nln_overview_verified=True|channel_2;nln_overview_verified=True|channel_3;nln_overview_verified=True|channel_4;nln_overview_verified=True|channel_5;nln_overview_verified=True
nln_emp_leave_one_speed_out,test_speed_70,nln_emp,nln_emp_motor_2_100_bearing_pump_2_current,nln_emp_motor_2_100_bearing_pump_2,train,Motor-2,current,current,100,unknown,motor_2_speed_100,bearing_ball,2,fault,experimental,unknown,data/raw/nln_emp/Dataset/Electric/Motor-2/100/bearing pump 2/Electric_Motor-2_100_time-bearing pump 2-ch1.csv|data/raw/nln_emp/Dataset/Electric/Motor-2/100/bearing pump 2/Electric_Motor-2_100_time-bearing pump 2-ch2.csv|data/raw/nln_emp/Dataset/Electric/Motor-2/100/bearing pump 2/Electric_Motor-2_100_time-bearing pump 2-ch3.csv|data/raw/nln_emp/Dataset/Electric/Motor-2/100/bearing pump 2/Electric_Motor-2_100_time-bearing pump 2-ch4.csv|data/raw/nln_emp/Dataset/Electric/Motor-2/100/bearing pump 2/Electric_Motor-2_100_time-bearing pump 2-ch5.csv|data/raw/nln_emp/Dataset/Electric/Motor-2/100/bearing pump 2/Electric_Motor-2_100_time-bearing pump 2-ch6.csv,False,channel_1;nln_overview_verified=True|channel_2;nln_overview_verified=True|channel_3;nln_overview_verified=True|channel_4;nln_overview_verified=True|channel_5;nln_overview_verified=True|channel_6;nln_overview_verified=True
nln_emp_leave_one_speed_out,test_speed_70,nln_emp,nln_emp_motor_2_100_bearing_pump_2_vibration,nln_emp_motor_2_100_bearing_pump_2,train,Motor-2,vibration,vibration,100,unknown,motor_2_speed_100,bearing_ball,2,fault,experimental,unknown,data/raw/nln_emp/Dataset/Vibration/Motor-2/100/bearing pump 2/Vibration_Motor-2_100_time-bearing pump 2-ch1.csv|data/raw/nln_emp/Dataset/Vibration/Motor-2/100/bearing pump 2/Vibration_Motor-2_100_time-bearing pump 2-ch2.csv|data/raw/nln_emp/Dataset/Vibration/Motor-2/100/bearing pump 2/Vibration_Motor-2_100_time-bearing pump 2-ch3.csv|data/raw/nln_emp/Dataset/Vibration/Motor-2/100/bearing pump 2/Vibration_Motor-2_100_time-bearing pump 2-ch4.csv|data/raw/nln_emp/Dataset/Vibration/Motor-2/100/bearing pump 2/Vibration_Motor-2_100_time-bearing pump 2-ch5.csv,False,channel_1;nln_overview_verified=True|channel_2;nln_overview_verified=True|channel_3;nln_overview_verified=True|channel_4;nln_overview_verified=True|channel_5;nln_overview_verified=True
nln_emp_leave_one_speed_out,test_speed_70,nln_emp,nln_emp_motor_2_100_bearing_pump_3_current,nln_emp_motor_2_100_bearing_pump_3,val,Motor-2,current,current,100,unknown,motor_2_speed_100,bearing_ball,2,fault,experimental,unknown,data/raw/nln_emp/Dataset/Electric/Motor-2/100/bearing pump 3/Electric_Motor-2_100_time-bearing pump 3-ch1.csv|data/raw/nln_emp/Dataset/Electric/Motor-2/100/bearing pump 3/Electric_Motor-2_100_time-bearing pump 3-ch2.csv|data/raw/nln_emp/Dataset/Electric/Motor-2/100/bearing pump 3/Electric_Motor-2_100_time-bearing pump 3-ch3.csv|data/raw/nln_emp/Dataset/Electric/Motor-2/100/bearing pump 3/Electric_Motor-2_100_time-bearing pump 3-ch4.csv|data/raw/nln_emp/Dataset/Electric/Motor-2/100/bearing pump 3/Electric_Motor-2_100_time-bearing pump 3-ch5.csv|data/raw/nln_emp/Dataset/Electric/Motor-2/100/bearing pump 3/Electric_Motor-2_100_time-bearing pump 3-ch6.csv,False,channel_1;nln_overview_verified=True|channel_2;nln_overview_verified=True|channel_3;nln_overview_verified=True|channel_4;nln_overview_verified=True|channel_5;nln_overview_verified=True|channel_6;nln_overview_verified=True
nln_emp_leave_one_speed_out,test_speed_70,nln_emp,nln_emp_motor_2_100_bearing_pump_3_vibration,nln_emp_motor_2_100_bearing_pump_3,val,Motor-2,vibration,vibration,100,unknown,motor_2_speed_100,bearing_ball,2,fault,experimental,unknown,data/raw/nln_emp/Dataset/Vibration/Motor-2/100/bearing pump 3/Vibration_Motor-2_100_time-bearing pump 3-ch1.csv|data/raw/nln_emp/Dataset/Vibration/Motor-2/100/bearing pump 3/Vibration_Motor-2_100_time-bearing pump 3-ch2.csv|data/raw/nln_emp/Dataset/Vibration/Motor-2/100/bearing pump 3/Vibration_Motor-2_100_time-bearing pump 3-ch3.csv|data/raw/nln_emp/Dataset/Vibration/Motor-2/100/bearing pump 3/Vibration_Motor-2_100_time-bearing pump 3-ch4.csv|data/raw/nln_emp/Dataset/Vibration/Motor-2/100/bearing pump 3/Vibration_Motor-2_100_time-bearing pump 3-ch5.csv,False,channel_1;nln_overview_verified=True|channel_2;nln_overview_verified=True|channel_3;nln_overview_verified=True|channel_4;nln_overview_verified=True|channel_5;nln_overview_verified=True
nln_emp_leave_one_speed_out,test_speed_70,nln_emp,nln_emp_motor_2_100_broken_rotor_bar_current,nln_emp_motor_2_100_broken_rotor_bar,train,Motor-2,current,current,100,unknown,motor_2_speed_100,rotor_fault,unknown,fault,experimental,unknown,data/raw/nln_emp/Dataset/Electric/Motor-2/100/broken rotor bar/Electric_Motor-2_100_time-broken rotor bar-ch1.csv|data/raw/nln_emp/Dataset/Electric/Motor-2/100/broken rotor bar/Electric_Motor-2_100_time-broken rotor bar-ch2.csv|data/raw/nln_emp/Dataset/Electric/Motor-2/100/broken rotor bar/Electric_Motor-2_100_time-broken rotor bar-ch3.csv|data/raw/nln_emp/Dataset/Electric/Motor-2/100/broken rotor bar/Electric_Motor-2_100_time-broken rotor bar-ch4.csv|data/raw/nln_emp/Dataset/Electric/Motor-2/100/broken rotor bar/Electric_Motor-2_100_time-broken rotor bar-ch5.csv|data/raw/nln_emp/Dataset/Electric/Motor-2/100/broken rotor bar/Electric_Motor-2_100_time-broken rotor bar-ch6.csv,False,channel_1;nln_overview_verified=True|channel_2;nln_overview_verified=True|channel_3;nln_overview_verified=True|channel_4;nln_overview_verified=True|channel_5;nln_overview_verified=True|channel_6;nln_overview_verified=True
nln_emp_leave_one_speed_out,test_speed_70,nln_emp,nln_emp_motor_2_100_broken_rotor_bar_vibration,nln_emp_motor_2_100_broken_rotor_bar,train,Motor-2,vibration,vibration,100,unknown,motor_2_speed_100,rotor_fault,unknown,fault,experimental,unknown,data/raw/nln_emp/Dataset/Vibration/Motor-2/100/broken rotor bar/Vibration_Motor-2_100_time-broken rotor bar-ch1.csv|data/raw/nln_emp/Dataset/Vibration/Motor-2/100/broken rotor bar/Vibration_Motor-2_100_time-broken rotor bar-ch2.csv|data/raw/nln_emp/Dataset/Vibration/Motor-2/100/broken rotor bar/Vibration_Motor-2_100_time-broken rotor bar-ch3.csv|data/raw/nln_emp/Dataset/Vibration/Motor-2/100/broken rotor bar/Vibration_Motor-2_100_time-broken rotor bar-ch4.csv|data/raw/nln_emp/Dataset/Vibration/Motor-2/100/broken rotor bar/Vibration_Motor-2_100_time-broken rotor bar-ch5.csv,False,channel_1;nln_overview_verified=True|channel_2;nln_overview_verified=True|channel_3;nln_overview_verified=True|channel_4;nln_overview_verified=True|channel_5;nln_overview_verified=True
nln_emp_leave_one_speed_out,test_speed_70,nln_emp,nln_emp_motor_2_100_healthy_1_current,nln_emp_motor_2_100_healthy_1,val,Motor-2,current,current,100,unknown,motor_2_speed_100,healthy,0,healthy,experimental,unknown,data/raw/nln_emp/Dataset/Electric/Motor-2/100/healthy 1/Electric_Motor-2_100_time-healthy 1-ch1.csv|data/raw/nln_emp/Dataset/Electric/Motor-2/100/healthy 1/Electric_Motor-2_100_time-healthy 1-ch2.csv|data/raw/nln_emp/Dataset/Electric/Motor-2/100/healthy 1/Electric_Motor-2_100_time-healthy 1-ch3.csv|data/raw/nln_emp/Dataset/Electric/Motor-2/100/healthy 1/Electric_Motor-2_100_time-healthy 1-ch4.csv|data/raw/nln_emp/Dataset/Electric/Motor-2/100/healthy 1/Electric_Motor-2_100_time-healthy 1-ch5.csv|data/raw/nln_emp/Dataset/Electric/Motor-2/100/healthy 1/Electric_Motor-2_100_time-healthy 1-ch6.csv,False,channel_1;nln_overview_verified=True|channel_2;nln_overview_verified=True|channel_3;nln_overview_verified=True|channel_4;nln_overview_verified=True|channel_5;nln_overview_verified=True|channel_6;nln_overview_verified=True
nln_emp_leave_one_speed_out,test_speed_70,nln_emp,nln_emp_motor_2_100_healthy_1_vibration,nln_emp_motor_2_100_healthy_1,val,Motor-2,vibration,vibration,100,unknown,motor_2_speed_100,healthy,0,healthy,experimental,unknown,data/raw/nln_emp/Dataset/Vibration/Motor-2/100/healthy 1/Vibration_Motor-2_100_time-healthy 1-ch1.csv|data/raw/nln_emp/Dataset/Vibration/Motor-2/100/healthy 1/Vibration_Motor-2_100_time-healthy 1-ch2.csv|data/raw/nln_emp/Dataset/Vibration/Motor-2/100/healthy 1/Vibration_Motor-2_100_time-healthy 1-ch3.csv|data/raw/nln_emp/Dataset/Vibration/Motor-2/100/healthy 1/Vibration_Motor-2_100_time-healthy 1-ch4.csv|data/raw/nln_emp/Dataset/Vibration/Motor-2/100/healthy 1/Vibration_Motor-2_100_time-healthy 1-ch5.csv,False,channel_1;nln_overview_verified=True|channel_2;nln_overview_verified=True|channel_3;nln_overview_verified=True|channel_4;nln_overview_verified=True|channel_5;nln_overview_verified=True
nln_emp_leave_one_speed_out,test_speed_70,nln_emp,nln_emp_motor_2_100_healthy_2_current,nln_emp_motor_2_100_healthy_2,train,Motor-2,current,current,100,unknown,motor_2_speed_100,healthy,0,healthy,experimental,unknown,data/raw/nln_emp/Dataset/Electric/Motor-2/100/healthy 2/Electric_Motor-2_100_time-healthy 2-ch1.csv|data/raw/nln_emp/Dataset/Electric/Motor-2/100/healthy 2/Electric_Motor-2_100_time-healthy 2-ch2.csv|data/raw/nln_emp/Dataset/Electric/Motor-2/100/healthy 2/Electric_Motor-2_100_time-healthy 2-ch3.csv|data/raw/nln_emp/Dataset/Electric/Motor-2/100/healthy 2/Electric_Motor-2_100_time-healthy 2-ch4.csv|data/raw/nln_emp/Dataset/Electric/Motor-2/100/healthy 2/Electric_Motor-2_100_time-healthy 2-ch5.csv|data/raw/nln_emp/Dataset/Electric/Motor-2/100/healthy 2/Electric_Motor-2_100_time-healthy 2-ch6.csv,False,channel_1;nln_overview_verified=True|channel_2;nln_overview_verified=True|channel_3;nln_overview_verified=True|channel_4;nln_overview_verified=True|channel_5;nln_overview_verified=True|channel_6;nln_overview_verified=True
nln_emp_leave_one_speed_out,test_speed_70,nln_emp,nln_emp_motor_2_100_healthy_2_vibration,nln_emp_motor_2_100_healthy_2,train,Motor-2,vibration,vibration,100,unknown,motor_2_speed_100,healthy,0,healthy,experimental,unknown,data/raw/nln_emp/Dataset/Vibration/Motor-2/100/healthy 2/Vibration_Motor-2_100_time-healthy 2-ch1.csv|data/raw/nln_emp/Dataset/Vibration/Motor-2/100/healthy 2/Vibration_Motor-2_100_time-healthy 2-ch2.csv|data/raw/nln_emp/Dataset/Vibration/Motor-2/100/healthy 2/Vibration_Motor-2_100_time-healthy 2-ch3.csv|data/raw/nln_emp/Dataset/Vibration/Motor-2/100/healthy 2/Vibration_Motor-2_100_time-healthy 2-ch4.csv|data/raw/nln_emp/Dataset/Vibration/Motor-2/100/healthy 2/Vibration_Motor-2_100_time-healthy 2-ch5.csv,False,channel_1;nln_overview_verified=True|channel_2;nln_overview_verified=True|channel_3;nln_overview_verified=True|channel_4;nln_overview_verified=True|channel_5;nln_overview_verified=True
nln_emp_leave_one_speed_out,test_speed_70,nln_emp,nln_emp_motor_2_100_healthy_3_current,nln_emp_motor_2_100_healthy_3,train,Motor-2,current,current,100,unknown,motor_2_speed_100,healthy,0,healthy,experimental,unknown,data/raw/nln_emp/Dataset/Electric/Motor-2/100/healthy 3/Electric_Motor-2_100_time-healthy 3-ch1.csv|data/raw/nln_emp/Dataset/Electric/Motor-2/100/healthy 3/Electric_Motor-2_100_time-healthy 3-ch2.csv|data/raw/nln_emp/Dataset/Electric/Motor-2/100/healthy 3/Electric_Motor-2_100_time-healthy 3-ch3.csv|data/raw/nln_emp/Dataset/Electric/Motor-2/100/healthy 3/Electric_Motor-2_100_time-healthy 3-ch4.csv|data/raw/nln_emp/Dataset/Electric/Motor-2/100/healthy 3/Electric_Motor-2_100_time-healthy 3-ch5.csv|data/raw/nln_emp/Dataset/Electric/Motor-2/100/healthy 3/Electric_Motor-2_100_time-healthy 3-ch6.csv,False,channel_1;nln_overview_verified=True|channel_2;nln_overview_verified=True|channel_3;nln_overview_verified=True|channel_4;nln_overview_verified=True|channel_5;nln_overview_verified=True|channel_6;nln_overview_verified=True
nln_emp_leave_one_speed_out,test_speed_70,nln_emp,nln_emp_motor_2_100_healthy_3_vibration,nln_emp_motor_2_100_healthy_3,train,Motor-2,vibration,vibration,100,unknown,motor_2_speed_100,healthy,0,healthy,experimental,unknown,data/raw/nln_emp/Dataset/Vibration/Motor-2/100/healthy 3/Vibration_Motor-2_100_time-healthy 3-ch1.csv|data/raw/nln_emp/Dataset/Vibration/Motor-2/100/healthy 3/Vibration_Motor-2_100_time-healthy 3-ch2.csv|data/raw/nln_emp/Dataset/Vibration/Motor-2/100/healthy 3/Vibration_Motor-2_100_time-healthy 3-ch3.csv|data/raw/nln_emp/Dataset/Vibration/Motor-2/100/healthy 3/Vibration_Motor-2_100_time-healthy 3-ch4.csv|data/raw/nln_emp/Dataset/Vibration/Motor-2/100/healthy 3/Vibration_Motor-2_100_time-healthy 3-ch5.csv,False,channel_1;nln_overview_verified=True|channel_2;nln_overview_verified=True|channel_3;nln_overview_verified=True|channel_4;nln_overview_verified=True|channel_5;nln_overview_verified=True
nln_emp_leave_one_speed_out,test_speed_70,nln_emp,nln_emp_motor_2_100_healthy_noise_current,nln_emp_motor_2_100_healthy_noise,train,Motor-2,current,current,100,unknown,motor_2_speed_100,healthy,0,healthy,experimental,unknown,data/raw/nln_emp/Dataset/Electric/Motor-2/100/healthy noise/Electric_Motor-2_100_time-healthy noise-ch1.csv|data/raw/nln_emp/Dataset/Electric/Motor-2/100/healthy noise/Electric_Motor-2_100_time-healthy noise-ch2.csv|data/raw/nln_emp/Dataset/Electric/Motor-2/100/healthy noise/Electric_Motor-2_100_time-healthy noise-ch3.csv|data/raw/nln_emp/Dataset/Electric/Motor-2/100/healthy noise/Electric_Motor-2_100_time-healthy noise-ch4.csv|data/raw/nln_emp/Dataset/Electric/Motor-2/100/healthy noise/Electric_Motor-2_100_time-healthy noise-ch5.csv|data/raw/nln_emp/Dataset/Electric/Motor-2/100/healthy noise/Electric_Motor-2_100_time-healthy noise-ch6.csv,False,channel_1;nln_overview_verified=True|channel_2;nln_overview_verified=True|channel_3;nln_overview_verified=True|channel_4;nln_overview_verified=True|channel_5;nln_overview_verified=True|channel_6;nln_overview_verified=True
nln_emp_leave_one_speed_out,test_speed_70,nln_emp,nln_emp_motor_2_100_healthy_noise_vibration,nln_emp_motor_2_100_healthy_noise,train,Motor-2,vibration,vibration,100,unknown,motor_2_speed_100,healthy,0,healthy,experimental,unknown,data/raw/nln_emp/Dataset/Vibration/Motor-2/100/healthy noise/Vibration_Motor-2_100_time-healthy noise-ch1.csv|data/raw/nln_emp/Dataset/Vibration/Motor-2/100/healthy noise/Vibration_Motor-2_100_time-healthy noise-ch2.csv|data/raw/nln_emp/Dataset/Vibration/Motor-2/100/healthy noise/Vibration_Motor-2_100_time-healthy noise-ch3.csv|data/raw/nln_emp/Dataset/Vibration/Motor-2/100/healthy noise/Vibration_Motor-2_100_time-healthy noise-ch4.csv|data/raw/nln_emp/Dataset/Vibration/Motor-2/100/healthy noise/Vibration_Motor-2_100_time-healthy noise-ch5.csv,False,channel_1;nln_overview_verified=True|channel_2;nln_overview_verified=True|channel_3;nln_overview_verified=True|channel_4;nln_overview_verified=True|channel_5;nln_overview_verified=True
nln_emp_leave_one_speed_out,test_speed_70,nln_emp,nln_emp_motor_2_100_impeller_1_current,nln_emp_motor_2_100_impeller_1,train,Motor-2,current,current,100,unknown,motor_2_speed_100,impeller_fault,1,fault,experimental,unknown,data/raw/nln_emp/Dataset/Electric/Motor-2/100/impeller 1/Electric_Motor-2_100_time-impeller 1-ch1.csv|data/raw/nln_emp/Dataset/Electric/Motor-2/100/impeller 1/Electric_Motor-2_100_time-impeller 1-ch2.csv|data/raw/nln_emp/Dataset/Electric/Motor-2/100/impeller 1/Electric_Motor-2_100_time-impeller 1-ch3.csv|data/raw/nln_emp/Dataset/Electric/Motor-2/100/impeller 1/Electric_Motor-2_100_time-impeller 1-ch4.csv|data/raw/nln_emp/Dataset/Electric/Motor-2/100/impeller 1/Electric_Motor-2_100_time-impeller 1-ch5.csv|data/raw/nln_emp/Dataset/Electric/Motor-2/100/impeller 1/Electric_Motor-2_100_time-impeller 1-ch6.csv,False,channel_1;nln_overview_verified=True|channel_2;nln_overview_verified=True|channel_3;nln_overview_verified=True|channel_4;nln_overview_verified=True|channel_5;nln_overview_verified=True|channel_6;nln_overview_verified=True
nln_emp_leave_one_speed_out,test_speed_70,nln_emp,nln_emp_motor_2_100_impeller_1_vibration,nln_emp_motor_2_100_impeller_1,train,Motor-2,vibration,vibration,100,unknown,motor_2_speed_100,impeller_fault,1,fault,experimental,unknown,data/raw/nln_emp/Dataset/Vibration/Motor-2/100/impeller 1/Vibration_Motor-2_100_time-impeller 1-ch1.csv|data/raw/nln_emp/Dataset/Vibration/Motor-2/100/impeller 1/Vibration_Motor-2_100_time-impeller 1-ch2.csv|data/raw/nln_emp/Dataset/Vibration/Motor-2/100/impeller 1/Vibration_Motor-2_100_time-impeller 1-ch3.csv|data/raw/nln_emp/Dataset/Vibration/Motor-2/100/impeller 1/Vibration_Motor-2_100_time-impeller 1-ch4.csv|data/raw/nln_emp/Dataset/Vibration/Motor-2/100/impeller 1/Vibration_Motor-2_100_time-impeller 1-ch5.csv,False,channel_1;nln_overview_verified=True|channel_2;nln_overview_verified=True|channel_3;nln_overview_verified=True|channel_4;nln_overview_verified=True|channel_5;nln_overview_verified=True
nln_emp_leave_one_speed_out,test_speed_70,nln_emp,nln_emp_motor_2_100_impeller_2_current,nln_emp_motor_2_100_impeller_2,train,Motor-2,current,current,100,unknown,motor_2_speed_100,impeller_fault,1,fault,experimental,unknown,data/raw/nln_emp/Dataset/Electric/Motor-2/100/impeller 2/Electric_Motor-2_100_time-impeller 2-ch1.csv|data/raw/nln_emp/Dataset/Electric/Motor-2/100/impeller 2/Electric_Motor-2_100_time-impeller 2-ch2.csv|data/raw/nln_emp/Dataset/Electric/Motor-2/100/impeller 2/Electric_Motor-2_100_time-impeller 2-ch3.csv|data/raw/nln_emp/Dataset/Electric/Motor-2/100/impeller 2/Electric_Motor-2_100_time-impeller 2-ch4.csv|data/raw/nln_emp/Dataset/Electric/Motor-2/100/impeller 2/Electric_Motor-2_100_time-impeller 2-ch5.csv|data/raw/nln_emp/Dataset/Electric/Motor-2/100/impeller 2/Electric_Motor-2_100_time-impeller 2-ch6.csv,False,channel_1;nln_overview_verified=True|channel_2;nln_overview_verified=True|channel_3;nln_overview_verified=True|channel_4;nln_overview_verified=True|channel_5;nln_overview_verified=True|channel_6;nln_overview_verified=True
nln_emp_leave_one_speed_out,test_speed_70,nln_emp,nln_emp_motor_2_100_impeller_2_vibration,nln_emp_motor_2_100_impeller_2,train,Motor-2,vibration,vibration,100,unknown,motor_2_speed_100,impeller_fault,1,fault,experimental,unknown,data/raw/nln_emp/Dataset/Vibration/Motor-2/100/impeller 2/Vibration_Motor-2_100_time-impeller 2-ch1.csv|data/raw/nln_emp/Dataset/Vibration/Motor-2/100/impeller 2/Vibration_Motor-2_100_time-impeller 2-ch2.csv|data/raw/nln_emp/Dataset/Vibration/Motor-2/100/impeller 2/Vibration_Motor-2_100_time-impeller 2-ch3.csv|data/raw/nln_emp/Dataset/Vibration/Motor-2/100/impeller 2/Vibration_Motor-2_100_time-impeller 2-ch4.csv|data/raw/nln_emp/Dataset/Vibration/Motor-2/100/impeller 2/Vibration_Motor-2_100_time-impeller 2-ch5.csv,False,channel_1;nln_overview_verified=True|channel_2;nln_overview_verified=True|channel_3;nln_overview_verified=True|channel_4;nln_overview_verified=True|channel_5;nln_overview_verified=True
nln_emp_leave_one_speed_out,test_speed_70,nln_emp,nln_emp_motor_2_100_impeller_3_current,nln_emp_motor_2_100_impeller_3,train,Motor-2,current,current,100,unknown,motor_2_speed_100,impeller_fault,1,fault,experimental,unknown,data/raw/nln_emp/Dataset/Electric/Motor-2/100/impeller 3/Electric_Motor-2_100_time-impeller 3-ch1.csv|data/raw/nln_emp/Dataset/Electric/Motor-2/100/impeller 3/Electric_Motor-2_100_time-impeller 3-ch2.csv|data/raw/nln_emp/Dataset/Electric/Motor-2/100/impeller 3/Electric_Motor-2_100_time-impeller 3-ch3.csv|data/raw/nln_emp/Dataset/Electric/Motor-2/100/impeller 3/Electric_Motor-2_100_time-impeller 3-ch4.csv|data/raw/nln_emp/Dataset/Electric/Motor-2/100/impeller 3/Electric_Motor-2_100_time-impeller 3-ch5.csv|data/raw/nln_emp/Dataset/Electric/Motor-2/100/impeller 3/Electric_Motor-2_100_time-impeller 3-ch6.csv,False,channel_1;nln_overview_verified=True|channel_2;nln_overview_verified=True|channel_3;nln_overview_verified=True|channel_4;nln_overview_verified=True|channel_5;nln_overview_verified=True|channel_6;nln_overview_verified=True
nln_emp_leave_one_speed_out,test_speed_70,nln_emp,nln_emp_motor_2_100_impeller_3_vibration,nln_emp_motor_2_100_impeller_3,train,Motor-2,vibration,vibration,100,unknown,motor_2_speed_100,impeller_fault,1,fault,experimental,unknown,data/raw/nln_emp/Dataset/Vibration/Motor-2/100/impeller 3/Vibration_Motor-2_100_time-impeller 3-ch1.csv|data/raw/nln_emp/Dataset/Vibration/Motor-2/100/impeller 3/Vibration_Motor-2_100_time-impeller 3-ch2.csv|data/raw/nln_emp/Dataset/Vibration/Motor-2/100/impeller 3/Vibration_Motor-2_100_time-impeller 3-ch3.csv|data/raw/nln_emp/Dataset/Vibration/Motor-2/100/impeller 3/Vibration_Motor-2_100_time-impeller 3-ch4.csv|data/raw/nln_emp/Dataset/Vibration/Motor-2/100/impeller 3/Vibration_Motor-2_100_time-impeller 3-ch5.csv,False,channel_1;nln_overview_verified=True|channel_2;nln_overview_verified=True|channel_3;nln_overview_verified=True|channel_4;nln_overview_verified=True|channel_5;nln_overview_verified=True
nln_emp_leave_one_speed_out,test_speed_70,nln_emp,nln_emp_motor_2_100_loose_foot_motor_current,nln_emp_motor_2_100_loose_foot_motor,train,Motor-2,current,current,100,unknown,motor_2_speed_100,looseness_soft_foot,unknown,fault,experimental,unknown,data/raw/nln_emp/Dataset/Electric/Motor-2/100/loose foot motor/Electric_Motor-2_100_time-loose foot motor-ch1.csv|data/raw/nln_emp/Dataset/Electric/Motor-2/100/loose foot motor/Electric_Motor-2_100_time-loose foot motor-ch2.csv|data/raw/nln_emp/Dataset/Electric/Motor-2/100/loose foot motor/Electric_Motor-2_100_time-loose foot motor-ch3.csv|data/raw/nln_emp/Dataset/Electric/Motor-2/100/loose foot motor/Electric_Motor-2_100_time-loose foot motor-ch4.csv|data/raw/nln_emp/Dataset/Electric/Motor-2/100/loose foot motor/Electric_Motor-2_100_time-loose foot motor-ch5.csv|data/raw/nln_emp/Dataset/Electric/Motor-2/100/loose foot motor/Electric_Motor-2_100_time-loose foot motor-ch6.csv,False,channel_1;nln_overview_verified=True|channel_2;nln_overview_verified=True|channel_3;nln_overview_verified=True|channel_4;nln_overview_verified=True|channel_5;nln_overview_verified=True|channel_6;nln_overview_verified=True
nln_emp_leave_one_speed_out,test_speed_70,nln_emp,nln_emp_motor_2_100_loose_foot_motor_vibration,nln_emp_motor_2_100_loose_foot_motor,train,Motor-2,vibration,vibration,100,unknown,motor_2_speed_100,looseness_soft_foot,unknown,fault,experimental,unknown,data/raw/nln_emp/Dataset/Vibration/Motor-2/100/loose foot motor/Vibration_Motor-2_100_time-loose foot motor-ch1.csv|data/raw/nln_emp/Dataset/Vibration/Motor-2/100/loose foot motor/Vibration_Motor-2_100_time-loose foot motor-ch2.csv|data/raw/nln_emp/Dataset/Vibration/Motor-2/100/loose foot motor/Vibration_Motor-2_100_time-loose foot motor-ch3.csv|data/raw/nln_emp/Dataset/Vibration/Motor-2/100/loose foot motor/Vibration_Motor-2_100_time-loose foot motor-ch4.csv|data/raw/nln_emp/Dataset/Vibration/Motor-2/100/loose foot motor/Vibration_Motor-2_100_time-loose foot motor-ch5.csv,False,channel_1;nln_overview_verified=True|channel_2;nln_overview_verified=True|channel_3;nln_overview_verified=True|channel_4;nln_overview_verified=True|channel_5;nln_overview_verified=True
nln_emp_leave_one_speed_out,test_speed_70,nln_emp,nln_emp_motor_2_100_loose_foot_pump_current,nln_emp_motor_2_100_loose_foot_pump,train,Motor-2,current,current,100,unknown,motor_2_speed_100,looseness_soft_foot,unknown,fault,experimental,unknown,data/raw/nln_emp/Dataset/Electric/Motor-2/100/loose foot pump/Electric_Motor-2_100_time-loose foot pump-ch1.csv|data/raw/nln_emp/Dataset/Electric/Motor-2/100/loose foot pump/Electric_Motor-2_100_time-loose foot pump-ch2.csv|data/raw/nln_emp/Dataset/Electric/Motor-2/100/loose foot pump/Electric_Motor-2_100_time-loose foot pump-ch3.csv|data/raw/nln_emp/Dataset/Electric/Motor-2/100/loose foot pump/Electric_Motor-2_100_time-loose foot pump-ch4.csv|data/raw/nln_emp/Dataset/Electric/Motor-2/100/loose foot pump/Electric_Motor-2_100_time-loose foot pump-ch5.csv|data/raw/nln_emp/Dataset/Electric/Motor-2/100/loose foot pump/Electric_Motor-2_100_time-loose foot pump-ch6.csv,False,channel_1;nln_overview_verified=True|channel_2;nln_overview_verified=True|channel_3;nln_overview_verified=True|channel_4;nln_overview_verified=True|channel_5;nln_overview_verified=True|channel_6;nln_overview_verified=True
nln_emp_leave_one_speed_out,test_speed_70,nln_emp,nln_emp_motor_2_100_loose_foot_pump_vibration,nln_emp_motor_2_100_loose_foot_pump,train,Motor-2,vibration,vibration,100,unknown,motor_2_speed_100,looseness_soft_foot,unknown,fault,experimental,unknown,data/raw/nln_emp/Dataset/Vibration/Motor-2/100/loose foot pump/Vibration_Motor-2_100_time-loose foot pump-ch1.csv|data/raw/nln_emp/Dataset/Vibration/Motor-2/100/loose foot pump/Vibration_Motor-2_100_time-loose foot pump-ch2.csv|data/raw/nln_emp/Dataset/Vibration/Motor-2/100/loose foot pump/Vibration_Motor-2_100_time-loose foot pump-ch3.csv|data/raw/nln_emp/Dataset/Vibration/Motor-2/100/loose foot pump/Vibration_Motor-2_100_time-loose foot pump-ch4.csv|data/raw/nln_emp/Dataset/Vibration/Motor-2/100/loose foot pump/Vibration_Motor-2_100_time-loose foot pump-ch5.csv,False,channel_1;nln_overview_verified=True|channel_2;nln_overview_verified=True|channel_3;nln_overview_verified=True|channel_4;nln_overview_verified=True|channel_5;nln_overview_verified=True
nln_emp_leave_one_speed_out,test_speed_70,nln_emp,nln_emp_motor_2_100_new_motor_current,nln_emp_motor_2_100_new_motor,train,Motor-2,current,current,100,unknown,motor_2_speed_100,healthy,0,healthy,experimental,unknown,data/raw/nln_emp/Dataset/Electric/Motor-2/100/new motor/Electric_Motor-2_100_time-new motor-ch1.csv|data/raw/nln_emp/Dataset/Electric/Motor-2/100/new motor/Electric_Motor-2_100_time-new motor-ch2.csv|data/raw/nln_emp/Dataset/Electric/Motor-2/100/new motor/Electric_Motor-2_100_time-new motor-ch3.csv|data/raw/nln_emp/Dataset/Electric/Motor-2/100/new motor/Electric_Motor-2_100_time-new motor-ch4.csv|data/raw/nln_emp/Dataset/Electric/Motor-2/100/new motor/Electric_Motor-2_100_time-new motor-ch5.csv|data/raw/nln_emp/Dataset/Electric/Motor-2/100/new motor/Electric_Motor-2_100_time-new motor-ch6.csv,False,channel_1;nln_overview_verified=True|channel_2;nln_overview_verified=True|channel_3;nln_overview_verified=True|channel_4;nln_overview_verified=True|channel_5;nln_overview_verified=True|channel_6;nln_overview_verified=True
nln_emp_leave_one_speed_out,test_speed_70,nln_emp,nln_emp_motor_2_100_new_motor_vibration,nln_emp_motor_2_100_new_motor,train,Motor-2,vibration,vibration,100,unknown,motor_2_speed_100,healthy,0,healthy,experimental,unknown,data/raw/nln_emp/Dataset/Vibration/Motor-2/100/new motor/Vibration_Motor-2_100_time-new motor-ch1.csv|data/raw/nln_emp/Dataset/Vibration/Motor-2/100/new motor/Vibration_Motor-2_100_time-new motor-ch2.csv|data/raw/nln_emp/Dataset/Vibration/Motor-2/100/new motor/Vibration_Motor-2_100_time-new motor-ch3.csv|data/raw/nln_emp/Dataset/Vibration/Motor-2/100/new motor/Vibration_Motor-2_100_time-new motor-ch4.csv|data/raw/nln_emp/Dataset/Vibration/Motor-2/100/new motor/Vibration_Motor-2_100_time-new motor-ch5.csv,False,channel_1;nln_overview_verified=True|channel_2;nln_overview_verified=True|channel_3;nln_overview_verified=True|channel_4;nln_overview_verified=True|channel_5;nln_overview_verified=True
nln_emp_leave_one_speed_out,test_speed_70,nln_emp,nln_emp_motor_2_100_soft_foot_1_current,nln_emp_motor_2_100_soft_foot_1,val,Motor-2,current,current,100,unknown,motor_2_speed_100,looseness_soft_foot,2,fault,experimental,unknown,data/raw/nln_emp/Dataset/Electric/Motor-2/100/soft foot 1/Electric_Motor-2_100_time-soft foot 1-ch1.csv|data/raw/nln_emp/Dataset/Electric/Motor-2/100/soft foot 1/Electric_Motor-2_100_time-soft foot 1-ch2.csv|data/raw/nln_emp/Dataset/Electric/Motor-2/100/soft foot 1/Electric_Motor-2_100_time-soft foot 1-ch3.csv|data/raw/nln_emp/Dataset/Electric/Motor-2/100/soft foot 1/Electric_Motor-2_100_time-soft foot 1-ch4.csv|data/raw/nln_emp/Dataset/Electric/Motor-2/100/soft foot 1/Electric_Motor-2_100_time-soft foot 1-ch5.csv|data/raw/nln_emp/Dataset/Electric/Motor-2/100/soft foot 1/Electric_Motor-2_100_time-soft foot 1-ch6.csv,False,channel_1;nln_overview_verified=True|channel_2;nln_overview_verified=True|channel_3;nln_overview_verified=True|channel_4;nln_overview_verified=True|channel_5;nln_overview_verified=True|channel_6;nln_overview_verified=True
nln_emp_leave_one_speed_out,test_speed_70,nln_emp,nln_emp_motor_2_100_soft_foot_1_vibration,nln_emp_motor_2_100_soft_foot_1,val,Motor-2,vibration,vibration,100,unknown,motor_2_speed_100,looseness_soft_foot,2,fault,experimental,unknown,data/raw/nln_emp/Dataset/Vibration/Motor-2/100/soft foot 1/Vibration_Motor-2_100_time-soft foot 1-ch1.csv|data/raw/nln_emp/Dataset/Vibration/Motor-2/100/soft foot 1/Vibration_Motor-2_100_time-soft foot 1-ch2.csv|data/raw/nln_emp/Dataset/Vibration/Motor-2/100/soft foot 1/Vibration_Motor-2_100_time-soft foot 1-ch3.csv|data/raw/nln_emp/Dataset/Vibration/Motor-2/100/soft foot 1/Vibration_Motor-2_100_time-soft foot 1-ch4.csv|data/raw/nln_emp/Dataset/Vibration/Motor-2/100/soft foot 1/Vibration_Motor-2_100_time-soft foot 1-ch5.csv,False,channel_1;nln_overview_verified=True|channel_2;nln_overview_verified=True|channel_3;nln_overview_verified=True|channel_4;nln_overview_verified=True|channel_5;nln_overview_verified=True
nln_emp_leave_one_speed_out,test_speed_70,nln_emp,nln_emp_motor_2_100_soft_foot_2_current,nln_emp_motor_2_100_soft_foot_2,train,Motor-2,current,current,100,unknown,motor_2_speed_100,looseness_soft_foot,2,fault,experimental,unknown,data/raw/nln_emp/Dataset/Electric/Motor-2/100/soft foot 2/Electric_Motor-2_100_time-soft foot 2-ch1.csv|data/raw/nln_emp/Dataset/Electric/Motor-2/100/soft foot 2/Electric_Motor-2_100_time-soft foot 2-ch2.csv|data/raw/nln_emp/Dataset/Electric/Motor-2/100/soft foot 2/Electric_Motor-2_100_time-soft foot 2-ch3.csv|data/raw/nln_emp/Dataset/Electric/Motor-2/100/soft foot 2/Electric_Motor-2_100_time-soft foot 2-ch4.csv|data/raw/nln_emp/Dataset/Electric/Motor-2/100/soft foot 2/Electric_Motor-2_100_time-soft foot 2-ch5.csv|data/raw/nln_emp/Dataset/Electric/Motor-2/100/soft foot 2/Electric_Motor-2_100_time-soft foot 2-ch6.csv,False,channel_1;nln_overview_verified=True|channel_2;nln_overview_verified=True|channel_3;nln_overview_verified=True|channel_4;nln_overview_verified=True|channel_5;nln_overview_verified=True|channel_6;nln_overview_verified=True
nln_emp_leave_one_speed_out,test_speed_70,nln_emp,nln_emp_motor_2_100_soft_foot_2_vibration,nln_emp_motor_2_100_soft_foot_2,train,Motor-2,vibration,vibration,100,unknown,motor_2_speed_100,looseness_soft_foot,2,fault,experimental,unknown,data/raw/nln_emp/Dataset/Vibration/Motor-2/100/soft foot 2/Vibration_Motor-2_100_time-soft foot 2-ch1.csv|data/raw/nln_emp/Dataset/Vibration/Motor-2/100/soft foot 2/Vibration_Motor-2_100_time-soft foot 2-ch2.csv|data/raw/nln_emp/Dataset/Vibration/Motor-2/100/soft foot 2/Vibration_Motor-2_100_time-soft foot 2-ch3.csv|data/raw/nln_emp/Dataset/Vibration/Motor-2/100/soft foot 2/Vibration_Motor-2_100_time-soft foot 2-ch4.csv|data/raw/nln_emp/Dataset/Vibration/Motor-2/100/soft foot 2/Vibration_Motor-2_100_time-soft foot 2-ch5.csv,False,channel_1;nln_overview_verified=True|channel_2;nln_overview_verified=True|channel_3;nln_overview_verified=True|channel_4;nln_overview_verified=True|channel_5;nln_overview_verified=True
nln_emp_leave_one_speed_out,test_speed_70,nln_emp,nln_emp_motor_2_100_stator_short_1_current,nln_emp_motor_2_100_stator_short_1,train,Motor-2,current,current,100,unknown,motor_2_speed_100,stator_winding_fault,1,fault,experimental,unknown,data/raw/nln_emp/Dataset/Electric/Motor-2/100/stator short 1/Electric_Motor-2_100_time-stator short 1-ch1.csv|data/raw/nln_emp/Dataset/Electric/Motor-2/100/stator short 1/Electric_Motor-2_100_time-stator short 1-ch2.csv|data/raw/nln_emp/Dataset/Electric/Motor-2/100/stator short 1/Electric_Motor-2_100_time-stator short 1-ch3.csv|data/raw/nln_emp/Dataset/Electric/Motor-2/100/stator short 1/Electric_Motor-2_100_time-stator short 1-ch4.csv|data/raw/nln_emp/Dataset/Electric/Motor-2/100/stator short 1/Electric_Motor-2_100_time-stator short 1-ch5.csv|data/raw/nln_emp/Dataset/Electric/Motor-2/100/stator short 1/Electric_Motor-2_100_time-stator short 1-ch6.csv,False,channel_1;nln_overview_verified=True|channel_2;nln_overview_verified=True|channel_3;nln_overview_verified=True|channel_4;nln_overview_verified=True|channel_5;nln_overview_verified=True|channel_6;nln_overview_verified=True
nln_emp_leave_one_speed_out,test_speed_70,nln_emp,nln_emp_motor_2_100_stator_short_1_vibration,nln_emp_motor_2_100_stator_short_1,train,Motor-2,vibration,vibration,100,unknown,motor_2_speed_100,stator_winding_fault,1,fault,experimental,unknown,data/raw/nln_emp/Dataset/Vibration/Motor-2/100/stator short 1/Vibration_Motor-2_100_time-stator short 1-ch1.csv|data/raw/nln_emp/Dataset/Vibration/Motor-2/100/stator short 1/Vibration_Motor-2_100_time-stator short 1-ch2.csv|data/raw/nln_emp/Dataset/Vibration/Motor-2/100/stator short 1/Vibration_Motor-2_100_time-stator short 1-ch3.csv|data/raw/nln_emp/Dataset/Vibration/Motor-2/100/stator short 1/Vibration_Motor-2_100_time-stator short 1-ch4.csv|data/raw/nln_emp/Dataset/Vibration/Motor-2/100/stator short 1/Vibration_Motor-2_100_time-stator short 1-ch5.csv,False,channel_1;nln_overview_verified=True|channel_2;nln_overview_verified=True|channel_3;nln_overview_verified=True|channel_4;nln_overview_verified=True|channel_5;nln_overview_verified=True
nln_emp_leave_one_speed_out,test_speed_70,nln_emp,nln_emp_motor_2_100_stator_short_2_vibration,nln_emp_motor_2_100_stator_short_2,train,Motor-2,vibration,vibration,100,unknown,motor_2_speed_100,stator_winding_fault,1,fault,experimental,unknown,data/raw/nln_emp/Dataset/Vibration/Motor-2/100/stator short 2/Vibration_Motor-2_100_time-stator short 2-ch1.csv|data/raw/nln_emp/Dataset/Vibration/Motor-2/100/stator short 2/Vibration_Motor-2_100_time-stator short 2-ch2.csv|data/raw/nln_emp/Dataset/Vibration/Motor-2/100/stator short 2/Vibration_Motor-2_100_time-stator short 2-ch3.csv|data/raw/nln_emp/Dataset/Vibration/Motor-2/100/stator short 2/Vibration_Motor-2_100_time-stator short 2-ch4.csv|data/raw/nln_emp/Dataset/Vibration/Motor-2/100/stator short 2/Vibration_Motor-2_100_time-stator short 2-ch5.csv,False,channel_1;nln_overview_verified=True|channel_2;nln_overview_verified=True|channel_3;nln_overview_verified=True|channel_4;nln_overview_verified=True|channel_5;nln_overview_verified=True
nln_emp_leave_one_speed_out,test_speed_70,nln_emp,nln_emp_motor_2_50_bearing_bpfi_1_current,nln_emp_motor_2_50_bearing_bpfi_1,train,Motor-2,current,current,50,unknown,motor_2_speed_50,bearing_inner_race,2,fault,experimental,unknown,data/raw/nln_emp/Dataset/Electric/Motor-2/50/bearing bpfi 1/Electric_Motor-2_50_time-bearing bpfi 1-ch1.csv|data/raw/nln_emp/Dataset/Electric/Motor-2/50/bearing bpfi 1/Electric_Motor-2_50_time-bearing bpfi 1-ch2.csv|data/raw/nln_emp/Dataset/Electric/Motor-2/50/bearing bpfi 1/Electric_Motor-2_50_time-bearing bpfi 1-ch3.csv|data/raw/nln_emp/Dataset/Electric/Motor-2/50/bearing bpfi 1/Electric_Motor-2_50_time-bearing bpfi 1-ch4.csv|data/raw/nln_emp/Dataset/Electric/Motor-2/50/bearing bpfi 1/Electric_Motor-2_50_time-bearing bpfi 1-ch5.csv|data/raw/nln_emp/Dataset/Electric/Motor-2/50/bearing bpfi 1/Electric_Motor-2_50_time-bearing bpfi 1-ch6.csv,False,channel_1;nln_overview_verified=True|channel_2;nln_overview_verified=True|channel_3;nln_overview_verified=True|channel_4;nln_overview_verified=True|channel_5;nln_overview_verified=True|channel_6;nln_overview_verified=True
nln_emp_leave_one_speed_out,test_speed_70,nln_emp,nln_emp_motor_2_50_bearing_bpfi_1_vibration,nln_emp_motor_2_50_bearing_bpfi_1,train,Motor-2,vibration,vibration,50,unknown,motor_2_speed_50,bearing_inner_race,2,fault,experimental,unknown,data/raw/nln_emp/Dataset/Vibration/Motor-2/50/bearing bpfi 1/Vibration_Motor-2_50_time-bearing bpfi 1-ch1.csv|data/raw/nln_emp/Dataset/Vibration/Motor-2/50/bearing bpfi 1/Vibration_Motor-2_50_time-bearing bpfi 1-ch2.csv|data/raw/nln_emp/Dataset/Vibration/Motor-2/50/bearing bpfi 1/Vibration_Motor-2_50_time-bearing bpfi 1-ch3.csv|data/raw/nln_emp/Dataset/Vibration/Motor-2/50/bearing bpfi 1/Vibration_Motor-2_50_time-bearing bpfi 1-ch4.csv|data/raw/nln_emp/Dataset/Vibration/Motor-2/50/bearing bpfi 1/Vibration_Motor-2_50_time-bearing bpfi 1-ch5.csv,False,channel_1;nln_overview_verified=True|channel_2;nln_overview_verified=True|channel_3;nln_overview_verified=True|channel_4;nln_overview_verified=True|channel_5;nln_overview_verified=True
nln_emp_leave_one_speed_out,test_speed_70,nln_emp,nln_emp_motor_2_50_bearing_bpfi_2_current,nln_emp_motor_2_50_bearing_bpfi_2,train,Motor-2,current,current,50,unknown,motor_2_speed_50,bearing_inner_race,2,fault,experimental,unknown,data/raw/nln_emp/Dataset/Electric/Motor-2/50/bearing bpfi 2/Electric_Motor-2_50_time-bearing bpfi 2-ch1.csv|data/raw/nln_emp/Dataset/Electric/Motor-2/50/bearing bpfi 2/Electric_Motor-2_50_time-bearing bpfi 2-ch2.csv|data/raw/nln_emp/Dataset/Electric/Motor-2/50/bearing bpfi 2/Electric_Motor-2_50_time-bearing bpfi 2-ch3.csv|data/raw/nln_emp/Dataset/Electric/Motor-2/50/bearing bpfi 2/Electric_Motor-2_50_time-bearing bpfi 2-ch4.csv|data/raw/nln_emp/Dataset/Electric/Motor-2/50/bearing bpfi 2/Electric_Motor-2_50_time-bearing bpfi 2-ch5.csv|data/raw/nln_emp/Dataset/Electric/Motor-2/50/bearing bpfi 2/Electric_Motor-2_50_time-bearing bpfi 2-ch6.csv,False,channel_1;nln_overview_verified=True|channel_2;nln_overview_verified=True|channel_3;nln_overview_verified=True|channel_4;nln_overview_verified=True|channel_5;nln_overview_verified=True|channel_6;nln_overview_verified=True
nln_emp_leave_one_speed_out,test_speed_70,nln_emp,nln_emp_motor_2_50_bearing_bpfi_2_vibration,nln_emp_motor_2_50_bearing_bpfi_2,train,Motor-2,vibration,vibration,50,unknown,motor_2_speed_50,bearing_inner_race,2,fault,experimental,unknown,data/raw/nln_emp/Dataset/Vibration/Motor-2/50/bearing bpfi 2/Vibration_Motor-2_50_time-bearing bpfi 2-ch1.csv|data/raw/nln_emp/Dataset/Vibration/Motor-2/50/bearing bpfi 2/Vibration_Motor-2_50_time-bearing bpfi 2-ch2.csv|data/raw/nln_emp/Dataset/Vibration/Motor-2/50/bearing bpfi 2/Vibration_Motor-2_50_time-bearing bpfi 2-ch3.csv|data/raw/nln_emp/Dataset/Vibration/Motor-2/50/bearing bpfi 2/Vibration_Motor-2_50_time-bearing bpfi 2-ch4.csv|data/raw/nln_emp/Dataset/Vibration/Motor-2/50/bearing bpfi 2/Vibration_Motor-2_50_time-bearing bpfi 2-ch5.csv,False,channel_1;nln_overview_verified=True|channel_2;nln_overview_verified=True|channel_3;nln_overview_verified=True|channel_4;nln_overview_verified=True|channel_5;nln_overview_verified=True
nln_emp_leave_one_speed_out,test_speed_70,nln_emp,nln_emp_motor_2_50_bearing_bpfi_3_current,nln_emp_motor_2_50_bearing_bpfi_3,train,Motor-2,current,current,50,unknown,motor_2_speed_50,bearing_inner_race,2,fault,experimental,unknown,data/raw/nln_emp/Dataset/Electric/Motor-2/50/bearing bpfi 3/Electric_Motor-2_50_time-bearing bpfi 3-ch1.csv|data/raw/nln_emp/Dataset/Electric/Motor-2/50/bearing bpfi 3/Electric_Motor-2_50_time-bearing bpfi 3-ch2.csv|data/raw/nln_emp/Dataset/Electric/Motor-2/50/bearing bpfi 3/Electric_Motor-2_50_time-bearing bpfi 3-ch3.csv|data/raw/nln_emp/Dataset/Electric/Motor-2/50/bearing bpfi 3/Electric_Motor-2_50_time-bearing bpfi 3-ch4.csv|data/raw/nln_emp/Dataset/Electric/Motor-2/50/bearing bpfi 3/Electric_Motor-2_50_time-bearing bpfi 3-ch5.csv|data/raw/nln_emp/Dataset/Electric/Motor-2/50/bearing bpfi 3/Electric_Motor-2_50_time-bearing bpfi 3-ch6.csv,False,channel_1;nln_overview_verified=True|channel_2;nln_overview_verified=True|channel_3;nln_overview_verified=True|channel_4;nln_overview_verified=True|channel_5;nln_overview_verified=True|channel_6;nln_overview_verified=True
nln_emp_leave_one_speed_out,test_speed_70,nln_emp,nln_emp_motor_2_50_bearing_bpfo_1_current,nln_emp_motor_2_50_bearing_bpfo_1,train,Motor-2,current,current,50,unknown,motor_2_speed_50,bearing_outer_race,1,fault,experimental,unknown,data/raw/nln_emp/Dataset/Electric/Motor-2/50/bearing bpfo 1/Electric_Motor-2_50_time-bearing bpfo 1-ch1.csv|data/raw/nln_emp/Dataset/Electric/Motor-2/50/bearing bpfo 1/Electric_Motor-2_50_time-bearing bpfo 1-ch2.csv|data/raw/nln_emp/Dataset/Electric/Motor-2/50/bearing bpfo 1/Electric_Motor-2_50_time-bearing bpfo 1-ch3.csv|data/raw/nln_emp/Dataset/Electric/Motor-2/50/bearing bpfo 1/Electric_Motor-2_50_time-bearing bpfo 1-ch4.csv|data/raw/nln_emp/Dataset/Electric/Motor-2/50/bearing bpfo 1/Electric_Motor-2_50_time-bearing bpfo 1-ch5.csv|data/raw/nln_emp/Dataset/Electric/Motor-2/50/bearing bpfo 1/Electric_Motor-2_50_time-bearing bpfo 1-ch6.csv,False,channel_1;nln_overview_verified=True|channel_2;nln_overview_verified=True|channel_3;nln_overview_verified=True|channel_4;nln_overview_verified=True|channel_5;nln_overview_verified=True|channel_6;nln_overview_verified=True
nln_emp_leave_one_speed_out,test_speed_70,nln_emp,nln_emp_motor_2_50_bearing_bpfo_1_vibration,nln_emp_motor_2_50_bearing_bpfo_1,train,Motor-2,vibration,vibration,50,unknown,motor_2_speed_50,bearing_outer_race,1,fault,experimental,unknown,data/raw/nln_emp/Dataset/Vibration/Motor-2/50/bearing bpfo 1/Vibration_Motor-2_50_time-bearing bpfo 1-ch1.csv|data/raw/nln_emp/Dataset/Vibration/Motor-2/50/bearing bpfo 1/Vibration_Motor-2_50_time-bearing bpfo 1-ch2.csv|data/raw/nln_emp/Dataset/Vibration/Motor-2/50/bearing bpfo 1/Vibration_Motor-2_50_time-bearing bpfo 1-ch3.csv|data/raw/nln_emp/Dataset/Vibration/Motor-2/50/bearing bpfo 1/Vibration_Motor-2_50_time-bearing bpfo 1-ch4.csv|data/raw/nln_emp/Dataset/Vibration/Motor-2/50/bearing bpfo 1/Vibration_Motor-2_50_time-bearing bpfo 1-ch5.csv,False,channel_1;nln_overview_verified=True|channel_2;nln_overview_verified=True|channel_3;nln_overview_verified=True|channel_4;nln_overview_verified=True|channel_5;nln_overview_verified=True
nln_emp_leave_one_speed_out,test_speed_70,nln_emp,nln_emp_motor_2_50_bearing_bpfo_2_current,nln_emp_motor_2_50_bearing_bpfo_2,val,Motor-2,current,current,50,unknown,motor_2_speed_50,bearing_outer_race,1,fault,experimental,unknown,data/raw/nln_emp/Dataset/Electric/Motor-2/50/bearing bpfo 2/Electric_Motor-2_50_time-bearing bpfo 2-ch1.csv|data/raw/nln_emp/Dataset/Electric/Motor-2/50/bearing bpfo 2/Electric_Motor-2_50_time-bearing bpfo 2-ch2.csv|data/raw/nln_emp/Dataset/Electric/Motor-2/50/bearing bpfo 2/Electric_Motor-2_50_time-bearing bpfo 2-ch3.csv|data/raw/nln_emp/Dataset/Electric/Motor-2/50/bearing bpfo 2/Electric_Motor-2_50_time-bearing bpfo 2-ch4.csv|data/raw/nln_emp/Dataset/Electric/Motor-2/50/bearing bpfo 2/Electric_Motor-2_50_time-bearing bpfo 2-ch5.csv|data/raw/nln_emp/Dataset/Electric/Motor-2/50/bearing bpfo 2/Electric_Motor-2_50_time-bearing bpfo 2-ch6.csv,False,channel_1;nln_overview_verified=True|channel_2;nln_overview_verified=True|channel_3;nln_overview_verified=True|channel_4;nln_overview_verified=True|channel_5;nln_overview_verified=True|channel_6;nln_overview_verified=True
nln_emp_leave_one_speed_out,test_speed_70,nln_emp,nln_emp_motor_2_50_bearing_bpfo_2_vibration,nln_emp_motor_2_50_bearing_bpfo_2,val,Motor-2,vibration,vibration,50,unknown,motor_2_speed_50,bearing_outer_race,1,fault,experimental,unknown,data/raw/nln_emp/Dataset/Vibration/Motor-2/50/bearing bpfo 2/Vibration_Motor-2_50_time-bearing bpfo 2-ch1.csv|data/raw/nln_emp/Dataset/Vibration/Motor-2/50/bearing bpfo 2/Vibration_Motor-2_50_time-bearing bpfo 2-ch2.csv|data/raw/nln_emp/Dataset/Vibration/Motor-2/50/bearing bpfo 2/Vibration_Motor-2_50_time-bearing bpfo 2-ch3.csv|data/raw/nln_emp/Dataset/Vibration/Motor-2/50/bearing bpfo 2/Vibration_Motor-2_50_time-bearing bpfo 2-ch4.csv|data/raw/nln_emp/Dataset/Vibration/Motor-2/50/bearing bpfo 2/Vibration_Motor-2_50_time-bearing bpfo 2-ch5.csv,False,channel_1;nln_overview_verified=True|channel_2;nln_overview_verified=True|channel_3;nln_overview_verified=True|channel_4;nln_overview_verified=True|channel_5;nln_overview_verified=True
nln_emp_leave_one_speed_out,test_speed_70,nln_emp,nln_emp_motor_2_50_bearing_bpfo_3_current,nln_emp_motor_2_50_bearing_bpfo_3,train,Motor-2,current,current,50,unknown,motor_2_speed_50,bearing_outer_race,1,fault,experimental,unknown,data/raw/nln_emp/Dataset/Electric/Motor-2/50/bearing bpfo 3/Electric_Motor-2_50_time-bearing bpfo 3-ch1.csv|data/raw/nln_emp/Dataset/Electric/Motor-2/50/bearing bpfo 3/Electric_Motor-2_50_time-bearing bpfo 3-ch2.csv|data/raw/nln_emp/Dataset/Electric/Motor-2/50/bearing bpfo 3/Electric_Motor-2_50_time-bearing bpfo 3-ch3.csv|data/raw/nln_emp/Dataset/Electric/Motor-2/50/bearing bpfo 3/Electric_Motor-2_50_time-bearing bpfo 3-ch4.csv|data/raw/nln_emp/Dataset/Electric/Motor-2/50/bearing bpfo 3/Electric_Motor-2_50_time-bearing bpfo 3-ch5.csv|data/raw/nln_emp/Dataset/Electric/Motor-2/50/bearing bpfo 3/Electric_Motor-2_50_time-bearing bpfo 3-ch6.csv,False,channel_1;nln_overview_verified=True|channel_2;nln_overview_verified=True|channel_3;nln_overview_verified=True|channel_4;nln_overview_verified=True|channel_5;nln_overview_verified=True|channel_6;nln_overview_verified=True
nln_emp_leave_one_speed_out,test_speed_70,nln_emp,nln_emp_motor_2_50_bearing_bpfo_3_vibration,nln_emp_motor_2_50_bearing_bpfo_3,train,Motor-2,vibration,vibration,50,unknown,motor_2_speed_50,bearing_outer_race,1,fault,experimental,unknown,data/raw/nln_emp/Dataset/Vibration/Motor-2/50/bearing bpfo 3/Vibration_Motor-2_50_time-bearing bpfo 3-ch1.csv|data/raw/nln_emp/Dataset/Vibration/Motor-2/50/bearing bpfo 3/Vibration_Motor-2_50_time-bearing bpfo 3-ch2.csv|data/raw/nln_emp/Dataset/Vibration/Motor-2/50/bearing bpfo 3/Vibration_Motor-2_50_time-bearing bpfo 3-ch3.csv|data/raw/nln_emp/Dataset/Vibration/Motor-2/50/bearing bpfo 3/Vibration_Motor-2_50_time-bearing bpfo 3-ch4.csv|data/raw/nln_emp/Dataset/Vibration/Motor-2/50/bearing bpfo 3/Vibration_Motor-2_50_time-bearing bpfo 3-ch5.csv,False,channel_1;nln_overview_verified=True|channel_2;nln_overview_verified=True|channel_3;nln_overview_verified=True|channel_4;nln_overview_verified=True|channel_5;nln_overview_verified=True
nln_emp_leave_one_speed_out,test_speed_70,nln_emp,nln_emp_motor_2_50_bearing_bsf_current,nln_emp_motor_2_50_bearing_bsf,train,Motor-2,current,current,50,unknown,motor_2_speed_50,bearing_ball_spin,unknown,fault,experimental,unknown,data/raw/nln_emp/Dataset/Electric/Motor-2/50/bearing bsf/Electric_Motor-2_50_time-bearing bsf-ch1.csv|data/raw/nln_emp/Dataset/Electric/Motor-2/50/bearing bsf/Electric_Motor-2_50_time-bearing bsf-ch2.csv|data/raw/nln_emp/Dataset/Electric/Motor-2/50/bearing bsf/Electric_Motor-2_50_time-bearing bsf-ch3.csv|data/raw/nln_emp/Dataset/Electric/Motor-2/50/bearing bsf/Electric_Motor-2_50_time-bearing bsf-ch4.csv|data/raw/nln_emp/Dataset/Electric/Motor-2/50/bearing bsf/Electric_Motor-2_50_time-bearing bsf-ch5.csv|data/raw/nln_emp/Dataset/Electric/Motor-2/50/bearing bsf/Electric_Motor-2_50_time-bearing bsf-ch6.csv,False,channel_1;nln_overview_verified=True|channel_2;nln_overview_verified=True|channel_3;nln_overview_verified=True|channel_4;nln_overview_verified=True|channel_5;nln_overview_verified=True|channel_6;nln_overview_verified=True
nln_emp_leave_one_speed_out,test_speed_70,nln_emp,nln_emp_motor_2_50_bearing_bsf_vibration,nln_emp_motor_2_50_bearing_bsf,train,Motor-2,vibration,vibration,50,unknown,motor_2_speed_50,bearing_ball_spin,unknown,fault,experimental,unknown,data/raw/nln_emp/Dataset/Vibration/Motor-2/50/bearing bsf/Vibration_Motor-2_50_time-bearing bsf-ch1.csv|data/raw/nln_emp/Dataset/Vibration/Motor-2/50/bearing bsf/Vibration_Motor-2_50_time-bearing bsf-ch2.csv|data/raw/nln_emp/Dataset/Vibration/Motor-2/50/bearing bsf/Vibration_Motor-2_50_time-bearing bsf-ch3.csv|data/raw/nln_emp/Dataset/Vibration/Motor-2/50/bearing bsf/Vibration_Motor-2_50_time-bearing bsf-ch4.csv|data/raw/nln_emp/Dataset/Vibration/Motor-2/50/bearing bsf/Vibration_Motor-2_50_time-bearing bsf-ch5.csv,False,channel_1;nln_overview_verified=True|channel_2;nln_overview_verified=True|channel_3;nln_overview_verified=True|channel_4;nln_overview_verified=True|channel_5;nln_overview_verified=True
nln_emp_leave_one_speed_out,test_speed_70,nln_emp,nln_emp_motor_2_50_bearing_contaminated_current,nln_emp_motor_2_50_bearing_contaminated,val,Motor-2,current,current,50,unknown,motor_2_speed_50,bearing_contamination,unknown,fault,experimental,unknown,data/raw/nln_emp/Dataset/Electric/Motor-2/50/bearing contaminated/Electric_Motor-2_50_time-bearing contaminated-ch1.csv|data/raw/nln_emp/Dataset/Electric/Motor-2/50/bearing contaminated/Electric_Motor-2_50_time-bearing contaminated-ch2.csv|data/raw/nln_emp/Dataset/Electric/Motor-2/50/bearing contaminated/Electric_Motor-2_50_time-bearing contaminated-ch3.csv|data/raw/nln_emp/Dataset/Electric/Motor-2/50/bearing contaminated/Electric_Motor-2_50_time-bearing contaminated-ch4.csv|data/raw/nln_emp/Dataset/Electric/Motor-2/50/bearing contaminated/Electric_Motor-2_50_time-bearing contaminated-ch5.csv|data/raw/nln_emp/Dataset/Electric/Motor-2/50/bearing contaminated/Electric_Motor-2_50_time-bearing contaminated-ch6.csv,False,channel_1;nln_overview_verified=True|channel_2;nln_overview_verified=True|channel_3;nln_overview_verified=True|channel_4;nln_overview_verified=True|channel_5;nln_overview_verified=True|channel_6;nln_overview_verified=True
nln_emp_leave_one_speed_out,test_speed_70,nln_emp,nln_emp_motor_2_50_bearing_contaminated_vibration,nln_emp_motor_2_50_bearing_contaminated,val,Motor-2,vibration,vibration,50,unknown,motor_2_speed_50,bearing_contamination,unknown,fault,experimental,unknown,data/raw/nln_emp/Dataset/Vibration/Motor-2/50/bearing contaminated/Vibration_Motor-2_50_time-bearing contaminated-ch1.csv|data/raw/nln_emp/Dataset/Vibration/Motor-2/50/bearing contaminated/Vibration_Motor-2_50_time-bearing contaminated-ch2.csv|data/raw/nln_emp/Dataset/Vibration/Motor-2/50/bearing contaminated/Vibration_Motor-2_50_time-bearing contaminated-ch3.csv|data/raw/nln_emp/Dataset/Vibration/Motor-2/50/bearing contaminated/Vibration_Motor-2_50_time-bearing contaminated-ch4.csv|data/raw/nln_emp/Dataset/Vibration/Motor-2/50/bearing contaminated/Vibration_Motor-2_50_time-bearing contaminated-ch5.csv,False,channel_1;nln_overview_verified=True|channel_2;nln_overview_verified=True|channel_3;nln_overview_verified=True|channel_4;nln_overview_verified=True|channel_5;nln_overview_verified=True
nln_emp_leave_one_speed_out,test_speed_70,nln_emp,nln_emp_motor_2_50_bearing_pump_1_current,nln_emp_motor_2_50_bearing_pump_1,val,Motor-2,current,current,50,unknown,motor_2_speed_50,bearing_ball,2,fault,experimental,unknown,data/raw/nln_emp/Dataset/Electric/Motor-2/50/bearing pump 1/Electric_Motor-2_50_time-bearing pump 1-ch1.csv|data/raw/nln_emp/Dataset/Electric/Motor-2/50/bearing pump 1/Electric_Motor-2_50_time-bearing pump 1-ch2.csv|data/raw/nln_emp/Dataset/Electric/Motor-2/50/bearing pump 1/Electric_Motor-2_50_time-bearing pump 1-ch3.csv|data/raw/nln_emp/Dataset/Electric/Motor-2/50/bearing pump 1/Electric_Motor-2_50_time-bearing pump 1-ch4.csv|data/raw/nln_emp/Dataset/Electric/Motor-2/50/bearing pump 1/Electric_Motor-2_50_time-bearing pump 1-ch5.csv|data/raw/nln_emp/Dataset/Electric/Motor-2/50/bearing pump 1/Electric_Motor-2_50_time-bearing pump 1-ch6.csv,False,channel_1;nln_overview_verified=True|channel_2;nln_overview_verified=True|channel_3;nln_overview_verified=True|channel_4;nln_overview_verified=True|channel_5;nln_overview_verified=True|channel_6;nln_overview_verified=True
nln_emp_leave_one_speed_out,test_speed_70,nln_emp,nln_emp_motor_2_50_bearing_pump_1_vibration,nln_emp_motor_2_50_bearing_pump_1,val,Motor-2,vibration,vibration,50,unknown,motor_2_speed_50,bearing_ball,2,fault,experimental,unknown,data/raw/nln_emp/Dataset/Vibration/Motor-2/50/bearing pump 1/Vibration_Motor-2_50_time-bearing pump 1-ch1.csv|data/raw/nln_emp/Dataset/Vibration/Motor-2/50/bearing pump 1/Vibration_Motor-2_50_time-bearing pump 1-ch2.csv|data/raw/nln_emp/Dataset/Vibration/Motor-2/50/bearing pump 1/Vibration_Motor-2_50_time-bearing pump 1-ch3.csv|data/raw/nln_emp/Dataset/Vibration/Motor-2/50/bearing pump 1/Vibration_Motor-2_50_time-bearing pump 1-ch4.csv|data/raw/nln_emp/Dataset/Vibration/Motor-2/50/bearing pump 1/Vibration_Motor-2_50_time-bearing pump 1-ch5.csv,False,channel_1;nln_overview_verified=True|channel_2;nln_overview_verified=True|channel_3;nln_overview_verified=True|channel_4;nln_overview_verified=True|channel_5;nln_overview_verified=True
nln_emp_leave_one_speed_out,test_speed_70,nln_emp,nln_emp_motor_2_50_bearing_pump_2_current,nln_emp_motor_2_50_bearing_pump_2,train,Motor-2,current,current,50,unknown,motor_2_speed_50,bearing_ball,2,fault,experimental,unknown,data/raw/nln_emp/Dataset/Electric/Motor-2/50/bearing pump 2/Electric_Motor-2_50_time-bearing pump 2-ch1.csv|data/raw/nln_emp/Dataset/Electric/Motor-2/50/bearing pump 2/Electric_Motor-2_50_time-bearing pump 2-ch2.csv|data/raw/nln_emp/Dataset/Electric/Motor-2/50/bearing pump 2/Electric_Motor-2_50_time-bearing pump 2-ch3.csv|data/raw/nln_emp/Dataset/Electric/Motor-2/50/bearing pump 2/Electric_Motor-2_50_time-bearing pump 2-ch4.csv|data/raw/nln_emp/Dataset/Electric/Motor-2/50/bearing pump 2/Electric_Motor-2_50_time-bearing pump 2-ch5.csv|data/raw/nln_emp/Dataset/Electric/Motor-2/50/bearing pump 2/Electric_Motor-2_50_time-bearing pump 2-ch6.csv,False,channel_1;nln_overview_verified=True|channel_2;nln_overview_verified=True|channel_3;nln_overview_verified=True|channel_4;nln_overview_verified=True|channel_5;nln_overview_verified=True|channel_6;nln_overview_verified=True
nln_emp_leave_one_speed_out,test_speed_70,nln_emp,nln_emp_motor_2_50_bearing_pump_2_vibration,nln_emp_motor_2_50_bearing_pump_2,train,Motor-2,vibration,vibration,50,unknown,motor_2_speed_50,bearing_ball,2,fault,experimental,unknown,data/raw/nln_emp/Dataset/Vibration/Motor-2/50/bearing pump 2/Vibration_Motor-2_50_time-bearing pump 2-ch1.csv|data/raw/nln_emp/Dataset/Vibration/Motor-2/50/bearing pump 2/Vibration_Motor-2_50_time-bearing pump 2-ch2.csv|data/raw/nln_emp/Dataset/Vibration/Motor-2/50/bearing pump 2/Vibration_Motor-2_50_time-bearing pump 2-ch3.csv|data/raw/nln_emp/Dataset/Vibration/Motor-2/50/bearing pump 2/Vibration_Motor-2_50_time-bearing pump 2-ch4.csv|data/raw/nln_emp/Dataset/Vibration/Motor-2/50/bearing pump 2/Vibration_Motor-2_50_time-bearing pump 2-ch5.csv,False,channel_1;nln_overview_verified=True|channel_2;nln_overview_verified=True|channel_3;nln_overview_verified=True|channel_4;nln_overview_verified=True|channel_5;nln_overview_verified=True
nln_emp_leave_one_speed_out,test_speed_70,nln_emp,nln_emp_motor_2_50_bearing_pump_3_current,nln_emp_motor_2_50_bearing_pump_3,train,Motor-2,current,current,50,unknown,motor_2_speed_50,bearing_ball,2,fault,experimental,unknown,data/raw/nln_emp/Dataset/Electric/Motor-2/50/bearing pump 3/Electric_Motor-2_50_time-bearing pump 3-ch1.csv|data/raw/nln_emp/Dataset/Electric/Motor-2/50/bearing pump 3/Electric_Motor-2_50_time-bearing pump 3-ch2.csv|data/raw/nln_emp/Dataset/Electric/Motor-2/50/bearing pump 3/Electric_Motor-2_50_time-bearing pump 3-ch3.csv|data/raw/nln_emp/Dataset/Electric/Motor-2/50/bearing pump 3/Electric_Motor-2_50_time-bearing pump 3-ch4.csv|data/raw/nln_emp/Dataset/Electric/Motor-2/50/bearing pump 3/Electric_Motor-2_50_time-bearing pump 3-ch5.csv|data/raw/nln_emp/Dataset/Electric/Motor-2/50/bearing pump 3/Electric_Motor-2_50_time-bearing pump 3-ch6.csv,False,channel_1;nln_overview_verified=True|channel_2;nln_overview_verified=True|channel_3;nln_overview_verified=True|channel_4;nln_overview_verified=True|channel_5;nln_overview_verified=True|channel_6;nln_overview_verified=True
nln_emp_leave_one_speed_out,test_speed_70,nln_emp,nln_emp_motor_2_50_bearing_pump_3_vibration,nln_emp_motor_2_50_bearing_pump_3,train,Motor-2,vibration,vibration,50,unknown,motor_2_speed_50,bearing_ball,2,fault,experimental,unknown,data/raw/nln_emp/Dataset/Vibration/Motor-2/50/bearing pump 3/Vibration_Motor-2_50_time-bearing pump 3-ch1.csv|data/raw/nln_emp/Dataset/Vibration/Motor-2/50/bearing pump 3/Vibration_Motor-2_50_time-bearing pump 3-ch2.csv|data/raw/nln_emp/Dataset/Vibration/Motor-2/50/bearing pump 3/Vibration_Motor-2_50_time-bearing pump 3-ch3.csv|data/raw/nln_emp/Dataset/Vibration/Motor-2/50/bearing pump 3/Vibration_Motor-2_50_time-bearing pump 3-ch4.csv|data/raw/nln_emp/Dataset/Vibration/Motor-2/50/bearing pump 3/Vibration_Motor-2_50_time-bearing pump 3-ch5.csv,False,channel_1;nln_overview_verified=True|channel_2;nln_overview_verified=True|channel_3;nln_overview_verified=True|channel_4;nln_overview_verified=True|channel_5;nln_overview_verified=True
nln_emp_leave_one_speed_out,test_speed_70,nln_emp,nln_emp_motor_2_50_broken_rotor_bar_current,nln_emp_motor_2_50_broken_rotor_bar,train,Motor-2,current,current,50,unknown,motor_2_speed_50,rotor_fault,unknown,fault,experimental,unknown,data/raw/nln_emp/Dataset/Electric/Motor-2/50/broken rotor bar/Electric_Motor-2_50_time-broken rotor bar-ch1.csv|data/raw/nln_emp/Dataset/Electric/Motor-2/50/broken rotor bar/Electric_Motor-2_50_time-broken rotor bar-ch2.csv|data/raw/nln_emp/Dataset/Electric/Motor-2/50/broken rotor bar/Electric_Motor-2_50_time-broken rotor bar-ch3.csv|data/raw/nln_emp/Dataset/Electric/Motor-2/50/broken rotor bar/Electric_Motor-2_50_time-broken rotor bar-ch4.csv|data/raw/nln_emp/Dataset/Electric/Motor-2/50/broken rotor bar/Electric_Motor-2_50_time-broken rotor bar-ch5.csv|data/raw/nln_emp/Dataset/Electric/Motor-2/50/broken rotor bar/Electric_Motor-2_50_time-broken rotor bar-ch6.csv,False,channel_1;nln_overview_verified=True|channel_2;nln_overview_verified=True|channel_3;nln_overview_verified=True|channel_4;nln_overview_verified=True|channel_5;nln_overview_verified=True|channel_6;nln_overview_verified=True
nln_emp_leave_one_speed_out,test_speed_70,nln_emp,nln_emp_motor_2_50_broken_rotor_bar_vibration,nln_emp_motor_2_50_broken_rotor_bar,train,Motor-2,vibration,vibration,50,unknown,motor_2_speed_50,rotor_fault,unknown,fault,experimental,unknown,data/raw/nln_emp/Dataset/Vibration/Motor-2/50/broken rotor bar/Vibration_Motor-2_50_time-broken rotor bar-ch1.csv|data/raw/nln_emp/Dataset/Vibration/Motor-2/50/broken rotor bar/Vibration_Motor-2_50_time-broken rotor bar-ch2.csv|data/raw/nln_emp/Dataset/Vibration/Motor-2/50/broken rotor bar/Vibration_Motor-2_50_time-broken rotor bar-ch3.csv|data/raw/nln_emp/Dataset/Vibration/Motor-2/50/broken rotor bar/Vibration_Motor-2_50_time-broken rotor bar-ch4.csv|data/raw/nln_emp/Dataset/Vibration/Motor-2/50/broken rotor bar/Vibration_Motor-2_50_time-broken rotor bar-ch5.csv,False,channel_1;nln_overview_verified=True|channel_2;nln_overview_verified=True|channel_3;nln_overview_verified=True|channel_4;nln_overview_verified=True|channel_5;nln_overview_verified=True
nln_emp_leave_one_speed_out,test_speed_70,nln_emp,nln_emp_motor_2_50_healthy_1_current,nln_emp_motor_2_50_healthy_1,train,Motor-2,current,current,50,unknown,motor_2_speed_50,healthy,0,healthy,experimental,unknown,data/raw/nln_emp/Dataset/Electric/Motor-2/50/healthy 1/Electric_Motor-2_50_time-healthy 1-ch1.csv|data/raw/nln_emp/Dataset/Electric/Motor-2/50/healthy 1/Electric_Motor-2_50_time-healthy 1-ch2.csv|data/raw/nln_emp/Dataset/Electric/Motor-2/50/healthy 1/Electric_Motor-2_50_time-healthy 1-ch3.csv|data/raw/nln_emp/Dataset/Electric/Motor-2/50/healthy 1/Electric_Motor-2_50_time-healthy 1-ch4.csv|data/raw/nln_emp/Dataset/Electric/Motor-2/50/healthy 1/Electric_Motor-2_50_time-healthy 1-ch5.csv|data/raw/nln_emp/Dataset/Electric/Motor-2/50/healthy 1/Electric_Motor-2_50_time-healthy 1-ch6.csv,False,channel_1;nln_overview_verified=True|channel_2;nln_overview_verified=True|channel_3;nln_overview_verified=True|channel_4;nln_overview_verified=True|channel_5;nln_overview_verified=True|channel_6;nln_overview_verified=True
nln_emp_leave_one_speed_out,test_speed_70,nln_emp,nln_emp_motor_2_50_healthy_1_vibration,nln_emp_motor_2_50_healthy_1,train,Motor-2,vibration,vibration,50,unknown,motor_2_speed_50,healthy,0,healthy,experimental,unknown,data/raw/nln_emp/Dataset/Vibration/Motor-2/50/healthy 1/Vibration_Motor-2_50_time-healthy 1-ch1.csv|data/raw/nln_emp/Dataset/Vibration/Motor-2/50/healthy 1/Vibration_Motor-2_50_time-healthy 1-ch2.csv|data/raw/nln_emp/Dataset/Vibration/Motor-2/50/healthy 1/Vibration_Motor-2_50_time-healthy 1-ch3.csv|data/raw/nln_emp/Dataset/Vibration/Motor-2/50/healthy 1/Vibration_Motor-2_50_time-healthy 1-ch4.csv|data/raw/nln_emp/Dataset/Vibration/Motor-2/50/healthy 1/Vibration_Motor-2_50_time-healthy 1-ch5.csv,False,channel_1;nln_overview_verified=True|channel_2;nln_overview_verified=True|channel_3;nln_overview_verified=True|channel_4;nln_overview_verified=True|channel_5;nln_overview_verified=True
nln_emp_leave_one_speed_out,test_speed_70,nln_emp,nln_emp_motor_2_50_healthy_2_current,nln_emp_motor_2_50_healthy_2,train,Motor-2,current,current,50,unknown,motor_2_speed_50,healthy,0,healthy,experimental,unknown,data/raw/nln_emp/Dataset/Electric/Motor-2/50/healthy 2/Electric_Motor-2_50_time-healthy 2-ch1.csv|data/raw/nln_emp/Dataset/Electric/Motor-2/50/healthy 2/Electric_Motor-2_50_time-healthy 2-ch2.csv|data/raw/nln_emp/Dataset/Electric/Motor-2/50/healthy 2/Electric_Motor-2_50_time-healthy 2-ch3.csv|data/raw/nln_emp/Dataset/Electric/Motor-2/50/healthy 2/Electric_Motor-2_50_time-healthy 2-ch4.csv|data/raw/nln_emp/Dataset/Electric/Motor-2/50/healthy 2/Electric_Motor-2_50_time-healthy 2-ch5.csv|data/raw/nln_emp/Dataset/Electric/Motor-2/50/healthy 2/Electric_Motor-2_50_time-healthy 2-ch6.csv,False,channel_1;nln_overview_verified=True|channel_2;nln_overview_verified=True|channel_3;nln_overview_verified=True|channel_4;nln_overview_verified=True|channel_5;nln_overview_verified=True|channel_6;nln_overview_verified=True
nln_emp_leave_one_speed_out,test_speed_70,nln_emp,nln_emp_motor_2_50_healthy_2_vibration,nln_emp_motor_2_50_healthy_2,train,Motor-2,vibration,vibration,50,unknown,motor_2_speed_50,healthy,0,healthy,experimental,unknown,data/raw/nln_emp/Dataset/Vibration/Motor-2/50/healthy 2/Vibration_Motor-2_50_time-healthy 2-ch1.csv|data/raw/nln_emp/Dataset/Vibration/Motor-2/50/healthy 2/Vibration_Motor-2_50_time-healthy 2-ch2.csv|data/raw/nln_emp/Dataset/Vibration/Motor-2/50/healthy 2/Vibration_Motor-2_50_time-healthy 2-ch3.csv|data/raw/nln_emp/Dataset/Vibration/Motor-2/50/healthy 2/Vibration_Motor-2_50_time-healthy 2-ch4.csv|data/raw/nln_emp/Dataset/Vibration/Motor-2/50/healthy 2/Vibration_Motor-2_50_time-healthy 2-ch5.csv,False,channel_1;nln_overview_verified=True|channel_2;nln_overview_verified=True|channel_3;nln_overview_verified=True|channel_4;nln_overview_verified=True|channel_5;nln_overview_verified=True
nln_emp_leave_one_speed_out,test_speed_70,nln_emp,nln_emp_motor_2_50_healthy_3_current,nln_emp_motor_2_50_healthy_3,train,Motor-2,current,current,50,unknown,motor_2_speed_50,healthy,0,healthy,experimental,unknown,data/raw/nln_emp/Dataset/Electric/Motor-2/50/healthy 3/Electric_Motor-2_50_time-healthy 3-ch1.csv|data/raw/nln_emp/Dataset/Electric/Motor-2/50/healthy 3/Electric_Motor-2_50_time-healthy 3-ch2.csv|data/raw/nln_emp/Dataset/Electric/Motor-2/50/healthy 3/Electric_Motor-2_50_time-healthy 3-ch3.csv|data/raw/nln_emp/Dataset/Electric/Motor-2/50/healthy 3/Electric_Motor-2_50_time-healthy 3-ch4.csv|data/raw/nln_emp/Dataset/Electric/Motor-2/50/healthy 3/Electric_Motor-2_50_time-healthy 3-ch5.csv|data/raw/nln_emp/Dataset/Electric/Motor-2/50/healthy 3/Electric_Motor-2_50_time-healthy 3-ch6.csv,False,channel_1;nln_overview_verified=True|channel_2;nln_overview_verified=True|channel_3;nln_overview_verified=True|channel_4;nln_overview_verified=True|channel_5;nln_overview_verified=True|channel_6;nln_overview_verified=True
nln_emp_leave_one_speed_out,test_speed_70,nln_emp,nln_emp_motor_2_50_healthy_3_vibration,nln_emp_motor_2_50_healthy_3,train,Motor-2,vibration,vibration,50,unknown,motor_2_speed_50,healthy,0,healthy,experimental,unknown,data/raw/nln_emp/Dataset/Vibration/Motor-2/50/healthy 3/Vibration_Motor-2_50_time-healthy 3-ch1.csv|data/raw/nln_emp/Dataset/Vibration/Motor-2/50/healthy 3/Vibration_Motor-2_50_time-healthy 3-ch2.csv|data/raw/nln_emp/Dataset/Vibration/Motor-2/50/healthy 3/Vibration_Motor-2_50_time-healthy 3-ch3.csv|data/raw/nln_emp/Dataset/Vibration/Motor-2/50/healthy 3/Vibration_Motor-2_50_time-healthy 3-ch4.csv|data/raw/nln_emp/Dataset/Vibration/Motor-2/50/healthy 3/Vibration_Motor-2_50_time-healthy 3-ch5.csv,False,channel_1;nln_overview_verified=True|channel_2;nln_overview_verified=True|channel_3;nln_overview_verified=True|channel_4;nln_overview_verified=True|channel_5;nln_overview_verified=True
nln_emp_leave_one_speed_out,test_speed_70,nln_emp,nln_emp_motor_2_50_healthy_noise_current,nln_emp_motor_2_50_healthy_noise,train,Motor-2,current,current,50,unknown,motor_2_speed_50,healthy,0,healthy,experimental,unknown,data/raw/nln_emp/Dataset/Electric/Motor-2/50/healthy noise/Electric_Motor-2_50_time-healthy noise-ch1.csv|data/raw/nln_emp/Dataset/Electric/Motor-2/50/healthy noise/Electric_Motor-2_50_time-healthy noise-ch2.csv|data/raw/nln_emp/Dataset/Electric/Motor-2/50/healthy noise/Electric_Motor-2_50_time-healthy noise-ch3.csv|data/raw/nln_emp/Dataset/Electric/Motor-2/50/healthy noise/Electric_Motor-2_50_time-healthy noise-ch4.csv|data/raw/nln_emp/Dataset/Electric/Motor-2/50/healthy noise/Electric_Motor-2_50_time-healthy noise-ch5.csv|data/raw/nln_emp/Dataset/Electric/Motor-2/50/healthy noise/Electric_Motor-2_50_time-healthy noise-ch6.csv,False,channel_1;nln_overview_verified=True|channel_2;nln_overview_verified=True|channel_3;nln_overview_verified=True|channel_4;nln_overview_verified=True|channel_5;nln_overview_verified=True|channel_6;nln_overview_verified=True
nln_emp_leave_one_speed_out,test_speed_70,nln_emp,nln_emp_motor_2_50_healthy_noise_vibration,nln_emp_motor_2_50_healthy_noise,train,Motor-2,vibration,vibration,50,unknown,motor_2_speed_50,healthy,0,healthy,experimental,unknown,data/raw/nln_emp/Dataset/Vibration/Motor-2/50/healthy noise/Vibration_Motor-2_50_time-healthy noise-ch1.csv|data/raw/nln_emp/Dataset/Vibration/Motor-2/50/healthy noise/Vibration_Motor-2_50_time-healthy noise-ch2.csv|data/raw/nln_emp/Dataset/Vibration/Motor-2/50/healthy noise/Vibration_Motor-2_50_time-healthy noise-ch3.csv|data/raw/nln_emp/Dataset/Vibration/Motor-2/50/healthy noise/Vibration_Motor-2_50_time-healthy noise-ch4.csv|data/raw/nln_emp/Dataset/Vibration/Motor-2/50/healthy noise/Vibration_Motor-2_50_time-healthy noise-ch5.csv,False,channel_1;nln_overview_verified=True|channel_2;nln_overview_verified=True|channel_3;nln_overview_verified=True|channel_4;nln_overview_verified=True|channel_5;nln_overview_verified=True
nln_emp_leave_one_speed_out,test_speed_70,nln_emp,nln_emp_motor_2_50_impeller_1_current,nln_emp_motor_2_50_impeller_1,train,Motor-2,current,current,50,unknown,motor_2_speed_50,impeller_fault,1,fault,experimental,unknown,data/raw/nln_emp/Dataset/Electric/Motor-2/50/impeller 1/Electric_Motor-2_50_time-impeller 1-ch1.csv|data/raw/nln_emp/Dataset/Electric/Motor-2/50/impeller 1/Electric_Motor-2_50_time-impeller 1-ch2.csv|data/raw/nln_emp/Dataset/Electric/Motor-2/50/impeller 1/Electric_Motor-2_50_time-impeller 1-ch3.csv|data/raw/nln_emp/Dataset/Electric/Motor-2/50/impeller 1/Electric_Motor-2_50_time-impeller 1-ch4.csv|data/raw/nln_emp/Dataset/Electric/Motor-2/50/impeller 1/Electric_Motor-2_50_time-impeller 1-ch5.csv|data/raw/nln_emp/Dataset/Electric/Motor-2/50/impeller 1/Electric_Motor-2_50_time-impeller 1-ch6.csv,False,channel_1;nln_overview_verified=True|channel_2;nln_overview_verified=True|channel_3;nln_overview_verified=True|channel_4;nln_overview_verified=True|channel_5;nln_overview_verified=True|channel_6;nln_overview_verified=True
nln_emp_leave_one_speed_out,test_speed_70,nln_emp,nln_emp_motor_2_50_impeller_1_vibration,nln_emp_motor_2_50_impeller_1,train,Motor-2,vibration,vibration,50,unknown,motor_2_speed_50,impeller_fault,1,fault,experimental,unknown,data/raw/nln_emp/Dataset/Vibration/Motor-2/50/impeller 1/Vibration_Motor-2_50_time-impeller 1-ch1.csv|data/raw/nln_emp/Dataset/Vibration/Motor-2/50/impeller 1/Vibration_Motor-2_50_time-impeller 1-ch2.csv|data/raw/nln_emp/Dataset/Vibration/Motor-2/50/impeller 1/Vibration_Motor-2_50_time-impeller 1-ch3.csv|data/raw/nln_emp/Dataset/Vibration/Motor-2/50/impeller 1/Vibration_Motor-2_50_time-impeller 1-ch4.csv|data/raw/nln_emp/Dataset/Vibration/Motor-2/50/impeller 1/Vibration_Motor-2_50_time-impeller 1-ch5.csv,False,channel_1;nln_overview_verified=True|channel_2;nln_overview_verified=True|channel_3;nln_overview_verified=True|channel_4;nln_overview_verified=True|channel_5;nln_overview_verified=True
nln_emp_leave_one_speed_out,test_speed_70,nln_emp,nln_emp_motor_2_50_impeller_2_current,nln_emp_motor_2_50_impeller_2,train,Motor-2,current,current,50,unknown,motor_2_speed_50,impeller_fault,1,fault,experimental,unknown,data/raw/nln_emp/Dataset/Electric/Motor-2/50/impeller 2/Electric_Motor-2_50_time-impeller 2-ch1.csv|data/raw/nln_emp/Dataset/Electric/Motor-2/50/impeller 2/Electric_Motor-2_50_time-impeller 2-ch2.csv|data/raw/nln_emp/Dataset/Electric/Motor-2/50/impeller 2/Electric_Motor-2_50_time-impeller 2-ch3.csv|data/raw/nln_emp/Dataset/Electric/Motor-2/50/impeller 2/Electric_Motor-2_50_time-impeller 2-ch4.csv|data/raw/nln_emp/Dataset/Electric/Motor-2/50/impeller 2/Electric_Motor-2_50_time-impeller 2-ch5.csv|data/raw/nln_emp/Dataset/Electric/Motor-2/50/impeller 2/Electric_Motor-2_50_time-impeller 2-ch6.csv,False,channel_1;nln_overview_verified=True|channel_2;nln_overview_verified=True|channel_3;nln_overview_verified=True|channel_4;nln_overview_verified=True|channel_5;nln_overview_verified=True|channel_6;nln_overview_verified=True
nln_emp_leave_one_speed_out,test_speed_70,nln_emp,nln_emp_motor_2_50_impeller_2_vibration,nln_emp_motor_2_50_impeller_2,train,Motor-2,vibration,vibration,50,unknown,motor_2_speed_50,impeller_fault,1,fault,experimental,unknown,data/raw/nln_emp/Dataset/Vibration/Motor-2/50/impeller 2/Vibration_Motor-2_50_time-impeller 2-ch1.csv|data/raw/nln_emp/Dataset/Vibration/Motor-2/50/impeller 2/Vibration_Motor-2_50_time-impeller 2-ch2.csv|data/raw/nln_emp/Dataset/Vibration/Motor-2/50/impeller 2/Vibration_Motor-2_50_time-impeller 2-ch3.csv|data/raw/nln_emp/Dataset/Vibration/Motor-2/50/impeller 2/Vibration_Motor-2_50_time-impeller 2-ch4.csv|data/raw/nln_emp/Dataset/Vibration/Motor-2/50/impeller 2/Vibration_Motor-2_50_time-impeller 2-ch5.csv,False,channel_1;nln_overview_verified=True|channel_2;nln_overview_verified=True|channel_3;nln_overview_verified=True|channel_4;nln_overview_verified=True|channel_5;nln_overview_verified=True
nln_emp_leave_one_speed_out,test_speed_70,nln_emp,nln_emp_motor_2_50_impeller_3_current,nln_emp_motor_2_50_impeller_3,train,Motor-2,current,current,50,unknown,motor_2_speed_50,impeller_fault,1,fault,experimental,unknown,data/raw/nln_emp/Dataset/Electric/Motor-2/50/impeller 3/Electric_Motor-2_50_time-impeller 3-ch1.csv|data/raw/nln_emp/Dataset/Electric/Motor-2/50/impeller 3/Electric_Motor-2_50_time-impeller 3-ch2.csv|data/raw/nln_emp/Dataset/Electric/Motor-2/50/impeller 3/Electric_Motor-2_50_time-impeller 3-ch3.csv|data/raw/nln_emp/Dataset/Electric/Motor-2/50/impeller 3/Electric_Motor-2_50_time-impeller 3-ch4.csv|data/raw/nln_emp/Dataset/Electric/Motor-2/50/impeller 3/Electric_Motor-2_50_time-impeller 3-ch5.csv|data/raw/nln_emp/Dataset/Electric/Motor-2/50/impeller 3/Electric_Motor-2_50_time-impeller 3-ch6.csv,False,channel_1;nln_overview_verified=True|channel_2;nln_overview_verified=True|channel_3;nln_overview_verified=True|channel_4;nln_overview_verified=True|channel_5;nln_overview_verified=True|channel_6;nln_overview_verified=True
nln_emp_leave_one_speed_out,test_speed_70,nln_emp,nln_emp_motor_2_50_impeller_3_vibration,nln_emp_motor_2_50_impeller_3,train,Motor-2,vibration,vibration,50,unknown,motor_2_speed_50,impeller_fault,1,fault,experimental,unknown,data/raw/nln_emp/Dataset/Vibration/Motor-2/50/impeller 3/Vibration_Motor-2_50_time-impeller 3-ch1.csv|data/raw/nln_emp/Dataset/Vibration/Motor-2/50/impeller 3/Vibration_Motor-2_50_time-impeller 3-ch2.csv|data/raw/nln_emp/Dataset/Vibration/Motor-2/50/impeller 3/Vibration_Motor-2_50_time-impeller 3-ch3.csv|data/raw/nln_emp/Dataset/Vibration/Motor-2/50/impeller 3/Vibration_Motor-2_50_time-impeller 3-ch4.csv|data/raw/nln_emp/Dataset/Vibration/Motor-2/50/impeller 3/Vibration_Motor-2_50_time-impeller 3-ch5.csv,False,channel_1;nln_overview_verified=True|channel_2;nln_overview_verified=True|channel_3;nln_overview_verified=True|channel_4;nln_overview_verified=True|channel_5;nln_overview_verified=True
nln_emp_leave_one_speed_out,test_speed_70,nln_emp,nln_emp_motor_2_50_loose_foot_motor_current,nln_emp_motor_2_50_loose_foot_motor,train,Motor-2,current,current,50,unknown,motor_2_speed_50,looseness_soft_foot,unknown,fault,experimental,unknown,data/raw/nln_emp/Dataset/Electric/Motor-2/50/loose foot motor/Electric_Motor-2_50_time-loose foot motor-ch1.csv|data/raw/nln_emp/Dataset/Electric/Motor-2/50/loose foot motor/Electric_Motor-2_50_time-loose foot motor-ch2.csv|data/raw/nln_emp/Dataset/Electric/Motor-2/50/loose foot motor/Electric_Motor-2_50_time-loose foot motor-ch3.csv|data/raw/nln_emp/Dataset/Electric/Motor-2/50/loose foot motor/Electric_Motor-2_50_time-loose foot motor-ch4.csv|data/raw/nln_emp/Dataset/Electric/Motor-2/50/loose foot motor/Electric_Motor-2_50_time-loose foot motor-ch5.csv|data/raw/nln_emp/Dataset/Electric/Motor-2/50/loose foot motor/Electric_Motor-2_50_time-loose foot motor-ch6.csv,False,channel_1;nln_overview_verified=True|channel_2;nln_overview_verified=True|channel_3;nln_overview_verified=True|channel_4;nln_overview_verified=True|channel_5;nln_overview_verified=True|channel_6;nln_overview_verified=True
nln_emp_leave_one_speed_out,test_speed_70,nln_emp,nln_emp_motor_2_50_loose_foot_pump_current,nln_emp_motor_2_50_loose_foot_pump,train,Motor-2,current,current,50,unknown,motor_2_speed_50,looseness_soft_foot,unknown,fault,experimental,unknown,data/raw/nln_emp/Dataset/Electric/Motor-2/50/loose foot pump/Electric_Motor-2_50_time-loose foot pump-ch1.csv|data/raw/nln_emp/Dataset/Electric/Motor-2/50/loose foot pump/Electric_Motor-2_50_time-loose foot pump-ch2.csv|data/raw/nln_emp/Dataset/Electric/Motor-2/50/loose foot pump/Electric_Motor-2_50_time-loose foot pump-ch3.csv|data/raw/nln_emp/Dataset/Electric/Motor-2/50/loose foot pump/Electric_Motor-2_50_time-loose foot pump-ch4.csv|data/raw/nln_emp/Dataset/Electric/Motor-2/50/loose foot pump/Electric_Motor-2_50_time-loose foot pump-ch5.csv|data/raw/nln_emp/Dataset/Electric/Motor-2/50/loose foot pump/Electric_Motor-2_50_time-loose foot pump-ch6.csv,False,channel_1;nln_overview_verified=True|channel_2;nln_overview_verified=True|channel_3;nln_overview_verified=True|channel_4;nln_overview_verified=True|channel_5;nln_overview_verified=True|channel_6;nln_overview_verified=True
nln_emp_leave_one_speed_out,test_speed_70,nln_emp,nln_emp_motor_2_50_loose_foot_pump_vibration,nln_emp_motor_2_50_loose_foot_pump,train,Motor-2,vibration,vibration,50,unknown,motor_2_speed_50,looseness_soft_foot,unknown,fault,experimental,unknown,data/raw/nln_emp/Dataset/Vibration/Motor-2/50/loose foot pump/Vibration_Motor-2_50_time-loose foot pump-ch1.csv|data/raw/nln_emp/Dataset/Vibration/Motor-2/50/loose foot pump/Vibration_Motor-2_50_time-loose foot pump-ch2.csv|data/raw/nln_emp/Dataset/Vibration/Motor-2/50/loose foot pump/Vibration_Motor-2_50_time-loose foot pump-ch3.csv|data/raw/nln_emp/Dataset/Vibration/Motor-2/50/loose foot pump/Vibration_Motor-2_50_time-loose foot pump-ch4.csv|data/raw/nln_emp/Dataset/Vibration/Motor-2/50/loose foot pump/Vibration_Motor-2_50_time-loose foot pump-ch5.csv,False,channel_1;nln_overview_verified=True|channel_2;nln_overview_verified=True|channel_3;nln_overview_verified=True|channel_4;nln_overview_verified=True|channel_5;nln_overview_verified=True
nln_emp_leave_one_speed_out,test_speed_70,nln_emp,nln_emp_motor_2_50_new_motor_current,nln_emp_motor_2_50_new_motor,train,Motor-2,current,current,50,unknown,motor_2_speed_50,healthy,0,healthy,experimental,unknown,data/raw/nln_emp/Dataset/Electric/Motor-2/50/new motor/Electric_Motor-2_50_time-new motor-ch1.csv|data/raw/nln_emp/Dataset/Electric/Motor-2/50/new motor/Electric_Motor-2_50_time-new motor-ch2.csv|data/raw/nln_emp/Dataset/Electric/Motor-2/50/new motor/Electric_Motor-2_50_time-new motor-ch3.csv|data/raw/nln_emp/Dataset/Electric/Motor-2/50/new motor/Electric_Motor-2_50_time-new motor-ch4.csv|data/raw/nln_emp/Dataset/Electric/Motor-2/50/new motor/Electric_Motor-2_50_time-new motor-ch5.csv|data/raw/nln_emp/Dataset/Electric/Motor-2/50/new motor/Electric_Motor-2_50_time-new motor-ch6.csv,False,channel_1;nln_overview_verified=True|channel_2;nln_overview_verified=True|channel_3;nln_overview_verified=True|channel_4;nln_overview_verified=True|channel_5;nln_overview_verified=True|channel_6;nln_overview_verified=True
nln_emp_leave_one_speed_out,test_speed_70,nln_emp,nln_emp_motor_2_50_new_motor_vibration,nln_emp_motor_2_50_new_motor,train,Motor-2,vibration,vibration,50,unknown,motor_2_speed_50,healthy,0,healthy,experimental,unknown,data/raw/nln_emp/Dataset/Vibration/Motor-2/50/new motor/Vibration_Motor-2_50_time-new motor-ch1.csv|data/raw/nln_emp/Dataset/Vibration/Motor-2/50/new motor/Vibration_Motor-2_50_time-new motor-ch2.csv|data/raw/nln_emp/Dataset/Vibration/Motor-2/50/new motor/Vibration_Motor-2_50_time-new motor-ch3.csv|data/raw/nln_emp/Dataset/Vibration/Motor-2/50/new motor/Vibration_Motor-2_50_time-new motor-ch4.csv|data/raw/nln_emp/Dataset/Vibration/Motor-2/50/new motor/Vibration_Motor-2_50_time-new motor-ch5.csv,False,channel_1;nln_overview_verified=True|channel_2;nln_overview_verified=True|channel_3;nln_overview_verified=True|channel_4;nln_overview_verified=True|channel_5;nln_overview_verified=True
nln_emp_leave_one_speed_out,test_speed_70,nln_emp,nln_emp_motor_2_50_soft_foot_1_current,nln_emp_motor_2_50_soft_foot_1,train,Motor-2,current,current,50,unknown,motor_2_speed_50,looseness_soft_foot,2,fault,experimental,unknown,data/raw/nln_emp/Dataset/Electric/Motor-2/50/soft foot 1/Electric_Motor-2_50_time-soft foot 1-ch1.csv|data/raw/nln_emp/Dataset/Electric/Motor-2/50/soft foot 1/Electric_Motor-2_50_time-soft foot 1-ch2.csv|data/raw/nln_emp/Dataset/Electric/Motor-2/50/soft foot 1/Electric_Motor-2_50_time-soft foot 1-ch3.csv|data/raw/nln_emp/Dataset/Electric/Motor-2/50/soft foot 1/Electric_Motor-2_50_time-soft foot 1-ch4.csv|data/raw/nln_emp/Dataset/Electric/Motor-2/50/soft foot 1/Electric_Motor-2_50_time-soft foot 1-ch5.csv|data/raw/nln_emp/Dataset/Electric/Motor-2/50/soft foot 1/Electric_Motor-2_50_time-soft foot 1-ch6.csv,False,channel_1;nln_overview_verified=True|channel_2;nln_overview_verified=True|channel_3;nln_overview_verified=True|channel_4;nln_overview_verified=True|channel_5;nln_overview_verified=True|channel_6;nln_overview_verified=True
nln_emp_leave_one_speed_out,test_speed_70,nln_emp,nln_emp_motor_2_50_soft_foot_1_vibration,nln_emp_motor_2_50_soft_foot_1,train,Motor-2,vibration,vibration,50,unknown,motor_2_speed_50,looseness_soft_foot,2,fault,experimental,unknown,data/raw/nln_emp/Dataset/Vibration/Motor-2/50/soft foot 1/Vibration_Motor-2_50_time-soft foot 1-ch1.csv|data/raw/nln_emp/Dataset/Vibration/Motor-2/50/soft foot 1/Vibration_Motor-2_50_time-soft foot 1-ch2.csv|data/raw/nln_emp/Dataset/Vibration/Motor-2/50/soft foot 1/Vibration_Motor-2_50_time-soft foot 1-ch3.csv|data/raw/nln_emp/Dataset/Vibration/Motor-2/50/soft foot 1/Vibration_Motor-2_50_time-soft foot 1-ch4.csv|data/raw/nln_emp/Dataset/Vibration/Motor-2/50/soft foot 1/Vibration_Motor-2_50_time-soft foot 1-ch5.csv,False,channel_1;nln_overview_verified=True|channel_2;nln_overview_verified=True|channel_3;nln_overview_verified=True|channel_4;nln_overview_verified=True|channel_5;nln_overview_verified=True
nln_emp_leave_one_speed_out,test_speed_70,nln_emp,nln_emp_motor_2_50_soft_foot_2_current,nln_emp_motor_2_50_soft_foot_2,val,Motor-2,current,current,50,unknown,motor_2_speed_50,looseness_soft_foot,2,fault,experimental,unknown,data/raw/nln_emp/Dataset/Electric/Motor-2/50/soft foot 2/Electric_Motor-2_50_time-soft foot 2-ch1.csv|data/raw/nln_emp/Dataset/Electric/Motor-2/50/soft foot 2/Electric_Motor-2_50_time-soft foot 2-ch2.csv|data/raw/nln_emp/Dataset/Electric/Motor-2/50/soft foot 2/Electric_Motor-2_50_time-soft foot 2-ch3.csv|data/raw/nln_emp/Dataset/Electric/Motor-2/50/soft foot 2/Electric_Motor-2_50_time-soft foot 2-ch4.csv|data/raw/nln_emp/Dataset/Electric/Motor-2/50/soft foot 2/Electric_Motor-2_50_time-soft foot 2-ch5.csv|data/raw/nln_emp/Dataset/Electric/Motor-2/50/soft foot 2/Electric_Motor-2_50_time-soft foot 2-ch6.csv,False,channel_1;nln_overview_verified=True|channel_2;nln_overview_verified=True|channel_3;nln_overview_verified=True|channel_4;nln_overview_verified=True|channel_5;nln_overview_verified=True|channel_6;nln_overview_verified=True
nln_emp_leave_one_speed_out,test_speed_70,nln_emp,nln_emp_motor_2_50_soft_foot_2_vibration,nln_emp_motor_2_50_soft_foot_2,val,Motor-2,vibration,vibration,50,unknown,motor_2_speed_50,looseness_soft_foot,2,fault,experimental,unknown,data/raw/nln_emp/Dataset/Vibration/Motor-2/50/soft foot 2/Vibration_Motor-2_50_time-soft foot 2-ch1.csv|data/raw/nln_emp/Dataset/Vibration/Motor-2/50/soft foot 2/Vibration_Motor-2_50_time-soft foot 2-ch2.csv|data/raw/nln_emp/Dataset/Vibration/Motor-2/50/soft foot 2/Vibration_Motor-2_50_time-soft foot 2-ch3.csv|data/raw/nln_emp/Dataset/Vibration/Motor-2/50/soft foot 2/Vibration_Motor-2_50_time-soft foot 2-ch4.csv|data/raw/nln_emp/Dataset/Vibration/Motor-2/50/soft foot 2/Vibration_Motor-2_50_time-soft foot 2-ch5.csv,False,channel_1;nln_overview_verified=True|channel_2;nln_overview_verified=True|channel_3;nln_overview_verified=True|channel_4;nln_overview_verified=True|channel_5;nln_overview_verified=True
nln_emp_leave_one_speed_out,test_speed_70,nln_emp,nln_emp_motor_2_50_stator_short_1_current,nln_emp_motor_2_50_stator_short_1,train,Motor-2,current,current,50,unknown,motor_2_speed_50,stator_winding_fault,1,fault,experimental,unknown,data/raw/nln_emp/Dataset/Electric/Motor-2/50/stator short 1/Electric_Motor-2_50_time-stator short 1-ch1.csv|data/raw/nln_emp/Dataset/Electric/Motor-2/50/stator short 1/Electric_Motor-2_50_time-stator short 1-ch2.csv|data/raw/nln_emp/Dataset/Electric/Motor-2/50/stator short 1/Electric_Motor-2_50_time-stator short 1-ch3.csv|data/raw/nln_emp/Dataset/Electric/Motor-2/50/stator short 1/Electric_Motor-2_50_time-stator short 1-ch4.csv|data/raw/nln_emp/Dataset/Electric/Motor-2/50/stator short 1/Electric_Motor-2_50_time-stator short 1-ch5.csv|data/raw/nln_emp/Dataset/Electric/Motor-2/50/stator short 1/Electric_Motor-2_50_time-stator short 1-ch6.csv,False,channel_1;nln_overview_verified=True|channel_2;nln_overview_verified=True|channel_3;nln_overview_verified=True|channel_4;nln_overview_verified=True|channel_5;nln_overview_verified=True|channel_6;nln_overview_verified=True
nln_emp_leave_one_speed_out,test_speed_70,nln_emp,nln_emp_motor_2_50_stator_short_1_vibration,nln_emp_motor_2_50_stator_short_1,train,Motor-2,vibration,vibration,50,unknown,motor_2_speed_50,stator_winding_fault,1,fault,experimental,unknown,data/raw/nln_emp/Dataset/Vibration/Motor-2/50/stator short 1/Vibration_Motor-2_50_time-stator short 1-ch1.csv|data/raw/nln_emp/Dataset/Vibration/Motor-2/50/stator short 1/Vibration_Motor-2_50_time-stator short 1-ch2.csv|data/raw/nln_emp/Dataset/Vibration/Motor-2/50/stator short 1/Vibration_Motor-2_50_time-stator short 1-ch3.csv|data/raw/nln_emp/Dataset/Vibration/Motor-2/50/stator short 1/Vibration_Motor-2_50_time-stator short 1-ch4.csv|data/raw/nln_emp/Dataset/Vibration/Motor-2/50/stator short 1/Vibration_Motor-2_50_time-stator short 1-ch5.csv,False,channel_1;nln_overview_verified=True|channel_2;nln_overview_verified=True|channel_3;nln_overview_verified=True|channel_4;nln_overview_verified=True|channel_5;nln_overview_verified=True
nln_emp_leave_one_speed_out,test_speed_70,nln_emp,nln_emp_motor_2_50_stator_short_2_current,nln_emp_motor_2_50_stator_short_2,train,Motor-2,current,current,50,unknown,motor_2_speed_50,stator_winding_fault,1,fault,experimental,unknown,data/raw/nln_emp/Dataset/Electric/Motor-2/50/stator short 2/Electric_Motor-2_50_time-stator short 2-ch1.csv|data/raw/nln_emp/Dataset/Electric/Motor-2/50/stator short 2/Electric_Motor-2_50_time-stator short 2-ch2.csv|data/raw/nln_emp/Dataset/Electric/Motor-2/50/stator short 2/Electric_Motor-2_50_time-stator short 2-ch3.csv|data/raw/nln_emp/Dataset/Electric/Motor-2/50/stator short 2/Electric_Motor-2_50_time-stator short 2-ch4.csv|data/raw/nln_emp/Dataset/Electric/Motor-2/50/stator short 2/Electric_Motor-2_50_time-stator short 2-ch5.csv|data/raw/nln_emp/Dataset/Electric/Motor-2/50/stator short 2/Electric_Motor-2_50_time-stator short 2-ch6.csv,False,channel_1;nln_overview_verified=True|channel_2;nln_overview_verified=True|channel_3;nln_overview_verified=True|channel_4;nln_overview_verified=True|channel_5;nln_overview_verified=True|channel_6;nln_overview_verified=True
nln_emp_leave_one_speed_out,test_speed_70,nln_emp,nln_emp_motor_2_50_stator_short_2_vibration,nln_emp_motor_2_50_stator_short_2,train,Motor-2,vibration,vibration,50,unknown,motor_2_speed_50,stator_winding_fault,1,fault,experimental,unknown,data/raw/nln_emp/Dataset/Vibration/Motor-2/50/stator short 2/Vibration_Motor-2_50_time-stator short 2-ch1.csv|data/raw/nln_emp/Dataset/Vibration/Motor-2/50/stator short 2/Vibration_Motor-2_50_time-stator short 2-ch2.csv|data/raw/nln_emp/Dataset/Vibration/Motor-2/50/stator short 2/Vibration_Motor-2_50_time-stator short 2-ch3.csv|data/raw/nln_emp/Dataset/Vibration/Motor-2/50/stator short 2/Vibration_Motor-2_50_time-stator short 2-ch4.csv|data/raw/nln_emp/Dataset/Vibration/Motor-2/50/stator short 2/Vibration_Motor-2_50_time-stator short 2-ch5.csv,False,channel_1;nln_overview_verified=True|channel_2;nln_overview_verified=True|channel_3;nln_overview_verified=True|channel_4;nln_overview_verified=True|channel_5;nln_overview_verified=True
nln_emp_leave_one_speed_out,test_speed_70,nln_emp,nln_emp_motor_2_75_bearing_bpfi_1_current,nln_emp_motor_2_75_bearing_bpfi_1,train,Motor-2,current,current,75,unknown,motor_2_speed_75,bearing_inner_race,2,fault,experimental,unknown,data/raw/nln_emp/Dataset/Electric/Motor-2/75/bearing bpfi 1/Electric_Motor-2_75_time-bearing bpfi 1-ch1.csv|data/raw/nln_emp/Dataset/Electric/Motor-2/75/bearing bpfi 1/Electric_Motor-2_75_time-bearing bpfi 1-ch2.csv|data/raw/nln_emp/Dataset/Electric/Motor-2/75/bearing bpfi 1/Electric_Motor-2_75_time-bearing bpfi 1-ch3.csv|data/raw/nln_emp/Dataset/Electric/Motor-2/75/bearing bpfi 1/Electric_Motor-2_75_time-bearing bpfi 1-ch4.csv|data/raw/nln_emp/Dataset/Electric/Motor-2/75/bearing bpfi 1/Electric_Motor-2_75_time-bearing bpfi 1-ch5.csv|data/raw/nln_emp/Dataset/Electric/Motor-2/75/bearing bpfi 1/Electric_Motor-2_75_time-bearing bpfi 1-ch6.csv,False,channel_1;nln_overview_verified=True|channel_2;nln_overview_verified=True|channel_3;nln_overview_verified=True|channel_4;nln_overview_verified=True|channel_5;nln_overview_verified=True|channel_6;nln_overview_verified=True
nln_emp_leave_one_speed_out,test_speed_70,nln_emp,nln_emp_motor_2_75_bearing_bpfi_1_vibration,nln_emp_motor_2_75_bearing_bpfi_1,train,Motor-2,vibration,vibration,75,unknown,motor_2_speed_75,bearing_inner_race,2,fault,experimental,unknown,data/raw/nln_emp/Dataset/Vibration/Motor-2/75/bearing bpfi 1/Vibration_Motor-2_75_time-bearing bpfi 1-ch1.csv|data/raw/nln_emp/Dataset/Vibration/Motor-2/75/bearing bpfi 1/Vibration_Motor-2_75_time-bearing bpfi 1-ch2.csv|data/raw/nln_emp/Dataset/Vibration/Motor-2/75/bearing bpfi 1/Vibration_Motor-2_75_time-bearing bpfi 1-ch3.csv|data/raw/nln_emp/Dataset/Vibration/Motor-2/75/bearing bpfi 1/Vibration_Motor-2_75_time-bearing bpfi 1-ch4.csv|data/raw/nln_emp/Dataset/Vibration/Motor-2/75/bearing bpfi 1/Vibration_Motor-2_75_time-bearing bpfi 1-ch5.csv,False,channel_1;nln_overview_verified=True|channel_2;nln_overview_verified=True|channel_3;nln_overview_verified=True|channel_4;nln_overview_verified=True|channel_5;nln_overview_verified=True
nln_emp_leave_one_speed_out,test_speed_70,nln_emp,nln_emp_motor_2_75_bearing_bpfi_2_current,nln_emp_motor_2_75_bearing_bpfi_2,train,Motor-2,current,current,75,unknown,motor_2_speed_75,bearing_inner_race,2,fault,experimental,unknown,data/raw/nln_emp/Dataset/Electric/Motor-2/75/bearing bpfi 2/Electric_Motor-2_75_time-bearing bpfi 2-ch1.csv|data/raw/nln_emp/Dataset/Electric/Motor-2/75/bearing bpfi 2/Electric_Motor-2_75_time-bearing bpfi 2-ch2.csv|data/raw/nln_emp/Dataset/Electric/Motor-2/75/bearing bpfi 2/Electric_Motor-2_75_time-bearing bpfi 2-ch3.csv|data/raw/nln_emp/Dataset/Electric/Motor-2/75/bearing bpfi 2/Electric_Motor-2_75_time-bearing bpfi 2-ch4.csv|data/raw/nln_emp/Dataset/Electric/Motor-2/75/bearing bpfi 2/Electric_Motor-2_75_time-bearing bpfi 2-ch5.csv|data/raw/nln_emp/Dataset/Electric/Motor-2/75/bearing bpfi 2/Electric_Motor-2_75_time-bearing bpfi 2-ch6.csv,False,channel_1;nln_overview_verified=True|channel_2;nln_overview_verified=True|channel_3;nln_overview_verified=True|channel_4;nln_overview_verified=True|channel_5;nln_overview_verified=True|channel_6;nln_overview_verified=True
nln_emp_leave_one_speed_out,test_speed_70,nln_emp,nln_emp_motor_2_75_bearing_bpfi_2_vibration,nln_emp_motor_2_75_bearing_bpfi_2,train,Motor-2,vibration,vibration,75,unknown,motor_2_speed_75,bearing_inner_race,2,fault,experimental,unknown,data/raw/nln_emp/Dataset/Vibration/Motor-2/75/bearing bpfi 2/Vibration_Motor-2_75_time-bearing bpfi 2-ch1.csv|data/raw/nln_emp/Dataset/Vibration/Motor-2/75/bearing bpfi 2/Vibration_Motor-2_75_time-bearing bpfi 2-ch2.csv|data/raw/nln_emp/Dataset/Vibration/Motor-2/75/bearing bpfi 2/Vibration_Motor-2_75_time-bearing bpfi 2-ch3.csv|data/raw/nln_emp/Dataset/Vibration/Motor-2/75/bearing bpfi 2/Vibration_Motor-2_75_time-bearing bpfi 2-ch4.csv|data/raw/nln_emp/Dataset/Vibration/Motor-2/75/bearing bpfi 2/Vibration_Motor-2_75_time-bearing bpfi 2-ch5.csv,False,channel_1;nln_overview_verified=True|channel_2;nln_overview_verified=True|channel_3;nln_overview_verified=True|channel_4;nln_overview_verified=True|channel_5;nln_overview_verified=True
nln_emp_leave_one_speed_out,test_speed_70,nln_emp,nln_emp_motor_2_75_bearing_bpfi_3_current,nln_emp_motor_2_75_bearing_bpfi_3,train,Motor-2,current,current,75,unknown,motor_2_speed_75,bearing_inner_race,2,fault,experimental,unknown,data/raw/nln_emp/Dataset/Electric/Motor-2/75/bearing bpfi 3/Electric_Motor-2_75_time-bearing bpfi 3-ch1.csv|data/raw/nln_emp/Dataset/Electric/Motor-2/75/bearing bpfi 3/Electric_Motor-2_75_time-bearing bpfi 3-ch2.csv|data/raw/nln_emp/Dataset/Electric/Motor-2/75/bearing bpfi 3/Electric_Motor-2_75_time-bearing bpfi 3-ch3.csv|data/raw/nln_emp/Dataset/Electric/Motor-2/75/bearing bpfi 3/Electric_Motor-2_75_time-bearing bpfi 3-ch4.csv|data/raw/nln_emp/Dataset/Electric/Motor-2/75/bearing bpfi 3/Electric_Motor-2_75_time-bearing bpfi 3-ch5.csv|data/raw/nln_emp/Dataset/Electric/Motor-2/75/bearing bpfi 3/Electric_Motor-2_75_time-bearing bpfi 3-ch6.csv,False,channel_1;nln_overview_verified=True|channel_2;nln_overview_verified=True|channel_3;nln_overview_verified=True|channel_4;nln_overview_verified=True|channel_5;nln_overview_verified=True|channel_6;nln_overview_verified=True
nln_emp_leave_one_speed_out,test_speed_70,nln_emp,nln_emp_motor_2_75_bearing_bpfi_3_vibration,nln_emp_motor_2_75_bearing_bpfi_3,train,Motor-2,vibration,vibration,75,unknown,motor_2_speed_75,bearing_inner_race,2,fault,experimental,unknown,data/raw/nln_emp/Dataset/Vibration/Motor-2/75/bearing bpfi 3/Vibration_Motor-2_75_time-bearing bpfi 3-ch1.csv|data/raw/nln_emp/Dataset/Vibration/Motor-2/75/bearing bpfi 3/Vibration_Motor-2_75_time-bearing bpfi 3-ch2.csv|data/raw/nln_emp/Dataset/Vibration/Motor-2/75/bearing bpfi 3/Vibration_Motor-2_75_time-bearing bpfi 3-ch3.csv|data/raw/nln_emp/Dataset/Vibration/Motor-2/75/bearing bpfi 3/Vibration_Motor-2_75_time-bearing bpfi 3-ch4.csv|data/raw/nln_emp/Dataset/Vibration/Motor-2/75/bearing bpfi 3/Vibration_Motor-2_75_time-bearing bpfi 3-ch5.csv,False,channel_1;nln_overview_verified=True|channel_2;nln_overview_verified=True|channel_3;nln_overview_verified=True|channel_4;nln_overview_verified=True|channel_5;nln_overview_verified=True
nln_emp_leave_one_speed_out,test_speed_70,nln_emp,nln_emp_motor_2_75_bearing_bpfo_1_current,nln_emp_motor_2_75_bearing_bpfo_1,train,Motor-2,current,current,75,unknown,motor_2_speed_75,bearing_outer_race,1,fault,experimental,unknown,data/raw/nln_emp/Dataset/Electric/Motor-2/75/bearing bpfo 1/Electric_Motor-2_75_time-bearing bpfo 1-ch1.csv|data/raw/nln_emp/Dataset/Electric/Motor-2/75/bearing bpfo 1/Electric_Motor-2_75_time-bearing bpfo 1-ch2.csv|data/raw/nln_emp/Dataset/Electric/Motor-2/75/bearing bpfo 1/Electric_Motor-2_75_time-bearing bpfo 1-ch3.csv|data/raw/nln_emp/Dataset/Electric/Motor-2/75/bearing bpfo 1/Electric_Motor-2_75_time-bearing bpfo 1-ch4.csv|data/raw/nln_emp/Dataset/Electric/Motor-2/75/bearing bpfo 1/Electric_Motor-2_75_time-bearing bpfo 1-ch5.csv|data/raw/nln_emp/Dataset/Electric/Motor-2/75/bearing bpfo 1/Electric_Motor-2_75_time-bearing bpfo 1-ch6.csv,False,channel_1;nln_overview_verified=True|channel_2;nln_overview_verified=True|channel_3;nln_overview_verified=True|channel_4;nln_overview_verified=True|channel_5;nln_overview_verified=True|channel_6;nln_overview_verified=True
nln_emp_leave_one_speed_out,test_speed_70,nln_emp,nln_emp_motor_2_75_bearing_bpfo_1_vibration,nln_emp_motor_2_75_bearing_bpfo_1,train,Motor-2,vibration,vibration,75,unknown,motor_2_speed_75,bearing_outer_race,1,fault,experimental,unknown,data/raw/nln_emp/Dataset/Vibration/Motor-2/75/bearing bpfo 1/Vibration_Motor-2_75_time-bearing bpfo 1-ch1.csv|data/raw/nln_emp/Dataset/Vibration/Motor-2/75/bearing bpfo 1/Vibration_Motor-2_75_time-bearing bpfo 1-ch2.csv|data/raw/nln_emp/Dataset/Vibration/Motor-2/75/bearing bpfo 1/Vibration_Motor-2_75_time-bearing bpfo 1-ch3.csv|data/raw/nln_emp/Dataset/Vibration/Motor-2/75/bearing bpfo 1/Vibration_Motor-2_75_time-bearing bpfo 1-ch4.csv|data/raw/nln_emp/Dataset/Vibration/Motor-2/75/bearing bpfo 1/Vibration_Motor-2_75_time-bearing bpfo 1-ch5.csv,False,channel_1;nln_overview_verified=True|channel_2;nln_overview_verified=True|channel_3;nln_overview_verified=True|channel_4;nln_overview_verified=True|channel_5;nln_overview_verified=True
nln_emp_leave_one_speed_out,test_speed_70,nln_emp,nln_emp_motor_2_75_bearing_bpfo_2_current,nln_emp_motor_2_75_bearing_bpfo_2,train,Motor-2,current,current,75,unknown,motor_2_speed_75,bearing_outer_race,1,fault,experimental,unknown,data/raw/nln_emp/Dataset/Electric/Motor-2/75/bearing bpfo 2/Electric_Motor-2_75_time-bearing bpfo 2-ch1.csv|data/raw/nln_emp/Dataset/Electric/Motor-2/75/bearing bpfo 2/Electric_Motor-2_75_time-bearing bpfo 2-ch2.csv|data/raw/nln_emp/Dataset/Electric/Motor-2/75/bearing bpfo 2/Electric_Motor-2_75_time-bearing bpfo 2-ch3.csv|data/raw/nln_emp/Dataset/Electric/Motor-2/75/bearing bpfo 2/Electric_Motor-2_75_time-bearing bpfo 2-ch4.csv|data/raw/nln_emp/Dataset/Electric/Motor-2/75/bearing bpfo 2/Electric_Motor-2_75_time-bearing bpfo 2-ch5.csv|data/raw/nln_emp/Dataset/Electric/Motor-2/75/bearing bpfo 2/Electric_Motor-2_75_time-bearing bpfo 2-ch6.csv,False,channel_1;nln_overview_verified=True|channel_2;nln_overview_verified=True|channel_3;nln_overview_verified=True|channel_4;nln_overview_verified=True|channel_5;nln_overview_verified=True|channel_6;nln_overview_verified=True
nln_emp_leave_one_speed_out,test_speed_70,nln_emp,nln_emp_motor_2_75_bearing_bpfo_2_vibration,nln_emp_motor_2_75_bearing_bpfo_2,train,Motor-2,vibration,vibration,75,unknown,motor_2_speed_75,bearing_outer_race,1,fault,experimental,unknown,data/raw/nln_emp/Dataset/Vibration/Motor-2/75/bearing bpfo 2/Vibration_Motor-2_75_time-bearing bpfo 2-ch1.csv|data/raw/nln_emp/Dataset/Vibration/Motor-2/75/bearing bpfo 2/Vibration_Motor-2_75_time-bearing bpfo 2-ch2.csv|data/raw/nln_emp/Dataset/Vibration/Motor-2/75/bearing bpfo 2/Vibration_Motor-2_75_time-bearing bpfo 2-ch3.csv|data/raw/nln_emp/Dataset/Vibration/Motor-2/75/bearing bpfo 2/Vibration_Motor-2_75_time-bearing bpfo 2-ch4.csv|data/raw/nln_emp/Dataset/Vibration/Motor-2/75/bearing bpfo 2/Vibration_Motor-2_75_time-bearing bpfo 2-ch5.csv,False,channel_1;nln_overview_verified=True|channel_2;nln_overview_verified=True|channel_3;nln_overview_verified=True|channel_4;nln_overview_verified=True|channel_5;nln_overview_verified=True
nln_emp_leave_one_speed_out,test_speed_70,nln_emp,nln_emp_motor_2_75_bearing_bpfo_3_current,nln_emp_motor_2_75_bearing_bpfo_3,train,Motor-2,current,current,75,unknown,motor_2_speed_75,bearing_outer_race,1,fault,experimental,unknown,data/raw/nln_emp/Dataset/Electric/Motor-2/75/bearing bpfo 3/Electric_Motor-2_75_time-bearing bpfo 3-ch1.csv|data/raw/nln_emp/Dataset/Electric/Motor-2/75/bearing bpfo 3/Electric_Motor-2_75_time-bearing bpfo 3-ch2.csv|data/raw/nln_emp/Dataset/Electric/Motor-2/75/bearing bpfo 3/Electric_Motor-2_75_time-bearing bpfo 3-ch3.csv|data/raw/nln_emp/Dataset/Electric/Motor-2/75/bearing bpfo 3/Electric_Motor-2_75_time-bearing bpfo 3-ch4.csv|data/raw/nln_emp/Dataset/Electric/Motor-2/75/bearing bpfo 3/Electric_Motor-2_75_time-bearing bpfo 3-ch5.csv|data/raw/nln_emp/Dataset/Electric/Motor-2/75/bearing bpfo 3/Electric_Motor-2_75_time-bearing bpfo 3-ch6.csv,False,channel_1;nln_overview_verified=True|channel_2;nln_overview_verified=True|channel_3;nln_overview_verified=True|channel_4;nln_overview_verified=True|channel_5;nln_overview_verified=True|channel_6;nln_overview_verified=True
nln_emp_leave_one_speed_out,test_speed_70,nln_emp,nln_emp_motor_2_75_bearing_bpfo_3_vibration,nln_emp_motor_2_75_bearing_bpfo_3,train,Motor-2,vibration,vibration,75,unknown,motor_2_speed_75,bearing_outer_race,1,fault,experimental,unknown,data/raw/nln_emp/Dataset/Vibration/Motor-2/75/bearing bpfo 3/Vibration_Motor-2_75_time-bearing bpfo 3-ch1.csv|data/raw/nln_emp/Dataset/Vibration/Motor-2/75/bearing bpfo 3/Vibration_Motor-2_75_time-bearing bpfo 3-ch2.csv|data/raw/nln_emp/Dataset/Vibration/Motor-2/75/bearing bpfo 3/Vibration_Motor-2_75_time-bearing bpfo 3-ch3.csv|data/raw/nln_emp/Dataset/Vibration/Motor-2/75/bearing bpfo 3/Vibration_Motor-2_75_time-bearing bpfo 3-ch4.csv|data/raw/nln_emp/Dataset/Vibration/Motor-2/75/bearing bpfo 3/Vibration_Motor-2_75_time-bearing bpfo 3-ch5.csv,False,channel_1;nln_overview_verified=True|channel_2;nln_overview_verified=True|channel_3;nln_overview_verified=True|channel_4;nln_overview_verified=True|channel_5;nln_overview_verified=True
nln_emp_leave_one_speed_out,test_speed_70,nln_emp,nln_emp_motor_2_75_bearing_bsf_current,nln_emp_motor_2_75_bearing_bsf,train,Motor-2,current,current,75,unknown,motor_2_speed_75,bearing_ball_spin,unknown,fault,experimental,unknown,data/raw/nln_emp/Dataset/Electric/Motor-2/75/bearing bsf/Electric_Motor-2_75_time-bearing bsf-ch1.csv|data/raw/nln_emp/Dataset/Electric/Motor-2/75/bearing bsf/Electric_Motor-2_75_time-bearing bsf-ch2.csv|data/raw/nln_emp/Dataset/Electric/Motor-2/75/bearing bsf/Electric_Motor-2_75_time-bearing bsf-ch3.csv|data/raw/nln_emp/Dataset/Electric/Motor-2/75/bearing bsf/Electric_Motor-2_75_time-bearing bsf-ch4.csv|data/raw/nln_emp/Dataset/Electric/Motor-2/75/bearing bsf/Electric_Motor-2_75_time-bearing bsf-ch5.csv|data/raw/nln_emp/Dataset/Electric/Motor-2/75/bearing bsf/Electric_Motor-2_75_time-bearing bsf-ch6.csv,False,channel_1;nln_overview_verified=True|channel_2;nln_overview_verified=True|channel_3;nln_overview_verified=True|channel_4;nln_overview_verified=True|channel_5;nln_overview_verified=True|channel_6;nln_overview_verified=True
nln_emp_leave_one_speed_out,test_speed_70,nln_emp,nln_emp_motor_2_75_bearing_bsf_vibration,nln_emp_motor_2_75_bearing_bsf,train,Motor-2,vibration,vibration,75,unknown,motor_2_speed_75,bearing_ball_spin,unknown,fault,experimental,unknown,data/raw/nln_emp/Dataset/Vibration/Motor-2/75/bearing bsf/Vibration_Motor-2_75_time-bearing bsf-ch1.csv|data/raw/nln_emp/Dataset/Vibration/Motor-2/75/bearing bsf/Vibration_Motor-2_75_time-bearing bsf-ch2.csv|data/raw/nln_emp/Dataset/Vibration/Motor-2/75/bearing bsf/Vibration_Motor-2_75_time-bearing bsf-ch3.csv|data/raw/nln_emp/Dataset/Vibration/Motor-2/75/bearing bsf/Vibration_Motor-2_75_time-bearing bsf-ch4.csv|data/raw/nln_emp/Dataset/Vibration/Motor-2/75/bearing bsf/Vibration_Motor-2_75_time-bearing bsf-ch5.csv,False,channel_1;nln_overview_verified=True|channel_2;nln_overview_verified=True|channel_3;nln_overview_verified=True|channel_4;nln_overview_verified=True|channel_5;nln_overview_verified=True
nln_emp_leave_one_speed_out,test_speed_70,nln_emp,nln_emp_motor_2_75_bearing_contaminated_current,nln_emp_motor_2_75_bearing_contaminated,train,Motor-2,current,current,75,unknown,motor_2_speed_75,bearing_contamination,unknown,fault,experimental,unknown,data/raw/nln_emp/Dataset/Electric/Motor-2/75/bearing contaminated/Electric_Motor-2_75_time-bearing contaminated-ch1.csv|data/raw/nln_emp/Dataset/Electric/Motor-2/75/bearing contaminated/Electric_Motor-2_75_time-bearing contaminated-ch2.csv|data/raw/nln_emp/Dataset/Electric/Motor-2/75/bearing contaminated/Electric_Motor-2_75_time-bearing contaminated-ch3.csv|data/raw/nln_emp/Dataset/Electric/Motor-2/75/bearing contaminated/Electric_Motor-2_75_time-bearing contaminated-ch4.csv|data/raw/nln_emp/Dataset/Electric/Motor-2/75/bearing contaminated/Electric_Motor-2_75_time-bearing contaminated-ch5.csv|data/raw/nln_emp/Dataset/Electric/Motor-2/75/bearing contaminated/Electric_Motor-2_75_time-bearing contaminated-ch6.csv,False,channel_1;nln_overview_verified=True|channel_2;nln_overview_verified=True|channel_3;nln_overview_verified=True|channel_4;nln_overview_verified=True|channel_5;nln_overview_verified=True|channel_6;nln_overview_verified=True
nln_emp_leave_one_speed_out,test_speed_70,nln_emp,nln_emp_motor_2_75_bearing_contaminated_vibration,nln_emp_motor_2_75_bearing_contaminated,train,Motor-2,vibration,vibration,75,unknown,motor_2_speed_75,bearing_contamination,unknown,fault,experimental,unknown,data/raw/nln_emp/Dataset/Vibration/Motor-2/75/bearing contaminated/Vibration_Motor-2_75_time-bearing contaminated-ch1.csv|data/raw/nln_emp/Dataset/Vibration/Motor-2/75/bearing contaminated/Vibration_Motor-2_75_time-bearing contaminated-ch2.csv|data/raw/nln_emp/Dataset/Vibration/Motor-2/75/bearing contaminated/Vibration_Motor-2_75_time-bearing contaminated-ch3.csv|data/raw/nln_emp/Dataset/Vibration/Motor-2/75/bearing contaminated/Vibration_Motor-2_75_time-bearing contaminated-ch4.csv|data/raw/nln_emp/Dataset/Vibration/Motor-2/75/bearing contaminated/Vibration_Motor-2_75_time-bearing contaminated-ch5.csv,False,channel_1;nln_overview_verified=True|channel_2;nln_overview_verified=True|channel_3;nln_overview_verified=True|channel_4;nln_overview_verified=True|channel_5;nln_overview_verified=True
nln_emp_leave_one_speed_out,test_speed_70,nln_emp,nln_emp_motor_2_75_bearing_pump_1_current,nln_emp_motor_2_75_bearing_pump_1,train,Motor-2,current,current,75,unknown,motor_2_speed_75,bearing_ball,2,fault,experimental,unknown,data/raw/nln_emp/Dataset/Electric/Motor-2/75/bearing pump 1/Electric_Motor-2_75_time-bearing pump 1-ch1.csv|data/raw/nln_emp/Dataset/Electric/Motor-2/75/bearing pump 1/Electric_Motor-2_75_time-bearing pump 1-ch2.csv|data/raw/nln_emp/Dataset/Electric/Motor-2/75/bearing pump 1/Electric_Motor-2_75_time-bearing pump 1-ch3.csv|data/raw/nln_emp/Dataset/Electric/Motor-2/75/bearing pump 1/Electric_Motor-2_75_time-bearing pump 1-ch4.csv|data/raw/nln_emp/Dataset/Electric/Motor-2/75/bearing pump 1/Electric_Motor-2_75_time-bearing pump 1-ch5.csv|data/raw/nln_emp/Dataset/Electric/Motor-2/75/bearing pump 1/Electric_Motor-2_75_time-bearing pump 1-ch6.csv,False,channel_1;nln_overview_verified=True|channel_2;nln_overview_verified=True|channel_3;nln_overview_verified=True|channel_4;nln_overview_verified=True|channel_5;nln_overview_verified=True|channel_6;nln_overview_verified=True
nln_emp_leave_one_speed_out,test_speed_70,nln_emp,nln_emp_motor_2_75_bearing_pump_1_vibration,nln_emp_motor_2_75_bearing_pump_1,train,Motor-2,vibration,vibration,75,unknown,motor_2_speed_75,bearing_ball,2,fault,experimental,unknown,data/raw/nln_emp/Dataset/Vibration/Motor-2/75/bearing pump 1/Vibration_Motor-2_75_time-bearing pump 1-ch1.csv|data/raw/nln_emp/Dataset/Vibration/Motor-2/75/bearing pump 1/Vibration_Motor-2_75_time-bearing pump 1-ch2.csv|data/raw/nln_emp/Dataset/Vibration/Motor-2/75/bearing pump 1/Vibration_Motor-2_75_time-bearing pump 1-ch3.csv|data/raw/nln_emp/Dataset/Vibration/Motor-2/75/bearing pump 1/Vibration_Motor-2_75_time-bearing pump 1-ch4.csv|data/raw/nln_emp/Dataset/Vibration/Motor-2/75/bearing pump 1/Vibration_Motor-2_75_time-bearing pump 1-ch5.csv,False,channel_1;nln_overview_verified=True|channel_2;nln_overview_verified=True|channel_3;nln_overview_verified=True|channel_4;nln_overview_verified=True|channel_5;nln_overview_verified=True
nln_emp_leave_one_speed_out,test_speed_70,nln_emp,nln_emp_motor_2_75_bearing_pump_2_current,nln_emp_motor_2_75_bearing_pump_2,val,Motor-2,current,current,75,unknown,motor_2_speed_75,bearing_ball,2,fault,experimental,unknown,data/raw/nln_emp/Dataset/Electric/Motor-2/75/bearing pump 2/Electric_Motor-2_75_time-bearing pump 2-ch1.csv|data/raw/nln_emp/Dataset/Electric/Motor-2/75/bearing pump 2/Electric_Motor-2_75_time-bearing pump 2-ch2.csv|data/raw/nln_emp/Dataset/Electric/Motor-2/75/bearing pump 2/Electric_Motor-2_75_time-bearing pump 2-ch3.csv|data/raw/nln_emp/Dataset/Electric/Motor-2/75/bearing pump 2/Electric_Motor-2_75_time-bearing pump 2-ch4.csv|data/raw/nln_emp/Dataset/Electric/Motor-2/75/bearing pump 2/Electric_Motor-2_75_time-bearing pump 2-ch5.csv|data/raw/nln_emp/Dataset/Electric/Motor-2/75/bearing pump 2/Electric_Motor-2_75_time-bearing pump 2-ch6.csv,False,channel_1;nln_overview_verified=True|channel_2;nln_overview_verified=True|channel_3;nln_overview_verified=True|channel_4;nln_overview_verified=True|channel_5;nln_overview_verified=True|channel_6;nln_overview_verified=True
nln_emp_leave_one_speed_out,test_speed_70,nln_emp,nln_emp_motor_2_75_bearing_pump_2_vibration,nln_emp_motor_2_75_bearing_pump_2,val,Motor-2,vibration,vibration,75,unknown,motor_2_speed_75,bearing_ball,2,fault,experimental,unknown,data/raw/nln_emp/Dataset/Vibration/Motor-2/75/bearing pump 2/Vibration_Motor-2_75_time-bearing pump 2-ch1.csv|data/raw/nln_emp/Dataset/Vibration/Motor-2/75/bearing pump 2/Vibration_Motor-2_75_time-bearing pump 2-ch2.csv|data/raw/nln_emp/Dataset/Vibration/Motor-2/75/bearing pump 2/Vibration_Motor-2_75_time-bearing pump 2-ch3.csv|data/raw/nln_emp/Dataset/Vibration/Motor-2/75/bearing pump 2/Vibration_Motor-2_75_time-bearing pump 2-ch4.csv|data/raw/nln_emp/Dataset/Vibration/Motor-2/75/bearing pump 2/Vibration_Motor-2_75_time-bearing pump 2-ch5.csv,False,channel_1;nln_overview_verified=True|channel_2;nln_overview_verified=True|channel_3;nln_overview_verified=True|channel_4;nln_overview_verified=True|channel_5;nln_overview_verified=True
nln_emp_leave_one_speed_out,test_speed_70,nln_emp,nln_emp_motor_2_75_bearing_pump_3_current,nln_emp_motor_2_75_bearing_pump_3,train,Motor-2,current,current,75,unknown,motor_2_speed_75,bearing_ball,2,fault,experimental,unknown,data/raw/nln_emp/Dataset/Electric/Motor-2/75/bearing pump 3/Electric_Motor-2_75_time-bearing pump 3-ch1.csv|data/raw/nln_emp/Dataset/Electric/Motor-2/75/bearing pump 3/Electric_Motor-2_75_time-bearing pump 3-ch2.csv|data/raw/nln_emp/Dataset/Electric/Motor-2/75/bearing pump 3/Electric_Motor-2_75_time-bearing pump 3-ch3.csv|data/raw/nln_emp/Dataset/Electric/Motor-2/75/bearing pump 3/Electric_Motor-2_75_time-bearing pump 3-ch4.csv|data/raw/nln_emp/Dataset/Electric/Motor-2/75/bearing pump 3/Electric_Motor-2_75_time-bearing pump 3-ch5.csv|data/raw/nln_emp/Dataset/Electric/Motor-2/75/bearing pump 3/Electric_Motor-2_75_time-bearing pump 3-ch6.csv,False,channel_1;nln_overview_verified=True|channel_2;nln_overview_verified=True|channel_3;nln_overview_verified=True|channel_4;nln_overview_verified=True|channel_5;nln_overview_verified=True|channel_6;nln_overview_verified=True
nln_emp_leave_one_speed_out,test_speed_70,nln_emp,nln_emp_motor_2_75_bearing_pump_3_vibration,nln_emp_motor_2_75_bearing_pump_3,train,Motor-2,vibration,vibration,75,unknown,motor_2_speed_75,bearing_ball,2,fault,experimental,unknown,data/raw/nln_emp/Dataset/Vibration/Motor-2/75/bearing pump 3/Vibration_Motor-2_75_time-bearing pump 3-ch1.csv|data/raw/nln_emp/Dataset/Vibration/Motor-2/75/bearing pump 3/Vibration_Motor-2_75_time-bearing pump 3-ch2.csv|data/raw/nln_emp/Dataset/Vibration/Motor-2/75/bearing pump 3/Vibration_Motor-2_75_time-bearing pump 3-ch3.csv|data/raw/nln_emp/Dataset/Vibration/Motor-2/75/bearing pump 3/Vibration_Motor-2_75_time-bearing pump 3-ch4.csv|data/raw/nln_emp/Dataset/Vibration/Motor-2/75/bearing pump 3/Vibration_Motor-2_75_time-bearing pump 3-ch5.csv,False,channel_1;nln_overview_verified=True|channel_2;nln_overview_verified=True|channel_3;nln_overview_verified=True|channel_4;nln_overview_verified=True|channel_5;nln_overview_verified=True
nln_emp_leave_one_speed_out,test_speed_70,nln_emp,nln_emp_motor_2_75_broken_rotor_bar_current,nln_emp_motor_2_75_broken_rotor_bar,train,Motor-2,current,current,75,unknown,motor_2_speed_75,rotor_fault,unknown,fault,experimental,unknown,data/raw/nln_emp/Dataset/Electric/Motor-2/75/broken rotor bar/Electric_Motor-2_75_time-broken rotor bar-ch1.csv|data/raw/nln_emp/Dataset/Electric/Motor-2/75/broken rotor bar/Electric_Motor-2_75_time-broken rotor bar-ch2.csv|data/raw/nln_emp/Dataset/Electric/Motor-2/75/broken rotor bar/Electric_Motor-2_75_time-broken rotor bar-ch3.csv|data/raw/nln_emp/Dataset/Electric/Motor-2/75/broken rotor bar/Electric_Motor-2_75_time-broken rotor bar-ch4.csv|data/raw/nln_emp/Dataset/Electric/Motor-2/75/broken rotor bar/Electric_Motor-2_75_time-broken rotor bar-ch5.csv|data/raw/nln_emp/Dataset/Electric/Motor-2/75/broken rotor bar/Electric_Motor-2_75_time-broken rotor bar-ch6.csv,False,channel_1;nln_overview_verified=True|channel_2;nln_overview_verified=True|channel_3;nln_overview_verified=True|channel_4;nln_overview_verified=True|channel_5;nln_overview_verified=True|channel_6;nln_overview_verified=True
nln_emp_leave_one_speed_out,test_speed_70,nln_emp,nln_emp_motor_2_75_broken_rotor_bar_vibration,nln_emp_motor_2_75_broken_rotor_bar,train,Motor-2,vibration,vibration,75,unknown,motor_2_speed_75,rotor_fault,unknown,fault,experimental,unknown,data/raw/nln_emp/Dataset/Vibration/Motor-2/75/broken rotor bar/Vibration_Motor-2_75_time-broken rotor bar-ch1.csv|data/raw/nln_emp/Dataset/Vibration/Motor-2/75/broken rotor bar/Vibration_Motor-2_75_time-broken rotor bar-ch2.csv|data/raw/nln_emp/Dataset/Vibration/Motor-2/75/broken rotor bar/Vibration_Motor-2_75_time-broken rotor bar-ch3.csv|data/raw/nln_emp/Dataset/Vibration/Motor-2/75/broken rotor bar/Vibration_Motor-2_75_time-broken rotor bar-ch4.csv|data/raw/nln_emp/Dataset/Vibration/Motor-2/75/broken rotor bar/Vibration_Motor-2_75_time-broken rotor bar-ch5.csv,False,channel_1;nln_overview_verified=True|channel_2;nln_overview_verified=True|channel_3;nln_overview_verified=True|channel_4;nln_overview_verified=True|channel_5;nln_overview_verified=True
nln_emp_leave_one_speed_out,test_speed_70,nln_emp,nln_emp_motor_2_75_healthy_1_current,nln_emp_motor_2_75_healthy_1,train,Motor-2,current,current,75,unknown,motor_2_speed_75,healthy,0,healthy,experimental,unknown,data/raw/nln_emp/Dataset/Electric/Motor-2/75/healthy 1/Electric_Motor-2_75_time-healthy 1-ch1.csv|data/raw/nln_emp/Dataset/Electric/Motor-2/75/healthy 1/Electric_Motor-2_75_time-healthy 1-ch2.csv|data/raw/nln_emp/Dataset/Electric/Motor-2/75/healthy 1/Electric_Motor-2_75_time-healthy 1-ch3.csv|data/raw/nln_emp/Dataset/Electric/Motor-2/75/healthy 1/Electric_Motor-2_75_time-healthy 1-ch4.csv|data/raw/nln_emp/Dataset/Electric/Motor-2/75/healthy 1/Electric_Motor-2_75_time-healthy 1-ch5.csv|data/raw/nln_emp/Dataset/Electric/Motor-2/75/healthy 1/Electric_Motor-2_75_time-healthy 1-ch6.csv,False,channel_1;nln_overview_verified=True|channel_2;nln_overview_verified=True|channel_3;nln_overview_verified=True|channel_4;nln_overview_verified=True|channel_5;nln_overview_verified=True|channel_6;nln_overview_verified=True
nln_emp_leave_one_speed_out,test_speed_70,nln_emp,nln_emp_motor_2_75_healthy_1_vibration,nln_emp_motor_2_75_healthy_1,train,Motor-2,vibration,vibration,75,unknown,motor_2_speed_75,healthy,0,healthy,experimental,unknown,data/raw/nln_emp/Dataset/Vibration/Motor-2/75/healthy 1/Vibration_Motor-2_75_time-healthy 1-ch1.csv|data/raw/nln_emp/Dataset/Vibration/Motor-2/75/healthy 1/Vibration_Motor-2_75_time-healthy 1-ch2.csv|data/raw/nln_emp/Dataset/Vibration/Motor-2/75/healthy 1/Vibration_Motor-2_75_time-healthy 1-ch3.csv|data/raw/nln_emp/Dataset/Vibration/Motor-2/75/healthy 1/Vibration_Motor-2_75_time-healthy 1-ch4.csv|data/raw/nln_emp/Dataset/Vibration/Motor-2/75/healthy 1/Vibration_Motor-2_75_time-healthy 1-ch5.csv,False,channel_1;nln_overview_verified=True|channel_2;nln_overview_verified=True|channel_3;nln_overview_verified=True|channel_4;nln_overview_verified=True|channel_5;nln_overview_verified=True
nln_emp_leave_one_speed_out,test_speed_70,nln_emp,nln_emp_motor_2_75_healthy_2_current,nln_emp_motor_2_75_healthy_2,train,Motor-2,current,current,75,unknown,motor_2_speed_75,healthy,0,healthy,experimental,unknown,data/raw/nln_emp/Dataset/Electric/Motor-2/75/healthy 2/Electric_Motor-2_75_time-healthy 2-ch1.csv|data/raw/nln_emp/Dataset/Electric/Motor-2/75/healthy 2/Electric_Motor-2_75_time-healthy 2-ch2.csv|data/raw/nln_emp/Dataset/Electric/Motor-2/75/healthy 2/Electric_Motor-2_75_time-healthy 2-ch3.csv|data/raw/nln_emp/Dataset/Electric/Motor-2/75/healthy 2/Electric_Motor-2_75_time-healthy 2-ch4.csv|data/raw/nln_emp/Dataset/Electric/Motor-2/75/healthy 2/Electric_Motor-2_75_time-healthy 2-ch5.csv|data/raw/nln_emp/Dataset/Electric/Motor-2/75/healthy 2/Electric_Motor-2_75_time-healthy 2-ch6.csv,False,channel_1;nln_overview_verified=True|channel_2;nln_overview_verified=True|channel_3;nln_overview_verified=True|channel_4;nln_overview_verified=True|channel_5;nln_overview_verified=True|channel_6;nln_overview_verified=True
nln_emp_leave_one_speed_out,test_speed_70,nln_emp,nln_emp_motor_2_75_healthy_2_vibration,nln_emp_motor_2_75_healthy_2,train,Motor-2,vibration,vibration,75,unknown,motor_2_speed_75,healthy,0,healthy,experimental,unknown,data/raw/nln_emp/Dataset/Vibration/Motor-2/75/healthy 2/Vibration_Motor-2_75_time-healthy 2-ch1.csv|data/raw/nln_emp/Dataset/Vibration/Motor-2/75/healthy 2/Vibration_Motor-2_75_time-healthy 2-ch2.csv|data/raw/nln_emp/Dataset/Vibration/Motor-2/75/healthy 2/Vibration_Motor-2_75_time-healthy 2-ch3.csv|data/raw/nln_emp/Dataset/Vibration/Motor-2/75/healthy 2/Vibration_Motor-2_75_time-healthy 2-ch4.csv|data/raw/nln_emp/Dataset/Vibration/Motor-2/75/healthy 2/Vibration_Motor-2_75_time-healthy 2-ch5.csv,False,channel_1;nln_overview_verified=True|channel_2;nln_overview_verified=True|channel_3;nln_overview_verified=True|channel_4;nln_overview_verified=True|channel_5;nln_overview_verified=True
nln_emp_leave_one_speed_out,test_speed_70,nln_emp,nln_emp_motor_2_75_healthy_3_current,nln_emp_motor_2_75_healthy_3,val,Motor-2,current,current,75,unknown,motor_2_speed_75,healthy,0,healthy,experimental,unknown,data/raw/nln_emp/Dataset/Electric/Motor-2/75/healthy 3/Electric_Motor-2_75_time-healthy 3-ch1.csv|data/raw/nln_emp/Dataset/Electric/Motor-2/75/healthy 3/Electric_Motor-2_75_time-healthy 3-ch2.csv|data/raw/nln_emp/Dataset/Electric/Motor-2/75/healthy 3/Electric_Motor-2_75_time-healthy 3-ch3.csv|data/raw/nln_emp/Dataset/Electric/Motor-2/75/healthy 3/Electric_Motor-2_75_time-healthy 3-ch4.csv|data/raw/nln_emp/Dataset/Electric/Motor-2/75/healthy 3/Electric_Motor-2_75_time-healthy 3-ch5.csv|data/raw/nln_emp/Dataset/Electric/Motor-2/75/healthy 3/Electric_Motor-2_75_time-healthy 3-ch6.csv,False,channel_1;nln_overview_verified=True|channel_2;nln_overview_verified=True|channel_3;nln_overview_verified=True|channel_4;nln_overview_verified=True|channel_5;nln_overview_verified=True|channel_6;nln_overview_verified=True
nln_emp_leave_one_speed_out,test_speed_70,nln_emp,nln_emp_motor_2_75_healthy_3_vibration,nln_emp_motor_2_75_healthy_3,val,Motor-2,vibration,vibration,75,unknown,motor_2_speed_75,healthy,0,healthy,experimental,unknown,data/raw/nln_emp/Dataset/Vibration/Motor-2/75/healthy 3/Vibration_Motor-2_75_time-healthy 3-ch1.csv|data/raw/nln_emp/Dataset/Vibration/Motor-2/75/healthy 3/Vibration_Motor-2_75_time-healthy 3-ch2.csv|data/raw/nln_emp/Dataset/Vibration/Motor-2/75/healthy 3/Vibration_Motor-2_75_time-healthy 3-ch3.csv|data/raw/nln_emp/Dataset/Vibration/Motor-2/75/healthy 3/Vibration_Motor-2_75_time-healthy 3-ch4.csv|data/raw/nln_emp/Dataset/Vibration/Motor-2/75/healthy 3/Vibration_Motor-2_75_time-healthy 3-ch5.csv,False,channel_1;nln_overview_verified=True|channel_2;nln_overview_verified=True|channel_3;nln_overview_verified=True|channel_4;nln_overview_verified=True|channel_5;nln_overview_verified=True
nln_emp_leave_one_speed_out,test_speed_70,nln_emp,nln_emp_motor_2_75_healthy_noise_current,nln_emp_motor_2_75_healthy_noise,train,Motor-2,current,current,75,unknown,motor_2_speed_75,healthy,0,healthy,experimental,unknown,data/raw/nln_emp/Dataset/Electric/Motor-2/75/healthy noise/Electric_Motor-2_75_time-healthy noise-ch1.csv|data/raw/nln_emp/Dataset/Electric/Motor-2/75/healthy noise/Electric_Motor-2_75_time-healthy noise-ch2.csv|data/raw/nln_emp/Dataset/Electric/Motor-2/75/healthy noise/Electric_Motor-2_75_time-healthy noise-ch3.csv|data/raw/nln_emp/Dataset/Electric/Motor-2/75/healthy noise/Electric_Motor-2_75_time-healthy noise-ch4.csv|data/raw/nln_emp/Dataset/Electric/Motor-2/75/healthy noise/Electric_Motor-2_75_time-healthy noise-ch5.csv|data/raw/nln_emp/Dataset/Electric/Motor-2/75/healthy noise/Electric_Motor-2_75_time-healthy noise-ch6.csv,False,channel_1;nln_overview_verified=True|channel_2;nln_overview_verified=True|channel_3;nln_overview_verified=True|channel_4;nln_overview_verified=True|channel_5;nln_overview_verified=True|channel_6;nln_overview_verified=True
nln_emp_leave_one_speed_out,test_speed_70,nln_emp,nln_emp_motor_2_75_healthy_noise_vibration,nln_emp_motor_2_75_healthy_noise,train,Motor-2,vibration,vibration,75,unknown,motor_2_speed_75,healthy,0,healthy,experimental,unknown,data/raw/nln_emp/Dataset/Vibration/Motor-2/75/healthy noise/Vibration_Motor-2_75_time-healthy noise-ch1.csv|data/raw/nln_emp/Dataset/Vibration/Motor-2/75/healthy noise/Vibration_Motor-2_75_time-healthy noise-ch2.csv|data/raw/nln_emp/Dataset/Vibration/Motor-2/75/healthy noise/Vibration_Motor-2_75_time-healthy noise-ch3.csv|data/raw/nln_emp/Dataset/Vibration/Motor-2/75/healthy noise/Vibration_Motor-2_75_time-healthy noise-ch4.csv|data/raw/nln_emp/Dataset/Vibration/Motor-2/75/healthy noise/Vibration_Motor-2_75_time-healthy noise-ch5.csv,False,channel_1;nln_overview_verified=True|channel_2;nln_overview_verified=True|channel_3;nln_overview_verified=True|channel_4;nln_overview_verified=True|channel_5;nln_overview_verified=True
nln_emp_leave_one_speed_out,test_speed_70,nln_emp,nln_emp_motor_2_75_impeller_1_current,nln_emp_motor_2_75_impeller_1,train,Motor-2,current,current,75,unknown,motor_2_speed_75,impeller_fault,1,fault,experimental,unknown,data/raw/nln_emp/Dataset/Electric/Motor-2/75/impeller 1/Electric_Motor-2_75_time-impeller 1-ch1.csv|data/raw/nln_emp/Dataset/Electric/Motor-2/75/impeller 1/Electric_Motor-2_75_time-impeller 1-ch2.csv|data/raw/nln_emp/Dataset/Electric/Motor-2/75/impeller 1/Electric_Motor-2_75_time-impeller 1-ch3.csv|data/raw/nln_emp/Dataset/Electric/Motor-2/75/impeller 1/Electric_Motor-2_75_time-impeller 1-ch4.csv|data/raw/nln_emp/Dataset/Electric/Motor-2/75/impeller 1/Electric_Motor-2_75_time-impeller 1-ch5.csv|data/raw/nln_emp/Dataset/Electric/Motor-2/75/impeller 1/Electric_Motor-2_75_time-impeller 1-ch6.csv,False,channel_1;nln_overview_verified=True|channel_2;nln_overview_verified=True|channel_3;nln_overview_verified=True|channel_4;nln_overview_verified=True|channel_5;nln_overview_verified=True|channel_6;nln_overview_verified=True
nln_emp_leave_one_speed_out,test_speed_70,nln_emp,nln_emp_motor_2_75_impeller_1_vibration,nln_emp_motor_2_75_impeller_1,train,Motor-2,vibration,vibration,75,unknown,motor_2_speed_75,impeller_fault,1,fault,experimental,unknown,data/raw/nln_emp/Dataset/Vibration/Motor-2/75/impeller 1/Vibration_Motor-2_75_time-impeller 1-ch1.csv|data/raw/nln_emp/Dataset/Vibration/Motor-2/75/impeller 1/Vibration_Motor-2_75_time-impeller 1-ch2.csv|data/raw/nln_emp/Dataset/Vibration/Motor-2/75/impeller 1/Vibration_Motor-2_75_time-impeller 1-ch3.csv|data/raw/nln_emp/Dataset/Vibration/Motor-2/75/impeller 1/Vibration_Motor-2_75_time-impeller 1-ch4.csv|data/raw/nln_emp/Dataset/Vibration/Motor-2/75/impeller 1/Vibration_Motor-2_75_time-impeller 1-ch5.csv,False,channel_1;nln_overview_verified=True|channel_2;nln_overview_verified=True|channel_3;nln_overview_verified=True|channel_4;nln_overview_verified=True|channel_5;nln_overview_verified=True
nln_emp_leave_one_speed_out,test_speed_70,nln_emp,nln_emp_motor_2_75_impeller_2_current,nln_emp_motor_2_75_impeller_2,train,Motor-2,current,current,75,unknown,motor_2_speed_75,impeller_fault,1,fault,experimental,unknown,data/raw/nln_emp/Dataset/Electric/Motor-2/75/impeller 2/Electric_Motor-2_75_time-impeller 2-ch1.csv|data/raw/nln_emp/Dataset/Electric/Motor-2/75/impeller 2/Electric_Motor-2_75_time-impeller 2-ch2.csv|data/raw/nln_emp/Dataset/Electric/Motor-2/75/impeller 2/Electric_Motor-2_75_time-impeller 2-ch3.csv|data/raw/nln_emp/Dataset/Electric/Motor-2/75/impeller 2/Electric_Motor-2_75_time-impeller 2-ch4.csv|data/raw/nln_emp/Dataset/Electric/Motor-2/75/impeller 2/Electric_Motor-2_75_time-impeller 2-ch5.csv|data/raw/nln_emp/Dataset/Electric/Motor-2/75/impeller 2/Electric_Motor-2_75_time-impeller 2-ch6.csv,False,channel_1;nln_overview_verified=True|channel_2;nln_overview_verified=True|channel_3;nln_overview_verified=True|channel_4;nln_overview_verified=True|channel_5;nln_overview_verified=True|channel_6;nln_overview_verified=True
nln_emp_leave_one_speed_out,test_speed_70,nln_emp,nln_emp_motor_2_75_impeller_2_vibration,nln_emp_motor_2_75_impeller_2,train,Motor-2,vibration,vibration,75,unknown,motor_2_speed_75,impeller_fault,1,fault,experimental,unknown,data/raw/nln_emp/Dataset/Vibration/Motor-2/75/impeller 2/Vibration_Motor-2_75_time-impeller 2-ch1.csv|data/raw/nln_emp/Dataset/Vibration/Motor-2/75/impeller 2/Vibration_Motor-2_75_time-impeller 2-ch2.csv|data/raw/nln_emp/Dataset/Vibration/Motor-2/75/impeller 2/Vibration_Motor-2_75_time-impeller 2-ch3.csv|data/raw/nln_emp/Dataset/Vibration/Motor-2/75/impeller 2/Vibration_Motor-2_75_time-impeller 2-ch4.csv|data/raw/nln_emp/Dataset/Vibration/Motor-2/75/impeller 2/Vibration_Motor-2_75_time-impeller 2-ch5.csv,False,channel_1;nln_overview_verified=True|channel_2;nln_overview_verified=True|channel_3;nln_overview_verified=True|channel_4;nln_overview_verified=True|channel_5;nln_overview_verified=True
nln_emp_leave_one_speed_out,test_speed_70,nln_emp,nln_emp_motor_2_75_impeller_3_current,nln_emp_motor_2_75_impeller_3,train,Motor-2,current,current,75,unknown,motor_2_speed_75,impeller_fault,1,fault,experimental,unknown,data/raw/nln_emp/Dataset/Electric/Motor-2/75/impeller 3/Electric_Motor-2_75_time-impeller 3-ch1.csv|data/raw/nln_emp/Dataset/Electric/Motor-2/75/impeller 3/Electric_Motor-2_75_time-impeller 3-ch2.csv|data/raw/nln_emp/Dataset/Electric/Motor-2/75/impeller 3/Electric_Motor-2_75_time-impeller 3-ch3.csv|data/raw/nln_emp/Dataset/Electric/Motor-2/75/impeller 3/Electric_Motor-2_75_time-impeller 3-ch4.csv|data/raw/nln_emp/Dataset/Electric/Motor-2/75/impeller 3/Electric_Motor-2_75_time-impeller 3-ch5.csv|data/raw/nln_emp/Dataset/Electric/Motor-2/75/impeller 3/Electric_Motor-2_75_time-impeller 3-ch6.csv,False,channel_1;nln_overview_verified=True|channel_2;nln_overview_verified=True|channel_3;nln_overview_verified=True|channel_4;nln_overview_verified=True|channel_5;nln_overview_verified=True|channel_6;nln_overview_verified=True
nln_emp_leave_one_speed_out,test_speed_70,nln_emp,nln_emp_motor_2_75_impeller_3_vibration,nln_emp_motor_2_75_impeller_3,train,Motor-2,vibration,vibration,75,unknown,motor_2_speed_75,impeller_fault,1,fault,experimental,unknown,data/raw/nln_emp/Dataset/Vibration/Motor-2/75/impeller 3/Vibration_Motor-2_75_time-impeller 3-ch1.csv|data/raw/nln_emp/Dataset/Vibration/Motor-2/75/impeller 3/Vibration_Motor-2_75_time-impeller 3-ch2.csv|data/raw/nln_emp/Dataset/Vibration/Motor-2/75/impeller 3/Vibration_Motor-2_75_time-impeller 3-ch3.csv|data/raw/nln_emp/Dataset/Vibration/Motor-2/75/impeller 3/Vibration_Motor-2_75_time-impeller 3-ch4.csv|data/raw/nln_emp/Dataset/Vibration/Motor-2/75/impeller 3/Vibration_Motor-2_75_time-impeller 3-ch5.csv,False,channel_1;nln_overview_verified=True|channel_2;nln_overview_verified=True|channel_3;nln_overview_verified=True|channel_4;nln_overview_verified=True|channel_5;nln_overview_verified=True
nln_emp_leave_one_speed_out,test_speed_70,nln_emp,nln_emp_motor_2_75_loose_foot_motor_current,nln_emp_motor_2_75_loose_foot_motor,train,Motor-2,current,current,75,unknown,motor_2_speed_75,looseness_soft_foot,unknown,fault,experimental,unknown,data/raw/nln_emp/Dataset/Electric/Motor-2/75/loose foot motor/Electric_Motor-2_75_time-loose foot motor-ch1.csv|data/raw/nln_emp/Dataset/Electric/Motor-2/75/loose foot motor/Electric_Motor-2_75_time-loose foot motor-ch2.csv|data/raw/nln_emp/Dataset/Electric/Motor-2/75/loose foot motor/Electric_Motor-2_75_time-loose foot motor-ch3.csv|data/raw/nln_emp/Dataset/Electric/Motor-2/75/loose foot motor/Electric_Motor-2_75_time-loose foot motor-ch4.csv|data/raw/nln_emp/Dataset/Electric/Motor-2/75/loose foot motor/Electric_Motor-2_75_time-loose foot motor-ch5.csv|data/raw/nln_emp/Dataset/Electric/Motor-2/75/loose foot motor/Electric_Motor-2_75_time-loose foot motor-ch6.csv,False,channel_1;nln_overview_verified=True|channel_2;nln_overview_verified=True|channel_3;nln_overview_verified=True|channel_4;nln_overview_verified=True|channel_5;nln_overview_verified=True|channel_6;nln_overview_verified=True
nln_emp_leave_one_speed_out,test_speed_70,nln_emp,nln_emp_motor_2_75_loose_foot_motor_vibration,nln_emp_motor_2_75_loose_foot_motor,train,Motor-2,vibration,vibration,75,unknown,motor_2_speed_75,looseness_soft_foot,unknown,fault,experimental,unknown,data/raw/nln_emp/Dataset/Vibration/Motor-2/75/loose foot motor/Vibration_Motor-2_75_time-loose foot motor-ch1.csv|data/raw/nln_emp/Dataset/Vibration/Motor-2/75/loose foot motor/Vibration_Motor-2_75_time-loose foot motor-ch2.csv|data/raw/nln_emp/Dataset/Vibration/Motor-2/75/loose foot motor/Vibration_Motor-2_75_time-loose foot motor-ch3.csv|data/raw/nln_emp/Dataset/Vibration/Motor-2/75/loose foot motor/Vibration_Motor-2_75_time-loose foot motor-ch4.csv|data/raw/nln_emp/Dataset/Vibration/Motor-2/75/loose foot motor/Vibration_Motor-2_75_time-loose foot motor-ch5.csv,False,channel_1;nln_overview_verified=True|channel_2;nln_overview_verified=True|channel_3;nln_overview_verified=True|channel_4;nln_overview_verified=True|channel_5;nln_overview_verified=True
nln_emp_leave_one_speed_out,test_speed_70,nln_emp,nln_emp_motor_2_75_loose_foot_pump_current,nln_emp_motor_2_75_loose_foot_pump,train,Motor-2,current,current,75,unknown,motor_2_speed_75,looseness_soft_foot,unknown,fault,experimental,unknown,data/raw/nln_emp/Dataset/Electric/Motor-2/75/loose foot pump/Electric_Motor-2_75_time-loose foot pump-ch1.csv|data/raw/nln_emp/Dataset/Electric/Motor-2/75/loose foot pump/Electric_Motor-2_75_time-loose foot pump-ch2.csv|data/raw/nln_emp/Dataset/Electric/Motor-2/75/loose foot pump/Electric_Motor-2_75_time-loose foot pump-ch3.csv|data/raw/nln_emp/Dataset/Electric/Motor-2/75/loose foot pump/Electric_Motor-2_75_time-loose foot pump-ch4.csv|data/raw/nln_emp/Dataset/Electric/Motor-2/75/loose foot pump/Electric_Motor-2_75_time-loose foot pump-ch5.csv|data/raw/nln_emp/Dataset/Electric/Motor-2/75/loose foot pump/Electric_Motor-2_75_time-loose foot pump-ch6.csv,False,channel_1;nln_overview_verified=True|channel_2;nln_overview_verified=True|channel_3;nln_overview_verified=True|channel_4;nln_overview_verified=True|channel_5;nln_overview_verified=True|channel_6;nln_overview_verified=True
nln_emp_leave_one_speed_out,test_speed_70,nln_emp,nln_emp_motor_2_75_loose_foot_pump_vibration,nln_emp_motor_2_75_loose_foot_pump,train,Motor-2,vibration,vibration,75,unknown,motor_2_speed_75,looseness_soft_foot,unknown,fault,experimental,unknown,data/raw/nln_emp/Dataset/Vibration/Motor-2/75/loose foot pump/Vibration_Motor-2_75_time-loose foot pump-ch1.csv|data/raw/nln_emp/Dataset/Vibration/Motor-2/75/loose foot pump/Vibration_Motor-2_75_time-loose foot pump-ch2.csv|data/raw/nln_emp/Dataset/Vibration/Motor-2/75/loose foot pump/Vibration_Motor-2_75_time-loose foot pump-ch3.csv|data/raw/nln_emp/Dataset/Vibration/Motor-2/75/loose foot pump/Vibration_Motor-2_75_time-loose foot pump-ch4.csv|data/raw/nln_emp/Dataset/Vibration/Motor-2/75/loose foot pump/Vibration_Motor-2_75_time-loose foot pump-ch5.csv,False,channel_1;nln_overview_verified=True|channel_2;nln_overview_verified=True|channel_3;nln_overview_verified=True|channel_4;nln_overview_verified=True|channel_5;nln_overview_verified=True
nln_emp_leave_one_speed_out,test_speed_70,nln_emp,nln_emp_motor_2_75_new_motor_current,nln_emp_motor_2_75_new_motor,train,Motor-2,current,current,75,unknown,motor_2_speed_75,healthy,0,healthy,experimental,unknown,data/raw/nln_emp/Dataset/Electric/Motor-2/75/new motor/Electric_Motor-2_75_time-new motor-ch1.csv|data/raw/nln_emp/Dataset/Electric/Motor-2/75/new motor/Electric_Motor-2_75_time-new motor-ch2.csv|data/raw/nln_emp/Dataset/Electric/Motor-2/75/new motor/Electric_Motor-2_75_time-new motor-ch3.csv|data/raw/nln_emp/Dataset/Electric/Motor-2/75/new motor/Electric_Motor-2_75_time-new motor-ch4.csv|data/raw/nln_emp/Dataset/Electric/Motor-2/75/new motor/Electric_Motor-2_75_time-new motor-ch5.csv|data/raw/nln_emp/Dataset/Electric/Motor-2/75/new motor/Electric_Motor-2_75_time-new motor-ch6.csv,False,channel_1;nln_overview_verified=True|channel_2;nln_overview_verified=True|channel_3;nln_overview_verified=True|channel_4;nln_overview_verified=True|channel_5;nln_overview_verified=True|channel_6;nln_overview_verified=True
nln_emp_leave_one_speed_out,test_speed_70,nln_emp,nln_emp_motor_2_75_new_motor_vibration,nln_emp_motor_2_75_new_motor,train,Motor-2,vibration,vibration,75,unknown,motor_2_speed_75,healthy,0,healthy,experimental,unknown,data/raw/nln_emp/Dataset/Vibration/Motor-2/75/new motor/Vibration_Motor-2_75_time-new motor-ch1.csv|data/raw/nln_emp/Dataset/Vibration/Motor-2/75/new motor/Vibration_Motor-2_75_time-new motor-ch2.csv|data/raw/nln_emp/Dataset/Vibration/Motor-2/75/new motor/Vibration_Motor-2_75_time-new motor-ch3.csv|data/raw/nln_emp/Dataset/Vibration/Motor-2/75/new motor/Vibration_Motor-2_75_time-new motor-ch4.csv|data/raw/nln_emp/Dataset/Vibration/Motor-2/75/new motor/Vibration_Motor-2_75_time-new motor-ch5.csv,False,channel_1;nln_overview_verified=True|channel_2;nln_overview_verified=True|channel_3;nln_overview_verified=True|channel_4;nln_overview_verified=True|channel_5;nln_overview_verified=True
nln_emp_leave_one_speed_out,test_speed_70,nln_emp,nln_emp_motor_2_75_soft_foot_1_current,nln_emp_motor_2_75_soft_foot_1,train,Motor-2,current,current,75,unknown,motor_2_speed_75,looseness_soft_foot,2,fault,experimental,unknown,data/raw/nln_emp/Dataset/Electric/Motor-2/75/soft foot 1/Electric_Motor-2_75_time-soft foot 1-ch1.csv|data/raw/nln_emp/Dataset/Electric/Motor-2/75/soft foot 1/Electric_Motor-2_75_time-soft foot 1-ch2.csv|data/raw/nln_emp/Dataset/Electric/Motor-2/75/soft foot 1/Electric_Motor-2_75_time-soft foot 1-ch3.csv|data/raw/nln_emp/Dataset/Electric/Motor-2/75/soft foot 1/Electric_Motor-2_75_time-soft foot 1-ch4.csv|data/raw/nln_emp/Dataset/Electric/Motor-2/75/soft foot 1/Electric_Motor-2_75_time-soft foot 1-ch5.csv|data/raw/nln_emp/Dataset/Electric/Motor-2/75/soft foot 1/Electric_Motor-2_75_time-soft foot 1-ch6.csv,False,channel_1;nln_overview_verified=True|channel_2;nln_overview_verified=True|channel_3;nln_overview_verified=True|channel_4;nln_overview_verified=True|channel_5;nln_overview_verified=True|channel_6;nln_overview_verified=True
nln_emp_leave_one_speed_out,test_speed_70,nln_emp,nln_emp_motor_2_75_soft_foot_1_vibration,nln_emp_motor_2_75_soft_foot_1,train,Motor-2,vibration,vibration,75,unknown,motor_2_speed_75,looseness_soft_foot,2,fault,experimental,unknown,data/raw/nln_emp/Dataset/Vibration/Motor-2/75/soft foot 1/Vibration_Motor-2_75_time-soft foot 1-ch1.csv|data/raw/nln_emp/Dataset/Vibration/Motor-2/75/soft foot 1/Vibration_Motor-2_75_time-soft foot 1-ch2.csv|data/raw/nln_emp/Dataset/Vibration/Motor-2/75/soft foot 1/Vibration_Motor-2_75_time-soft foot 1-ch3.csv|data/raw/nln_emp/Dataset/Vibration/Motor-2/75/soft foot 1/Vibration_Motor-2_75_time-soft foot 1-ch4.csv|data/raw/nln_emp/Dataset/Vibration/Motor-2/75/soft foot 1/Vibration_Motor-2_75_time-soft foot 1-ch5.csv,False,channel_1;nln_overview_verified=True|channel_2;nln_overview_verified=True|channel_3;nln_overview_verified=True|channel_4;nln_overview_verified=True|channel_5;nln_overview_verified=True
nln_emp_leave_one_speed_out,test_speed_70,nln_emp,nln_emp_motor_2_75_soft_foot_2_current,nln_emp_motor_2_75_soft_foot_2,train,Motor-2,current,current,75,unknown,motor_2_speed_75,looseness_soft_foot,2,fault,experimental,unknown,data/raw/nln_emp/Dataset/Electric/Motor-2/75/soft foot 2/Electric_Motor-2_75_time-soft foot 2-ch1.csv|data/raw/nln_emp/Dataset/Electric/Motor-2/75/soft foot 2/Electric_Motor-2_75_time-soft foot 2-ch2.csv|data/raw/nln_emp/Dataset/Electric/Motor-2/75/soft foot 2/Electric_Motor-2_75_time-soft foot 2-ch3.csv|data/raw/nln_emp/Dataset/Electric/Motor-2/75/soft foot 2/Electric_Motor-2_75_time-soft foot 2-ch4.csv|data/raw/nln_emp/Dataset/Electric/Motor-2/75/soft foot 2/Electric_Motor-2_75_time-soft foot 2-ch5.csv|data/raw/nln_emp/Dataset/Electric/Motor-2/75/soft foot 2/Electric_Motor-2_75_time-soft foot 2-ch6.csv,False,channel_1;nln_overview_verified=True|channel_2;nln_overview_verified=True|channel_3;nln_overview_verified=True|channel_4;nln_overview_verified=True|channel_5;nln_overview_verified=True|channel_6;nln_overview_verified=True
nln_emp_leave_one_speed_out,test_speed_70,nln_emp,nln_emp_motor_2_75_soft_foot_2_vibration,nln_emp_motor_2_75_soft_foot_2,train,Motor-2,vibration,vibration,75,unknown,motor_2_speed_75,looseness_soft_foot,2,fault,experimental,unknown,data/raw/nln_emp/Dataset/Vibration/Motor-2/75/soft foot 2/Vibration_Motor-2_75_time-soft foot 2-ch1.csv|data/raw/nln_emp/Dataset/Vibration/Motor-2/75/soft foot 2/Vibration_Motor-2_75_time-soft foot 2-ch2.csv|data/raw/nln_emp/Dataset/Vibration/Motor-2/75/soft foot 2/Vibration_Motor-2_75_time-soft foot 2-ch3.csv|data/raw/nln_emp/Dataset/Vibration/Motor-2/75/soft foot 2/Vibration_Motor-2_75_time-soft foot 2-ch4.csv|data/raw/nln_emp/Dataset/Vibration/Motor-2/75/soft foot 2/Vibration_Motor-2_75_time-soft foot 2-ch5.csv,False,channel_1;nln_overview_verified=True|channel_2;nln_overview_verified=True|channel_3;nln_overview_verified=True|channel_4;nln_overview_verified=True|channel_5;nln_overview_verified=True
nln_emp_leave_one_speed_out,test_speed_70,nln_emp,nln_emp_motor_2_75_stator_short_1_current,nln_emp_motor_2_75_stator_short_1,train,Motor-2,current,current,75,unknown,motor_2_speed_75,stator_winding_fault,1,fault,experimental,unknown,data/raw/nln_emp/Dataset/Electric/Motor-2/75/stator short 1/Electric_Motor-2_75_time-stator short 1-ch1.csv|data/raw/nln_emp/Dataset/Electric/Motor-2/75/stator short 1/Electric_Motor-2_75_time-stator short 1-ch2.csv|data/raw/nln_emp/Dataset/Electric/Motor-2/75/stator short 1/Electric_Motor-2_75_time-stator short 1-ch3.csv|data/raw/nln_emp/Dataset/Electric/Motor-2/75/stator short 1/Electric_Motor-2_75_time-stator short 1-ch4.csv|data/raw/nln_emp/Dataset/Electric/Motor-2/75/stator short 1/Electric_Motor-2_75_time-stator short 1-ch5.csv|data/raw/nln_emp/Dataset/Electric/Motor-2/75/stator short 1/Electric_Motor-2_75_time-stator short 1-ch6.csv,False,channel_1;nln_overview_verified=True|channel_2;nln_overview_verified=True|channel_3;nln_overview_verified=True|channel_4;nln_overview_verified=True|channel_5;nln_overview_verified=True|channel_6;nln_overview_verified=True
nln_emp_leave_one_speed_out,test_speed_70,nln_emp,nln_emp_motor_2_75_stator_short_1_vibration,nln_emp_motor_2_75_stator_short_1,train,Motor-2,vibration,vibration,75,unknown,motor_2_speed_75,stator_winding_fault,1,fault,experimental,unknown,data/raw/nln_emp/Dataset/Vibration/Motor-2/75/stator short 1/Vibration_Motor-2_75_time-stator short 1-ch1.csv|data/raw/nln_emp/Dataset/Vibration/Motor-2/75/stator short 1/Vibration_Motor-2_75_time-stator short 1-ch2.csv|data/raw/nln_emp/Dataset/Vibration/Motor-2/75/stator short 1/Vibration_Motor-2_75_time-stator short 1-ch3.csv|data/raw/nln_emp/Dataset/Vibration/Motor-2/75/stator short 1/Vibration_Motor-2_75_time-stator short 1-ch4.csv|data/raw/nln_emp/Dataset/Vibration/Motor-2/75/stator short 1/Vibration_Motor-2_75_time-stator short 1-ch5.csv,False,channel_1;nln_overview_verified=True|channel_2;nln_overview_verified=True|channel_3;nln_overview_verified=True|channel_4;nln_overview_verified=True|channel_5;nln_overview_verified=True
nln_emp_leave_one_speed_out,test_speed_70,nln_emp,nln_emp_motor_2_75_stator_short_2_current,nln_emp_motor_2_75_stator_short_2,val,Motor-2,current,current,75,unknown,motor_2_speed_75,stator_winding_fault,1,fault,experimental,unknown,data/raw/nln_emp/Dataset/Electric/Motor-2/75/stator short 2/Electric_Motor-2_75_time-stator short 2-ch1.csv|data/raw/nln_emp/Dataset/Electric/Motor-2/75/stator short 2/Electric_Motor-2_75_time-stator short 2-ch2.csv|data/raw/nln_emp/Dataset/Electric/Motor-2/75/stator short 2/Electric_Motor-2_75_time-stator short 2-ch3.csv|data/raw/nln_emp/Dataset/Electric/Motor-2/75/stator short 2/Electric_Motor-2_75_time-stator short 2-ch4.csv|data/raw/nln_emp/Dataset/Electric/Motor-2/75/stator short 2/Electric_Motor-2_75_time-stator short 2-ch5.csv|data/raw/nln_emp/Dataset/Electric/Motor-2/75/stator short 2/Electric_Motor-2_75_time-stator short 2-ch6.csv,False,channel_1;nln_overview_verified=True|channel_2;nln_overview_verified=True|channel_3;nln_overview_verified=True|channel_4;nln_overview_verified=True|channel_5;nln_overview_verified=True|channel_6;nln_overview_verified=True
nln_emp_leave_one_speed_out,test_speed_70,nln_emp,nln_emp_motor_2_75_stator_short_2_vibration,nln_emp_motor_2_75_stator_short_2,val,Motor-2,vibration,vibration,75,unknown,motor_2_speed_75,stator_winding_fault,1,fault,experimental,unknown,data/raw/nln_emp/Dataset/Vibration/Motor-2/75/stator short 2/Vibration_Motor-2_75_time-stator short 2-ch1.csv|data/raw/nln_emp/Dataset/Vibration/Motor-2/75/stator short 2/Vibration_Motor-2_75_time-stator short 2-ch2.csv|data/raw/nln_emp/Dataset/Vibration/Motor-2/75/stator short 2/Vibration_Motor-2_75_time-stator short 2-ch3.csv|data/raw/nln_emp/Dataset/Vibration/Motor-2/75/stator short 2/Vibration_Motor-2_75_time-stator short 2-ch4.csv|data/raw/nln_emp/Dataset/Vibration/Motor-2/75/stator short 2/Vibration_Motor-2_75_time-stator short 2-ch5.csv,False,channel_1;nln_overview_verified=True|channel_2;nln_overview_verified=True|channel_3;nln_overview_verified=True|channel_4;nln_overview_verified=True|channel_5;nln_overview_verified=True
nln_emp_leave_one_speed_out,test_speed_70,nln_emp,nln_emp_motor_4_70_align_angular_1_current,nln_emp_motor_4_70_align_angular_1,test,Motor-4,current,current,70,unknown,motor_4_speed_70,misalignment,1,fault,experimental,unknown,data/raw/nln_emp/Dataset/Electric/Motor-4/70/align angular 1/Electric_Motor-4_70_time-align angular 1-ch1.csv|data/raw/nln_emp/Dataset/Electric/Motor-4/70/align angular 1/Electric_Motor-4_70_time-align angular 1-ch2.csv|data/raw/nln_emp/Dataset/Electric/Motor-4/70/align angular 1/Electric_Motor-4_70_time-align angular 1-ch3.csv|data/raw/nln_emp/Dataset/Electric/Motor-4/70/align angular 1/Electric_Motor-4_70_time-align angular 1-ch4.csv|data/raw/nln_emp/Dataset/Electric/Motor-4/70/align angular 1/Electric_Motor-4_70_time-align angular 1-ch5.csv|data/raw/nln_emp/Dataset/Electric/Motor-4/70/align angular 1/Electric_Motor-4_70_time-align angular 1-ch6.csv,False,channel_1;nln_overview_verified=True|channel_2;nln_overview_verified=True|channel_3;nln_overview_verified=True|channel_4;nln_overview_verified=True|channel_5;nln_overview_verified=True|channel_6;nln_overview_verified=True
nln_emp_leave_one_speed_out,test_speed_70,nln_emp,nln_emp_motor_4_70_align_angular_1_vibration,nln_emp_motor_4_70_align_angular_1,test,Motor-4,vibration,vibration,70,unknown,motor_4_speed_70,misalignment,1,fault,experimental,unknown,data/raw/nln_emp/Dataset/Vibration/Motor-4/70/align angular 1/Vibration_Motor-4_70_time-align angular 1-ch1.csv|data/raw/nln_emp/Dataset/Vibration/Motor-4/70/align angular 1/Vibration_Motor-4_70_time-align angular 1-ch2.csv|data/raw/nln_emp/Dataset/Vibration/Motor-4/70/align angular 1/Vibration_Motor-4_70_time-align angular 1-ch3.csv|data/raw/nln_emp/Dataset/Vibration/Motor-4/70/align angular 1/Vibration_Motor-4_70_time-align angular 1-ch4.csv|data/raw/nln_emp/Dataset/Vibration/Motor-4/70/align angular 1/Vibration_Motor-4_70_time-align angular 1-ch5.csv,False,channel_1;nln_overview_verified=True|channel_2;nln_overview_verified=True|channel_3;nln_overview_verified=True|channel_4;nln_overview_verified=True|channel_5;nln_overview_verified=True
nln_emp_leave_one_speed_out,test_speed_70,nln_emp,nln_emp_motor_4_70_align_angular_2_current,nln_emp_motor_4_70_align_angular_2,test,Motor-4,current,current,70,unknown,motor_4_speed_70,misalignment,1,fault,experimental,unknown,data/raw/nln_emp/Dataset/Electric/Motor-4/70/align angular 2/Electric_Motor-4_70_time-align angular 2-ch1.csv|data/raw/nln_emp/Dataset/Electric/Motor-4/70/align angular 2/Electric_Motor-4_70_time-align angular 2-ch2.csv|data/raw/nln_emp/Dataset/Electric/Motor-4/70/align angular 2/Electric_Motor-4_70_time-align angular 2-ch3.csv|data/raw/nln_emp/Dataset/Electric/Motor-4/70/align angular 2/Electric_Motor-4_70_time-align angular 2-ch4.csv|data/raw/nln_emp/Dataset/Electric/Motor-4/70/align angular 2/Electric_Motor-4_70_time-align angular 2-ch5.csv|data/raw/nln_emp/Dataset/Electric/Motor-4/70/align angular 2/Electric_Motor-4_70_time-align angular 2-ch6.csv,False,channel_1;nln_overview_verified=True|channel_2;nln_overview_verified=True|channel_3;nln_overview_verified=True|channel_4;nln_overview_verified=True|channel_5;nln_overview_verified=True|channel_6;nln_overview_verified=True
nln_emp_leave_one_speed_out,test_speed_70,nln_emp,nln_emp_motor_4_70_align_angular_2_vibration,nln_emp_motor_4_70_align_angular_2,test,Motor-4,vibration,vibration,70,unknown,motor_4_speed_70,misalignment,1,fault,experimental,unknown,data/raw/nln_emp/Dataset/Vibration/Motor-4/70/align angular 2/Vibration_Motor-4_70_time-align angular 2-ch1.csv|data/raw/nln_emp/Dataset/Vibration/Motor-4/70/align angular 2/Vibration_Motor-4_70_time-align angular 2-ch2.csv|data/raw/nln_emp/Dataset/Vibration/Motor-4/70/align angular 2/Vibration_Motor-4_70_time-align angular 2-ch3.csv|data/raw/nln_emp/Dataset/Vibration/Motor-4/70/align angular 2/Vibration_Motor-4_70_time-align angular 2-ch4.csv|data/raw/nln_emp/Dataset/Vibration/Motor-4/70/align angular 2/Vibration_Motor-4_70_time-align angular 2-ch5.csv,False,channel_1;nln_overview_verified=True|channel_2;nln_overview_verified=True|channel_3;nln_overview_verified=True|channel_4;nln_overview_verified=True|channel_5;nln_overview_verified=True
nln_emp_leave_one_speed_out,test_speed_70,nln_emp,nln_emp_motor_4_70_align_angular_3_current,nln_emp_motor_4_70_align_angular_3,test,Motor-4,current,current,70,unknown,motor_4_speed_70,misalignment,1,fault,experimental,unknown,data/raw/nln_emp/Dataset/Electric/Motor-4/70/align angular 3/Electric_Motor-4_70_time-align angular 3-ch1.csv|data/raw/nln_emp/Dataset/Electric/Motor-4/70/align angular 3/Electric_Motor-4_70_time-align angular 3-ch2.csv|data/raw/nln_emp/Dataset/Electric/Motor-4/70/align angular 3/Electric_Motor-4_70_time-align angular 3-ch3.csv|data/raw/nln_emp/Dataset/Electric/Motor-4/70/align angular 3/Electric_Motor-4_70_time-align angular 3-ch4.csv|data/raw/nln_emp/Dataset/Electric/Motor-4/70/align angular 3/Electric_Motor-4_70_time-align angular 3-ch5.csv|data/raw/nln_emp/Dataset/Electric/Motor-4/70/align angular 3/Electric_Motor-4_70_time-align angular 3-ch6.csv,False,channel_1;nln_overview_verified=True|channel_2;nln_overview_verified=True|channel_3;nln_overview_verified=True|channel_4;nln_overview_verified=True|channel_5;nln_overview_verified=True|channel_6;nln_overview_verified=True
nln_emp_leave_one_speed_out,test_speed_70,nln_emp,nln_emp_motor_4_70_align_angular_3_vibration,nln_emp_motor_4_70_align_angular_3,test,Motor-4,vibration,vibration,70,unknown,motor_4_speed_70,misalignment,1,fault,experimental,unknown,data/raw/nln_emp/Dataset/Vibration/Motor-4/70/align angular 3/Vibration_Motor-4_70_time-align angular 3-ch1.csv|data/raw/nln_emp/Dataset/Vibration/Motor-4/70/align angular 3/Vibration_Motor-4_70_time-align angular 3-ch2.csv|data/raw/nln_emp/Dataset/Vibration/Motor-4/70/align angular 3/Vibration_Motor-4_70_time-align angular 3-ch3.csv|data/raw/nln_emp/Dataset/Vibration/Motor-4/70/align angular 3/Vibration_Motor-4_70_time-align angular 3-ch4.csv|data/raw/nln_emp/Dataset/Vibration/Motor-4/70/align angular 3/Vibration_Motor-4_70_time-align angular 3-ch5.csv,False,channel_1;nln_overview_verified=True|channel_2;nln_overview_verified=True|channel_3;nln_overview_verified=True|channel_4;nln_overview_verified=True|channel_5;nln_overview_verified=True
nln_emp_leave_one_speed_out,test_speed_70,nln_emp,nln_emp_motor_4_70_align_angular_4_current,nln_emp_motor_4_70_align_angular_4,test,Motor-4,current,current,70,unknown,motor_4_speed_70,misalignment,1,fault,experimental,unknown,data/raw/nln_emp/Dataset/Electric/Motor-4/70/align angular 4/Electric_Motor-4_70_time-align angular 4-ch1.csv|data/raw/nln_emp/Dataset/Electric/Motor-4/70/align angular 4/Electric_Motor-4_70_time-align angular 4-ch2.csv|data/raw/nln_emp/Dataset/Electric/Motor-4/70/align angular 4/Electric_Motor-4_70_time-align angular 4-ch3.csv|data/raw/nln_emp/Dataset/Electric/Motor-4/70/align angular 4/Electric_Motor-4_70_time-align angular 4-ch4.csv|data/raw/nln_emp/Dataset/Electric/Motor-4/70/align angular 4/Electric_Motor-4_70_time-align angular 4-ch5.csv|data/raw/nln_emp/Dataset/Electric/Motor-4/70/align angular 4/Electric_Motor-4_70_time-align angular 4-ch6.csv,False,channel_1;nln_overview_verified=True|channel_2;nln_overview_verified=True|channel_3;nln_overview_verified=True|channel_4;nln_overview_verified=True|channel_5;nln_overview_verified=True|channel_6;nln_overview_verified=True
nln_emp_leave_one_speed_out,test_speed_70,nln_emp,nln_emp_motor_4_70_align_angular_4_vibration,nln_emp_motor_4_70_align_angular_4,test,Motor-4,vibration,vibration,70,unknown,motor_4_speed_70,misalignment,1,fault,experimental,unknown,data/raw/nln_emp/Dataset/Vibration/Motor-4/70/align angular 4/Vibration_Motor-4_70_time-align angular 4-ch1.csv|data/raw/nln_emp/Dataset/Vibration/Motor-4/70/align angular 4/Vibration_Motor-4_70_time-align angular 4-ch2.csv|data/raw/nln_emp/Dataset/Vibration/Motor-4/70/align angular 4/Vibration_Motor-4_70_time-align angular 4-ch3.csv|data/raw/nln_emp/Dataset/Vibration/Motor-4/70/align angular 4/Vibration_Motor-4_70_time-align angular 4-ch4.csv|data/raw/nln_emp/Dataset/Vibration/Motor-4/70/align angular 4/Vibration_Motor-4_70_time-align angular 4-ch5.csv,False,channel_1;nln_overview_verified=True|channel_2;nln_overview_verified=True|channel_3;nln_overview_verified=True|channel_4;nln_overview_verified=True|channel_5;nln_overview_verified=True
nln_emp_leave_one_speed_out,test_speed_70,nln_emp,nln_emp_motor_4_70_align_angular_5_current,nln_emp_motor_4_70_align_angular_5,test,Motor-4,current,current,70,unknown,motor_4_speed_70,misalignment,1,fault,experimental,unknown,data/raw/nln_emp/Dataset/Electric/Motor-4/70/align angular 5/Electric_Motor-4_70_time-align angular 5-ch1.csv|data/raw/nln_emp/Dataset/Electric/Motor-4/70/align angular 5/Electric_Motor-4_70_time-align angular 5-ch2.csv|data/raw/nln_emp/Dataset/Electric/Motor-4/70/align angular 5/Electric_Motor-4_70_time-align angular 5-ch3.csv|data/raw/nln_emp/Dataset/Electric/Motor-4/70/align angular 5/Electric_Motor-4_70_time-align angular 5-ch4.csv|data/raw/nln_emp/Dataset/Electric/Motor-4/70/align angular 5/Electric_Motor-4_70_time-align angular 5-ch5.csv|data/raw/nln_emp/Dataset/Electric/Motor-4/70/align angular 5/Electric_Motor-4_70_time-align angular 5-ch6.csv,False,channel_1;nln_overview_verified=True|channel_2;nln_overview_verified=True|channel_3;nln_overview_verified=True|channel_4;nln_overview_verified=True|channel_5;nln_overview_verified=True|channel_6;nln_overview_verified=True
nln_emp_leave_one_speed_out,test_speed_70,nln_emp,nln_emp_motor_4_70_align_angular_5_vibration,nln_emp_motor_4_70_align_angular_5,test,Motor-4,vibration,vibration,70,unknown,motor_4_speed_70,misalignment,1,fault,experimental,unknown,data/raw/nln_emp/Dataset/Vibration/Motor-4/70/align angular 5/Vibration_Motor-4_70_time-align angular 5-ch1.csv|data/raw/nln_emp/Dataset/Vibration/Motor-4/70/align angular 5/Vibration_Motor-4_70_time-align angular 5-ch2.csv|data/raw/nln_emp/Dataset/Vibration/Motor-4/70/align angular 5/Vibration_Motor-4_70_time-align angular 5-ch3.csv|data/raw/nln_emp/Dataset/Vibration/Motor-4/70/align angular 5/Vibration_Motor-4_70_time-align angular 5-ch4.csv|data/raw/nln_emp/Dataset/Vibration/Motor-4/70/align angular 5/Vibration_Motor-4_70_time-align angular 5-ch5.csv,False,channel_1;nln_overview_verified=True|channel_2;nln_overview_verified=True|channel_3;nln_overview_verified=True|channel_4;nln_overview_verified=True|channel_5;nln_overview_verified=True
nln_emp_leave_one_speed_out,test_speed_70,nln_emp,nln_emp_motor_4_70_align_combination_1_current,nln_emp_motor_4_70_align_combination_1,test,Motor-4,current,current,70,unknown,motor_4_speed_70,misalignment,2,fault,experimental,unknown,data/raw/nln_emp/Dataset/Electric/Motor-4/70/align combination 1/Electric_Motor-4_70_time-align combination 1-ch1.csv|data/raw/nln_emp/Dataset/Electric/Motor-4/70/align combination 1/Electric_Motor-4_70_time-align combination 1-ch2.csv|data/raw/nln_emp/Dataset/Electric/Motor-4/70/align combination 1/Electric_Motor-4_70_time-align combination 1-ch3.csv|data/raw/nln_emp/Dataset/Electric/Motor-4/70/align combination 1/Electric_Motor-4_70_time-align combination 1-ch4.csv|data/raw/nln_emp/Dataset/Electric/Motor-4/70/align combination 1/Electric_Motor-4_70_time-align combination 1-ch5.csv|data/raw/nln_emp/Dataset/Electric/Motor-4/70/align combination 1/Electric_Motor-4_70_time-align combination 1-ch6.csv,False,channel_1;nln_overview_verified=True|channel_2;nln_overview_verified=True|channel_3;nln_overview_verified=True|channel_4;nln_overview_verified=True|channel_5;nln_overview_verified=True|channel_6;nln_overview_verified=True
nln_emp_leave_one_speed_out,test_speed_70,nln_emp,nln_emp_motor_4_70_align_combination_1_vibration,nln_emp_motor_4_70_align_combination_1,test,Motor-4,vibration,vibration,70,unknown,motor_4_speed_70,misalignment,2,fault,experimental,unknown,data/raw/nln_emp/Dataset/Vibration/Motor-4/70/align combination 1/Vibration_Motor-4_70_time-align combination 1-ch1.csv|data/raw/nln_emp/Dataset/Vibration/Motor-4/70/align combination 1/Vibration_Motor-4_70_time-align combination 1-ch2.csv|data/raw/nln_emp/Dataset/Vibration/Motor-4/70/align combination 1/Vibration_Motor-4_70_time-align combination 1-ch3.csv|data/raw/nln_emp/Dataset/Vibration/Motor-4/70/align combination 1/Vibration_Motor-4_70_time-align combination 1-ch4.csv|data/raw/nln_emp/Dataset/Vibration/Motor-4/70/align combination 1/Vibration_Motor-4_70_time-align combination 1-ch5.csv,False,channel_1;nln_overview_verified=True|channel_2;nln_overview_verified=True|channel_3;nln_overview_verified=True|channel_4;nln_overview_verified=True|channel_5;nln_overview_verified=True
nln_emp_leave_one_speed_out,test_speed_70,nln_emp,nln_emp_motor_4_70_align_combination_2_current,nln_emp_motor_4_70_align_combination_2,test,Motor-4,current,current,70,unknown,motor_4_speed_70,misalignment,2,fault,experimental,unknown,data/raw/nln_emp/Dataset/Electric/Motor-4/70/align combination 2/Electric_Motor-4_70_time-align combination 2-ch1.csv|data/raw/nln_emp/Dataset/Electric/Motor-4/70/align combination 2/Electric_Motor-4_70_time-align combination 2-ch2.csv|data/raw/nln_emp/Dataset/Electric/Motor-4/70/align combination 2/Electric_Motor-4_70_time-align combination 2-ch3.csv|data/raw/nln_emp/Dataset/Electric/Motor-4/70/align combination 2/Electric_Motor-4_70_time-align combination 2-ch4.csv|data/raw/nln_emp/Dataset/Electric/Motor-4/70/align combination 2/Electric_Motor-4_70_time-align combination 2-ch5.csv|data/raw/nln_emp/Dataset/Electric/Motor-4/70/align combination 2/Electric_Motor-4_70_time-align combination 2-ch6.csv,False,channel_1;nln_overview_verified=True|channel_2;nln_overview_verified=True|channel_3;nln_overview_verified=True|channel_4;nln_overview_verified=True|channel_5;nln_overview_verified=True|channel_6;nln_overview_verified=True
nln_emp_leave_one_speed_out,test_speed_70,nln_emp,nln_emp_motor_4_70_align_combination_2_vibration,nln_emp_motor_4_70_align_combination_2,test,Motor-4,vibration,vibration,70,unknown,motor_4_speed_70,misalignment,2,fault,experimental,unknown,data/raw/nln_emp/Dataset/Vibration/Motor-4/70/align combination 2/Vibration_Motor-4_70_time-align combination 2-ch1.csv|data/raw/nln_emp/Dataset/Vibration/Motor-4/70/align combination 2/Vibration_Motor-4_70_time-align combination 2-ch2.csv|data/raw/nln_emp/Dataset/Vibration/Motor-4/70/align combination 2/Vibration_Motor-4_70_time-align combination 2-ch3.csv|data/raw/nln_emp/Dataset/Vibration/Motor-4/70/align combination 2/Vibration_Motor-4_70_time-align combination 2-ch4.csv|data/raw/nln_emp/Dataset/Vibration/Motor-4/70/align combination 2/Vibration_Motor-4_70_time-align combination 2-ch5.csv,False,channel_1;nln_overview_verified=True|channel_2;nln_overview_verified=True|channel_3;nln_overview_verified=True|channel_4;nln_overview_verified=True|channel_5;nln_overview_verified=True
nln_emp_leave_one_speed_out,test_speed_70,nln_emp,nln_emp_motor_4_70_align_combination_3_current,nln_emp_motor_4_70_align_combination_3,test,Motor-4,current,current,70,unknown,motor_4_speed_70,misalignment,2,fault,experimental,unknown,data/raw/nln_emp/Dataset/Electric/Motor-4/70/align combination 3/Electric_Motor-4_70_time-align combination 3-ch1.csv|data/raw/nln_emp/Dataset/Electric/Motor-4/70/align combination 3/Electric_Motor-4_70_time-align combination 3-ch2.csv|data/raw/nln_emp/Dataset/Electric/Motor-4/70/align combination 3/Electric_Motor-4_70_time-align combination 3-ch3.csv|data/raw/nln_emp/Dataset/Electric/Motor-4/70/align combination 3/Electric_Motor-4_70_time-align combination 3-ch4.csv|data/raw/nln_emp/Dataset/Electric/Motor-4/70/align combination 3/Electric_Motor-4_70_time-align combination 3-ch5.csv|data/raw/nln_emp/Dataset/Electric/Motor-4/70/align combination 3/Electric_Motor-4_70_time-align combination 3-ch6.csv,False,channel_1;nln_overview_verified=True|channel_2;nln_overview_verified=True|channel_3;nln_overview_verified=True|channel_4;nln_overview_verified=True|channel_5;nln_overview_verified=True|channel_6;nln_overview_verified=True
nln_emp_leave_one_speed_out,test_speed_70,nln_emp,nln_emp_motor_4_70_align_combination_3_vibration,nln_emp_motor_4_70_align_combination_3,test,Motor-4,vibration,vibration,70,unknown,motor_4_speed_70,misalignment,2,fault,experimental,unknown,data/raw/nln_emp/Dataset/Vibration/Motor-4/70/align combination 3/Vibration_Motor-4_70_time-align combination 3-ch1.csv|data/raw/nln_emp/Dataset/Vibration/Motor-4/70/align combination 3/Vibration_Motor-4_70_time-align combination 3-ch2.csv|data/raw/nln_emp/Dataset/Vibration/Motor-4/70/align combination 3/Vibration_Motor-4_70_time-align combination 3-ch3.csv|data/raw/nln_emp/Dataset/Vibration/Motor-4/70/align combination 3/Vibration_Motor-4_70_time-align combination 3-ch4.csv|data/raw/nln_emp/Dataset/Vibration/Motor-4/70/align combination 3/Vibration_Motor-4_70_time-align combination 3-ch5.csv,False,channel_1;nln_overview_verified=True|channel_2;nln_overview_verified=True|channel_3;nln_overview_verified=True|channel_4;nln_overview_verified=True|channel_5;nln_overview_verified=True
nln_emp_leave_one_speed_out,test_speed_70,nln_emp,nln_emp_motor_4_70_align_combination_4_current,nln_emp_motor_4_70_align_combination_4,test,Motor-4,current,current,70,unknown,motor_4_speed_70,misalignment,2,fault,experimental,unknown,data/raw/nln_emp/Dataset/Electric/Motor-4/70/align combination 4/Electric_Motor-4_70_time-align combination 4-ch1.csv|data/raw/nln_emp/Dataset/Electric/Motor-4/70/align combination 4/Electric_Motor-4_70_time-align combination 4-ch2.csv|data/raw/nln_emp/Dataset/Electric/Motor-4/70/align combination 4/Electric_Motor-4_70_time-align combination 4-ch3.csv|data/raw/nln_emp/Dataset/Electric/Motor-4/70/align combination 4/Electric_Motor-4_70_time-align combination 4-ch4.csv|data/raw/nln_emp/Dataset/Electric/Motor-4/70/align combination 4/Electric_Motor-4_70_time-align combination 4-ch5.csv|data/raw/nln_emp/Dataset/Electric/Motor-4/70/align combination 4/Electric_Motor-4_70_time-align combination 4-ch6.csv,False,channel_1;nln_overview_verified=True|channel_2;nln_overview_verified=True|channel_3;nln_overview_verified=True|channel_4;nln_overview_verified=True|channel_5;nln_overview_verified=True|channel_6;nln_overview_verified=True
nln_emp_leave_one_speed_out,test_speed_70,nln_emp,nln_emp_motor_4_70_align_combination_4_vibration,nln_emp_motor_4_70_align_combination_4,test,Motor-4,vibration,vibration,70,unknown,motor_4_speed_70,misalignment,2,fault,experimental,unknown,data/raw/nln_emp/Dataset/Vibration/Motor-4/70/align combination 4/Vibration_Motor-4_70_time-align combination 4-ch1.csv|data/raw/nln_emp/Dataset/Vibration/Motor-4/70/align combination 4/Vibration_Motor-4_70_time-align combination 4-ch2.csv|data/raw/nln_emp/Dataset/Vibration/Motor-4/70/align combination 4/Vibration_Motor-4_70_time-align combination 4-ch3.csv|data/raw/nln_emp/Dataset/Vibration/Motor-4/70/align combination 4/Vibration_Motor-4_70_time-align combination 4-ch4.csv|data/raw/nln_emp/Dataset/Vibration/Motor-4/70/align combination 4/Vibration_Motor-4_70_time-align combination 4-ch5.csv,False,channel_1;nln_overview_verified=True|channel_2;nln_overview_verified=True|channel_3;nln_overview_verified=True|channel_4;nln_overview_verified=True|channel_5;nln_overview_verified=True
nln_emp_leave_one_speed_out,test_speed_70,nln_emp,nln_emp_motor_4_70_align_parallel_1_current,nln_emp_motor_4_70_align_parallel_1,test,Motor-4,current,current,70,unknown,motor_4_speed_70,misalignment,1,fault,experimental,unknown,data/raw/nln_emp/Dataset/Electric/Motor-4/70/align parallel 1/Electric_Motor-4_70_time-align parallel 1-ch1.csv|data/raw/nln_emp/Dataset/Electric/Motor-4/70/align parallel 1/Electric_Motor-4_70_time-align parallel 1-ch2.csv|data/raw/nln_emp/Dataset/Electric/Motor-4/70/align parallel 1/Electric_Motor-4_70_time-align parallel 1-ch3.csv|data/raw/nln_emp/Dataset/Electric/Motor-4/70/align parallel 1/Electric_Motor-4_70_time-align parallel 1-ch4.csv|data/raw/nln_emp/Dataset/Electric/Motor-4/70/align parallel 1/Electric_Motor-4_70_time-align parallel 1-ch5.csv|data/raw/nln_emp/Dataset/Electric/Motor-4/70/align parallel 1/Electric_Motor-4_70_time-align parallel 1-ch6.csv,False,channel_1;nln_overview_verified=True|channel_2;nln_overview_verified=True|channel_3;nln_overview_verified=True|channel_4;nln_overview_verified=True|channel_5;nln_overview_verified=True|channel_6;nln_overview_verified=True
nln_emp_leave_one_speed_out,test_speed_70,nln_emp,nln_emp_motor_4_70_align_parallel_1_vibration,nln_emp_motor_4_70_align_parallel_1,test,Motor-4,vibration,vibration,70,unknown,motor_4_speed_70,misalignment,1,fault,experimental,unknown,data/raw/nln_emp/Dataset/Vibration/Motor-4/70/align parallel 1/Vibration_Motor-4_70_time-align parallel 1-ch1.csv|data/raw/nln_emp/Dataset/Vibration/Motor-4/70/align parallel 1/Vibration_Motor-4_70_time-align parallel 1-ch2.csv|data/raw/nln_emp/Dataset/Vibration/Motor-4/70/align parallel 1/Vibration_Motor-4_70_time-align parallel 1-ch3.csv|data/raw/nln_emp/Dataset/Vibration/Motor-4/70/align parallel 1/Vibration_Motor-4_70_time-align parallel 1-ch4.csv|data/raw/nln_emp/Dataset/Vibration/Motor-4/70/align parallel 1/Vibration_Motor-4_70_time-align parallel 1-ch5.csv,False,channel_1;nln_overview_verified=True|channel_2;nln_overview_verified=True|channel_3;nln_overview_verified=True|channel_4;nln_overview_verified=True|channel_5;nln_overview_verified=True
nln_emp_leave_one_speed_out,test_speed_70,nln_emp,nln_emp_motor_4_70_align_parallel_2_current,nln_emp_motor_4_70_align_parallel_2,test,Motor-4,current,current,70,unknown,motor_4_speed_70,misalignment,1,fault,experimental,unknown,data/raw/nln_emp/Dataset/Electric/Motor-4/70/align parallel 2/Electric_Motor-4_70_time-align parallel 2-ch1.csv|data/raw/nln_emp/Dataset/Electric/Motor-4/70/align parallel 2/Electric_Motor-4_70_time-align parallel 2-ch2.csv|data/raw/nln_emp/Dataset/Electric/Motor-4/70/align parallel 2/Electric_Motor-4_70_time-align parallel 2-ch3.csv|data/raw/nln_emp/Dataset/Electric/Motor-4/70/align parallel 2/Electric_Motor-4_70_time-align parallel 2-ch4.csv|data/raw/nln_emp/Dataset/Electric/Motor-4/70/align parallel 2/Electric_Motor-4_70_time-align parallel 2-ch5.csv|data/raw/nln_emp/Dataset/Electric/Motor-4/70/align parallel 2/Electric_Motor-4_70_time-align parallel 2-ch6.csv,False,channel_1;nln_overview_verified=True|channel_2;nln_overview_verified=True|channel_3;nln_overview_verified=True|channel_4;nln_overview_verified=True|channel_5;nln_overview_verified=True|channel_6;nln_overview_verified=True
nln_emp_leave_one_speed_out,test_speed_70,nln_emp,nln_emp_motor_4_70_align_parallel_2_vibration,nln_emp_motor_4_70_align_parallel_2,test,Motor-4,vibration,vibration,70,unknown,motor_4_speed_70,misalignment,1,fault,experimental,unknown,data/raw/nln_emp/Dataset/Vibration/Motor-4/70/align parallel 2/Vibration_Motor-4_70_time-align parallel 2-ch1.csv|data/raw/nln_emp/Dataset/Vibration/Motor-4/70/align parallel 2/Vibration_Motor-4_70_time-align parallel 2-ch2.csv|data/raw/nln_emp/Dataset/Vibration/Motor-4/70/align parallel 2/Vibration_Motor-4_70_time-align parallel 2-ch3.csv|data/raw/nln_emp/Dataset/Vibration/Motor-4/70/align parallel 2/Vibration_Motor-4_70_time-align parallel 2-ch4.csv|data/raw/nln_emp/Dataset/Vibration/Motor-4/70/align parallel 2/Vibration_Motor-4_70_time-align parallel 2-ch5.csv,False,channel_1;nln_overview_verified=True|channel_2;nln_overview_verified=True|channel_3;nln_overview_verified=True|channel_4;nln_overview_verified=True|channel_5;nln_overview_verified=True
nln_emp_leave_one_speed_out,test_speed_70,nln_emp,nln_emp_motor_4_70_align_parallel_3_current,nln_emp_motor_4_70_align_parallel_3,test,Motor-4,current,current,70,unknown,motor_4_speed_70,misalignment,1,fault,experimental,unknown,data/raw/nln_emp/Dataset/Electric/Motor-4/70/align parallel 3/Electric_Motor-4_70_time-align parallel 3-ch1.csv|data/raw/nln_emp/Dataset/Electric/Motor-4/70/align parallel 3/Electric_Motor-4_70_time-align parallel 3-ch2.csv|data/raw/nln_emp/Dataset/Electric/Motor-4/70/align parallel 3/Electric_Motor-4_70_time-align parallel 3-ch3.csv|data/raw/nln_emp/Dataset/Electric/Motor-4/70/align parallel 3/Electric_Motor-4_70_time-align parallel 3-ch4.csv|data/raw/nln_emp/Dataset/Electric/Motor-4/70/align parallel 3/Electric_Motor-4_70_time-align parallel 3-ch5.csv|data/raw/nln_emp/Dataset/Electric/Motor-4/70/align parallel 3/Electric_Motor-4_70_time-align parallel 3-ch6.csv,False,channel_1;nln_overview_verified=True|channel_2;nln_overview_verified=True|channel_3;nln_overview_verified=True|channel_4;nln_overview_verified=True|channel_5;nln_overview_verified=True|channel_6;nln_overview_verified=True
nln_emp_leave_one_speed_out,test_speed_70,nln_emp,nln_emp_motor_4_70_align_parallel_3_vibration,nln_emp_motor_4_70_align_parallel_3,test,Motor-4,vibration,vibration,70,unknown,motor_4_speed_70,misalignment,1,fault,experimental,unknown,data/raw/nln_emp/Dataset/Vibration/Motor-4/70/align parallel 3/Vibration_Motor-4_70_time-align parallel 3-ch1.csv|data/raw/nln_emp/Dataset/Vibration/Motor-4/70/align parallel 3/Vibration_Motor-4_70_time-align parallel 3-ch2.csv|data/raw/nln_emp/Dataset/Vibration/Motor-4/70/align parallel 3/Vibration_Motor-4_70_time-align parallel 3-ch3.csv|data/raw/nln_emp/Dataset/Vibration/Motor-4/70/align parallel 3/Vibration_Motor-4_70_time-align parallel 3-ch4.csv|data/raw/nln_emp/Dataset/Vibration/Motor-4/70/align parallel 3/Vibration_Motor-4_70_time-align parallel 3-ch5.csv,False,channel_1;nln_overview_verified=True|channel_2;nln_overview_verified=True|channel_3;nln_overview_verified=True|channel_4;nln_overview_verified=True|channel_5;nln_overview_verified=True
nln_emp_leave_one_speed_out,test_speed_70,nln_emp,nln_emp_motor_4_70_align_parallel_4_current,nln_emp_motor_4_70_align_parallel_4,test,Motor-4,current,current,70,unknown,motor_4_speed_70,misalignment,1,fault,experimental,unknown,data/raw/nln_emp/Dataset/Electric/Motor-4/70/align parallel 4/Electric_Motor-4_70_time-align parallel 4-ch1.csv|data/raw/nln_emp/Dataset/Electric/Motor-4/70/align parallel 4/Electric_Motor-4_70_time-align parallel 4-ch2.csv|data/raw/nln_emp/Dataset/Electric/Motor-4/70/align parallel 4/Electric_Motor-4_70_time-align parallel 4-ch3.csv|data/raw/nln_emp/Dataset/Electric/Motor-4/70/align parallel 4/Electric_Motor-4_70_time-align parallel 4-ch4.csv|data/raw/nln_emp/Dataset/Electric/Motor-4/70/align parallel 4/Electric_Motor-4_70_time-align parallel 4-ch5.csv|data/raw/nln_emp/Dataset/Electric/Motor-4/70/align parallel 4/Electric_Motor-4_70_time-align parallel 4-ch6.csv,False,channel_1;nln_overview_verified=True|channel_2;nln_overview_verified=True|channel_3;nln_overview_verified=True|channel_4;nln_overview_verified=True|channel_5;nln_overview_verified=True|channel_6;nln_overview_verified=True
nln_emp_leave_one_speed_out,test_speed_70,nln_emp,nln_emp_motor_4_70_align_parallel_4_vibration,nln_emp_motor_4_70_align_parallel_4,test,Motor-4,vibration,vibration,70,unknown,motor_4_speed_70,misalignment,1,fault,experimental,unknown,data/raw/nln_emp/Dataset/Vibration/Motor-4/70/align parallel 4/Vibration_Motor-4_70_time-align parallel 4-ch1.csv|data/raw/nln_emp/Dataset/Vibration/Motor-4/70/align parallel 4/Vibration_Motor-4_70_time-align parallel 4-ch2.csv|data/raw/nln_emp/Dataset/Vibration/Motor-4/70/align parallel 4/Vibration_Motor-4_70_time-align parallel 4-ch3.csv|data/raw/nln_emp/Dataset/Vibration/Motor-4/70/align parallel 4/Vibration_Motor-4_70_time-align parallel 4-ch4.csv|data/raw/nln_emp/Dataset/Vibration/Motor-4/70/align parallel 4/Vibration_Motor-4_70_time-align parallel 4-ch5.csv,False,channel_1;nln_overview_verified=True|channel_2;nln_overview_verified=True|channel_3;nln_overview_verified=True|channel_4;nln_overview_verified=True|channel_5;nln_overview_verified=True
nln_emp_leave_one_speed_out,test_speed_70,nln_emp,nln_emp_motor_4_70_bent_shaft_current,nln_emp_motor_4_70_bent_shaft,test,Motor-4,current,current,70,unknown,motor_4_speed_70,bent_shaft,unknown,fault,experimental,unknown,data/raw/nln_emp/Dataset/Electric/Motor-4/70/bent shaft/Electric_Motor-4_70_time-bent shaft-ch1.csv|data/raw/nln_emp/Dataset/Electric/Motor-4/70/bent shaft/Electric_Motor-4_70_time-bent shaft-ch2.csv|data/raw/nln_emp/Dataset/Electric/Motor-4/70/bent shaft/Electric_Motor-4_70_time-bent shaft-ch3.csv|data/raw/nln_emp/Dataset/Electric/Motor-4/70/bent shaft/Electric_Motor-4_70_time-bent shaft-ch4.csv|data/raw/nln_emp/Dataset/Electric/Motor-4/70/bent shaft/Electric_Motor-4_70_time-bent shaft-ch5.csv|data/raw/nln_emp/Dataset/Electric/Motor-4/70/bent shaft/Electric_Motor-4_70_time-bent shaft-ch6.csv,False,channel_1;nln_overview_verified=True|channel_2;nln_overview_verified=True|channel_3;nln_overview_verified=True|channel_4;nln_overview_verified=True|channel_5;nln_overview_verified=True|channel_6;nln_overview_verified=True
nln_emp_leave_one_speed_out,test_speed_70,nln_emp,nln_emp_motor_4_70_bent_shaft_vibration,nln_emp_motor_4_70_bent_shaft,test,Motor-4,vibration,vibration,70,unknown,motor_4_speed_70,bent_shaft,unknown,fault,experimental,unknown,data/raw/nln_emp/Dataset/Vibration/Motor-4/70/bent shaft/Vibration_Motor-4_70_time-bent shaft-ch1.csv|data/raw/nln_emp/Dataset/Vibration/Motor-4/70/bent shaft/Vibration_Motor-4_70_time-bent shaft-ch2.csv|data/raw/nln_emp/Dataset/Vibration/Motor-4/70/bent shaft/Vibration_Motor-4_70_time-bent shaft-ch3.csv|data/raw/nln_emp/Dataset/Vibration/Motor-4/70/bent shaft/Vibration_Motor-4_70_time-bent shaft-ch4.csv|data/raw/nln_emp/Dataset/Vibration/Motor-4/70/bent shaft/Vibration_Motor-4_70_time-bent shaft-ch5.csv,False,channel_1;nln_overview_verified=True|channel_2;nln_overview_verified=True|channel_3;nln_overview_verified=True|channel_4;nln_overview_verified=True|channel_5;nln_overview_verified=True
nln_emp_leave_one_speed_out,test_speed_70,nln_emp,nln_emp_motor_4_70_cavitation_discharge_1_current,nln_emp_motor_4_70_cavitation_discharge_1,test,Motor-4,current,current,70,unknown,motor_4_speed_70,cavitation,3,fault,experimental,unknown,data/raw/nln_emp/Dataset/Electric/Motor-4/70/cavitation discharge 1/Electric_Motor-4_70_time-cavitation discharge 1-ch1.csv|data/raw/nln_emp/Dataset/Electric/Motor-4/70/cavitation discharge 1/Electric_Motor-4_70_time-cavitation discharge 1-ch2.csv|data/raw/nln_emp/Dataset/Electric/Motor-4/70/cavitation discharge 1/Electric_Motor-4_70_time-cavitation discharge 1-ch3.csv|data/raw/nln_emp/Dataset/Electric/Motor-4/70/cavitation discharge 1/Electric_Motor-4_70_time-cavitation discharge 1-ch4.csv|data/raw/nln_emp/Dataset/Electric/Motor-4/70/cavitation discharge 1/Electric_Motor-4_70_time-cavitation discharge 1-ch5.csv|data/raw/nln_emp/Dataset/Electric/Motor-4/70/cavitation discharge 1/Electric_Motor-4_70_time-cavitation discharge 1-ch6.csv,False,channel_1;nln_overview_verified=True|channel_2;nln_overview_verified=True|channel_3;nln_overview_verified=True|channel_4;nln_overview_verified=True|channel_5;nln_overview_verified=True|channel_6;nln_overview_verified=True
nln_emp_leave_one_speed_out,test_speed_70,nln_emp,nln_emp_motor_4_70_cavitation_discharge_1_vibration,nln_emp_motor_4_70_cavitation_discharge_1,test,Motor-4,vibration,vibration,70,unknown,motor_4_speed_70,cavitation,3,fault,experimental,unknown,data/raw/nln_emp/Dataset/Vibration/Motor-4/70/cavitation discharge 1/Vibration_Motor-4_70_time-cavitation discharge 1-ch1.csv|data/raw/nln_emp/Dataset/Vibration/Motor-4/70/cavitation discharge 1/Vibration_Motor-4_70_time-cavitation discharge 1-ch2.csv|data/raw/nln_emp/Dataset/Vibration/Motor-4/70/cavitation discharge 1/Vibration_Motor-4_70_time-cavitation discharge 1-ch3.csv|data/raw/nln_emp/Dataset/Vibration/Motor-4/70/cavitation discharge 1/Vibration_Motor-4_70_time-cavitation discharge 1-ch4.csv|data/raw/nln_emp/Dataset/Vibration/Motor-4/70/cavitation discharge 1/Vibration_Motor-4_70_time-cavitation discharge 1-ch5.csv,False,channel_1;nln_overview_verified=True|channel_2;nln_overview_verified=True|channel_3;nln_overview_verified=True|channel_4;nln_overview_verified=True|channel_5;nln_overview_verified=True
nln_emp_leave_one_speed_out,test_speed_70,nln_emp,nln_emp_motor_4_70_cavitation_discharge_2_current,nln_emp_motor_4_70_cavitation_discharge_2,test,Motor-4,current,current,70,unknown,motor_4_speed_70,cavitation,3,fault,experimental,unknown,data/raw/nln_emp/Dataset/Electric/Motor-4/70/cavitation discharge 2/Electric_Motor-4_70_time-cavitation discharge 2-ch1.csv|data/raw/nln_emp/Dataset/Electric/Motor-4/70/cavitation discharge 2/Electric_Motor-4_70_time-cavitation discharge 2-ch2.csv|data/raw/nln_emp/Dataset/Electric/Motor-4/70/cavitation discharge 2/Electric_Motor-4_70_time-cavitation discharge 2-ch3.csv|data/raw/nln_emp/Dataset/Electric/Motor-4/70/cavitation discharge 2/Electric_Motor-4_70_time-cavitation discharge 2-ch4.csv|data/raw/nln_emp/Dataset/Electric/Motor-4/70/cavitation discharge 2/Electric_Motor-4_70_time-cavitation discharge 2-ch5.csv|data/raw/nln_emp/Dataset/Electric/Motor-4/70/cavitation discharge 2/Electric_Motor-4_70_time-cavitation discharge 2-ch6.csv,False,channel_1;nln_overview_verified=True|channel_2;nln_overview_verified=True|channel_3;nln_overview_verified=True|channel_4;nln_overview_verified=True|channel_5;nln_overview_verified=True|channel_6;nln_overview_verified=True
nln_emp_leave_one_speed_out,test_speed_70,nln_emp,nln_emp_motor_4_70_cavitation_discharge_2_vibration,nln_emp_motor_4_70_cavitation_discharge_2,test,Motor-4,vibration,vibration,70,unknown,motor_4_speed_70,cavitation,3,fault,experimental,unknown,data/raw/nln_emp/Dataset/Vibration/Motor-4/70/cavitation discharge 2/Vibration_Motor-4_70_time-cavitation discharge 2-ch1.csv|data/raw/nln_emp/Dataset/Vibration/Motor-4/70/cavitation discharge 2/Vibration_Motor-4_70_time-cavitation discharge 2-ch2.csv|data/raw/nln_emp/Dataset/Vibration/Motor-4/70/cavitation discharge 2/Vibration_Motor-4_70_time-cavitation discharge 2-ch3.csv|data/raw/nln_emp/Dataset/Vibration/Motor-4/70/cavitation discharge 2/Vibration_Motor-4_70_time-cavitation discharge 2-ch4.csv|data/raw/nln_emp/Dataset/Vibration/Motor-4/70/cavitation discharge 2/Vibration_Motor-4_70_time-cavitation discharge 2-ch5.csv,False,channel_1;nln_overview_verified=True|channel_2;nln_overview_verified=True|channel_3;nln_overview_verified=True|channel_4;nln_overview_verified=True|channel_5;nln_overview_verified=True
nln_emp_leave_one_speed_out,test_speed_70,nln_emp,nln_emp_motor_4_70_cavitation_discharge_3_current,nln_emp_motor_4_70_cavitation_discharge_3,test,Motor-4,current,current,70,unknown,motor_4_speed_70,cavitation,3,fault,experimental,unknown,data/raw/nln_emp/Dataset/Electric/Motor-4/70/cavitation discharge 3/Electric_Motor-4_70_time-cavitation discharge 3-ch1.csv|data/raw/nln_emp/Dataset/Electric/Motor-4/70/cavitation discharge 3/Electric_Motor-4_70_time-cavitation discharge 3-ch2.csv|data/raw/nln_emp/Dataset/Electric/Motor-4/70/cavitation discharge 3/Electric_Motor-4_70_time-cavitation discharge 3-ch3.csv|data/raw/nln_emp/Dataset/Electric/Motor-4/70/cavitation discharge 3/Electric_Motor-4_70_time-cavitation discharge 3-ch4.csv|data/raw/nln_emp/Dataset/Electric/Motor-4/70/cavitation discharge 3/Electric_Motor-4_70_time-cavitation discharge 3-ch5.csv|data/raw/nln_emp/Dataset/Electric/Motor-4/70/cavitation discharge 3/Electric_Motor-4_70_time-cavitation discharge 3-ch6.csv,False,channel_1;nln_overview_verified=True|channel_2;nln_overview_verified=True|channel_3;nln_overview_verified=True|channel_4;nln_overview_verified=True|channel_5;nln_overview_verified=True|channel_6;nln_overview_verified=True
nln_emp_leave_one_speed_out,test_speed_70,nln_emp,nln_emp_motor_4_70_cavitation_discharge_3_vibration,nln_emp_motor_4_70_cavitation_discharge_3,test,Motor-4,vibration,vibration,70,unknown,motor_4_speed_70,cavitation,3,fault,experimental,unknown,data/raw/nln_emp/Dataset/Vibration/Motor-4/70/cavitation discharge 3/Vibration_Motor-4_70_time-cavitation discharge 3-ch1.csv|data/raw/nln_emp/Dataset/Vibration/Motor-4/70/cavitation discharge 3/Vibration_Motor-4_70_time-cavitation discharge 3-ch2.csv|data/raw/nln_emp/Dataset/Vibration/Motor-4/70/cavitation discharge 3/Vibration_Motor-4_70_time-cavitation discharge 3-ch3.csv|data/raw/nln_emp/Dataset/Vibration/Motor-4/70/cavitation discharge 3/Vibration_Motor-4_70_time-cavitation discharge 3-ch4.csv|data/raw/nln_emp/Dataset/Vibration/Motor-4/70/cavitation discharge 3/Vibration_Motor-4_70_time-cavitation discharge 3-ch5.csv,False,channel_1;nln_overview_verified=True|channel_2;nln_overview_verified=True|channel_3;nln_overview_verified=True|channel_4;nln_overview_verified=True|channel_5;nln_overview_verified=True
nln_emp_leave_one_speed_out,test_speed_70,nln_emp,nln_emp_motor_4_70_cavitation_discharge_4_current,nln_emp_motor_4_70_cavitation_discharge_4,test,Motor-4,current,current,70,unknown,motor_4_speed_70,cavitation,3,fault,experimental,unknown,data/raw/nln_emp/Dataset/Electric/Motor-4/70/cavitation discharge 4/Electric_Motor-4_70_time-cavitation discharge 4-ch1.csv|data/raw/nln_emp/Dataset/Electric/Motor-4/70/cavitation discharge 4/Electric_Motor-4_70_time-cavitation discharge 4-ch2.csv|data/raw/nln_emp/Dataset/Electric/Motor-4/70/cavitation discharge 4/Electric_Motor-4_70_time-cavitation discharge 4-ch3.csv|data/raw/nln_emp/Dataset/Electric/Motor-4/70/cavitation discharge 4/Electric_Motor-4_70_time-cavitation discharge 4-ch4.csv|data/raw/nln_emp/Dataset/Electric/Motor-4/70/cavitation discharge 4/Electric_Motor-4_70_time-cavitation discharge 4-ch5.csv|data/raw/nln_emp/Dataset/Electric/Motor-4/70/cavitation discharge 4/Electric_Motor-4_70_time-cavitation discharge 4-ch6.csv,False,channel_1;nln_overview_verified=True|channel_2;nln_overview_verified=True|channel_3;nln_overview_verified=True|channel_4;nln_overview_verified=True|channel_5;nln_overview_verified=True|channel_6;nln_overview_verified=True
nln_emp_leave_one_speed_out,test_speed_70,nln_emp,nln_emp_motor_4_70_cavitation_discharge_4_vibration,nln_emp_motor_4_70_cavitation_discharge_4,test,Motor-4,vibration,vibration,70,unknown,motor_4_speed_70,cavitation,3,fault,experimental,unknown,data/raw/nln_emp/Dataset/Vibration/Motor-4/70/cavitation discharge 4/Vibration_Motor-4_70_time-cavitation discharge 4-ch1.csv|data/raw/nln_emp/Dataset/Vibration/Motor-4/70/cavitation discharge 4/Vibration_Motor-4_70_time-cavitation discharge 4-ch2.csv|data/raw/nln_emp/Dataset/Vibration/Motor-4/70/cavitation discharge 4/Vibration_Motor-4_70_time-cavitation discharge 4-ch3.csv|data/raw/nln_emp/Dataset/Vibration/Motor-4/70/cavitation discharge 4/Vibration_Motor-4_70_time-cavitation discharge 4-ch4.csv|data/raw/nln_emp/Dataset/Vibration/Motor-4/70/cavitation discharge 4/Vibration_Motor-4_70_time-cavitation discharge 4-ch5.csv,False,channel_1;nln_overview_verified=True|channel_2;nln_overview_verified=True|channel_3;nln_overview_verified=True|channel_4;nln_overview_verified=True|channel_5;nln_overview_verified=True
nln_emp_leave_one_speed_out,test_speed_70,nln_emp,nln_emp_motor_4_70_cavitation_discharge_5_current,nln_emp_motor_4_70_cavitation_discharge_5,test,Motor-4,current,current,70,unknown,motor_4_speed_70,cavitation,3,fault,experimental,unknown,data/raw/nln_emp/Dataset/Electric/Motor-4/70/cavitation discharge 5/Electric_Motor-4_70_time-cavitation discharge 5-ch1.csv|data/raw/nln_emp/Dataset/Electric/Motor-4/70/cavitation discharge 5/Electric_Motor-4_70_time-cavitation discharge 5-ch2.csv|data/raw/nln_emp/Dataset/Electric/Motor-4/70/cavitation discharge 5/Electric_Motor-4_70_time-cavitation discharge 5-ch3.csv|data/raw/nln_emp/Dataset/Electric/Motor-4/70/cavitation discharge 5/Electric_Motor-4_70_time-cavitation discharge 5-ch4.csv|data/raw/nln_emp/Dataset/Electric/Motor-4/70/cavitation discharge 5/Electric_Motor-4_70_time-cavitation discharge 5-ch5.csv|data/raw/nln_emp/Dataset/Electric/Motor-4/70/cavitation discharge 5/Electric_Motor-4_70_time-cavitation discharge 5-ch6.csv,False,channel_1;nln_overview_verified=True|channel_2;nln_overview_verified=True|channel_3;nln_overview_verified=True|channel_4;nln_overview_verified=True|channel_5;nln_overview_verified=True|channel_6;nln_overview_verified=True
nln_emp_leave_one_speed_out,test_speed_70,nln_emp,nln_emp_motor_4_70_cavitation_discharge_5_vibration,nln_emp_motor_4_70_cavitation_discharge_5,test,Motor-4,vibration,vibration,70,unknown,motor_4_speed_70,cavitation,3,fault,experimental,unknown,data/raw/nln_emp/Dataset/Vibration/Motor-4/70/cavitation discharge 5/Vibration_Motor-4_70_time-cavitation discharge 5-ch1.csv|data/raw/nln_emp/Dataset/Vibration/Motor-4/70/cavitation discharge 5/Vibration_Motor-4_70_time-cavitation discharge 5-ch2.csv|data/raw/nln_emp/Dataset/Vibration/Motor-4/70/cavitation discharge 5/Vibration_Motor-4_70_time-cavitation discharge 5-ch3.csv|data/raw/nln_emp/Dataset/Vibration/Motor-4/70/cavitation discharge 5/Vibration_Motor-4_70_time-cavitation discharge 5-ch4.csv|data/raw/nln_emp/Dataset/Vibration/Motor-4/70/cavitation discharge 5/Vibration_Motor-4_70_time-cavitation discharge 5-ch5.csv,False,channel_1;nln_overview_verified=True|channel_2;nln_overview_verified=True|channel_3;nln_overview_verified=True|channel_4;nln_overview_verified=True|channel_5;nln_overview_verified=True
nln_emp_leave_one_speed_out,test_speed_70,nln_emp,nln_emp_motor_4_70_cavitation_suction_1_current,nln_emp_motor_4_70_cavitation_suction_1,test,Motor-4,current,current,70,unknown,motor_4_speed_70,cavitation,3,fault,experimental,unknown,data/raw/nln_emp/Dataset/Electric/Motor-4/70/cavitation suction 1/Electric_Motor-4_70_time-cavitation suction 1-ch1.csv|data/raw/nln_emp/Dataset/Electric/Motor-4/70/cavitation suction 1/Electric_Motor-4_70_time-cavitation suction 1-ch2.csv|data/raw/nln_emp/Dataset/Electric/Motor-4/70/cavitation suction 1/Electric_Motor-4_70_time-cavitation suction 1-ch3.csv|data/raw/nln_emp/Dataset/Electric/Motor-4/70/cavitation suction 1/Electric_Motor-4_70_time-cavitation suction 1-ch4.csv|data/raw/nln_emp/Dataset/Electric/Motor-4/70/cavitation suction 1/Electric_Motor-4_70_time-cavitation suction 1-ch5.csv|data/raw/nln_emp/Dataset/Electric/Motor-4/70/cavitation suction 1/Electric_Motor-4_70_time-cavitation suction 1-ch6.csv,False,channel_1;nln_overview_verified=True|channel_2;nln_overview_verified=True|channel_3;nln_overview_verified=True|channel_4;nln_overview_verified=True|channel_5;nln_overview_verified=True|channel_6;nln_overview_verified=True
nln_emp_leave_one_speed_out,test_speed_70,nln_emp,nln_emp_motor_4_70_cavitation_suction_1_vibration,nln_emp_motor_4_70_cavitation_suction_1,test,Motor-4,vibration,vibration,70,unknown,motor_4_speed_70,cavitation,3,fault,experimental,unknown,data/raw/nln_emp/Dataset/Vibration/Motor-4/70/cavitation suction 1/Vibration_Motor-4_70_time-cavitation suction 1-ch1.csv|data/raw/nln_emp/Dataset/Vibration/Motor-4/70/cavitation suction 1/Vibration_Motor-4_70_time-cavitation suction 1-ch2.csv|data/raw/nln_emp/Dataset/Vibration/Motor-4/70/cavitation suction 1/Vibration_Motor-4_70_time-cavitation suction 1-ch3.csv|data/raw/nln_emp/Dataset/Vibration/Motor-4/70/cavitation suction 1/Vibration_Motor-4_70_time-cavitation suction 1-ch4.csv|data/raw/nln_emp/Dataset/Vibration/Motor-4/70/cavitation suction 1/Vibration_Motor-4_70_time-cavitation suction 1-ch5.csv,False,channel_1;nln_overview_verified=True|channel_2;nln_overview_verified=True|channel_3;nln_overview_verified=True|channel_4;nln_overview_verified=True|channel_5;nln_overview_verified=True
nln_emp_leave_one_speed_out,test_speed_70,nln_emp,nln_emp_motor_4_70_cavitation_suction_2_current,nln_emp_motor_4_70_cavitation_suction_2,test,Motor-4,current,current,70,unknown,motor_4_speed_70,cavitation,3,fault,experimental,unknown,data/raw/nln_emp/Dataset/Electric/Motor-4/70/cavitation suction 2/Electric_Motor-4_70_time-cavitation suction 2-ch1.csv|data/raw/nln_emp/Dataset/Electric/Motor-4/70/cavitation suction 2/Electric_Motor-4_70_time-cavitation suction 2-ch2.csv|data/raw/nln_emp/Dataset/Electric/Motor-4/70/cavitation suction 2/Electric_Motor-4_70_time-cavitation suction 2-ch3.csv|data/raw/nln_emp/Dataset/Electric/Motor-4/70/cavitation suction 2/Electric_Motor-4_70_time-cavitation suction 2-ch4.csv|data/raw/nln_emp/Dataset/Electric/Motor-4/70/cavitation suction 2/Electric_Motor-4_70_time-cavitation suction 2-ch5.csv|data/raw/nln_emp/Dataset/Electric/Motor-4/70/cavitation suction 2/Electric_Motor-4_70_time-cavitation suction 2-ch6.csv,False,channel_1;nln_overview_verified=True|channel_2;nln_overview_verified=True|channel_3;nln_overview_verified=True|channel_4;nln_overview_verified=True|channel_5;nln_overview_verified=True|channel_6;nln_overview_verified=True
nln_emp_leave_one_speed_out,test_speed_70,nln_emp,nln_emp_motor_4_70_cavitation_suction_3_current,nln_emp_motor_4_70_cavitation_suction_3,test,Motor-4,current,current,70,unknown,motor_4_speed_70,cavitation,3,fault,experimental,unknown,data/raw/nln_emp/Dataset/Electric/Motor-4/70/cavitation suction 3/Electric_Motor-4_70_time-cavitation suction 3-ch1.csv|data/raw/nln_emp/Dataset/Electric/Motor-4/70/cavitation suction 3/Electric_Motor-4_70_time-cavitation suction 3-ch2.csv|data/raw/nln_emp/Dataset/Electric/Motor-4/70/cavitation suction 3/Electric_Motor-4_70_time-cavitation suction 3-ch3.csv|data/raw/nln_emp/Dataset/Electric/Motor-4/70/cavitation suction 3/Electric_Motor-4_70_time-cavitation suction 3-ch4.csv|data/raw/nln_emp/Dataset/Electric/Motor-4/70/cavitation suction 3/Electric_Motor-4_70_time-cavitation suction 3-ch5.csv|data/raw/nln_emp/Dataset/Electric/Motor-4/70/cavitation suction 3/Electric_Motor-4_70_time-cavitation suction 3-ch6.csv,False,channel_1;nln_overview_verified=True|channel_2;nln_overview_verified=True|channel_3;nln_overview_verified=True|channel_4;nln_overview_verified=True|channel_5;nln_overview_verified=True|channel_6;nln_overview_verified=True
nln_emp_leave_one_speed_out,test_speed_70,nln_emp,nln_emp_motor_4_70_cavitation_suction_3_vibration,nln_emp_motor_4_70_cavitation_suction_3,test,Motor-4,vibration,vibration,70,unknown,motor_4_speed_70,cavitation,3,fault,experimental,unknown,data/raw/nln_emp/Dataset/Vibration/Motor-4/70/cavitation suction 3/Vibration_Motor-4_70_time-cavitation suction 3-ch1.csv|data/raw/nln_emp/Dataset/Vibration/Motor-4/70/cavitation suction 3/Vibration_Motor-4_70_time-cavitation suction 3-ch2.csv|data/raw/nln_emp/Dataset/Vibration/Motor-4/70/cavitation suction 3/Vibration_Motor-4_70_time-cavitation suction 3-ch3.csv|data/raw/nln_emp/Dataset/Vibration/Motor-4/70/cavitation suction 3/Vibration_Motor-4_70_time-cavitation suction 3-ch4.csv|data/raw/nln_emp/Dataset/Vibration/Motor-4/70/cavitation suction 3/Vibration_Motor-4_70_time-cavitation suction 3-ch5.csv,False,channel_1;nln_overview_verified=True|channel_2;nln_overview_verified=True|channel_3;nln_overview_verified=True|channel_4;nln_overview_verified=True|channel_5;nln_overview_verified=True
nln_emp_leave_one_speed_out,test_speed_70,nln_emp,nln_emp_motor_4_70_cavitation_suction_4_current,nln_emp_motor_4_70_cavitation_suction_4,test,Motor-4,current,current,70,unknown,motor_4_speed_70,cavitation,3,fault,experimental,unknown,data/raw/nln_emp/Dataset/Electric/Motor-4/70/cavitation suction 4/Electric_Motor-4_70_time-cavitation suction 4-ch1.csv|data/raw/nln_emp/Dataset/Electric/Motor-4/70/cavitation suction 4/Electric_Motor-4_70_time-cavitation suction 4-ch2.csv|data/raw/nln_emp/Dataset/Electric/Motor-4/70/cavitation suction 4/Electric_Motor-4_70_time-cavitation suction 4-ch3.csv|data/raw/nln_emp/Dataset/Electric/Motor-4/70/cavitation suction 4/Electric_Motor-4_70_time-cavitation suction 4-ch4.csv|data/raw/nln_emp/Dataset/Electric/Motor-4/70/cavitation suction 4/Electric_Motor-4_70_time-cavitation suction 4-ch5.csv|data/raw/nln_emp/Dataset/Electric/Motor-4/70/cavitation suction 4/Electric_Motor-4_70_time-cavitation suction 4-ch6.csv,False,channel_1;nln_overview_verified=True|channel_2;nln_overview_verified=True|channel_3;nln_overview_verified=True|channel_4;nln_overview_verified=True|channel_5;nln_overview_verified=True|channel_6;nln_overview_verified=True
nln_emp_leave_one_speed_out,test_speed_70,nln_emp,nln_emp_motor_4_70_cavitation_suction_4_vibration,nln_emp_motor_4_70_cavitation_suction_4,test,Motor-4,vibration,vibration,70,unknown,motor_4_speed_70,cavitation,3,fault,experimental,unknown,data/raw/nln_emp/Dataset/Vibration/Motor-4/70/cavitation suction 4/Vibration_Motor-4_70_time-cavitation suction 4-ch1.csv|data/raw/nln_emp/Dataset/Vibration/Motor-4/70/cavitation suction 4/Vibration_Motor-4_70_time-cavitation suction 4-ch2.csv|data/raw/nln_emp/Dataset/Vibration/Motor-4/70/cavitation suction 4/Vibration_Motor-4_70_time-cavitation suction 4-ch3.csv|data/raw/nln_emp/Dataset/Vibration/Motor-4/70/cavitation suction 4/Vibration_Motor-4_70_time-cavitation suction 4-ch4.csv|data/raw/nln_emp/Dataset/Vibration/Motor-4/70/cavitation suction 4/Vibration_Motor-4_70_time-cavitation suction 4-ch5.csv,False,channel_1;nln_overview_verified=True|channel_2;nln_overview_verified=True|channel_3;nln_overview_verified=True|channel_4;nln_overview_verified=True|channel_5;nln_overview_verified=True
nln_emp_leave_one_speed_out,test_speed_70,nln_emp,nln_emp_motor_4_70_coupling_1_current,nln_emp_motor_4_70_coupling_1,test,Motor-4,current,current,70,unknown,motor_4_speed_70,coupling_fault,2D,fault,experimental,unknown,data/raw/nln_emp/Dataset/Electric/Motor-4/70/coupling 1/Electric_Motor-4_70_time-coupling 1-ch1.csv|data/raw/nln_emp/Dataset/Electric/Motor-4/70/coupling 1/Electric_Motor-4_70_time-coupling 1-ch2.csv|data/raw/nln_emp/Dataset/Electric/Motor-4/70/coupling 1/Electric_Motor-4_70_time-coupling 1-ch3.csv|data/raw/nln_emp/Dataset/Electric/Motor-4/70/coupling 1/Electric_Motor-4_70_time-coupling 1-ch4.csv|data/raw/nln_emp/Dataset/Electric/Motor-4/70/coupling 1/Electric_Motor-4_70_time-coupling 1-ch5.csv|data/raw/nln_emp/Dataset/Electric/Motor-4/70/coupling 1/Electric_Motor-4_70_time-coupling 1-ch6.csv,False,channel_1;nln_overview_verified=True|channel_2;nln_overview_verified=True|channel_3;nln_overview_verified=True|channel_4;nln_overview_verified=True|channel_5;nln_overview_verified=True|channel_6;nln_overview_verified=True
nln_emp_leave_one_speed_out,test_speed_70,nln_emp,nln_emp_motor_4_70_coupling_1_vibration,nln_emp_motor_4_70_coupling_1,test,Motor-4,vibration,vibration,70,unknown,motor_4_speed_70,coupling_fault,2D,fault,experimental,unknown,data/raw/nln_emp/Dataset/Vibration/Motor-4/70/coupling 1/Vibration_Motor-4_70_time-coupling 1-ch1.csv|data/raw/nln_emp/Dataset/Vibration/Motor-4/70/coupling 1/Vibration_Motor-4_70_time-coupling 1-ch2.csv|data/raw/nln_emp/Dataset/Vibration/Motor-4/70/coupling 1/Vibration_Motor-4_70_time-coupling 1-ch3.csv|data/raw/nln_emp/Dataset/Vibration/Motor-4/70/coupling 1/Vibration_Motor-4_70_time-coupling 1-ch4.csv|data/raw/nln_emp/Dataset/Vibration/Motor-4/70/coupling 1/Vibration_Motor-4_70_time-coupling 1-ch5.csv,False,channel_1;nln_overview_verified=True|channel_2;nln_overview_verified=True|channel_3;nln_overview_verified=True|channel_4;nln_overview_verified=True|channel_5;nln_overview_verified=True
nln_emp_leave_one_speed_out,test_speed_70,nln_emp,nln_emp_motor_4_70_coupling_2_current,nln_emp_motor_4_70_coupling_2,test,Motor-4,current,current,70,unknown,motor_4_speed_70,coupling_fault,2D,fault,experimental,unknown,data/raw/nln_emp/Dataset/Electric/Motor-4/70/coupling 2/Electric_Motor-4_70_time-coupling 2-ch1.csv|data/raw/nln_emp/Dataset/Electric/Motor-4/70/coupling 2/Electric_Motor-4_70_time-coupling 2-ch2.csv|data/raw/nln_emp/Dataset/Electric/Motor-4/70/coupling 2/Electric_Motor-4_70_time-coupling 2-ch3.csv|data/raw/nln_emp/Dataset/Electric/Motor-4/70/coupling 2/Electric_Motor-4_70_time-coupling 2-ch4.csv|data/raw/nln_emp/Dataset/Electric/Motor-4/70/coupling 2/Electric_Motor-4_70_time-coupling 2-ch5.csv|data/raw/nln_emp/Dataset/Electric/Motor-4/70/coupling 2/Electric_Motor-4_70_time-coupling 2-ch6.csv,False,channel_1;nln_overview_verified=True|channel_2;nln_overview_verified=True|channel_3;nln_overview_verified=True|channel_4;nln_overview_verified=True|channel_5;nln_overview_verified=True|channel_6;nln_overview_verified=True
nln_emp_leave_one_speed_out,test_speed_70,nln_emp,nln_emp_motor_4_70_coupling_2_vibration,nln_emp_motor_4_70_coupling_2,test,Motor-4,vibration,vibration,70,unknown,motor_4_speed_70,coupling_fault,2D,fault,experimental,unknown,data/raw/nln_emp/Dataset/Vibration/Motor-4/70/coupling 2/Vibration_Motor-4_70_time-coupling 2-ch1.csv|data/raw/nln_emp/Dataset/Vibration/Motor-4/70/coupling 2/Vibration_Motor-4_70_time-coupling 2-ch2.csv|data/raw/nln_emp/Dataset/Vibration/Motor-4/70/coupling 2/Vibration_Motor-4_70_time-coupling 2-ch3.csv|data/raw/nln_emp/Dataset/Vibration/Motor-4/70/coupling 2/Vibration_Motor-4_70_time-coupling 2-ch4.csv|data/raw/nln_emp/Dataset/Vibration/Motor-4/70/coupling 2/Vibration_Motor-4_70_time-coupling 2-ch5.csv,False,channel_1;nln_overview_verified=True|channel_2;nln_overview_verified=True|channel_3;nln_overview_verified=True|channel_4;nln_overview_verified=True|channel_5;nln_overview_verified=True
nln_emp_leave_one_speed_out,test_speed_70,nln_emp,nln_emp_motor_4_70_coupling_2d_current,nln_emp_motor_4_70_coupling_2d,test,Motor-4,current,current,70,unknown,motor_4_speed_70,coupling_fault,2D,fault,experimental,unknown,data/raw/nln_emp/Dataset/Electric/Motor-4/70/coupling 2D/Electric_Motor-4_70_time-coupling 2D-ch1.csv|data/raw/nln_emp/Dataset/Electric/Motor-4/70/coupling 2D/Electric_Motor-4_70_time-coupling 2D-ch2.csv|data/raw/nln_emp/Dataset/Electric/Motor-4/70/coupling 2D/Electric_Motor-4_70_time-coupling 2D-ch3.csv|data/raw/nln_emp/Dataset/Electric/Motor-4/70/coupling 2D/Electric_Motor-4_70_time-coupling 2D-ch4.csv|data/raw/nln_emp/Dataset/Electric/Motor-4/70/coupling 2D/Electric_Motor-4_70_time-coupling 2D-ch5.csv|data/raw/nln_emp/Dataset/Electric/Motor-4/70/coupling 2D/Electric_Motor-4_70_time-coupling 2D-ch6.csv,False,channel_1;nln_overview_verified=True|channel_2;nln_overview_verified=True|channel_3;nln_overview_verified=True|channel_4;nln_overview_verified=True|channel_5;nln_overview_verified=True|channel_6;nln_overview_verified=True
nln_emp_leave_one_speed_out,test_speed_70,nln_emp,nln_emp_motor_4_70_coupling_2d_vibration,nln_emp_motor_4_70_coupling_2d,test,Motor-4,vibration,vibration,70,unknown,motor_4_speed_70,coupling_fault,2D,fault,experimental,unknown,data/raw/nln_emp/Dataset/Vibration/Motor-4/70/coupling 2D/Vibration_Motor-4_70_time-coupling 2D-ch1.csv|data/raw/nln_emp/Dataset/Vibration/Motor-4/70/coupling 2D/Vibration_Motor-4_70_time-coupling 2D-ch2.csv|data/raw/nln_emp/Dataset/Vibration/Motor-4/70/coupling 2D/Vibration_Motor-4_70_time-coupling 2D-ch3.csv|data/raw/nln_emp/Dataset/Vibration/Motor-4/70/coupling 2D/Vibration_Motor-4_70_time-coupling 2D-ch4.csv|data/raw/nln_emp/Dataset/Vibration/Motor-4/70/coupling 2D/Vibration_Motor-4_70_time-coupling 2D-ch5.csv,False,channel_1;nln_overview_verified=True|channel_2;nln_overview_verified=True|channel_3;nln_overview_verified=True|channel_4;nln_overview_verified=True|channel_5;nln_overview_verified=True
nln_emp_leave_one_speed_out,test_speed_70,nln_emp,nln_emp_motor_4_70_coupling_3_current,nln_emp_motor_4_70_coupling_3,test,Motor-4,current,current,70,unknown,motor_4_speed_70,coupling_fault,2D,fault,experimental,unknown,data/raw/nln_emp/Dataset/Electric/Motor-4/70/coupling 3/Electric_Motor-4_70_time-coupling 3-ch1.csv|data/raw/nln_emp/Dataset/Electric/Motor-4/70/coupling 3/Electric_Motor-4_70_time-coupling 3-ch2.csv|data/raw/nln_emp/Dataset/Electric/Motor-4/70/coupling 3/Electric_Motor-4_70_time-coupling 3-ch3.csv|data/raw/nln_emp/Dataset/Electric/Motor-4/70/coupling 3/Electric_Motor-4_70_time-coupling 3-ch4.csv|data/raw/nln_emp/Dataset/Electric/Motor-4/70/coupling 3/Electric_Motor-4_70_time-coupling 3-ch5.csv|data/raw/nln_emp/Dataset/Electric/Motor-4/70/coupling 3/Electric_Motor-4_70_time-coupling 3-ch6.csv,False,channel_1;nln_overview_verified=True|channel_2;nln_overview_verified=True|channel_3;nln_overview_verified=True|channel_4;nln_overview_verified=True|channel_5;nln_overview_verified=True|channel_6;nln_overview_verified=True
nln_emp_leave_one_speed_out,test_speed_70,nln_emp,nln_emp_motor_4_70_coupling_3_vibration,nln_emp_motor_4_70_coupling_3,test,Motor-4,vibration,vibration,70,unknown,motor_4_speed_70,coupling_fault,2D,fault,experimental,unknown,data/raw/nln_emp/Dataset/Vibration/Motor-4/70/coupling 3/Vibration_Motor-4_70_time-coupling 3-ch1.csv|data/raw/nln_emp/Dataset/Vibration/Motor-4/70/coupling 3/Vibration_Motor-4_70_time-coupling 3-ch2.csv|data/raw/nln_emp/Dataset/Vibration/Motor-4/70/coupling 3/Vibration_Motor-4_70_time-coupling 3-ch3.csv|data/raw/nln_emp/Dataset/Vibration/Motor-4/70/coupling 3/Vibration_Motor-4_70_time-coupling 3-ch4.csv|data/raw/nln_emp/Dataset/Vibration/Motor-4/70/coupling 3/Vibration_Motor-4_70_time-coupling 3-ch5.csv,False,channel_1;nln_overview_verified=True|channel_2;nln_overview_verified=True|channel_3;nln_overview_verified=True|channel_4;nln_overview_verified=True|channel_5;nln_overview_verified=True
nln_emp_leave_one_speed_out,test_speed_70,nln_emp,nln_emp_motor_4_70_healthy_1_current,nln_emp_motor_4_70_healthy_1,test,Motor-4,current,current,70,unknown,motor_4_speed_70,healthy,0,healthy,experimental,unknown,data/raw/nln_emp/Dataset/Electric/Motor-4/70/healthy 1/Electric_Motor-4_70_time-healthy 1-ch1.csv|data/raw/nln_emp/Dataset/Electric/Motor-4/70/healthy 1/Electric_Motor-4_70_time-healthy 1-ch2.csv|data/raw/nln_emp/Dataset/Electric/Motor-4/70/healthy 1/Electric_Motor-4_70_time-healthy 1-ch3.csv|data/raw/nln_emp/Dataset/Electric/Motor-4/70/healthy 1/Electric_Motor-4_70_time-healthy 1-ch4.csv|data/raw/nln_emp/Dataset/Electric/Motor-4/70/healthy 1/Electric_Motor-4_70_time-healthy 1-ch5.csv|data/raw/nln_emp/Dataset/Electric/Motor-4/70/healthy 1/Electric_Motor-4_70_time-healthy 1-ch6.csv,False,channel_1;nln_overview_verified=True|channel_2;nln_overview_verified=True|channel_3;nln_overview_verified=True|channel_4;nln_overview_verified=True|channel_5;nln_overview_verified=True|channel_6;nln_overview_verified=True
nln_emp_leave_one_speed_out,test_speed_70,nln_emp,nln_emp_motor_4_70_healthy_1_vibration,nln_emp_motor_4_70_healthy_1,test,Motor-4,vibration,vibration,70,unknown,motor_4_speed_70,healthy,0,healthy,experimental,unknown,data/raw/nln_emp/Dataset/Vibration/Motor-4/70/healthy 1/Vibration_Motor-4_70_time-healthy 1-ch1.csv|data/raw/nln_emp/Dataset/Vibration/Motor-4/70/healthy 1/Vibration_Motor-4_70_time-healthy 1-ch2.csv|data/raw/nln_emp/Dataset/Vibration/Motor-4/70/healthy 1/Vibration_Motor-4_70_time-healthy 1-ch3.csv|data/raw/nln_emp/Dataset/Vibration/Motor-4/70/healthy 1/Vibration_Motor-4_70_time-healthy 1-ch4.csv|data/raw/nln_emp/Dataset/Vibration/Motor-4/70/healthy 1/Vibration_Motor-4_70_time-healthy 1-ch5.csv,False,channel_1;nln_overview_verified=True|channel_2;nln_overview_verified=True|channel_3;nln_overview_verified=True|channel_4;nln_overview_verified=True|channel_5;nln_overview_verified=True
nln_emp_leave_one_speed_out,test_speed_70,nln_emp,nln_emp_motor_4_70_healthy_2_current,nln_emp_motor_4_70_healthy_2,test,Motor-4,current,current,70,unknown,motor_4_speed_70,healthy,0,healthy,experimental,unknown,data/raw/nln_emp/Dataset/Electric/Motor-4/70/healthy 2/Electric_Motor-4_70_time-healthy 2-ch1.csv|data/raw/nln_emp/Dataset/Electric/Motor-4/70/healthy 2/Electric_Motor-4_70_time-healthy 2-ch2.csv|data/raw/nln_emp/Dataset/Electric/Motor-4/70/healthy 2/Electric_Motor-4_70_time-healthy 2-ch3.csv|data/raw/nln_emp/Dataset/Electric/Motor-4/70/healthy 2/Electric_Motor-4_70_time-healthy 2-ch4.csv|data/raw/nln_emp/Dataset/Electric/Motor-4/70/healthy 2/Electric_Motor-4_70_time-healthy 2-ch5.csv|data/raw/nln_emp/Dataset/Electric/Motor-4/70/healthy 2/Electric_Motor-4_70_time-healthy 2-ch6.csv,False,channel_1;nln_overview_verified=True|channel_2;nln_overview_verified=True|channel_3;nln_overview_verified=True|channel_4;nln_overview_verified=True|channel_5;nln_overview_verified=True|channel_6;nln_overview_verified=True
nln_emp_leave_one_speed_out,test_speed_70,nln_emp,nln_emp_motor_4_70_healthy_2_vibration,nln_emp_motor_4_70_healthy_2,test,Motor-4,vibration,vibration,70,unknown,motor_4_speed_70,healthy,0,healthy,experimental,unknown,data/raw/nln_emp/Dataset/Vibration/Motor-4/70/healthy 2/Vibration_Motor-4_70_time-healthy 2-ch1.csv|data/raw/nln_emp/Dataset/Vibration/Motor-4/70/healthy 2/Vibration_Motor-4_70_time-healthy 2-ch2.csv|data/raw/nln_emp/Dataset/Vibration/Motor-4/70/healthy 2/Vibration_Motor-4_70_time-healthy 2-ch3.csv|data/raw/nln_emp/Dataset/Vibration/Motor-4/70/healthy 2/Vibration_Motor-4_70_time-healthy 2-ch4.csv|data/raw/nln_emp/Dataset/Vibration/Motor-4/70/healthy 2/Vibration_Motor-4_70_time-healthy 2-ch5.csv,False,channel_1;nln_overview_verified=True|channel_2;nln_overview_verified=True|channel_3;nln_overview_verified=True|channel_4;nln_overview_verified=True|channel_5;nln_overview_verified=True
nln_emp_leave_one_speed_out,test_speed_70,nln_emp,nln_emp_motor_4_70_healthy_3_current,nln_emp_motor_4_70_healthy_3,test,Motor-4,current,current,70,unknown,motor_4_speed_70,healthy,0,healthy,experimental,unknown,data/raw/nln_emp/Dataset/Electric/Motor-4/70/healthy 3/Electric_Motor-4_70_time-healthy 3-ch1.csv|data/raw/nln_emp/Dataset/Electric/Motor-4/70/healthy 3/Electric_Motor-4_70_time-healthy 3-ch2.csv|data/raw/nln_emp/Dataset/Electric/Motor-4/70/healthy 3/Electric_Motor-4_70_time-healthy 3-ch3.csv|data/raw/nln_emp/Dataset/Electric/Motor-4/70/healthy 3/Electric_Motor-4_70_time-healthy 3-ch4.csv|data/raw/nln_emp/Dataset/Electric/Motor-4/70/healthy 3/Electric_Motor-4_70_time-healthy 3-ch5.csv|data/raw/nln_emp/Dataset/Electric/Motor-4/70/healthy 3/Electric_Motor-4_70_time-healthy 3-ch6.csv,False,channel_1;nln_overview_verified=True|channel_2;nln_overview_verified=True|channel_3;nln_overview_verified=True|channel_4;nln_overview_verified=True|channel_5;nln_overview_verified=True|channel_6;nln_overview_verified=True
nln_emp_leave_one_speed_out,test_speed_70,nln_emp,nln_emp_motor_4_70_healthy_3_vibration,nln_emp_motor_4_70_healthy_3,test,Motor-4,vibration,vibration,70,unknown,motor_4_speed_70,healthy,0,healthy,experimental,unknown,data/raw/nln_emp/Dataset/Vibration/Motor-4/70/healthy 3/Vibration_Motor-4_70_time-healthy 3-ch1.csv|data/raw/nln_emp/Dataset/Vibration/Motor-4/70/healthy 3/Vibration_Motor-4_70_time-healthy 3-ch2.csv|data/raw/nln_emp/Dataset/Vibration/Motor-4/70/healthy 3/Vibration_Motor-4_70_time-healthy 3-ch3.csv|data/raw/nln_emp/Dataset/Vibration/Motor-4/70/healthy 3/Vibration_Motor-4_70_time-healthy 3-ch4.csv|data/raw/nln_emp/Dataset/Vibration/Motor-4/70/healthy 3/Vibration_Motor-4_70_time-healthy 3-ch5.csv,False,channel_1;nln_overview_verified=True|channel_2;nln_overview_verified=True|channel_3;nln_overview_verified=True|channel_4;nln_overview_verified=True|channel_5;nln_overview_verified=True
nln_emp_leave_one_speed_out,test_speed_70,nln_emp,nln_emp_motor_4_70_healthy_noise_current,nln_emp_motor_4_70_healthy_noise,test,Motor-4,current,current,70,unknown,motor_4_speed_70,healthy,0,healthy,experimental,unknown,data/raw/nln_emp/Dataset/Electric/Motor-4/70/healthy noise/Electric_Motor-4_70_time-healthy noise-ch1.csv|data/raw/nln_emp/Dataset/Electric/Motor-4/70/healthy noise/Electric_Motor-4_70_time-healthy noise-ch2.csv|data/raw/nln_emp/Dataset/Electric/Motor-4/70/healthy noise/Electric_Motor-4_70_time-healthy noise-ch3.csv|data/raw/nln_emp/Dataset/Electric/Motor-4/70/healthy noise/Electric_Motor-4_70_time-healthy noise-ch4.csv|data/raw/nln_emp/Dataset/Electric/Motor-4/70/healthy noise/Electric_Motor-4_70_time-healthy noise-ch5.csv|data/raw/nln_emp/Dataset/Electric/Motor-4/70/healthy noise/Electric_Motor-4_70_time-healthy noise-ch6.csv,False,channel_1;nln_overview_verified=False|channel_2;nln_overview_verified=False|channel_3;nln_overview_verified=False|channel_4;nln_overview_verified=False|channel_5;nln_overview_verified=False|channel_6;nln_overview_verified=False
nln_emp_leave_one_speed_out,test_speed_70,nln_emp,nln_emp_motor_4_70_healthy_noise_vibration,nln_emp_motor_4_70_healthy_noise,test,Motor-4,vibration,vibration,70,unknown,motor_4_speed_70,healthy,0,healthy,experimental,unknown,data/raw/nln_emp/Dataset/Vibration/Motor-4/70/healthy noise/Vibration_Motor-4_70_time-healthy noise-ch1.csv|data/raw/nln_emp/Dataset/Vibration/Motor-4/70/healthy noise/Vibration_Motor-4_70_time-healthy noise-ch2.csv|data/raw/nln_emp/Dataset/Vibration/Motor-4/70/healthy noise/Vibration_Motor-4_70_time-healthy noise-ch3.csv|data/raw/nln_emp/Dataset/Vibration/Motor-4/70/healthy noise/Vibration_Motor-4_70_time-healthy noise-ch4.csv|data/raw/nln_emp/Dataset/Vibration/Motor-4/70/healthy noise/Vibration_Motor-4_70_time-healthy noise-ch5.csv,False,channel_1;nln_overview_verified=False|channel_2;nln_overview_verified=False|channel_3;nln_overview_verified=False|channel_4;nln_overview_verified=False|channel_5;nln_overview_verified=False
nln_emp_leave_one_speed_out,test_speed_70,nln_emp,nln_emp_motor_4_70_unbalance_motor_1_current,nln_emp_motor_4_70_unbalance_motor_1,test,Motor-4,current,current,70,unknown,motor_4_speed_70,unbalance,3,fault,experimental,unknown,data/raw/nln_emp/Dataset/Electric/Motor-4/70/unbalance motor 1/Electric_Motor-4_70_time-unbalance motor 1-ch1.csv|data/raw/nln_emp/Dataset/Electric/Motor-4/70/unbalance motor 1/Electric_Motor-4_70_time-unbalance motor 1-ch2.csv|data/raw/nln_emp/Dataset/Electric/Motor-4/70/unbalance motor 1/Electric_Motor-4_70_time-unbalance motor 1-ch3.csv|data/raw/nln_emp/Dataset/Electric/Motor-4/70/unbalance motor 1/Electric_Motor-4_70_time-unbalance motor 1-ch4.csv|data/raw/nln_emp/Dataset/Electric/Motor-4/70/unbalance motor 1/Electric_Motor-4_70_time-unbalance motor 1-ch5.csv|data/raw/nln_emp/Dataset/Electric/Motor-4/70/unbalance motor 1/Electric_Motor-4_70_time-unbalance motor 1-ch6.csv,False,channel_1;nln_overview_verified=True|channel_2;nln_overview_verified=True|channel_3;nln_overview_verified=True|channel_4;nln_overview_verified=True|channel_5;nln_overview_verified=True|channel_6;nln_overview_verified=True
nln_emp_leave_one_speed_out,test_speed_70,nln_emp,nln_emp_motor_4_70_unbalance_motor_1_vibration,nln_emp_motor_4_70_unbalance_motor_1,test,Motor-4,vibration,vibration,70,unknown,motor_4_speed_70,unbalance,3,fault,experimental,unknown,data/raw/nln_emp/Dataset/Vibration/Motor-4/70/unbalance motor 1/Vibration_Motor-4_70_time-unbalance motor 1-ch1.csv|data/raw/nln_emp/Dataset/Vibration/Motor-4/70/unbalance motor 1/Vibration_Motor-4_70_time-unbalance motor 1-ch2.csv|data/raw/nln_emp/Dataset/Vibration/Motor-4/70/unbalance motor 1/Vibration_Motor-4_70_time-unbalance motor 1-ch3.csv|data/raw/nln_emp/Dataset/Vibration/Motor-4/70/unbalance motor 1/Vibration_Motor-4_70_time-unbalance motor 1-ch4.csv|data/raw/nln_emp/Dataset/Vibration/Motor-4/70/unbalance motor 1/Vibration_Motor-4_70_time-unbalance motor 1-ch5.csv,False,channel_1;nln_overview_verified=True|channel_2;nln_overview_verified=True|channel_3;nln_overview_verified=True|channel_4;nln_overview_verified=True|channel_5;nln_overview_verified=True
nln_emp_leave_one_speed_out,test_speed_70,nln_emp,nln_emp_motor_4_70_unbalance_motor_2_current,nln_emp_motor_4_70_unbalance_motor_2,test,Motor-4,current,current,70,unknown,motor_4_speed_70,unbalance,3,fault,experimental,unknown,data/raw/nln_emp/Dataset/Electric/Motor-4/70/unbalance motor 2/Electric_Motor-4_70_time-unbalance motor 2-ch1.csv|data/raw/nln_emp/Dataset/Electric/Motor-4/70/unbalance motor 2/Electric_Motor-4_70_time-unbalance motor 2-ch2.csv|data/raw/nln_emp/Dataset/Electric/Motor-4/70/unbalance motor 2/Electric_Motor-4_70_time-unbalance motor 2-ch3.csv|data/raw/nln_emp/Dataset/Electric/Motor-4/70/unbalance motor 2/Electric_Motor-4_70_time-unbalance motor 2-ch4.csv|data/raw/nln_emp/Dataset/Electric/Motor-4/70/unbalance motor 2/Electric_Motor-4_70_time-unbalance motor 2-ch5.csv|data/raw/nln_emp/Dataset/Electric/Motor-4/70/unbalance motor 2/Electric_Motor-4_70_time-unbalance motor 2-ch6.csv,False,channel_1;nln_overview_verified=True|channel_2;nln_overview_verified=True|channel_3;nln_overview_verified=True|channel_4;nln_overview_verified=True|channel_5;nln_overview_verified=True|channel_6;nln_overview_verified=True
nln_emp_leave_one_speed_out,test_speed_70,nln_emp,nln_emp_motor_4_70_unbalance_motor_2_vibration,nln_emp_motor_4_70_unbalance_motor_2,test,Motor-4,vibration,vibration,70,unknown,motor_4_speed_70,unbalance,3,fault,experimental,unknown,data/raw/nln_emp/Dataset/Vibration/Motor-4/70/unbalance motor 2/Vibration_Motor-4_70_time-unbalance motor 2-ch1.csv|data/raw/nln_emp/Dataset/Vibration/Motor-4/70/unbalance motor 2/Vibration_Motor-4_70_time-unbalance motor 2-ch2.csv|data/raw/nln_emp/Dataset/Vibration/Motor-4/70/unbalance motor 2/Vibration_Motor-4_70_time-unbalance motor 2-ch3.csv|data/raw/nln_emp/Dataset/Vibration/Motor-4/70/unbalance motor 2/Vibration_Motor-4_70_time-unbalance motor 2-ch4.csv|data/raw/nln_emp/Dataset/Vibration/Motor-4/70/unbalance motor 2/Vibration_Motor-4_70_time-unbalance motor 2-ch5.csv,False,channel_1;nln_overview_verified=True|channel_2;nln_overview_verified=True|channel_3;nln_overview_verified=True|channel_4;nln_overview_verified=True|channel_5;nln_overview_verified=True
nln_emp_leave_one_speed_out,test_speed_70,nln_emp,nln_emp_motor_4_70_unbalance_motor_3_current,nln_emp_motor_4_70_unbalance_motor_3,test,Motor-4,current,current,70,unknown,motor_4_speed_70,unbalance,3,fault,experimental,unknown,data/raw/nln_emp/Dataset/Electric/Motor-4/70/unbalance motor 3/Electric_Motor-4_70_time-unbalance motor 3-ch1.csv|data/raw/nln_emp/Dataset/Electric/Motor-4/70/unbalance motor 3/Electric_Motor-4_70_time-unbalance motor 3-ch2.csv|data/raw/nln_emp/Dataset/Electric/Motor-4/70/unbalance motor 3/Electric_Motor-4_70_time-unbalance motor 3-ch3.csv|data/raw/nln_emp/Dataset/Electric/Motor-4/70/unbalance motor 3/Electric_Motor-4_70_time-unbalance motor 3-ch4.csv|data/raw/nln_emp/Dataset/Electric/Motor-4/70/unbalance motor 3/Electric_Motor-4_70_time-unbalance motor 3-ch5.csv|data/raw/nln_emp/Dataset/Electric/Motor-4/70/unbalance motor 3/Electric_Motor-4_70_time-unbalance motor 3-ch6.csv,False,channel_1;nln_overview_verified=True|channel_2;nln_overview_verified=True|channel_3;nln_overview_verified=True|channel_4;nln_overview_verified=True|channel_5;nln_overview_verified=True|channel_6;nln_overview_verified=True
nln_emp_leave_one_speed_out,test_speed_70,nln_emp,nln_emp_motor_4_70_unbalance_motor_3_vibration,nln_emp_motor_4_70_unbalance_motor_3,test,Motor-4,vibration,vibration,70,unknown,motor_4_speed_70,unbalance,3,fault,experimental,unknown,data/raw/nln_emp/Dataset/Vibration/Motor-4/70/unbalance motor 3/Vibration_Motor-4_70_time-unbalance motor 3-ch1.csv|data/raw/nln_emp/Dataset/Vibration/Motor-4/70/unbalance motor 3/Vibration_Motor-4_70_time-unbalance motor 3-ch2.csv|data/raw/nln_emp/Dataset/Vibration/Motor-4/70/unbalance motor 3/Vibration_Motor-4_70_time-unbalance motor 3-ch3.csv|data/raw/nln_emp/Dataset/Vibration/Motor-4/70/unbalance motor 3/Vibration_Motor-4_70_time-unbalance motor 3-ch4.csv|data/raw/nln_emp/Dataset/Vibration/Motor-4/70/unbalance motor 3/Vibration_Motor-4_70_time-unbalance motor 3-ch5.csv,False,channel_1;nln_overview_verified=True|channel_2;nln_overview_verified=True|channel_3;nln_overview_verified=True|channel_4;nln_overview_verified=True|channel_5;nln_overview_verified=True
nln_emp_leave_one_speed_out,test_speed_70,nln_emp,nln_emp_motor_4_70_unbalance_motor_4_current,nln_emp_motor_4_70_unbalance_motor_4,test,Motor-4,current,current,70,unknown,motor_4_speed_70,unbalance,3,fault,experimental,unknown,data/raw/nln_emp/Dataset/Electric/Motor-4/70/unbalance motor 4/Electric_Motor-4_70_time-unbalance motor 4-ch1.csv|data/raw/nln_emp/Dataset/Electric/Motor-4/70/unbalance motor 4/Electric_Motor-4_70_time-unbalance motor 4-ch2.csv|data/raw/nln_emp/Dataset/Electric/Motor-4/70/unbalance motor 4/Electric_Motor-4_70_time-unbalance motor 4-ch3.csv|data/raw/nln_emp/Dataset/Electric/Motor-4/70/unbalance motor 4/Electric_Motor-4_70_time-unbalance motor 4-ch4.csv|data/raw/nln_emp/Dataset/Electric/Motor-4/70/unbalance motor 4/Electric_Motor-4_70_time-unbalance motor 4-ch5.csv|data/raw/nln_emp/Dataset/Electric/Motor-4/70/unbalance motor 4/Electric_Motor-4_70_time-unbalance motor 4-ch6.csv,False,channel_1;nln_overview_verified=True|channel_2;nln_overview_verified=True|channel_3;nln_overview_verified=True|channel_4;nln_overview_verified=True|channel_5;nln_overview_verified=True|channel_6;nln_overview_verified=True
nln_emp_leave_one_speed_out,test_speed_70,nln_emp,nln_emp_motor_4_70_unbalance_motor_4_vibration,nln_emp_motor_4_70_unbalance_motor_4,test,Motor-4,vibration,vibration,70,unknown,motor_4_speed_70,unbalance,3,fault,experimental,unknown,data/raw/nln_emp/Dataset/Vibration/Motor-4/70/unbalance motor 4/Vibration_Motor-4_70_time-unbalance motor 4-ch1.csv|data/raw/nln_emp/Dataset/Vibration/Motor-4/70/unbalance motor 4/Vibration_Motor-4_70_time-unbalance motor 4-ch2.csv|data/raw/nln_emp/Dataset/Vibration/Motor-4/70/unbalance motor 4/Vibration_Motor-4_70_time-unbalance motor 4-ch3.csv|data/raw/nln_emp/Dataset/Vibration/Motor-4/70/unbalance motor 4/Vibration_Motor-4_70_time-unbalance motor 4-ch4.csv|data/raw/nln_emp/Dataset/Vibration/Motor-4/70/unbalance motor 4/Vibration_Motor-4_70_time-unbalance motor 4-ch5.csv,False,channel_1;nln_overview_verified=True|channel_2;nln_overview_verified=True|channel_3;nln_overview_verified=True|channel_4;nln_overview_verified=True|channel_5;nln_overview_verified=True
nln_emp_leave_one_speed_out,test_speed_70,nln_emp,nln_emp_motor_4_70_unbalance_motor_5_current,nln_emp_motor_4_70_unbalance_motor_5,test,Motor-4,current,current,70,unknown,motor_4_speed_70,unbalance,3,fault,experimental,unknown,data/raw/nln_emp/Dataset/Electric/Motor-4/70/unbalance motor 5/Electric_Motor-4_70_time-unbalance motor 5-ch1.csv|data/raw/nln_emp/Dataset/Electric/Motor-4/70/unbalance motor 5/Electric_Motor-4_70_time-unbalance motor 5-ch2.csv|data/raw/nln_emp/Dataset/Electric/Motor-4/70/unbalance motor 5/Electric_Motor-4_70_time-unbalance motor 5-ch3.csv|data/raw/nln_emp/Dataset/Electric/Motor-4/70/unbalance motor 5/Electric_Motor-4_70_time-unbalance motor 5-ch4.csv|data/raw/nln_emp/Dataset/Electric/Motor-4/70/unbalance motor 5/Electric_Motor-4_70_time-unbalance motor 5-ch5.csv|data/raw/nln_emp/Dataset/Electric/Motor-4/70/unbalance motor 5/Electric_Motor-4_70_time-unbalance motor 5-ch6.csv,False,channel_1;nln_overview_verified=True|channel_2;nln_overview_verified=True|channel_3;nln_overview_verified=True|channel_4;nln_overview_verified=True|channel_5;nln_overview_verified=True|channel_6;nln_overview_verified=True
nln_emp_leave_one_speed_out,test_speed_70,nln_emp,nln_emp_motor_4_70_unbalance_motor_5_vibration,nln_emp_motor_4_70_unbalance_motor_5,test,Motor-4,vibration,vibration,70,unknown,motor_4_speed_70,unbalance,3,fault,experimental,unknown,data/raw/nln_emp/Dataset/Vibration/Motor-4/70/unbalance motor 5/Vibration_Motor-4_70_time-unbalance motor 5-ch1.csv|data/raw/nln_emp/Dataset/Vibration/Motor-4/70/unbalance motor 5/Vibration_Motor-4_70_time-unbalance motor 5-ch2.csv|data/raw/nln_emp/Dataset/Vibration/Motor-4/70/unbalance motor 5/Vibration_Motor-4_70_time-unbalance motor 5-ch3.csv|data/raw/nln_emp/Dataset/Vibration/Motor-4/70/unbalance motor 5/Vibration_Motor-4_70_time-unbalance motor 5-ch4.csv|data/raw/nln_emp/Dataset/Vibration/Motor-4/70/unbalance motor 5/Vibration_Motor-4_70_time-unbalance motor 5-ch5.csv,False,channel_1;nln_overview_verified=True|channel_2;nln_overview_verified=True|channel_3;nln_overview_verified=True|channel_4;nln_overview_verified=True|channel_5;nln_overview_verified=True
nln_emp_leave_one_speed_out,test_speed_70,nln_emp,nln_emp_motor_4_70_unbalance_motor_6_current,nln_emp_motor_4_70_unbalance_motor_6,test,Motor-4,current,current,70,unknown,motor_4_speed_70,unbalance,3,fault,experimental,unknown,data/raw/nln_emp/Dataset/Electric/Motor-4/70/unbalance motor 6/Electric_Motor-4_70_time-unbalance motor 6-ch1.csv|data/raw/nln_emp/Dataset/Electric/Motor-4/70/unbalance motor 6/Electric_Motor-4_70_time-unbalance motor 6-ch2.csv|data/raw/nln_emp/Dataset/Electric/Motor-4/70/unbalance motor 6/Electric_Motor-4_70_time-unbalance motor 6-ch3.csv|data/raw/nln_emp/Dataset/Electric/Motor-4/70/unbalance motor 6/Electric_Motor-4_70_time-unbalance motor 6-ch4.csv|data/raw/nln_emp/Dataset/Electric/Motor-4/70/unbalance motor 6/Electric_Motor-4_70_time-unbalance motor 6-ch5.csv|data/raw/nln_emp/Dataset/Electric/Motor-4/70/unbalance motor 6/Electric_Motor-4_70_time-unbalance motor 6-ch6.csv,False,channel_1;nln_overview_verified=True|channel_2;nln_overview_verified=True|channel_3;nln_overview_verified=True|channel_4;nln_overview_verified=True|channel_5;nln_overview_verified=True|channel_6;nln_overview_verified=True
nln_emp_leave_one_speed_out,test_speed_70,nln_emp,nln_emp_motor_4_70_unbalance_motor_6_vibration,nln_emp_motor_4_70_unbalance_motor_6,test,Motor-4,vibration,vibration,70,unknown,motor_4_speed_70,unbalance,3,fault,experimental,unknown,data/raw/nln_emp/Dataset/Vibration/Motor-4/70/unbalance motor 6/Vibration_Motor-4_70_time-unbalance motor 6-ch1.csv|data/raw/nln_emp/Dataset/Vibration/Motor-4/70/unbalance motor 6/Vibration_Motor-4_70_time-unbalance motor 6-ch2.csv|data/raw/nln_emp/Dataset/Vibration/Motor-4/70/unbalance motor 6/Vibration_Motor-4_70_time-unbalance motor 6-ch3.csv|data/raw/nln_emp/Dataset/Vibration/Motor-4/70/unbalance motor 6/Vibration_Motor-4_70_time-unbalance motor 6-ch4.csv|data/raw/nln_emp/Dataset/Vibration/Motor-4/70/unbalance motor 6/Vibration_Motor-4_70_time-unbalance motor 6-ch5.csv,False,channel_1;nln_overview_verified=True|channel_2;nln_overview_verified=True|channel_3;nln_overview_verified=True|channel_4;nln_overview_verified=True|channel_5;nln_overview_verified=True
nln_emp_leave_one_speed_out,test_speed_70,nln_emp,nln_emp_motor_4_70_unbalance_pump_1_current,nln_emp_motor_4_70_unbalance_pump_1,test,Motor-4,current,current,70,unknown,motor_4_speed_70,unbalance,2,fault,experimental,unknown,data/raw/nln_emp/Dataset/Electric/Motor-4/70/unbalance pump 1/Electric_Motor-4_70_time-unbalance pump 1-ch1.csv|data/raw/nln_emp/Dataset/Electric/Motor-4/70/unbalance pump 1/Electric_Motor-4_70_time-unbalance pump 1-ch2.csv|data/raw/nln_emp/Dataset/Electric/Motor-4/70/unbalance pump 1/Electric_Motor-4_70_time-unbalance pump 1-ch3.csv|data/raw/nln_emp/Dataset/Electric/Motor-4/70/unbalance pump 1/Electric_Motor-4_70_time-unbalance pump 1-ch4.csv|data/raw/nln_emp/Dataset/Electric/Motor-4/70/unbalance pump 1/Electric_Motor-4_70_time-unbalance pump 1-ch5.csv|data/raw/nln_emp/Dataset/Electric/Motor-4/70/unbalance pump 1/Electric_Motor-4_70_time-unbalance pump 1-ch6.csv,False,channel_1;nln_overview_verified=True|channel_2;nln_overview_verified=True|channel_3;nln_overview_verified=True|channel_4;nln_overview_verified=True|channel_5;nln_overview_verified=True|channel_6;nln_overview_verified=True
nln_emp_leave_one_speed_out,test_speed_70,nln_emp,nln_emp_motor_4_70_unbalance_pump_1_vibration,nln_emp_motor_4_70_unbalance_pump_1,test,Motor-4,vibration,vibration,70,unknown,motor_4_speed_70,unbalance,2,fault,experimental,unknown,data/raw/nln_emp/Dataset/Vibration/Motor-4/70/unbalance pump 1/Vibration_Motor-4_70_time-unbalance pump 1-ch1.csv|data/raw/nln_emp/Dataset/Vibration/Motor-4/70/unbalance pump 1/Vibration_Motor-4_70_time-unbalance pump 1-ch2.csv|data/raw/nln_emp/Dataset/Vibration/Motor-4/70/unbalance pump 1/Vibration_Motor-4_70_time-unbalance pump 1-ch3.csv|data/raw/nln_emp/Dataset/Vibration/Motor-4/70/unbalance pump 1/Vibration_Motor-4_70_time-unbalance pump 1-ch4.csv|data/raw/nln_emp/Dataset/Vibration/Motor-4/70/unbalance pump 1/Vibration_Motor-4_70_time-unbalance pump 1-ch5.csv,False,channel_1;nln_overview_verified=True|channel_2;nln_overview_verified=True|channel_3;nln_overview_verified=True|channel_4;nln_overview_verified=True|channel_5;nln_overview_verified=True
nln_emp_leave_one_speed_out,test_speed_70,nln_emp,nln_emp_motor_4_70_unbalance_pump_2_current,nln_emp_motor_4_70_unbalance_pump_2,test,Motor-4,current,current,70,unknown,motor_4_speed_70,unbalance,2,fault,experimental,unknown,data/raw/nln_emp/Dataset/Electric/Motor-4/70/unbalance pump 2/Electric_Motor-4_70_time-unbalance pump 2-ch1.csv|data/raw/nln_emp/Dataset/Electric/Motor-4/70/unbalance pump 2/Electric_Motor-4_70_time-unbalance pump 2-ch2.csv|data/raw/nln_emp/Dataset/Electric/Motor-4/70/unbalance pump 2/Electric_Motor-4_70_time-unbalance pump 2-ch3.csv|data/raw/nln_emp/Dataset/Electric/Motor-4/70/unbalance pump 2/Electric_Motor-4_70_time-unbalance pump 2-ch4.csv|data/raw/nln_emp/Dataset/Electric/Motor-4/70/unbalance pump 2/Electric_Motor-4_70_time-unbalance pump 2-ch5.csv|data/raw/nln_emp/Dataset/Electric/Motor-4/70/unbalance pump 2/Electric_Motor-4_70_time-unbalance pump 2-ch6.csv,False,channel_1;nln_overview_verified=True|channel_2;nln_overview_verified=True|channel_3;nln_overview_verified=True|channel_4;nln_overview_verified=True|channel_5;nln_overview_verified=True|channel_6;nln_overview_verified=True
nln_emp_leave_one_speed_out,test_speed_70,nln_emp,nln_emp_motor_4_70_unbalance_pump_2_vibration,nln_emp_motor_4_70_unbalance_pump_2,test,Motor-4,vibration,vibration,70,unknown,motor_4_speed_70,unbalance,2,fault,experimental,unknown,data/raw/nln_emp/Dataset/Vibration/Motor-4/70/unbalance pump 2/Vibration_Motor-4_70_time-unbalance pump 2-ch1.csv|data/raw/nln_emp/Dataset/Vibration/Motor-4/70/unbalance pump 2/Vibration_Motor-4_70_time-unbalance pump 2-ch2.csv|data/raw/nln_emp/Dataset/Vibration/Motor-4/70/unbalance pump 2/Vibration_Motor-4_70_time-unbalance pump 2-ch3.csv|data/raw/nln_emp/Dataset/Vibration/Motor-4/70/unbalance pump 2/Vibration_Motor-4_70_time-unbalance pump 2-ch4.csv|data/raw/nln_emp/Dataset/Vibration/Motor-4/70/unbalance pump 2/Vibration_Motor-4_70_time-unbalance pump 2-ch5.csv,False,channel_1;nln_overview_verified=True|channel_2;nln_overview_verified=True|channel_3;nln_overview_verified=True|channel_4;nln_overview_verified=True|channel_5;nln_overview_verified=True
nln_emp_leave_one_speed_out,test_speed_70,nln_emp,nln_emp_motor_4_70_unbalance_pump_3_current,nln_emp_motor_4_70_unbalance_pump_3,test,Motor-4,current,current,70,unknown,motor_4_speed_70,unbalance,2,fault,experimental,unknown,data/raw/nln_emp/Dataset/Electric/Motor-4/70/unbalance pump 3/Electric_Motor-4_70_time-unbalance pump 3-ch1.csv|data/raw/nln_emp/Dataset/Electric/Motor-4/70/unbalance pump 3/Electric_Motor-4_70_time-unbalance pump 3-ch2.csv|data/raw/nln_emp/Dataset/Electric/Motor-4/70/unbalance pump 3/Electric_Motor-4_70_time-unbalance pump 3-ch3.csv|data/raw/nln_emp/Dataset/Electric/Motor-4/70/unbalance pump 3/Electric_Motor-4_70_time-unbalance pump 3-ch4.csv|data/raw/nln_emp/Dataset/Electric/Motor-4/70/unbalance pump 3/Electric_Motor-4_70_time-unbalance pump 3-ch5.csv|data/raw/nln_emp/Dataset/Electric/Motor-4/70/unbalance pump 3/Electric_Motor-4_70_time-unbalance pump 3-ch6.csv,False,channel_1;nln_overview_verified=True|channel_2;nln_overview_verified=True|channel_3;nln_overview_verified=True|channel_4;nln_overview_verified=True|channel_5;nln_overview_verified=True|channel_6;nln_overview_verified=True
nln_emp_leave_one_speed_out,test_speed_70,nln_emp,nln_emp_motor_4_70_unbalance_pump_3_vibration,nln_emp_motor_4_70_unbalance_pump_3,test,Motor-4,vibration,vibration,70,unknown,motor_4_speed_70,unbalance,2,fault,experimental,unknown,data/raw/nln_emp/Dataset/Vibration/Motor-4/70/unbalance pump 3/Vibration_Motor-4_70_time-unbalance pump 3-ch1.csv|data/raw/nln_emp/Dataset/Vibration/Motor-4/70/unbalance pump 3/Vibration_Motor-4_70_time-unbalance pump 3-ch2.csv|data/raw/nln_emp/Dataset/Vibration/Motor-4/70/unbalance pump 3/Vibration_Motor-4_70_time-unbalance pump 3-ch3.csv|data/raw/nln_emp/Dataset/Vibration/Motor-4/70/unbalance pump 3/Vibration_Motor-4_70_time-unbalance pump 3-ch4.csv|data/raw/nln_emp/Dataset/Vibration/Motor-4/70/unbalance pump 3/Vibration_Motor-4_70_time-unbalance pump 3-ch5.csv,False,channel_1;nln_overview_verified=True|channel_2;nln_overview_verified=True|channel_3;nln_overview_verified=True|channel_4;nln_overview_verified=True|channel_5;nln_overview_verified=True
nln_emp_leave_one_speed_out,test_speed_75,nln_emp,nln_emp_motor_2_100_bearing_bpfi_1_current,nln_emp_motor_2_100_bearing_bpfi_1,val,Motor-2,current,current,100,unknown,motor_2_speed_100,bearing_inner_race,2,fault,experimental,unknown,data/raw/nln_emp/Dataset/Electric/Motor-2/100/bearing bpfi 1/Electric_Motor-2_100_time-bearing bpfi 1-ch1.csv|data/raw/nln_emp/Dataset/Electric/Motor-2/100/bearing bpfi 1/Electric_Motor-2_100_time-bearing bpfi 1-ch2.csv|data/raw/nln_emp/Dataset/Electric/Motor-2/100/bearing bpfi 1/Electric_Motor-2_100_time-bearing bpfi 1-ch3.csv|data/raw/nln_emp/Dataset/Electric/Motor-2/100/bearing bpfi 1/Electric_Motor-2_100_time-bearing bpfi 1-ch4.csv|data/raw/nln_emp/Dataset/Electric/Motor-2/100/bearing bpfi 1/Electric_Motor-2_100_time-bearing bpfi 1-ch5.csv|data/raw/nln_emp/Dataset/Electric/Motor-2/100/bearing bpfi 1/Electric_Motor-2_100_time-bearing bpfi 1-ch6.csv,False,channel_1;nln_overview_verified=True|channel_2;nln_overview_verified=True|channel_3;nln_overview_verified=True|channel_4;nln_overview_verified=True|channel_5;nln_overview_verified=True|channel_6;nln_overview_verified=True
nln_emp_leave_one_speed_out,test_speed_75,nln_emp,nln_emp_motor_2_100_bearing_bpfi_1_vibration,nln_emp_motor_2_100_bearing_bpfi_1,val,Motor-2,vibration,vibration,100,unknown,motor_2_speed_100,bearing_inner_race,2,fault,experimental,unknown,data/raw/nln_emp/Dataset/Vibration/Motor-2/100/bearing bpfi 1/Vibration_Motor-2_100_time-bearing bpfi 1-ch1.csv|data/raw/nln_emp/Dataset/Vibration/Motor-2/100/bearing bpfi 1/Vibration_Motor-2_100_time-bearing bpfi 1-ch2.csv|data/raw/nln_emp/Dataset/Vibration/Motor-2/100/bearing bpfi 1/Vibration_Motor-2_100_time-bearing bpfi 1-ch3.csv|data/raw/nln_emp/Dataset/Vibration/Motor-2/100/bearing bpfi 1/Vibration_Motor-2_100_time-bearing bpfi 1-ch4.csv|data/raw/nln_emp/Dataset/Vibration/Motor-2/100/bearing bpfi 1/Vibration_Motor-2_100_time-bearing bpfi 1-ch5.csv,False,channel_1;nln_overview_verified=True|channel_2;nln_overview_verified=True|channel_3;nln_overview_verified=True|channel_4;nln_overview_verified=True|channel_5;nln_overview_verified=True
nln_emp_leave_one_speed_out,test_speed_75,nln_emp,nln_emp_motor_2_100_bearing_bpfi_2_current,nln_emp_motor_2_100_bearing_bpfi_2,train,Motor-2,current,current,100,unknown,motor_2_speed_100,bearing_inner_race,2,fault,experimental,unknown,data/raw/nln_emp/Dataset/Electric/Motor-2/100/bearing bpfi 2/Electric_Motor-2_100_time-bearing bpfi 2-ch1.csv|data/raw/nln_emp/Dataset/Electric/Motor-2/100/bearing bpfi 2/Electric_Motor-2_100_time-bearing bpfi 2-ch2.csv|data/raw/nln_emp/Dataset/Electric/Motor-2/100/bearing bpfi 2/Electric_Motor-2_100_time-bearing bpfi 2-ch3.csv|data/raw/nln_emp/Dataset/Electric/Motor-2/100/bearing bpfi 2/Electric_Motor-2_100_time-bearing bpfi 2-ch4.csv|data/raw/nln_emp/Dataset/Electric/Motor-2/100/bearing bpfi 2/Electric_Motor-2_100_time-bearing bpfi 2-ch5.csv|data/raw/nln_emp/Dataset/Electric/Motor-2/100/bearing bpfi 2/Electric_Motor-2_100_time-bearing bpfi 2-ch6.csv,False,channel_1;nln_overview_verified=True|channel_2;nln_overview_verified=True|channel_3;nln_overview_verified=True|channel_4;nln_overview_verified=True|channel_5;nln_overview_verified=True|channel_6;nln_overview_verified=True
nln_emp_leave_one_speed_out,test_speed_75,nln_emp,nln_emp_motor_2_100_bearing_bpfi_2_vibration,nln_emp_motor_2_100_bearing_bpfi_2,train,Motor-2,vibration,vibration,100,unknown,motor_2_speed_100,bearing_inner_race,2,fault,experimental,unknown,data/raw/nln_emp/Dataset/Vibration/Motor-2/100/bearing bpfi 2/Vibration_Motor-2_100_time-bearing bpfi 2-ch1.csv|data/raw/nln_emp/Dataset/Vibration/Motor-2/100/bearing bpfi 2/Vibration_Motor-2_100_time-bearing bpfi 2-ch2.csv|data/raw/nln_emp/Dataset/Vibration/Motor-2/100/bearing bpfi 2/Vibration_Motor-2_100_time-bearing bpfi 2-ch3.csv|data/raw/nln_emp/Dataset/Vibration/Motor-2/100/bearing bpfi 2/Vibration_Motor-2_100_time-bearing bpfi 2-ch4.csv|data/raw/nln_emp/Dataset/Vibration/Motor-2/100/bearing bpfi 2/Vibration_Motor-2_100_time-bearing bpfi 2-ch5.csv,False,channel_1;nln_overview_verified=True|channel_2;nln_overview_verified=True|channel_3;nln_overview_verified=True|channel_4;nln_overview_verified=True|channel_5;nln_overview_verified=True
nln_emp_leave_one_speed_out,test_speed_75,nln_emp,nln_emp_motor_2_100_bearing_bpfi_3_current,nln_emp_motor_2_100_bearing_bpfi_3,train,Motor-2,current,current,100,unknown,motor_2_speed_100,bearing_inner_race,2,fault,experimental,unknown,data/raw/nln_emp/Dataset/Electric/Motor-2/100/bearing bpfi 3/Electric_Motor-2_100_time-bearing bpfi 3-ch1.csv|data/raw/nln_emp/Dataset/Electric/Motor-2/100/bearing bpfi 3/Electric_Motor-2_100_time-bearing bpfi 3-ch2.csv|data/raw/nln_emp/Dataset/Electric/Motor-2/100/bearing bpfi 3/Electric_Motor-2_100_time-bearing bpfi 3-ch3.csv|data/raw/nln_emp/Dataset/Electric/Motor-2/100/bearing bpfi 3/Electric_Motor-2_100_time-bearing bpfi 3-ch4.csv|data/raw/nln_emp/Dataset/Electric/Motor-2/100/bearing bpfi 3/Electric_Motor-2_100_time-bearing bpfi 3-ch5.csv|data/raw/nln_emp/Dataset/Electric/Motor-2/100/bearing bpfi 3/Electric_Motor-2_100_time-bearing bpfi 3-ch6.csv,False,channel_1;nln_overview_verified=True|channel_2;nln_overview_verified=True|channel_3;nln_overview_verified=True|channel_4;nln_overview_verified=True|channel_5;nln_overview_verified=True|channel_6;nln_overview_verified=True
nln_emp_leave_one_speed_out,test_speed_75,nln_emp,nln_emp_motor_2_100_bearing_bpfi_3_vibration,nln_emp_motor_2_100_bearing_bpfi_3,train,Motor-2,vibration,vibration,100,unknown,motor_2_speed_100,bearing_inner_race,2,fault,experimental,unknown,data/raw/nln_emp/Dataset/Vibration/Motor-2/100/bearing bpfi 3/Vibration_Motor-2_100_time-bearing bpfi 3-ch1.csv|data/raw/nln_emp/Dataset/Vibration/Motor-2/100/bearing bpfi 3/Vibration_Motor-2_100_time-bearing bpfi 3-ch2.csv|data/raw/nln_emp/Dataset/Vibration/Motor-2/100/bearing bpfi 3/Vibration_Motor-2_100_time-bearing bpfi 3-ch3.csv|data/raw/nln_emp/Dataset/Vibration/Motor-2/100/bearing bpfi 3/Vibration_Motor-2_100_time-bearing bpfi 3-ch4.csv|data/raw/nln_emp/Dataset/Vibration/Motor-2/100/bearing bpfi 3/Vibration_Motor-2_100_time-bearing bpfi 3-ch5.csv,False,channel_1;nln_overview_verified=True|channel_2;nln_overview_verified=True|channel_3;nln_overview_verified=True|channel_4;nln_overview_verified=True|channel_5;nln_overview_verified=True
nln_emp_leave_one_speed_out,test_speed_75,nln_emp,nln_emp_motor_2_100_bearing_bpfo_1_current,nln_emp_motor_2_100_bearing_bpfo_1,train,Motor-2,current,current,100,unknown,motor_2_speed_100,bearing_outer_race,1,fault,experimental,unknown,data/raw/nln_emp/Dataset/Electric/Motor-2/100/bearing bpfo 1/Electric_Motor-2_100_time-bearing bpfo 1-ch1.csv|data/raw/nln_emp/Dataset/Electric/Motor-2/100/bearing bpfo 1/Electric_Motor-2_100_time-bearing bpfo 1-ch2.csv|data/raw/nln_emp/Dataset/Electric/Motor-2/100/bearing bpfo 1/Electric_Motor-2_100_time-bearing bpfo 1-ch3.csv|data/raw/nln_emp/Dataset/Electric/Motor-2/100/bearing bpfo 1/Electric_Motor-2_100_time-bearing bpfo 1-ch4.csv|data/raw/nln_emp/Dataset/Electric/Motor-2/100/bearing bpfo 1/Electric_Motor-2_100_time-bearing bpfo 1-ch5.csv|data/raw/nln_emp/Dataset/Electric/Motor-2/100/bearing bpfo 1/Electric_Motor-2_100_time-bearing bpfo 1-ch6.csv,False,channel_1;nln_overview_verified=True|channel_2;nln_overview_verified=True|channel_3;nln_overview_verified=True|channel_4;nln_overview_verified=True|channel_5;nln_overview_verified=True|channel_6;nln_overview_verified=True
nln_emp_leave_one_speed_out,test_speed_75,nln_emp,nln_emp_motor_2_100_bearing_bpfo_1_vibration,nln_emp_motor_2_100_bearing_bpfo_1,train,Motor-2,vibration,vibration,100,unknown,motor_2_speed_100,bearing_outer_race,1,fault,experimental,unknown,data/raw/nln_emp/Dataset/Vibration/Motor-2/100/bearing bpfo 1/Vibration_Motor-2_100_time-bearing bpfo 1-ch1.csv|data/raw/nln_emp/Dataset/Vibration/Motor-2/100/bearing bpfo 1/Vibration_Motor-2_100_time-bearing bpfo 1-ch2.csv|data/raw/nln_emp/Dataset/Vibration/Motor-2/100/bearing bpfo 1/Vibration_Motor-2_100_time-bearing bpfo 1-ch3.csv|data/raw/nln_emp/Dataset/Vibration/Motor-2/100/bearing bpfo 1/Vibration_Motor-2_100_time-bearing bpfo 1-ch4.csv|data/raw/nln_emp/Dataset/Vibration/Motor-2/100/bearing bpfo 1/Vibration_Motor-2_100_time-bearing bpfo 1-ch5.csv,False,channel_1;nln_overview_verified=True|channel_2;nln_overview_verified=True|channel_3;nln_overview_verified=True|channel_4;nln_overview_verified=True|channel_5;nln_overview_verified=True
nln_emp_leave_one_speed_out,test_speed_75,nln_emp,nln_emp_motor_2_100_bearing_bpfo_2_current,nln_emp_motor_2_100_bearing_bpfo_2,train,Motor-2,current,current,100,unknown,motor_2_speed_100,bearing_outer_race,1,fault,experimental,unknown,data/raw/nln_emp/Dataset/Electric/Motor-2/100/bearing bpfo 2/Electric_Motor-2_100_time-bearing bpfo 2-ch1.csv|data/raw/nln_emp/Dataset/Electric/Motor-2/100/bearing bpfo 2/Electric_Motor-2_100_time-bearing bpfo 2-ch2.csv|data/raw/nln_emp/Dataset/Electric/Motor-2/100/bearing bpfo 2/Electric_Motor-2_100_time-bearing bpfo 2-ch3.csv|data/raw/nln_emp/Dataset/Electric/Motor-2/100/bearing bpfo 2/Electric_Motor-2_100_time-bearing bpfo 2-ch4.csv|data/raw/nln_emp/Dataset/Electric/Motor-2/100/bearing bpfo 2/Electric_Motor-2_100_time-bearing bpfo 2-ch5.csv|data/raw/nln_emp/Dataset/Electric/Motor-2/100/bearing bpfo 2/Electric_Motor-2_100_time-bearing bpfo 2-ch6.csv,False,channel_1;nln_overview_verified=True|channel_2;nln_overview_verified=True|channel_3;nln_overview_verified=True|channel_4;nln_overview_verified=True|channel_5;nln_overview_verified=True|channel_6;nln_overview_verified=True
nln_emp_leave_one_speed_out,test_speed_75,nln_emp,nln_emp_motor_2_100_bearing_bpfo_2_vibration,nln_emp_motor_2_100_bearing_bpfo_2,train,Motor-2,vibration,vibration,100,unknown,motor_2_speed_100,bearing_outer_race,1,fault,experimental,unknown,data/raw/nln_emp/Dataset/Vibration/Motor-2/100/bearing bpfo 2/Vibration_Motor-2_100_time-bearing bpfo 2-ch1.csv|data/raw/nln_emp/Dataset/Vibration/Motor-2/100/bearing bpfo 2/Vibration_Motor-2_100_time-bearing bpfo 2-ch2.csv|data/raw/nln_emp/Dataset/Vibration/Motor-2/100/bearing bpfo 2/Vibration_Motor-2_100_time-bearing bpfo 2-ch3.csv|data/raw/nln_emp/Dataset/Vibration/Motor-2/100/bearing bpfo 2/Vibration_Motor-2_100_time-bearing bpfo 2-ch4.csv|data/raw/nln_emp/Dataset/Vibration/Motor-2/100/bearing bpfo 2/Vibration_Motor-2_100_time-bearing bpfo 2-ch5.csv,False,channel_1;nln_overview_verified=True|channel_2;nln_overview_verified=True|channel_3;nln_overview_verified=True|channel_4;nln_overview_verified=True|channel_5;nln_overview_verified=True
nln_emp_leave_one_speed_out,test_speed_75,nln_emp,nln_emp_motor_2_100_bearing_bpfo_3_current,nln_emp_motor_2_100_bearing_bpfo_3,train,Motor-2,current,current,100,unknown,motor_2_speed_100,bearing_outer_race,1,fault,experimental,unknown,data/raw/nln_emp/Dataset/Electric/Motor-2/100/bearing bpfo 3/Electric_Motor-2_100_time-bearing bpfo 3-ch1.csv|data/raw/nln_emp/Dataset/Electric/Motor-2/100/bearing bpfo 3/Electric_Motor-2_100_time-bearing bpfo 3-ch2.csv|data/raw/nln_emp/Dataset/Electric/Motor-2/100/bearing bpfo 3/Electric_Motor-2_100_time-bearing bpfo 3-ch3.csv|data/raw/nln_emp/Dataset/Electric/Motor-2/100/bearing bpfo 3/Electric_Motor-2_100_time-bearing bpfo 3-ch4.csv|data/raw/nln_emp/Dataset/Electric/Motor-2/100/bearing bpfo 3/Electric_Motor-2_100_time-bearing bpfo 3-ch5.csv|data/raw/nln_emp/Dataset/Electric/Motor-2/100/bearing bpfo 3/Electric_Motor-2_100_time-bearing bpfo 3-ch6.csv,False,channel_1;nln_overview_verified=True|channel_2;nln_overview_verified=True|channel_3;nln_overview_verified=True|channel_4;nln_overview_verified=True|channel_5;nln_overview_verified=True|channel_6;nln_overview_verified=True
nln_emp_leave_one_speed_out,test_speed_75,nln_emp,nln_emp_motor_2_100_bearing_bpfo_3_vibration,nln_emp_motor_2_100_bearing_bpfo_3,train,Motor-2,vibration,vibration,100,unknown,motor_2_speed_100,bearing_outer_race,1,fault,experimental,unknown,data/raw/nln_emp/Dataset/Vibration/Motor-2/100/bearing bpfo 3/Vibration_Motor-2_100_time-bearing bpfo 3-ch1.csv|data/raw/nln_emp/Dataset/Vibration/Motor-2/100/bearing bpfo 3/Vibration_Motor-2_100_time-bearing bpfo 3-ch2.csv|data/raw/nln_emp/Dataset/Vibration/Motor-2/100/bearing bpfo 3/Vibration_Motor-2_100_time-bearing bpfo 3-ch3.csv|data/raw/nln_emp/Dataset/Vibration/Motor-2/100/bearing bpfo 3/Vibration_Motor-2_100_time-bearing bpfo 3-ch4.csv|data/raw/nln_emp/Dataset/Vibration/Motor-2/100/bearing bpfo 3/Vibration_Motor-2_100_time-bearing bpfo 3-ch5.csv,False,channel_1;nln_overview_verified=True|channel_2;nln_overview_verified=True|channel_3;nln_overview_verified=True|channel_4;nln_overview_verified=True|channel_5;nln_overview_verified=True
nln_emp_leave_one_speed_out,test_speed_75,nln_emp,nln_emp_motor_2_100_bearing_bsf_current,nln_emp_motor_2_100_bearing_bsf,train,Motor-2,current,current,100,unknown,motor_2_speed_100,bearing_ball_spin,unknown,fault,experimental,unknown,data/raw/nln_emp/Dataset/Electric/Motor-2/100/bearing bsf/Electric_Motor-2_100_time-bearing bsf-ch1.csv|data/raw/nln_emp/Dataset/Electric/Motor-2/100/bearing bsf/Electric_Motor-2_100_time-bearing bsf-ch2.csv|data/raw/nln_emp/Dataset/Electric/Motor-2/100/bearing bsf/Electric_Motor-2_100_time-bearing bsf-ch3.csv|data/raw/nln_emp/Dataset/Electric/Motor-2/100/bearing bsf/Electric_Motor-2_100_time-bearing bsf-ch4.csv|data/raw/nln_emp/Dataset/Electric/Motor-2/100/bearing bsf/Electric_Motor-2_100_time-bearing bsf-ch5.csv|data/raw/nln_emp/Dataset/Electric/Motor-2/100/bearing bsf/Electric_Motor-2_100_time-bearing bsf-ch6.csv,False,channel_1;nln_overview_verified=True|channel_2;nln_overview_verified=True|channel_3;nln_overview_verified=True|channel_4;nln_overview_verified=True|channel_5;nln_overview_verified=True|channel_6;nln_overview_verified=True
nln_emp_leave_one_speed_out,test_speed_75,nln_emp,nln_emp_motor_2_100_bearing_bsf_vibration,nln_emp_motor_2_100_bearing_bsf,train,Motor-2,vibration,vibration,100,unknown,motor_2_speed_100,bearing_ball_spin,unknown,fault,experimental,unknown,data/raw/nln_emp/Dataset/Vibration/Motor-2/100/bearing bsf/Vibration_Motor-2_100_time-bearing bsf-ch1.csv|data/raw/nln_emp/Dataset/Vibration/Motor-2/100/bearing bsf/Vibration_Motor-2_100_time-bearing bsf-ch2.csv|data/raw/nln_emp/Dataset/Vibration/Motor-2/100/bearing bsf/Vibration_Motor-2_100_time-bearing bsf-ch3.csv|data/raw/nln_emp/Dataset/Vibration/Motor-2/100/bearing bsf/Vibration_Motor-2_100_time-bearing bsf-ch4.csv|data/raw/nln_emp/Dataset/Vibration/Motor-2/100/bearing bsf/Vibration_Motor-2_100_time-bearing bsf-ch5.csv,False,channel_1;nln_overview_verified=True|channel_2;nln_overview_verified=True|channel_3;nln_overview_verified=True|channel_4;nln_overview_verified=True|channel_5;nln_overview_verified=True
nln_emp_leave_one_speed_out,test_speed_75,nln_emp,nln_emp_motor_2_100_bearing_contaminated_current,nln_emp_motor_2_100_bearing_contaminated,train,Motor-2,current,current,100,unknown,motor_2_speed_100,bearing_contamination,unknown,fault,experimental,unknown,data/raw/nln_emp/Dataset/Electric/Motor-2/100/bearing contaminated/Electric_Motor-2_100_time-bearing contaminated-ch1.csv|data/raw/nln_emp/Dataset/Electric/Motor-2/100/bearing contaminated/Electric_Motor-2_100_time-bearing contaminated-ch2.csv|data/raw/nln_emp/Dataset/Electric/Motor-2/100/bearing contaminated/Electric_Motor-2_100_time-bearing contaminated-ch3.csv|data/raw/nln_emp/Dataset/Electric/Motor-2/100/bearing contaminated/Electric_Motor-2_100_time-bearing contaminated-ch4.csv|data/raw/nln_emp/Dataset/Electric/Motor-2/100/bearing contaminated/Electric_Motor-2_100_time-bearing contaminated-ch5.csv|data/raw/nln_emp/Dataset/Electric/Motor-2/100/bearing contaminated/Electric_Motor-2_100_time-bearing contaminated-ch6.csv,False,channel_1;nln_overview_verified=True|channel_2;nln_overview_verified=True|channel_3;nln_overview_verified=True|channel_4;nln_overview_verified=True|channel_5;nln_overview_verified=True|channel_6;nln_overview_verified=True
nln_emp_leave_one_speed_out,test_speed_75,nln_emp,nln_emp_motor_2_100_bearing_contaminated_vibration,nln_emp_motor_2_100_bearing_contaminated,train,Motor-2,vibration,vibration,100,unknown,motor_2_speed_100,bearing_contamination,unknown,fault,experimental,unknown,data/raw/nln_emp/Dataset/Vibration/Motor-2/100/bearing contaminated/Vibration_Motor-2_100_time-bearing contaminated-ch1.csv|data/raw/nln_emp/Dataset/Vibration/Motor-2/100/bearing contaminated/Vibration_Motor-2_100_time-bearing contaminated-ch2.csv|data/raw/nln_emp/Dataset/Vibration/Motor-2/100/bearing contaminated/Vibration_Motor-2_100_time-bearing contaminated-ch3.csv|data/raw/nln_emp/Dataset/Vibration/Motor-2/100/bearing contaminated/Vibration_Motor-2_100_time-bearing contaminated-ch4.csv|data/raw/nln_emp/Dataset/Vibration/Motor-2/100/bearing contaminated/Vibration_Motor-2_100_time-bearing contaminated-ch5.csv,False,channel_1;nln_overview_verified=True|channel_2;nln_overview_verified=True|channel_3;nln_overview_verified=True|channel_4;nln_overview_verified=True|channel_5;nln_overview_verified=True
nln_emp_leave_one_speed_out,test_speed_75,nln_emp,nln_emp_motor_2_100_bearing_pump_1_current,nln_emp_motor_2_100_bearing_pump_1,train,Motor-2,current,current,100,unknown,motor_2_speed_100,bearing_ball,2,fault,experimental,unknown,data/raw/nln_emp/Dataset/Electric/Motor-2/100/bearing pump 1/Electric_Motor-2_100_time-bearing pump 1-ch1.csv|data/raw/nln_emp/Dataset/Electric/Motor-2/100/bearing pump 1/Electric_Motor-2_100_time-bearing pump 1-ch2.csv|data/raw/nln_emp/Dataset/Electric/Motor-2/100/bearing pump 1/Electric_Motor-2_100_time-bearing pump 1-ch3.csv|data/raw/nln_emp/Dataset/Electric/Motor-2/100/bearing pump 1/Electric_Motor-2_100_time-bearing pump 1-ch4.csv|data/raw/nln_emp/Dataset/Electric/Motor-2/100/bearing pump 1/Electric_Motor-2_100_time-bearing pump 1-ch5.csv|data/raw/nln_emp/Dataset/Electric/Motor-2/100/bearing pump 1/Electric_Motor-2_100_time-bearing pump 1-ch6.csv,False,channel_1;nln_overview_verified=True|channel_2;nln_overview_verified=True|channel_3;nln_overview_verified=True|channel_4;nln_overview_verified=True|channel_5;nln_overview_verified=True|channel_6;nln_overview_verified=True
nln_emp_leave_one_speed_out,test_speed_75,nln_emp,nln_emp_motor_2_100_bearing_pump_1_vibration,nln_emp_motor_2_100_bearing_pump_1,train,Motor-2,vibration,vibration,100,unknown,motor_2_speed_100,bearing_ball,2,fault,experimental,unknown,data/raw/nln_emp/Dataset/Vibration/Motor-2/100/bearing pump 1/Vibration_Motor-2_100_time-bearing pump 1-ch1.csv|data/raw/nln_emp/Dataset/Vibration/Motor-2/100/bearing pump 1/Vibration_Motor-2_100_time-bearing pump 1-ch2.csv|data/raw/nln_emp/Dataset/Vibration/Motor-2/100/bearing pump 1/Vibration_Motor-2_100_time-bearing pump 1-ch3.csv|data/raw/nln_emp/Dataset/Vibration/Motor-2/100/bearing pump 1/Vibration_Motor-2_100_time-bearing pump 1-ch4.csv|data/raw/nln_emp/Dataset/Vibration/Motor-2/100/bearing pump 1/Vibration_Motor-2_100_time-bearing pump 1-ch5.csv,False,channel_1;nln_overview_verified=True|channel_2;nln_overview_verified=True|channel_3;nln_overview_verified=True|channel_4;nln_overview_verified=True|channel_5;nln_overview_verified=True
nln_emp_leave_one_speed_out,test_speed_75,nln_emp,nln_emp_motor_2_100_bearing_pump_2_current,nln_emp_motor_2_100_bearing_pump_2,train,Motor-2,current,current,100,unknown,motor_2_speed_100,bearing_ball,2,fault,experimental,unknown,data/raw/nln_emp/Dataset/Electric/Motor-2/100/bearing pump 2/Electric_Motor-2_100_time-bearing pump 2-ch1.csv|data/raw/nln_emp/Dataset/Electric/Motor-2/100/bearing pump 2/Electric_Motor-2_100_time-bearing pump 2-ch2.csv|data/raw/nln_emp/Dataset/Electric/Motor-2/100/bearing pump 2/Electric_Motor-2_100_time-bearing pump 2-ch3.csv|data/raw/nln_emp/Dataset/Electric/Motor-2/100/bearing pump 2/Electric_Motor-2_100_time-bearing pump 2-ch4.csv|data/raw/nln_emp/Dataset/Electric/Motor-2/100/bearing pump 2/Electric_Motor-2_100_time-bearing pump 2-ch5.csv|data/raw/nln_emp/Dataset/Electric/Motor-2/100/bearing pump 2/Electric_Motor-2_100_time-bearing pump 2-ch6.csv,False,channel_1;nln_overview_verified=True|channel_2;nln_overview_verified=True|channel_3;nln_overview_verified=True|channel_4;nln_overview_verified=True|channel_5;nln_overview_verified=True|channel_6;nln_overview_verified=True
nln_emp_leave_one_speed_out,test_speed_75,nln_emp,nln_emp_motor_2_100_bearing_pump_2_vibration,nln_emp_motor_2_100_bearing_pump_2,train,Motor-2,vibration,vibration,100,unknown,motor_2_speed_100,bearing_ball,2,fault,experimental,unknown,data/raw/nln_emp/Dataset/Vibration/Motor-2/100/bearing pump 2/Vibration_Motor-2_100_time-bearing pump 2-ch1.csv|data/raw/nln_emp/Dataset/Vibration/Motor-2/100/bearing pump 2/Vibration_Motor-2_100_time-bearing pump 2-ch2.csv|data/raw/nln_emp/Dataset/Vibration/Motor-2/100/bearing pump 2/Vibration_Motor-2_100_time-bearing pump 2-ch3.csv|data/raw/nln_emp/Dataset/Vibration/Motor-2/100/bearing pump 2/Vibration_Motor-2_100_time-bearing pump 2-ch4.csv|data/raw/nln_emp/Dataset/Vibration/Motor-2/100/bearing pump 2/Vibration_Motor-2_100_time-bearing pump 2-ch5.csv,False,channel_1;nln_overview_verified=True|channel_2;nln_overview_verified=True|channel_3;nln_overview_verified=True|channel_4;nln_overview_verified=True|channel_5;nln_overview_verified=True
nln_emp_leave_one_speed_out,test_speed_75,nln_emp,nln_emp_motor_2_100_bearing_pump_3_current,nln_emp_motor_2_100_bearing_pump_3,val,Motor-2,current,current,100,unknown,motor_2_speed_100,bearing_ball,2,fault,experimental,unknown,data/raw/nln_emp/Dataset/Electric/Motor-2/100/bearing pump 3/Electric_Motor-2_100_time-bearing pump 3-ch1.csv|data/raw/nln_emp/Dataset/Electric/Motor-2/100/bearing pump 3/Electric_Motor-2_100_time-bearing pump 3-ch2.csv|data/raw/nln_emp/Dataset/Electric/Motor-2/100/bearing pump 3/Electric_Motor-2_100_time-bearing pump 3-ch3.csv|data/raw/nln_emp/Dataset/Electric/Motor-2/100/bearing pump 3/Electric_Motor-2_100_time-bearing pump 3-ch4.csv|data/raw/nln_emp/Dataset/Electric/Motor-2/100/bearing pump 3/Electric_Motor-2_100_time-bearing pump 3-ch5.csv|data/raw/nln_emp/Dataset/Electric/Motor-2/100/bearing pump 3/Electric_Motor-2_100_time-bearing pump 3-ch6.csv,False,channel_1;nln_overview_verified=True|channel_2;nln_overview_verified=True|channel_3;nln_overview_verified=True|channel_4;nln_overview_verified=True|channel_5;nln_overview_verified=True|channel_6;nln_overview_verified=True
nln_emp_leave_one_speed_out,test_speed_75,nln_emp,nln_emp_motor_2_100_bearing_pump_3_vibration,nln_emp_motor_2_100_bearing_pump_3,val,Motor-2,vibration,vibration,100,unknown,motor_2_speed_100,bearing_ball,2,fault,experimental,unknown,data/raw/nln_emp/Dataset/Vibration/Motor-2/100/bearing pump 3/Vibration_Motor-2_100_time-bearing pump 3-ch1.csv|data/raw/nln_emp/Dataset/Vibration/Motor-2/100/bearing pump 3/Vibration_Motor-2_100_time-bearing pump 3-ch2.csv|data/raw/nln_emp/Dataset/Vibration/Motor-2/100/bearing pump 3/Vibration_Motor-2_100_time-bearing pump 3-ch3.csv|data/raw/nln_emp/Dataset/Vibration/Motor-2/100/bearing pump 3/Vibration_Motor-2_100_time-bearing pump 3-ch4.csv|data/raw/nln_emp/Dataset/Vibration/Motor-2/100/bearing pump 3/Vibration_Motor-2_100_time-bearing pump 3-ch5.csv,False,channel_1;nln_overview_verified=True|channel_2;nln_overview_verified=True|channel_3;nln_overview_verified=True|channel_4;nln_overview_verified=True|channel_5;nln_overview_verified=True
nln_emp_leave_one_speed_out,test_speed_75,nln_emp,nln_emp_motor_2_100_broken_rotor_bar_current,nln_emp_motor_2_100_broken_rotor_bar,train,Motor-2,current,current,100,unknown,motor_2_speed_100,rotor_fault,unknown,fault,experimental,unknown,data/raw/nln_emp/Dataset/Electric/Motor-2/100/broken rotor bar/Electric_Motor-2_100_time-broken rotor bar-ch1.csv|data/raw/nln_emp/Dataset/Electric/Motor-2/100/broken rotor bar/Electric_Motor-2_100_time-broken rotor bar-ch2.csv|data/raw/nln_emp/Dataset/Electric/Motor-2/100/broken rotor bar/Electric_Motor-2_100_time-broken rotor bar-ch3.csv|data/raw/nln_emp/Dataset/Electric/Motor-2/100/broken rotor bar/Electric_Motor-2_100_time-broken rotor bar-ch4.csv|data/raw/nln_emp/Dataset/Electric/Motor-2/100/broken rotor bar/Electric_Motor-2_100_time-broken rotor bar-ch5.csv|data/raw/nln_emp/Dataset/Electric/Motor-2/100/broken rotor bar/Electric_Motor-2_100_time-broken rotor bar-ch6.csv,False,channel_1;nln_overview_verified=True|channel_2;nln_overview_verified=True|channel_3;nln_overview_verified=True|channel_4;nln_overview_verified=True|channel_5;nln_overview_verified=True|channel_6;nln_overview_verified=True
nln_emp_leave_one_speed_out,test_speed_75,nln_emp,nln_emp_motor_2_100_broken_rotor_bar_vibration,nln_emp_motor_2_100_broken_rotor_bar,train,Motor-2,vibration,vibration,100,unknown,motor_2_speed_100,rotor_fault,unknown,fault,experimental,unknown,data/raw/nln_emp/Dataset/Vibration/Motor-2/100/broken rotor bar/Vibration_Motor-2_100_time-broken rotor bar-ch1.csv|data/raw/nln_emp/Dataset/Vibration/Motor-2/100/broken rotor bar/Vibration_Motor-2_100_time-broken rotor bar-ch2.csv|data/raw/nln_emp/Dataset/Vibration/Motor-2/100/broken rotor bar/Vibration_Motor-2_100_time-broken rotor bar-ch3.csv|data/raw/nln_emp/Dataset/Vibration/Motor-2/100/broken rotor bar/Vibration_Motor-2_100_time-broken rotor bar-ch4.csv|data/raw/nln_emp/Dataset/Vibration/Motor-2/100/broken rotor bar/Vibration_Motor-2_100_time-broken rotor bar-ch5.csv,False,channel_1;nln_overview_verified=True|channel_2;nln_overview_verified=True|channel_3;nln_overview_verified=True|channel_4;nln_overview_verified=True|channel_5;nln_overview_verified=True
nln_emp_leave_one_speed_out,test_speed_75,nln_emp,nln_emp_motor_2_100_healthy_1_current,nln_emp_motor_2_100_healthy_1,train,Motor-2,current,current,100,unknown,motor_2_speed_100,healthy,0,healthy,experimental,unknown,data/raw/nln_emp/Dataset/Electric/Motor-2/100/healthy 1/Electric_Motor-2_100_time-healthy 1-ch1.csv|data/raw/nln_emp/Dataset/Electric/Motor-2/100/healthy 1/Electric_Motor-2_100_time-healthy 1-ch2.csv|data/raw/nln_emp/Dataset/Electric/Motor-2/100/healthy 1/Electric_Motor-2_100_time-healthy 1-ch3.csv|data/raw/nln_emp/Dataset/Electric/Motor-2/100/healthy 1/Electric_Motor-2_100_time-healthy 1-ch4.csv|data/raw/nln_emp/Dataset/Electric/Motor-2/100/healthy 1/Electric_Motor-2_100_time-healthy 1-ch5.csv|data/raw/nln_emp/Dataset/Electric/Motor-2/100/healthy 1/Electric_Motor-2_100_time-healthy 1-ch6.csv,False,channel_1;nln_overview_verified=True|channel_2;nln_overview_verified=True|channel_3;nln_overview_verified=True|channel_4;nln_overview_verified=True|channel_5;nln_overview_verified=True|channel_6;nln_overview_verified=True
nln_emp_leave_one_speed_out,test_speed_75,nln_emp,nln_emp_motor_2_100_healthy_1_vibration,nln_emp_motor_2_100_healthy_1,train,Motor-2,vibration,vibration,100,unknown,motor_2_speed_100,healthy,0,healthy,experimental,unknown,data/raw/nln_emp/Dataset/Vibration/Motor-2/100/healthy 1/Vibration_Motor-2_100_time-healthy 1-ch1.csv|data/raw/nln_emp/Dataset/Vibration/Motor-2/100/healthy 1/Vibration_Motor-2_100_time-healthy 1-ch2.csv|data/raw/nln_emp/Dataset/Vibration/Motor-2/100/healthy 1/Vibration_Motor-2_100_time-healthy 1-ch3.csv|data/raw/nln_emp/Dataset/Vibration/Motor-2/100/healthy 1/Vibration_Motor-2_100_time-healthy 1-ch4.csv|data/raw/nln_emp/Dataset/Vibration/Motor-2/100/healthy 1/Vibration_Motor-2_100_time-healthy 1-ch5.csv,False,channel_1;nln_overview_verified=True|channel_2;nln_overview_verified=True|channel_3;nln_overview_verified=True|channel_4;nln_overview_verified=True|channel_5;nln_overview_verified=True
nln_emp_leave_one_speed_out,test_speed_75,nln_emp,nln_emp_motor_2_100_healthy_2_current,nln_emp_motor_2_100_healthy_2,train,Motor-2,current,current,100,unknown,motor_2_speed_100,healthy,0,healthy,experimental,unknown,data/raw/nln_emp/Dataset/Electric/Motor-2/100/healthy 2/Electric_Motor-2_100_time-healthy 2-ch1.csv|data/raw/nln_emp/Dataset/Electric/Motor-2/100/healthy 2/Electric_Motor-2_100_time-healthy 2-ch2.csv|data/raw/nln_emp/Dataset/Electric/Motor-2/100/healthy 2/Electric_Motor-2_100_time-healthy 2-ch3.csv|data/raw/nln_emp/Dataset/Electric/Motor-2/100/healthy 2/Electric_Motor-2_100_time-healthy 2-ch4.csv|data/raw/nln_emp/Dataset/Electric/Motor-2/100/healthy 2/Electric_Motor-2_100_time-healthy 2-ch5.csv|data/raw/nln_emp/Dataset/Electric/Motor-2/100/healthy 2/Electric_Motor-2_100_time-healthy 2-ch6.csv,False,channel_1;nln_overview_verified=True|channel_2;nln_overview_verified=True|channel_3;nln_overview_verified=True|channel_4;nln_overview_verified=True|channel_5;nln_overview_verified=True|channel_6;nln_overview_verified=True
nln_emp_leave_one_speed_out,test_speed_75,nln_emp,nln_emp_motor_2_100_healthy_2_vibration,nln_emp_motor_2_100_healthy_2,train,Motor-2,vibration,vibration,100,unknown,motor_2_speed_100,healthy,0,healthy,experimental,unknown,data/raw/nln_emp/Dataset/Vibration/Motor-2/100/healthy 2/Vibration_Motor-2_100_time-healthy 2-ch1.csv|data/raw/nln_emp/Dataset/Vibration/Motor-2/100/healthy 2/Vibration_Motor-2_100_time-healthy 2-ch2.csv|data/raw/nln_emp/Dataset/Vibration/Motor-2/100/healthy 2/Vibration_Motor-2_100_time-healthy 2-ch3.csv|data/raw/nln_emp/Dataset/Vibration/Motor-2/100/healthy 2/Vibration_Motor-2_100_time-healthy 2-ch4.csv|data/raw/nln_emp/Dataset/Vibration/Motor-2/100/healthy 2/Vibration_Motor-2_100_time-healthy 2-ch5.csv,False,channel_1;nln_overview_verified=True|channel_2;nln_overview_verified=True|channel_3;nln_overview_verified=True|channel_4;nln_overview_verified=True|channel_5;nln_overview_verified=True
nln_emp_leave_one_speed_out,test_speed_75,nln_emp,nln_emp_motor_2_100_healthy_3_current,nln_emp_motor_2_100_healthy_3,train,Motor-2,current,current,100,unknown,motor_2_speed_100,healthy,0,healthy,experimental,unknown,data/raw/nln_emp/Dataset/Electric/Motor-2/100/healthy 3/Electric_Motor-2_100_time-healthy 3-ch1.csv|data/raw/nln_emp/Dataset/Electric/Motor-2/100/healthy 3/Electric_Motor-2_100_time-healthy 3-ch2.csv|data/raw/nln_emp/Dataset/Electric/Motor-2/100/healthy 3/Electric_Motor-2_100_time-healthy 3-ch3.csv|data/raw/nln_emp/Dataset/Electric/Motor-2/100/healthy 3/Electric_Motor-2_100_time-healthy 3-ch4.csv|data/raw/nln_emp/Dataset/Electric/Motor-2/100/healthy 3/Electric_Motor-2_100_time-healthy 3-ch5.csv|data/raw/nln_emp/Dataset/Electric/Motor-2/100/healthy 3/Electric_Motor-2_100_time-healthy 3-ch6.csv,False,channel_1;nln_overview_verified=True|channel_2;nln_overview_verified=True|channel_3;nln_overview_verified=True|channel_4;nln_overview_verified=True|channel_5;nln_overview_verified=True|channel_6;nln_overview_verified=True
nln_emp_leave_one_speed_out,test_speed_75,nln_emp,nln_emp_motor_2_100_healthy_3_vibration,nln_emp_motor_2_100_healthy_3,train,Motor-2,vibration,vibration,100,unknown,motor_2_speed_100,healthy,0,healthy,experimental,unknown,data/raw/nln_emp/Dataset/Vibration/Motor-2/100/healthy 3/Vibration_Motor-2_100_time-healthy 3-ch1.csv|data/raw/nln_emp/Dataset/Vibration/Motor-2/100/healthy 3/Vibration_Motor-2_100_time-healthy 3-ch2.csv|data/raw/nln_emp/Dataset/Vibration/Motor-2/100/healthy 3/Vibration_Motor-2_100_time-healthy 3-ch3.csv|data/raw/nln_emp/Dataset/Vibration/Motor-2/100/healthy 3/Vibration_Motor-2_100_time-healthy 3-ch4.csv|data/raw/nln_emp/Dataset/Vibration/Motor-2/100/healthy 3/Vibration_Motor-2_100_time-healthy 3-ch5.csv,False,channel_1;nln_overview_verified=True|channel_2;nln_overview_verified=True|channel_3;nln_overview_verified=True|channel_4;nln_overview_verified=True|channel_5;nln_overview_verified=True
nln_emp_leave_one_speed_out,test_speed_75,nln_emp,nln_emp_motor_2_100_healthy_noise_current,nln_emp_motor_2_100_healthy_noise,train,Motor-2,current,current,100,unknown,motor_2_speed_100,healthy,0,healthy,experimental,unknown,data/raw/nln_emp/Dataset/Electric/Motor-2/100/healthy noise/Electric_Motor-2_100_time-healthy noise-ch1.csv|data/raw/nln_emp/Dataset/Electric/Motor-2/100/healthy noise/Electric_Motor-2_100_time-healthy noise-ch2.csv|data/raw/nln_emp/Dataset/Electric/Motor-2/100/healthy noise/Electric_Motor-2_100_time-healthy noise-ch3.csv|data/raw/nln_emp/Dataset/Electric/Motor-2/100/healthy noise/Electric_Motor-2_100_time-healthy noise-ch4.csv|data/raw/nln_emp/Dataset/Electric/Motor-2/100/healthy noise/Electric_Motor-2_100_time-healthy noise-ch5.csv|data/raw/nln_emp/Dataset/Electric/Motor-2/100/healthy noise/Electric_Motor-2_100_time-healthy noise-ch6.csv,False,channel_1;nln_overview_verified=True|channel_2;nln_overview_verified=True|channel_3;nln_overview_verified=True|channel_4;nln_overview_verified=True|channel_5;nln_overview_verified=True|channel_6;nln_overview_verified=True
nln_emp_leave_one_speed_out,test_speed_75,nln_emp,nln_emp_motor_2_100_healthy_noise_vibration,nln_emp_motor_2_100_healthy_noise,train,Motor-2,vibration,vibration,100,unknown,motor_2_speed_100,healthy,0,healthy,experimental,unknown,data/raw/nln_emp/Dataset/Vibration/Motor-2/100/healthy noise/Vibration_Motor-2_100_time-healthy noise-ch1.csv|data/raw/nln_emp/Dataset/Vibration/Motor-2/100/healthy noise/Vibration_Motor-2_100_time-healthy noise-ch2.csv|data/raw/nln_emp/Dataset/Vibration/Motor-2/100/healthy noise/Vibration_Motor-2_100_time-healthy noise-ch3.csv|data/raw/nln_emp/Dataset/Vibration/Motor-2/100/healthy noise/Vibration_Motor-2_100_time-healthy noise-ch4.csv|data/raw/nln_emp/Dataset/Vibration/Motor-2/100/healthy noise/Vibration_Motor-2_100_time-healthy noise-ch5.csv,False,channel_1;nln_overview_verified=True|channel_2;nln_overview_verified=True|channel_3;nln_overview_verified=True|channel_4;nln_overview_verified=True|channel_5;nln_overview_verified=True
nln_emp_leave_one_speed_out,test_speed_75,nln_emp,nln_emp_motor_2_100_impeller_1_current,nln_emp_motor_2_100_impeller_1,train,Motor-2,current,current,100,unknown,motor_2_speed_100,impeller_fault,1,fault,experimental,unknown,data/raw/nln_emp/Dataset/Electric/Motor-2/100/impeller 1/Electric_Motor-2_100_time-impeller 1-ch1.csv|data/raw/nln_emp/Dataset/Electric/Motor-2/100/impeller 1/Electric_Motor-2_100_time-impeller 1-ch2.csv|data/raw/nln_emp/Dataset/Electric/Motor-2/100/impeller 1/Electric_Motor-2_100_time-impeller 1-ch3.csv|data/raw/nln_emp/Dataset/Electric/Motor-2/100/impeller 1/Electric_Motor-2_100_time-impeller 1-ch4.csv|data/raw/nln_emp/Dataset/Electric/Motor-2/100/impeller 1/Electric_Motor-2_100_time-impeller 1-ch5.csv|data/raw/nln_emp/Dataset/Electric/Motor-2/100/impeller 1/Electric_Motor-2_100_time-impeller 1-ch6.csv,False,channel_1;nln_overview_verified=True|channel_2;nln_overview_verified=True|channel_3;nln_overview_verified=True|channel_4;nln_overview_verified=True|channel_5;nln_overview_verified=True|channel_6;nln_overview_verified=True
nln_emp_leave_one_speed_out,test_speed_75,nln_emp,nln_emp_motor_2_100_impeller_1_vibration,nln_emp_motor_2_100_impeller_1,train,Motor-2,vibration,vibration,100,unknown,motor_2_speed_100,impeller_fault,1,fault,experimental,unknown,data/raw/nln_emp/Dataset/Vibration/Motor-2/100/impeller 1/Vibration_Motor-2_100_time-impeller 1-ch1.csv|data/raw/nln_emp/Dataset/Vibration/Motor-2/100/impeller 1/Vibration_Motor-2_100_time-impeller 1-ch2.csv|data/raw/nln_emp/Dataset/Vibration/Motor-2/100/impeller 1/Vibration_Motor-2_100_time-impeller 1-ch3.csv|data/raw/nln_emp/Dataset/Vibration/Motor-2/100/impeller 1/Vibration_Motor-2_100_time-impeller 1-ch4.csv|data/raw/nln_emp/Dataset/Vibration/Motor-2/100/impeller 1/Vibration_Motor-2_100_time-impeller 1-ch5.csv,False,channel_1;nln_overview_verified=True|channel_2;nln_overview_verified=True|channel_3;nln_overview_verified=True|channel_4;nln_overview_verified=True|channel_5;nln_overview_verified=True
nln_emp_leave_one_speed_out,test_speed_75,nln_emp,nln_emp_motor_2_100_impeller_2_current,nln_emp_motor_2_100_impeller_2,train,Motor-2,current,current,100,unknown,motor_2_speed_100,impeller_fault,1,fault,experimental,unknown,data/raw/nln_emp/Dataset/Electric/Motor-2/100/impeller 2/Electric_Motor-2_100_time-impeller 2-ch1.csv|data/raw/nln_emp/Dataset/Electric/Motor-2/100/impeller 2/Electric_Motor-2_100_time-impeller 2-ch2.csv|data/raw/nln_emp/Dataset/Electric/Motor-2/100/impeller 2/Electric_Motor-2_100_time-impeller 2-ch3.csv|data/raw/nln_emp/Dataset/Electric/Motor-2/100/impeller 2/Electric_Motor-2_100_time-impeller 2-ch4.csv|data/raw/nln_emp/Dataset/Electric/Motor-2/100/impeller 2/Electric_Motor-2_100_time-impeller 2-ch5.csv|data/raw/nln_emp/Dataset/Electric/Motor-2/100/impeller 2/Electric_Motor-2_100_time-impeller 2-ch6.csv,False,channel_1;nln_overview_verified=True|channel_2;nln_overview_verified=True|channel_3;nln_overview_verified=True|channel_4;nln_overview_verified=True|channel_5;nln_overview_verified=True|channel_6;nln_overview_verified=True
nln_emp_leave_one_speed_out,test_speed_75,nln_emp,nln_emp_motor_2_100_impeller_2_vibration,nln_emp_motor_2_100_impeller_2,train,Motor-2,vibration,vibration,100,unknown,motor_2_speed_100,impeller_fault,1,fault,experimental,unknown,data/raw/nln_emp/Dataset/Vibration/Motor-2/100/impeller 2/Vibration_Motor-2_100_time-impeller 2-ch1.csv|data/raw/nln_emp/Dataset/Vibration/Motor-2/100/impeller 2/Vibration_Motor-2_100_time-impeller 2-ch2.csv|data/raw/nln_emp/Dataset/Vibration/Motor-2/100/impeller 2/Vibration_Motor-2_100_time-impeller 2-ch3.csv|data/raw/nln_emp/Dataset/Vibration/Motor-2/100/impeller 2/Vibration_Motor-2_100_time-impeller 2-ch4.csv|data/raw/nln_emp/Dataset/Vibration/Motor-2/100/impeller 2/Vibration_Motor-2_100_time-impeller 2-ch5.csv,False,channel_1;nln_overview_verified=True|channel_2;nln_overview_verified=True|channel_3;nln_overview_verified=True|channel_4;nln_overview_verified=True|channel_5;nln_overview_verified=True
nln_emp_leave_one_speed_out,test_speed_75,nln_emp,nln_emp_motor_2_100_impeller_3_current,nln_emp_motor_2_100_impeller_3,train,Motor-2,current,current,100,unknown,motor_2_speed_100,impeller_fault,1,fault,experimental,unknown,data/raw/nln_emp/Dataset/Electric/Motor-2/100/impeller 3/Electric_Motor-2_100_time-impeller 3-ch1.csv|data/raw/nln_emp/Dataset/Electric/Motor-2/100/impeller 3/Electric_Motor-2_100_time-impeller 3-ch2.csv|data/raw/nln_emp/Dataset/Electric/Motor-2/100/impeller 3/Electric_Motor-2_100_time-impeller 3-ch3.csv|data/raw/nln_emp/Dataset/Electric/Motor-2/100/impeller 3/Electric_Motor-2_100_time-impeller 3-ch4.csv|data/raw/nln_emp/Dataset/Electric/Motor-2/100/impeller 3/Electric_Motor-2_100_time-impeller 3-ch5.csv|data/raw/nln_emp/Dataset/Electric/Motor-2/100/impeller 3/Electric_Motor-2_100_time-impeller 3-ch6.csv,False,channel_1;nln_overview_verified=True|channel_2;nln_overview_verified=True|channel_3;nln_overview_verified=True|channel_4;nln_overview_verified=True|channel_5;nln_overview_verified=True|channel_6;nln_overview_verified=True
nln_emp_leave_one_speed_out,test_speed_75,nln_emp,nln_emp_motor_2_100_impeller_3_vibration,nln_emp_motor_2_100_impeller_3,train,Motor-2,vibration,vibration,100,unknown,motor_2_speed_100,impeller_fault,1,fault,experimental,unknown,data/raw/nln_emp/Dataset/Vibration/Motor-2/100/impeller 3/Vibration_Motor-2_100_time-impeller 3-ch1.csv|data/raw/nln_emp/Dataset/Vibration/Motor-2/100/impeller 3/Vibration_Motor-2_100_time-impeller 3-ch2.csv|data/raw/nln_emp/Dataset/Vibration/Motor-2/100/impeller 3/Vibration_Motor-2_100_time-impeller 3-ch3.csv|data/raw/nln_emp/Dataset/Vibration/Motor-2/100/impeller 3/Vibration_Motor-2_100_time-impeller 3-ch4.csv|data/raw/nln_emp/Dataset/Vibration/Motor-2/100/impeller 3/Vibration_Motor-2_100_time-impeller 3-ch5.csv,False,channel_1;nln_overview_verified=True|channel_2;nln_overview_verified=True|channel_3;nln_overview_verified=True|channel_4;nln_overview_verified=True|channel_5;nln_overview_verified=True
nln_emp_leave_one_speed_out,test_speed_75,nln_emp,nln_emp_motor_2_100_loose_foot_motor_current,nln_emp_motor_2_100_loose_foot_motor,train,Motor-2,current,current,100,unknown,motor_2_speed_100,looseness_soft_foot,unknown,fault,experimental,unknown,data/raw/nln_emp/Dataset/Electric/Motor-2/100/loose foot motor/Electric_Motor-2_100_time-loose foot motor-ch1.csv|data/raw/nln_emp/Dataset/Electric/Motor-2/100/loose foot motor/Electric_Motor-2_100_time-loose foot motor-ch2.csv|data/raw/nln_emp/Dataset/Electric/Motor-2/100/loose foot motor/Electric_Motor-2_100_time-loose foot motor-ch3.csv|data/raw/nln_emp/Dataset/Electric/Motor-2/100/loose foot motor/Electric_Motor-2_100_time-loose foot motor-ch4.csv|data/raw/nln_emp/Dataset/Electric/Motor-2/100/loose foot motor/Electric_Motor-2_100_time-loose foot motor-ch5.csv|data/raw/nln_emp/Dataset/Electric/Motor-2/100/loose foot motor/Electric_Motor-2_100_time-loose foot motor-ch6.csv,False,channel_1;nln_overview_verified=True|channel_2;nln_overview_verified=True|channel_3;nln_overview_verified=True|channel_4;nln_overview_verified=True|channel_5;nln_overview_verified=True|channel_6;nln_overview_verified=True
nln_emp_leave_one_speed_out,test_speed_75,nln_emp,nln_emp_motor_2_100_loose_foot_motor_vibration,nln_emp_motor_2_100_loose_foot_motor,train,Motor-2,vibration,vibration,100,unknown,motor_2_speed_100,looseness_soft_foot,unknown,fault,experimental,unknown,data/raw/nln_emp/Dataset/Vibration/Motor-2/100/loose foot motor/Vibration_Motor-2_100_time-loose foot motor-ch1.csv|data/raw/nln_emp/Dataset/Vibration/Motor-2/100/loose foot motor/Vibration_Motor-2_100_time-loose foot motor-ch2.csv|data/raw/nln_emp/Dataset/Vibration/Motor-2/100/loose foot motor/Vibration_Motor-2_100_time-loose foot motor-ch3.csv|data/raw/nln_emp/Dataset/Vibration/Motor-2/100/loose foot motor/Vibration_Motor-2_100_time-loose foot motor-ch4.csv|data/raw/nln_emp/Dataset/Vibration/Motor-2/100/loose foot motor/Vibration_Motor-2_100_time-loose foot motor-ch5.csv,False,channel_1;nln_overview_verified=True|channel_2;nln_overview_verified=True|channel_3;nln_overview_verified=True|channel_4;nln_overview_verified=True|channel_5;nln_overview_verified=True
nln_emp_leave_one_speed_out,test_speed_75,nln_emp,nln_emp_motor_2_100_loose_foot_pump_current,nln_emp_motor_2_100_loose_foot_pump,train,Motor-2,current,current,100,unknown,motor_2_speed_100,looseness_soft_foot,unknown,fault,experimental,unknown,data/raw/nln_emp/Dataset/Electric/Motor-2/100/loose foot pump/Electric_Motor-2_100_time-loose foot pump-ch1.csv|data/raw/nln_emp/Dataset/Electric/Motor-2/100/loose foot pump/Electric_Motor-2_100_time-loose foot pump-ch2.csv|data/raw/nln_emp/Dataset/Electric/Motor-2/100/loose foot pump/Electric_Motor-2_100_time-loose foot pump-ch3.csv|data/raw/nln_emp/Dataset/Electric/Motor-2/100/loose foot pump/Electric_Motor-2_100_time-loose foot pump-ch4.csv|data/raw/nln_emp/Dataset/Electric/Motor-2/100/loose foot pump/Electric_Motor-2_100_time-loose foot pump-ch5.csv|data/raw/nln_emp/Dataset/Electric/Motor-2/100/loose foot pump/Electric_Motor-2_100_time-loose foot pump-ch6.csv,False,channel_1;nln_overview_verified=True|channel_2;nln_overview_verified=True|channel_3;nln_overview_verified=True|channel_4;nln_overview_verified=True|channel_5;nln_overview_verified=True|channel_6;nln_overview_verified=True
nln_emp_leave_one_speed_out,test_speed_75,nln_emp,nln_emp_motor_2_100_loose_foot_pump_vibration,nln_emp_motor_2_100_loose_foot_pump,train,Motor-2,vibration,vibration,100,unknown,motor_2_speed_100,looseness_soft_foot,unknown,fault,experimental,unknown,data/raw/nln_emp/Dataset/Vibration/Motor-2/100/loose foot pump/Vibration_Motor-2_100_time-loose foot pump-ch1.csv|data/raw/nln_emp/Dataset/Vibration/Motor-2/100/loose foot pump/Vibration_Motor-2_100_time-loose foot pump-ch2.csv|data/raw/nln_emp/Dataset/Vibration/Motor-2/100/loose foot pump/Vibration_Motor-2_100_time-loose foot pump-ch3.csv|data/raw/nln_emp/Dataset/Vibration/Motor-2/100/loose foot pump/Vibration_Motor-2_100_time-loose foot pump-ch4.csv|data/raw/nln_emp/Dataset/Vibration/Motor-2/100/loose foot pump/Vibration_Motor-2_100_time-loose foot pump-ch5.csv,False,channel_1;nln_overview_verified=True|channel_2;nln_overview_verified=True|channel_3;nln_overview_verified=True|channel_4;nln_overview_verified=True|channel_5;nln_overview_verified=True
nln_emp_leave_one_speed_out,test_speed_75,nln_emp,nln_emp_motor_2_100_new_motor_current,nln_emp_motor_2_100_new_motor,train,Motor-2,current,current,100,unknown,motor_2_speed_100,healthy,0,healthy,experimental,unknown,data/raw/nln_emp/Dataset/Electric/Motor-2/100/new motor/Electric_Motor-2_100_time-new motor-ch1.csv|data/raw/nln_emp/Dataset/Electric/Motor-2/100/new motor/Electric_Motor-2_100_time-new motor-ch2.csv|data/raw/nln_emp/Dataset/Electric/Motor-2/100/new motor/Electric_Motor-2_100_time-new motor-ch3.csv|data/raw/nln_emp/Dataset/Electric/Motor-2/100/new motor/Electric_Motor-2_100_time-new motor-ch4.csv|data/raw/nln_emp/Dataset/Electric/Motor-2/100/new motor/Electric_Motor-2_100_time-new motor-ch5.csv|data/raw/nln_emp/Dataset/Electric/Motor-2/100/new motor/Electric_Motor-2_100_time-new motor-ch6.csv,False,channel_1;nln_overview_verified=True|channel_2;nln_overview_verified=True|channel_3;nln_overview_verified=True|channel_4;nln_overview_verified=True|channel_5;nln_overview_verified=True|channel_6;nln_overview_verified=True
nln_emp_leave_one_speed_out,test_speed_75,nln_emp,nln_emp_motor_2_100_new_motor_vibration,nln_emp_motor_2_100_new_motor,train,Motor-2,vibration,vibration,100,unknown,motor_2_speed_100,healthy,0,healthy,experimental,unknown,data/raw/nln_emp/Dataset/Vibration/Motor-2/100/new motor/Vibration_Motor-2_100_time-new motor-ch1.csv|data/raw/nln_emp/Dataset/Vibration/Motor-2/100/new motor/Vibration_Motor-2_100_time-new motor-ch2.csv|data/raw/nln_emp/Dataset/Vibration/Motor-2/100/new motor/Vibration_Motor-2_100_time-new motor-ch3.csv|data/raw/nln_emp/Dataset/Vibration/Motor-2/100/new motor/Vibration_Motor-2_100_time-new motor-ch4.csv|data/raw/nln_emp/Dataset/Vibration/Motor-2/100/new motor/Vibration_Motor-2_100_time-new motor-ch5.csv,False,channel_1;nln_overview_verified=True|channel_2;nln_overview_verified=True|channel_3;nln_overview_verified=True|channel_4;nln_overview_verified=True|channel_5;nln_overview_verified=True
nln_emp_leave_one_speed_out,test_speed_75,nln_emp,nln_emp_motor_2_100_soft_foot_1_current,nln_emp_motor_2_100_soft_foot_1,val,Motor-2,current,current,100,unknown,motor_2_speed_100,looseness_soft_foot,2,fault,experimental,unknown,data/raw/nln_emp/Dataset/Electric/Motor-2/100/soft foot 1/Electric_Motor-2_100_time-soft foot 1-ch1.csv|data/raw/nln_emp/Dataset/Electric/Motor-2/100/soft foot 1/Electric_Motor-2_100_time-soft foot 1-ch2.csv|data/raw/nln_emp/Dataset/Electric/Motor-2/100/soft foot 1/Electric_Motor-2_100_time-soft foot 1-ch3.csv|data/raw/nln_emp/Dataset/Electric/Motor-2/100/soft foot 1/Electric_Motor-2_100_time-soft foot 1-ch4.csv|data/raw/nln_emp/Dataset/Electric/Motor-2/100/soft foot 1/Electric_Motor-2_100_time-soft foot 1-ch5.csv|data/raw/nln_emp/Dataset/Electric/Motor-2/100/soft foot 1/Electric_Motor-2_100_time-soft foot 1-ch6.csv,False,channel_1;nln_overview_verified=True|channel_2;nln_overview_verified=True|channel_3;nln_overview_verified=True|channel_4;nln_overview_verified=True|channel_5;nln_overview_verified=True|channel_6;nln_overview_verified=True
nln_emp_leave_one_speed_out,test_speed_75,nln_emp,nln_emp_motor_2_100_soft_foot_1_vibration,nln_emp_motor_2_100_soft_foot_1,val,Motor-2,vibration,vibration,100,unknown,motor_2_speed_100,looseness_soft_foot,2,fault,experimental,unknown,data/raw/nln_emp/Dataset/Vibration/Motor-2/100/soft foot 1/Vibration_Motor-2_100_time-soft foot 1-ch1.csv|data/raw/nln_emp/Dataset/Vibration/Motor-2/100/soft foot 1/Vibration_Motor-2_100_time-soft foot 1-ch2.csv|data/raw/nln_emp/Dataset/Vibration/Motor-2/100/soft foot 1/Vibration_Motor-2_100_time-soft foot 1-ch3.csv|data/raw/nln_emp/Dataset/Vibration/Motor-2/100/soft foot 1/Vibration_Motor-2_100_time-soft foot 1-ch4.csv|data/raw/nln_emp/Dataset/Vibration/Motor-2/100/soft foot 1/Vibration_Motor-2_100_time-soft foot 1-ch5.csv,False,channel_1;nln_overview_verified=True|channel_2;nln_overview_verified=True|channel_3;nln_overview_verified=True|channel_4;nln_overview_verified=True|channel_5;nln_overview_verified=True
nln_emp_leave_one_speed_out,test_speed_75,nln_emp,nln_emp_motor_2_100_soft_foot_2_current,nln_emp_motor_2_100_soft_foot_2,train,Motor-2,current,current,100,unknown,motor_2_speed_100,looseness_soft_foot,2,fault,experimental,unknown,data/raw/nln_emp/Dataset/Electric/Motor-2/100/soft foot 2/Electric_Motor-2_100_time-soft foot 2-ch1.csv|data/raw/nln_emp/Dataset/Electric/Motor-2/100/soft foot 2/Electric_Motor-2_100_time-soft foot 2-ch2.csv|data/raw/nln_emp/Dataset/Electric/Motor-2/100/soft foot 2/Electric_Motor-2_100_time-soft foot 2-ch3.csv|data/raw/nln_emp/Dataset/Electric/Motor-2/100/soft foot 2/Electric_Motor-2_100_time-soft foot 2-ch4.csv|data/raw/nln_emp/Dataset/Electric/Motor-2/100/soft foot 2/Electric_Motor-2_100_time-soft foot 2-ch5.csv|data/raw/nln_emp/Dataset/Electric/Motor-2/100/soft foot 2/Electric_Motor-2_100_time-soft foot 2-ch6.csv,False,channel_1;nln_overview_verified=True|channel_2;nln_overview_verified=True|channel_3;nln_overview_verified=True|channel_4;nln_overview_verified=True|channel_5;nln_overview_verified=True|channel_6;nln_overview_verified=True
nln_emp_leave_one_speed_out,test_speed_75,nln_emp,nln_emp_motor_2_100_soft_foot_2_vibration,nln_emp_motor_2_100_soft_foot_2,train,Motor-2,vibration,vibration,100,unknown,motor_2_speed_100,looseness_soft_foot,2,fault,experimental,unknown,data/raw/nln_emp/Dataset/Vibration/Motor-2/100/soft foot 2/Vibration_Motor-2_100_time-soft foot 2-ch1.csv|data/raw/nln_emp/Dataset/Vibration/Motor-2/100/soft foot 2/Vibration_Motor-2_100_time-soft foot 2-ch2.csv|data/raw/nln_emp/Dataset/Vibration/Motor-2/100/soft foot 2/Vibration_Motor-2_100_time-soft foot 2-ch3.csv|data/raw/nln_emp/Dataset/Vibration/Motor-2/100/soft foot 2/Vibration_Motor-2_100_time-soft foot 2-ch4.csv|data/raw/nln_emp/Dataset/Vibration/Motor-2/100/soft foot 2/Vibration_Motor-2_100_time-soft foot 2-ch5.csv,False,channel_1;nln_overview_verified=True|channel_2;nln_overview_verified=True|channel_3;nln_overview_verified=True|channel_4;nln_overview_verified=True|channel_5;nln_overview_verified=True
nln_emp_leave_one_speed_out,test_speed_75,nln_emp,nln_emp_motor_2_100_stator_short_1_current,nln_emp_motor_2_100_stator_short_1,train,Motor-2,current,current,100,unknown,motor_2_speed_100,stator_winding_fault,1,fault,experimental,unknown,data/raw/nln_emp/Dataset/Electric/Motor-2/100/stator short 1/Electric_Motor-2_100_time-stator short 1-ch1.csv|data/raw/nln_emp/Dataset/Electric/Motor-2/100/stator short 1/Electric_Motor-2_100_time-stator short 1-ch2.csv|data/raw/nln_emp/Dataset/Electric/Motor-2/100/stator short 1/Electric_Motor-2_100_time-stator short 1-ch3.csv|data/raw/nln_emp/Dataset/Electric/Motor-2/100/stator short 1/Electric_Motor-2_100_time-stator short 1-ch4.csv|data/raw/nln_emp/Dataset/Electric/Motor-2/100/stator short 1/Electric_Motor-2_100_time-stator short 1-ch5.csv|data/raw/nln_emp/Dataset/Electric/Motor-2/100/stator short 1/Electric_Motor-2_100_time-stator short 1-ch6.csv,False,channel_1;nln_overview_verified=True|channel_2;nln_overview_verified=True|channel_3;nln_overview_verified=True|channel_4;nln_overview_verified=True|channel_5;nln_overview_verified=True|channel_6;nln_overview_verified=True
nln_emp_leave_one_speed_out,test_speed_75,nln_emp,nln_emp_motor_2_100_stator_short_1_vibration,nln_emp_motor_2_100_stator_short_1,train,Motor-2,vibration,vibration,100,unknown,motor_2_speed_100,stator_winding_fault,1,fault,experimental,unknown,data/raw/nln_emp/Dataset/Vibration/Motor-2/100/stator short 1/Vibration_Motor-2_100_time-stator short 1-ch1.csv|data/raw/nln_emp/Dataset/Vibration/Motor-2/100/stator short 1/Vibration_Motor-2_100_time-stator short 1-ch2.csv|data/raw/nln_emp/Dataset/Vibration/Motor-2/100/stator short 1/Vibration_Motor-2_100_time-stator short 1-ch3.csv|data/raw/nln_emp/Dataset/Vibration/Motor-2/100/stator short 1/Vibration_Motor-2_100_time-stator short 1-ch4.csv|data/raw/nln_emp/Dataset/Vibration/Motor-2/100/stator short 1/Vibration_Motor-2_100_time-stator short 1-ch5.csv,False,channel_1;nln_overview_verified=True|channel_2;nln_overview_verified=True|channel_3;nln_overview_verified=True|channel_4;nln_overview_verified=True|channel_5;nln_overview_verified=True
nln_emp_leave_one_speed_out,test_speed_75,nln_emp,nln_emp_motor_2_100_stator_short_2_vibration,nln_emp_motor_2_100_stator_short_2,train,Motor-2,vibration,vibration,100,unknown,motor_2_speed_100,stator_winding_fault,1,fault,experimental,unknown,data/raw/nln_emp/Dataset/Vibration/Motor-2/100/stator short 2/Vibration_Motor-2_100_time-stator short 2-ch1.csv|data/raw/nln_emp/Dataset/Vibration/Motor-2/100/stator short 2/Vibration_Motor-2_100_time-stator short 2-ch2.csv|data/raw/nln_emp/Dataset/Vibration/Motor-2/100/stator short 2/Vibration_Motor-2_100_time-stator short 2-ch3.csv|data/raw/nln_emp/Dataset/Vibration/Motor-2/100/stator short 2/Vibration_Motor-2_100_time-stator short 2-ch4.csv|data/raw/nln_emp/Dataset/Vibration/Motor-2/100/stator short 2/Vibration_Motor-2_100_time-stator short 2-ch5.csv,False,channel_1;nln_overview_verified=True|channel_2;nln_overview_verified=True|channel_3;nln_overview_verified=True|channel_4;nln_overview_verified=True|channel_5;nln_overview_verified=True
nln_emp_leave_one_speed_out,test_speed_75,nln_emp,nln_emp_motor_2_50_bearing_bpfi_1_current,nln_emp_motor_2_50_bearing_bpfi_1,val,Motor-2,current,current,50,unknown,motor_2_speed_50,bearing_inner_race,2,fault,experimental,unknown,data/raw/nln_emp/Dataset/Electric/Motor-2/50/bearing bpfi 1/Electric_Motor-2_50_time-bearing bpfi 1-ch1.csv|data/raw/nln_emp/Dataset/Electric/Motor-2/50/bearing bpfi 1/Electric_Motor-2_50_time-bearing bpfi 1-ch2.csv|data/raw/nln_emp/Dataset/Electric/Motor-2/50/bearing bpfi 1/Electric_Motor-2_50_time-bearing bpfi 1-ch3.csv|data/raw/nln_emp/Dataset/Electric/Motor-2/50/bearing bpfi 1/Electric_Motor-2_50_time-bearing bpfi 1-ch4.csv|data/raw/nln_emp/Dataset/Electric/Motor-2/50/bearing bpfi 1/Electric_Motor-2_50_time-bearing bpfi 1-ch5.csv|data/raw/nln_emp/Dataset/Electric/Motor-2/50/bearing bpfi 1/Electric_Motor-2_50_time-bearing bpfi 1-ch6.csv,False,channel_1;nln_overview_verified=True|channel_2;nln_overview_verified=True|channel_3;nln_overview_verified=True|channel_4;nln_overview_verified=True|channel_5;nln_overview_verified=True|channel_6;nln_overview_verified=True
nln_emp_leave_one_speed_out,test_speed_75,nln_emp,nln_emp_motor_2_50_bearing_bpfi_1_vibration,nln_emp_motor_2_50_bearing_bpfi_1,val,Motor-2,vibration,vibration,50,unknown,motor_2_speed_50,bearing_inner_race,2,fault,experimental,unknown,data/raw/nln_emp/Dataset/Vibration/Motor-2/50/bearing bpfi 1/Vibration_Motor-2_50_time-bearing bpfi 1-ch1.csv|data/raw/nln_emp/Dataset/Vibration/Motor-2/50/bearing bpfi 1/Vibration_Motor-2_50_time-bearing bpfi 1-ch2.csv|data/raw/nln_emp/Dataset/Vibration/Motor-2/50/bearing bpfi 1/Vibration_Motor-2_50_time-bearing bpfi 1-ch3.csv|data/raw/nln_emp/Dataset/Vibration/Motor-2/50/bearing bpfi 1/Vibration_Motor-2_50_time-bearing bpfi 1-ch4.csv|data/raw/nln_emp/Dataset/Vibration/Motor-2/50/bearing bpfi 1/Vibration_Motor-2_50_time-bearing bpfi 1-ch5.csv,False,channel_1;nln_overview_verified=True|channel_2;nln_overview_verified=True|channel_3;nln_overview_verified=True|channel_4;nln_overview_verified=True|channel_5;nln_overview_verified=True
nln_emp_leave_one_speed_out,test_speed_75,nln_emp,nln_emp_motor_2_50_bearing_bpfi_2_current,nln_emp_motor_2_50_bearing_bpfi_2,train,Motor-2,current,current,50,unknown,motor_2_speed_50,bearing_inner_race,2,fault,experimental,unknown,data/raw/nln_emp/Dataset/Electric/Motor-2/50/bearing bpfi 2/Electric_Motor-2_50_time-bearing bpfi 2-ch1.csv|data/raw/nln_emp/Dataset/Electric/Motor-2/50/bearing bpfi 2/Electric_Motor-2_50_time-bearing bpfi 2-ch2.csv|data/raw/nln_emp/Dataset/Electric/Motor-2/50/bearing bpfi 2/Electric_Motor-2_50_time-bearing bpfi 2-ch3.csv|data/raw/nln_emp/Dataset/Electric/Motor-2/50/bearing bpfi 2/Electric_Motor-2_50_time-bearing bpfi 2-ch4.csv|data/raw/nln_emp/Dataset/Electric/Motor-2/50/bearing bpfi 2/Electric_Motor-2_50_time-bearing bpfi 2-ch5.csv|data/raw/nln_emp/Dataset/Electric/Motor-2/50/bearing bpfi 2/Electric_Motor-2_50_time-bearing bpfi 2-ch6.csv,False,channel_1;nln_overview_verified=True|channel_2;nln_overview_verified=True|channel_3;nln_overview_verified=True|channel_4;nln_overview_verified=True|channel_5;nln_overview_verified=True|channel_6;nln_overview_verified=True
nln_emp_leave_one_speed_out,test_speed_75,nln_emp,nln_emp_motor_2_50_bearing_bpfi_2_vibration,nln_emp_motor_2_50_bearing_bpfi_2,train,Motor-2,vibration,vibration,50,unknown,motor_2_speed_50,bearing_inner_race,2,fault,experimental,unknown,data/raw/nln_emp/Dataset/Vibration/Motor-2/50/bearing bpfi 2/Vibration_Motor-2_50_time-bearing bpfi 2-ch1.csv|data/raw/nln_emp/Dataset/Vibration/Motor-2/50/bearing bpfi 2/Vibration_Motor-2_50_time-bearing bpfi 2-ch2.csv|data/raw/nln_emp/Dataset/Vibration/Motor-2/50/bearing bpfi 2/Vibration_Motor-2_50_time-bearing bpfi 2-ch3.csv|data/raw/nln_emp/Dataset/Vibration/Motor-2/50/bearing bpfi 2/Vibration_Motor-2_50_time-bearing bpfi 2-ch4.csv|data/raw/nln_emp/Dataset/Vibration/Motor-2/50/bearing bpfi 2/Vibration_Motor-2_50_time-bearing bpfi 2-ch5.csv,False,channel_1;nln_overview_verified=True|channel_2;nln_overview_verified=True|channel_3;nln_overview_verified=True|channel_4;nln_overview_verified=True|channel_5;nln_overview_verified=True
nln_emp_leave_one_speed_out,test_speed_75,nln_emp,nln_emp_motor_2_50_bearing_bpfi_3_current,nln_emp_motor_2_50_bearing_bpfi_3,train,Motor-2,current,current,50,unknown,motor_2_speed_50,bearing_inner_race,2,fault,experimental,unknown,data/raw/nln_emp/Dataset/Electric/Motor-2/50/bearing bpfi 3/Electric_Motor-2_50_time-bearing bpfi 3-ch1.csv|data/raw/nln_emp/Dataset/Electric/Motor-2/50/bearing bpfi 3/Electric_Motor-2_50_time-bearing bpfi 3-ch2.csv|data/raw/nln_emp/Dataset/Electric/Motor-2/50/bearing bpfi 3/Electric_Motor-2_50_time-bearing bpfi 3-ch3.csv|data/raw/nln_emp/Dataset/Electric/Motor-2/50/bearing bpfi 3/Electric_Motor-2_50_time-bearing bpfi 3-ch4.csv|data/raw/nln_emp/Dataset/Electric/Motor-2/50/bearing bpfi 3/Electric_Motor-2_50_time-bearing bpfi 3-ch5.csv|data/raw/nln_emp/Dataset/Electric/Motor-2/50/bearing bpfi 3/Electric_Motor-2_50_time-bearing bpfi 3-ch6.csv,False,channel_1;nln_overview_verified=True|channel_2;nln_overview_verified=True|channel_3;nln_overview_verified=True|channel_4;nln_overview_verified=True|channel_5;nln_overview_verified=True|channel_6;nln_overview_verified=True
nln_emp_leave_one_speed_out,test_speed_75,nln_emp,nln_emp_motor_2_50_bearing_bpfo_1_current,nln_emp_motor_2_50_bearing_bpfo_1,train,Motor-2,current,current,50,unknown,motor_2_speed_50,bearing_outer_race,1,fault,experimental,unknown,data/raw/nln_emp/Dataset/Electric/Motor-2/50/bearing bpfo 1/Electric_Motor-2_50_time-bearing bpfo 1-ch1.csv|data/raw/nln_emp/Dataset/Electric/Motor-2/50/bearing bpfo 1/Electric_Motor-2_50_time-bearing bpfo 1-ch2.csv|data/raw/nln_emp/Dataset/Electric/Motor-2/50/bearing bpfo 1/Electric_Motor-2_50_time-bearing bpfo 1-ch3.csv|data/raw/nln_emp/Dataset/Electric/Motor-2/50/bearing bpfo 1/Electric_Motor-2_50_time-bearing bpfo 1-ch4.csv|data/raw/nln_emp/Dataset/Electric/Motor-2/50/bearing bpfo 1/Electric_Motor-2_50_time-bearing bpfo 1-ch5.csv|data/raw/nln_emp/Dataset/Electric/Motor-2/50/bearing bpfo 1/Electric_Motor-2_50_time-bearing bpfo 1-ch6.csv,False,channel_1;nln_overview_verified=True|channel_2;nln_overview_verified=True|channel_3;nln_overview_verified=True|channel_4;nln_overview_verified=True|channel_5;nln_overview_verified=True|channel_6;nln_overview_verified=True
nln_emp_leave_one_speed_out,test_speed_75,nln_emp,nln_emp_motor_2_50_bearing_bpfo_1_vibration,nln_emp_motor_2_50_bearing_bpfo_1,train,Motor-2,vibration,vibration,50,unknown,motor_2_speed_50,bearing_outer_race,1,fault,experimental,unknown,data/raw/nln_emp/Dataset/Vibration/Motor-2/50/bearing bpfo 1/Vibration_Motor-2_50_time-bearing bpfo 1-ch1.csv|data/raw/nln_emp/Dataset/Vibration/Motor-2/50/bearing bpfo 1/Vibration_Motor-2_50_time-bearing bpfo 1-ch2.csv|data/raw/nln_emp/Dataset/Vibration/Motor-2/50/bearing bpfo 1/Vibration_Motor-2_50_time-bearing bpfo 1-ch3.csv|data/raw/nln_emp/Dataset/Vibration/Motor-2/50/bearing bpfo 1/Vibration_Motor-2_50_time-bearing bpfo 1-ch4.csv|data/raw/nln_emp/Dataset/Vibration/Motor-2/50/bearing bpfo 1/Vibration_Motor-2_50_time-bearing bpfo 1-ch5.csv,False,channel_1;nln_overview_verified=True|channel_2;nln_overview_verified=True|channel_3;nln_overview_verified=True|channel_4;nln_overview_verified=True|channel_5;nln_overview_verified=True
nln_emp_leave_one_speed_out,test_speed_75,nln_emp,nln_emp_motor_2_50_bearing_bpfo_2_current,nln_emp_motor_2_50_bearing_bpfo_2,train,Motor-2,current,current,50,unknown,motor_2_speed_50,bearing_outer_race,1,fault,experimental,unknown,data/raw/nln_emp/Dataset/Electric/Motor-2/50/bearing bpfo 2/Electric_Motor-2_50_time-bearing bpfo 2-ch1.csv|data/raw/nln_emp/Dataset/Electric/Motor-2/50/bearing bpfo 2/Electric_Motor-2_50_time-bearing bpfo 2-ch2.csv|data/raw/nln_emp/Dataset/Electric/Motor-2/50/bearing bpfo 2/Electric_Motor-2_50_time-bearing bpfo 2-ch3.csv|data/raw/nln_emp/Dataset/Electric/Motor-2/50/bearing bpfo 2/Electric_Motor-2_50_time-bearing bpfo 2-ch4.csv|data/raw/nln_emp/Dataset/Electric/Motor-2/50/bearing bpfo 2/Electric_Motor-2_50_time-bearing bpfo 2-ch5.csv|data/raw/nln_emp/Dataset/Electric/Motor-2/50/bearing bpfo 2/Electric_Motor-2_50_time-bearing bpfo 2-ch6.csv,False,channel_1;nln_overview_verified=True|channel_2;nln_overview_verified=True|channel_3;nln_overview_verified=True|channel_4;nln_overview_verified=True|channel_5;nln_overview_verified=True|channel_6;nln_overview_verified=True
nln_emp_leave_one_speed_out,test_speed_75,nln_emp,nln_emp_motor_2_50_bearing_bpfo_2_vibration,nln_emp_motor_2_50_bearing_bpfo_2,train,Motor-2,vibration,vibration,50,unknown,motor_2_speed_50,bearing_outer_race,1,fault,experimental,unknown,data/raw/nln_emp/Dataset/Vibration/Motor-2/50/bearing bpfo 2/Vibration_Motor-2_50_time-bearing bpfo 2-ch1.csv|data/raw/nln_emp/Dataset/Vibration/Motor-2/50/bearing bpfo 2/Vibration_Motor-2_50_time-bearing bpfo 2-ch2.csv|data/raw/nln_emp/Dataset/Vibration/Motor-2/50/bearing bpfo 2/Vibration_Motor-2_50_time-bearing bpfo 2-ch3.csv|data/raw/nln_emp/Dataset/Vibration/Motor-2/50/bearing bpfo 2/Vibration_Motor-2_50_time-bearing bpfo 2-ch4.csv|data/raw/nln_emp/Dataset/Vibration/Motor-2/50/bearing bpfo 2/Vibration_Motor-2_50_time-bearing bpfo 2-ch5.csv,False,channel_1;nln_overview_verified=True|channel_2;nln_overview_verified=True|channel_3;nln_overview_verified=True|channel_4;nln_overview_verified=True|channel_5;nln_overview_verified=True
nln_emp_leave_one_speed_out,test_speed_75,nln_emp,nln_emp_motor_2_50_bearing_bpfo_3_current,nln_emp_motor_2_50_bearing_bpfo_3,train,Motor-2,current,current,50,unknown,motor_2_speed_50,bearing_outer_race,1,fault,experimental,unknown,data/raw/nln_emp/Dataset/Electric/Motor-2/50/bearing bpfo 3/Electric_Motor-2_50_time-bearing bpfo 3-ch1.csv|data/raw/nln_emp/Dataset/Electric/Motor-2/50/bearing bpfo 3/Electric_Motor-2_50_time-bearing bpfo 3-ch2.csv|data/raw/nln_emp/Dataset/Electric/Motor-2/50/bearing bpfo 3/Electric_Motor-2_50_time-bearing bpfo 3-ch3.csv|data/raw/nln_emp/Dataset/Electric/Motor-2/50/bearing bpfo 3/Electric_Motor-2_50_time-bearing bpfo 3-ch4.csv|data/raw/nln_emp/Dataset/Electric/Motor-2/50/bearing bpfo 3/Electric_Motor-2_50_time-bearing bpfo 3-ch5.csv|data/raw/nln_emp/Dataset/Electric/Motor-2/50/bearing bpfo 3/Electric_Motor-2_50_time-bearing bpfo 3-ch6.csv,False,channel_1;nln_overview_verified=True|channel_2;nln_overview_verified=True|channel_3;nln_overview_verified=True|channel_4;nln_overview_verified=True|channel_5;nln_overview_verified=True|channel_6;nln_overview_verified=True
nln_emp_leave_one_speed_out,test_speed_75,nln_emp,nln_emp_motor_2_50_bearing_bpfo_3_vibration,nln_emp_motor_2_50_bearing_bpfo_3,train,Motor-2,vibration,vibration,50,unknown,motor_2_speed_50,bearing_outer_race,1,fault,experimental,unknown,data/raw/nln_emp/Dataset/Vibration/Motor-2/50/bearing bpfo 3/Vibration_Motor-2_50_time-bearing bpfo 3-ch1.csv|data/raw/nln_emp/Dataset/Vibration/Motor-2/50/bearing bpfo 3/Vibration_Motor-2_50_time-bearing bpfo 3-ch2.csv|data/raw/nln_emp/Dataset/Vibration/Motor-2/50/bearing bpfo 3/Vibration_Motor-2_50_time-bearing bpfo 3-ch3.csv|data/raw/nln_emp/Dataset/Vibration/Motor-2/50/bearing bpfo 3/Vibration_Motor-2_50_time-bearing bpfo 3-ch4.csv|data/raw/nln_emp/Dataset/Vibration/Motor-2/50/bearing bpfo 3/Vibration_Motor-2_50_time-bearing bpfo 3-ch5.csv,False,channel_1;nln_overview_verified=True|channel_2;nln_overview_verified=True|channel_3;nln_overview_verified=True|channel_4;nln_overview_verified=True|channel_5;nln_overview_verified=True
nln_emp_leave_one_speed_out,test_speed_75,nln_emp,nln_emp_motor_2_50_bearing_bsf_current,nln_emp_motor_2_50_bearing_bsf,train,Motor-2,current,current,50,unknown,motor_2_speed_50,bearing_ball_spin,unknown,fault,experimental,unknown,data/raw/nln_emp/Dataset/Electric/Motor-2/50/bearing bsf/Electric_Motor-2_50_time-bearing bsf-ch1.csv|data/raw/nln_emp/Dataset/Electric/Motor-2/50/bearing bsf/Electric_Motor-2_50_time-bearing bsf-ch2.csv|data/raw/nln_emp/Dataset/Electric/Motor-2/50/bearing bsf/Electric_Motor-2_50_time-bearing bsf-ch3.csv|data/raw/nln_emp/Dataset/Electric/Motor-2/50/bearing bsf/Electric_Motor-2_50_time-bearing bsf-ch4.csv|data/raw/nln_emp/Dataset/Electric/Motor-2/50/bearing bsf/Electric_Motor-2_50_time-bearing bsf-ch5.csv|data/raw/nln_emp/Dataset/Electric/Motor-2/50/bearing bsf/Electric_Motor-2_50_time-bearing bsf-ch6.csv,False,channel_1;nln_overview_verified=True|channel_2;nln_overview_verified=True|channel_3;nln_overview_verified=True|channel_4;nln_overview_verified=True|channel_5;nln_overview_verified=True|channel_6;nln_overview_verified=True
nln_emp_leave_one_speed_out,test_speed_75,nln_emp,nln_emp_motor_2_50_bearing_bsf_vibration,nln_emp_motor_2_50_bearing_bsf,train,Motor-2,vibration,vibration,50,unknown,motor_2_speed_50,bearing_ball_spin,unknown,fault,experimental,unknown,data/raw/nln_emp/Dataset/Vibration/Motor-2/50/bearing bsf/Vibration_Motor-2_50_time-bearing bsf-ch1.csv|data/raw/nln_emp/Dataset/Vibration/Motor-2/50/bearing bsf/Vibration_Motor-2_50_time-bearing bsf-ch2.csv|data/raw/nln_emp/Dataset/Vibration/Motor-2/50/bearing bsf/Vibration_Motor-2_50_time-bearing bsf-ch3.csv|data/raw/nln_emp/Dataset/Vibration/Motor-2/50/bearing bsf/Vibration_Motor-2_50_time-bearing bsf-ch4.csv|data/raw/nln_emp/Dataset/Vibration/Motor-2/50/bearing bsf/Vibration_Motor-2_50_time-bearing bsf-ch5.csv,False,channel_1;nln_overview_verified=True|channel_2;nln_overview_verified=True|channel_3;nln_overview_verified=True|channel_4;nln_overview_verified=True|channel_5;nln_overview_verified=True
nln_emp_leave_one_speed_out,test_speed_75,nln_emp,nln_emp_motor_2_50_bearing_contaminated_current,nln_emp_motor_2_50_bearing_contaminated,train,Motor-2,current,current,50,unknown,motor_2_speed_50,bearing_contamination,unknown,fault,experimental,unknown,data/raw/nln_emp/Dataset/Electric/Motor-2/50/bearing contaminated/Electric_Motor-2_50_time-bearing contaminated-ch1.csv|data/raw/nln_emp/Dataset/Electric/Motor-2/50/bearing contaminated/Electric_Motor-2_50_time-bearing contaminated-ch2.csv|data/raw/nln_emp/Dataset/Electric/Motor-2/50/bearing contaminated/Electric_Motor-2_50_time-bearing contaminated-ch3.csv|data/raw/nln_emp/Dataset/Electric/Motor-2/50/bearing contaminated/Electric_Motor-2_50_time-bearing contaminated-ch4.csv|data/raw/nln_emp/Dataset/Electric/Motor-2/50/bearing contaminated/Electric_Motor-2_50_time-bearing contaminated-ch5.csv|data/raw/nln_emp/Dataset/Electric/Motor-2/50/bearing contaminated/Electric_Motor-2_50_time-bearing contaminated-ch6.csv,False,channel_1;nln_overview_verified=True|channel_2;nln_overview_verified=True|channel_3;nln_overview_verified=True|channel_4;nln_overview_verified=True|channel_5;nln_overview_verified=True|channel_6;nln_overview_verified=True
nln_emp_leave_one_speed_out,test_speed_75,nln_emp,nln_emp_motor_2_50_bearing_contaminated_vibration,nln_emp_motor_2_50_bearing_contaminated,train,Motor-2,vibration,vibration,50,unknown,motor_2_speed_50,bearing_contamination,unknown,fault,experimental,unknown,data/raw/nln_emp/Dataset/Vibration/Motor-2/50/bearing contaminated/Vibration_Motor-2_50_time-bearing contaminated-ch1.csv|data/raw/nln_emp/Dataset/Vibration/Motor-2/50/bearing contaminated/Vibration_Motor-2_50_time-bearing contaminated-ch2.csv|data/raw/nln_emp/Dataset/Vibration/Motor-2/50/bearing contaminated/Vibration_Motor-2_50_time-bearing contaminated-ch3.csv|data/raw/nln_emp/Dataset/Vibration/Motor-2/50/bearing contaminated/Vibration_Motor-2_50_time-bearing contaminated-ch4.csv|data/raw/nln_emp/Dataset/Vibration/Motor-2/50/bearing contaminated/Vibration_Motor-2_50_time-bearing contaminated-ch5.csv,False,channel_1;nln_overview_verified=True|channel_2;nln_overview_verified=True|channel_3;nln_overview_verified=True|channel_4;nln_overview_verified=True|channel_5;nln_overview_verified=True
nln_emp_leave_one_speed_out,test_speed_75,nln_emp,nln_emp_motor_2_50_bearing_pump_1_current,nln_emp_motor_2_50_bearing_pump_1,train,Motor-2,current,current,50,unknown,motor_2_speed_50,bearing_ball,2,fault,experimental,unknown,data/raw/nln_emp/Dataset/Electric/Motor-2/50/bearing pump 1/Electric_Motor-2_50_time-bearing pump 1-ch1.csv|data/raw/nln_emp/Dataset/Electric/Motor-2/50/bearing pump 1/Electric_Motor-2_50_time-bearing pump 1-ch2.csv|data/raw/nln_emp/Dataset/Electric/Motor-2/50/bearing pump 1/Electric_Motor-2_50_time-bearing pump 1-ch3.csv|data/raw/nln_emp/Dataset/Electric/Motor-2/50/bearing pump 1/Electric_Motor-2_50_time-bearing pump 1-ch4.csv|data/raw/nln_emp/Dataset/Electric/Motor-2/50/bearing pump 1/Electric_Motor-2_50_time-bearing pump 1-ch5.csv|data/raw/nln_emp/Dataset/Electric/Motor-2/50/bearing pump 1/Electric_Motor-2_50_time-bearing pump 1-ch6.csv,False,channel_1;nln_overview_verified=True|channel_2;nln_overview_verified=True|channel_3;nln_overview_verified=True|channel_4;nln_overview_verified=True|channel_5;nln_overview_verified=True|channel_6;nln_overview_verified=True
nln_emp_leave_one_speed_out,test_speed_75,nln_emp,nln_emp_motor_2_50_bearing_pump_1_vibration,nln_emp_motor_2_50_bearing_pump_1,train,Motor-2,vibration,vibration,50,unknown,motor_2_speed_50,bearing_ball,2,fault,experimental,unknown,data/raw/nln_emp/Dataset/Vibration/Motor-2/50/bearing pump 1/Vibration_Motor-2_50_time-bearing pump 1-ch1.csv|data/raw/nln_emp/Dataset/Vibration/Motor-2/50/bearing pump 1/Vibration_Motor-2_50_time-bearing pump 1-ch2.csv|data/raw/nln_emp/Dataset/Vibration/Motor-2/50/bearing pump 1/Vibration_Motor-2_50_time-bearing pump 1-ch3.csv|data/raw/nln_emp/Dataset/Vibration/Motor-2/50/bearing pump 1/Vibration_Motor-2_50_time-bearing pump 1-ch4.csv|data/raw/nln_emp/Dataset/Vibration/Motor-2/50/bearing pump 1/Vibration_Motor-2_50_time-bearing pump 1-ch5.csv,False,channel_1;nln_overview_verified=True|channel_2;nln_overview_verified=True|channel_3;nln_overview_verified=True|channel_4;nln_overview_verified=True|channel_5;nln_overview_verified=True
nln_emp_leave_one_speed_out,test_speed_75,nln_emp,nln_emp_motor_2_50_bearing_pump_2_current,nln_emp_motor_2_50_bearing_pump_2,val,Motor-2,current,current,50,unknown,motor_2_speed_50,bearing_ball,2,fault,experimental,unknown,data/raw/nln_emp/Dataset/Electric/Motor-2/50/bearing pump 2/Electric_Motor-2_50_time-bearing pump 2-ch1.csv|data/raw/nln_emp/Dataset/Electric/Motor-2/50/bearing pump 2/Electric_Motor-2_50_time-bearing pump 2-ch2.csv|data/raw/nln_emp/Dataset/Electric/Motor-2/50/bearing pump 2/Electric_Motor-2_50_time-bearing pump 2-ch3.csv|data/raw/nln_emp/Dataset/Electric/Motor-2/50/bearing pump 2/Electric_Motor-2_50_time-bearing pump 2-ch4.csv|data/raw/nln_emp/Dataset/Electric/Motor-2/50/bearing pump 2/Electric_Motor-2_50_time-bearing pump 2-ch5.csv|data/raw/nln_emp/Dataset/Electric/Motor-2/50/bearing pump 2/Electric_Motor-2_50_time-bearing pump 2-ch6.csv,False,channel_1;nln_overview_verified=True|channel_2;nln_overview_verified=True|channel_3;nln_overview_verified=True|channel_4;nln_overview_verified=True|channel_5;nln_overview_verified=True|channel_6;nln_overview_verified=True
nln_emp_leave_one_speed_out,test_speed_75,nln_emp,nln_emp_motor_2_50_bearing_pump_2_vibration,nln_emp_motor_2_50_bearing_pump_2,val,Motor-2,vibration,vibration,50,unknown,motor_2_speed_50,bearing_ball,2,fault,experimental,unknown,data/raw/nln_emp/Dataset/Vibration/Motor-2/50/bearing pump 2/Vibration_Motor-2_50_time-bearing pump 2-ch1.csv|data/raw/nln_emp/Dataset/Vibration/Motor-2/50/bearing pump 2/Vibration_Motor-2_50_time-bearing pump 2-ch2.csv|data/raw/nln_emp/Dataset/Vibration/Motor-2/50/bearing pump 2/Vibration_Motor-2_50_time-bearing pump 2-ch3.csv|data/raw/nln_emp/Dataset/Vibration/Motor-2/50/bearing pump 2/Vibration_Motor-2_50_time-bearing pump 2-ch4.csv|data/raw/nln_emp/Dataset/Vibration/Motor-2/50/bearing pump 2/Vibration_Motor-2_50_time-bearing pump 2-ch5.csv,False,channel_1;nln_overview_verified=True|channel_2;nln_overview_verified=True|channel_3;nln_overview_verified=True|channel_4;nln_overview_verified=True|channel_5;nln_overview_verified=True
nln_emp_leave_one_speed_out,test_speed_75,nln_emp,nln_emp_motor_2_50_bearing_pump_3_current,nln_emp_motor_2_50_bearing_pump_3,train,Motor-2,current,current,50,unknown,motor_2_speed_50,bearing_ball,2,fault,experimental,unknown,data/raw/nln_emp/Dataset/Electric/Motor-2/50/bearing pump 3/Electric_Motor-2_50_time-bearing pump 3-ch1.csv|data/raw/nln_emp/Dataset/Electric/Motor-2/50/bearing pump 3/Electric_Motor-2_50_time-bearing pump 3-ch2.csv|data/raw/nln_emp/Dataset/Electric/Motor-2/50/bearing pump 3/Electric_Motor-2_50_time-bearing pump 3-ch3.csv|data/raw/nln_emp/Dataset/Electric/Motor-2/50/bearing pump 3/Electric_Motor-2_50_time-bearing pump 3-ch4.csv|data/raw/nln_emp/Dataset/Electric/Motor-2/50/bearing pump 3/Electric_Motor-2_50_time-bearing pump 3-ch5.csv|data/raw/nln_emp/Dataset/Electric/Motor-2/50/bearing pump 3/Electric_Motor-2_50_time-bearing pump 3-ch6.csv,False,channel_1;nln_overview_verified=True|channel_2;nln_overview_verified=True|channel_3;nln_overview_verified=True|channel_4;nln_overview_verified=True|channel_5;nln_overview_verified=True|channel_6;nln_overview_verified=True
nln_emp_leave_one_speed_out,test_speed_75,nln_emp,nln_emp_motor_2_50_bearing_pump_3_vibration,nln_emp_motor_2_50_bearing_pump_3,train,Motor-2,vibration,vibration,50,unknown,motor_2_speed_50,bearing_ball,2,fault,experimental,unknown,data/raw/nln_emp/Dataset/Vibration/Motor-2/50/bearing pump 3/Vibration_Motor-2_50_time-bearing pump 3-ch1.csv|data/raw/nln_emp/Dataset/Vibration/Motor-2/50/bearing pump 3/Vibration_Motor-2_50_time-bearing pump 3-ch2.csv|data/raw/nln_emp/Dataset/Vibration/Motor-2/50/bearing pump 3/Vibration_Motor-2_50_time-bearing pump 3-ch3.csv|data/raw/nln_emp/Dataset/Vibration/Motor-2/50/bearing pump 3/Vibration_Motor-2_50_time-bearing pump 3-ch4.csv|data/raw/nln_emp/Dataset/Vibration/Motor-2/50/bearing pump 3/Vibration_Motor-2_50_time-bearing pump 3-ch5.csv,False,channel_1;nln_overview_verified=True|channel_2;nln_overview_verified=True|channel_3;nln_overview_verified=True|channel_4;nln_overview_verified=True|channel_5;nln_overview_verified=True
nln_emp_leave_one_speed_out,test_speed_75,nln_emp,nln_emp_motor_2_50_broken_rotor_bar_current,nln_emp_motor_2_50_broken_rotor_bar,train,Motor-2,current,current,50,unknown,motor_2_speed_50,rotor_fault,unknown,fault,experimental,unknown,data/raw/nln_emp/Dataset/Electric/Motor-2/50/broken rotor bar/Electric_Motor-2_50_time-broken rotor bar-ch1.csv|data/raw/nln_emp/Dataset/Electric/Motor-2/50/broken rotor bar/Electric_Motor-2_50_time-broken rotor bar-ch2.csv|data/raw/nln_emp/Dataset/Electric/Motor-2/50/broken rotor bar/Electric_Motor-2_50_time-broken rotor bar-ch3.csv|data/raw/nln_emp/Dataset/Electric/Motor-2/50/broken rotor bar/Electric_Motor-2_50_time-broken rotor bar-ch4.csv|data/raw/nln_emp/Dataset/Electric/Motor-2/50/broken rotor bar/Electric_Motor-2_50_time-broken rotor bar-ch5.csv|data/raw/nln_emp/Dataset/Electric/Motor-2/50/broken rotor bar/Electric_Motor-2_50_time-broken rotor bar-ch6.csv,False,channel_1;nln_overview_verified=True|channel_2;nln_overview_verified=True|channel_3;nln_overview_verified=True|channel_4;nln_overview_verified=True|channel_5;nln_overview_verified=True|channel_6;nln_overview_verified=True
nln_emp_leave_one_speed_out,test_speed_75,nln_emp,nln_emp_motor_2_50_broken_rotor_bar_vibration,nln_emp_motor_2_50_broken_rotor_bar,train,Motor-2,vibration,vibration,50,unknown,motor_2_speed_50,rotor_fault,unknown,fault,experimental,unknown,data/raw/nln_emp/Dataset/Vibration/Motor-2/50/broken rotor bar/Vibration_Motor-2_50_time-broken rotor bar-ch1.csv|data/raw/nln_emp/Dataset/Vibration/Motor-2/50/broken rotor bar/Vibration_Motor-2_50_time-broken rotor bar-ch2.csv|data/raw/nln_emp/Dataset/Vibration/Motor-2/50/broken rotor bar/Vibration_Motor-2_50_time-broken rotor bar-ch3.csv|data/raw/nln_emp/Dataset/Vibration/Motor-2/50/broken rotor bar/Vibration_Motor-2_50_time-broken rotor bar-ch4.csv|data/raw/nln_emp/Dataset/Vibration/Motor-2/50/broken rotor bar/Vibration_Motor-2_50_time-broken rotor bar-ch5.csv,False,channel_1;nln_overview_verified=True|channel_2;nln_overview_verified=True|channel_3;nln_overview_verified=True|channel_4;nln_overview_verified=True|channel_5;nln_overview_verified=True
nln_emp_leave_one_speed_out,test_speed_75,nln_emp,nln_emp_motor_2_50_healthy_1_current,nln_emp_motor_2_50_healthy_1,train,Motor-2,current,current,50,unknown,motor_2_speed_50,healthy,0,healthy,experimental,unknown,data/raw/nln_emp/Dataset/Electric/Motor-2/50/healthy 1/Electric_Motor-2_50_time-healthy 1-ch1.csv|data/raw/nln_emp/Dataset/Electric/Motor-2/50/healthy 1/Electric_Motor-2_50_time-healthy 1-ch2.csv|data/raw/nln_emp/Dataset/Electric/Motor-2/50/healthy 1/Electric_Motor-2_50_time-healthy 1-ch3.csv|data/raw/nln_emp/Dataset/Electric/Motor-2/50/healthy 1/Electric_Motor-2_50_time-healthy 1-ch4.csv|data/raw/nln_emp/Dataset/Electric/Motor-2/50/healthy 1/Electric_Motor-2_50_time-healthy 1-ch5.csv|data/raw/nln_emp/Dataset/Electric/Motor-2/50/healthy 1/Electric_Motor-2_50_time-healthy 1-ch6.csv,False,channel_1;nln_overview_verified=True|channel_2;nln_overview_verified=True|channel_3;nln_overview_verified=True|channel_4;nln_overview_verified=True|channel_5;nln_overview_verified=True|channel_6;nln_overview_verified=True
nln_emp_leave_one_speed_out,test_speed_75,nln_emp,nln_emp_motor_2_50_healthy_1_vibration,nln_emp_motor_2_50_healthy_1,train,Motor-2,vibration,vibration,50,unknown,motor_2_speed_50,healthy,0,healthy,experimental,unknown,data/raw/nln_emp/Dataset/Vibration/Motor-2/50/healthy 1/Vibration_Motor-2_50_time-healthy 1-ch1.csv|data/raw/nln_emp/Dataset/Vibration/Motor-2/50/healthy 1/Vibration_Motor-2_50_time-healthy 1-ch2.csv|data/raw/nln_emp/Dataset/Vibration/Motor-2/50/healthy 1/Vibration_Motor-2_50_time-healthy 1-ch3.csv|data/raw/nln_emp/Dataset/Vibration/Motor-2/50/healthy 1/Vibration_Motor-2_50_time-healthy 1-ch4.csv|data/raw/nln_emp/Dataset/Vibration/Motor-2/50/healthy 1/Vibration_Motor-2_50_time-healthy 1-ch5.csv,False,channel_1;nln_overview_verified=True|channel_2;nln_overview_verified=True|channel_3;nln_overview_verified=True|channel_4;nln_overview_verified=True|channel_5;nln_overview_verified=True
nln_emp_leave_one_speed_out,test_speed_75,nln_emp,nln_emp_motor_2_50_healthy_2_current,nln_emp_motor_2_50_healthy_2,val,Motor-2,current,current,50,unknown,motor_2_speed_50,healthy,0,healthy,experimental,unknown,data/raw/nln_emp/Dataset/Electric/Motor-2/50/healthy 2/Electric_Motor-2_50_time-healthy 2-ch1.csv|data/raw/nln_emp/Dataset/Electric/Motor-2/50/healthy 2/Electric_Motor-2_50_time-healthy 2-ch2.csv|data/raw/nln_emp/Dataset/Electric/Motor-2/50/healthy 2/Electric_Motor-2_50_time-healthy 2-ch3.csv|data/raw/nln_emp/Dataset/Electric/Motor-2/50/healthy 2/Electric_Motor-2_50_time-healthy 2-ch4.csv|data/raw/nln_emp/Dataset/Electric/Motor-2/50/healthy 2/Electric_Motor-2_50_time-healthy 2-ch5.csv|data/raw/nln_emp/Dataset/Electric/Motor-2/50/healthy 2/Electric_Motor-2_50_time-healthy 2-ch6.csv,False,channel_1;nln_overview_verified=True|channel_2;nln_overview_verified=True|channel_3;nln_overview_verified=True|channel_4;nln_overview_verified=True|channel_5;nln_overview_verified=True|channel_6;nln_overview_verified=True
nln_emp_leave_one_speed_out,test_speed_75,nln_emp,nln_emp_motor_2_50_healthy_2_vibration,nln_emp_motor_2_50_healthy_2,val,Motor-2,vibration,vibration,50,unknown,motor_2_speed_50,healthy,0,healthy,experimental,unknown,data/raw/nln_emp/Dataset/Vibration/Motor-2/50/healthy 2/Vibration_Motor-2_50_time-healthy 2-ch1.csv|data/raw/nln_emp/Dataset/Vibration/Motor-2/50/healthy 2/Vibration_Motor-2_50_time-healthy 2-ch2.csv|data/raw/nln_emp/Dataset/Vibration/Motor-2/50/healthy 2/Vibration_Motor-2_50_time-healthy 2-ch3.csv|data/raw/nln_emp/Dataset/Vibration/Motor-2/50/healthy 2/Vibration_Motor-2_50_time-healthy 2-ch4.csv|data/raw/nln_emp/Dataset/Vibration/Motor-2/50/healthy 2/Vibration_Motor-2_50_time-healthy 2-ch5.csv,False,channel_1;nln_overview_verified=True|channel_2;nln_overview_verified=True|channel_3;nln_overview_verified=True|channel_4;nln_overview_verified=True|channel_5;nln_overview_verified=True
nln_emp_leave_one_speed_out,test_speed_75,nln_emp,nln_emp_motor_2_50_healthy_3_current,nln_emp_motor_2_50_healthy_3,val,Motor-2,current,current,50,unknown,motor_2_speed_50,healthy,0,healthy,experimental,unknown,data/raw/nln_emp/Dataset/Electric/Motor-2/50/healthy 3/Electric_Motor-2_50_time-healthy 3-ch1.csv|data/raw/nln_emp/Dataset/Electric/Motor-2/50/healthy 3/Electric_Motor-2_50_time-healthy 3-ch2.csv|data/raw/nln_emp/Dataset/Electric/Motor-2/50/healthy 3/Electric_Motor-2_50_time-healthy 3-ch3.csv|data/raw/nln_emp/Dataset/Electric/Motor-2/50/healthy 3/Electric_Motor-2_50_time-healthy 3-ch4.csv|data/raw/nln_emp/Dataset/Electric/Motor-2/50/healthy 3/Electric_Motor-2_50_time-healthy 3-ch5.csv|data/raw/nln_emp/Dataset/Electric/Motor-2/50/healthy 3/Electric_Motor-2_50_time-healthy 3-ch6.csv,False,channel_1;nln_overview_verified=True|channel_2;nln_overview_verified=True|channel_3;nln_overview_verified=True|channel_4;nln_overview_verified=True|channel_5;nln_overview_verified=True|channel_6;nln_overview_verified=True
nln_emp_leave_one_speed_out,test_speed_75,nln_emp,nln_emp_motor_2_50_healthy_3_vibration,nln_emp_motor_2_50_healthy_3,val,Motor-2,vibration,vibration,50,unknown,motor_2_speed_50,healthy,0,healthy,experimental,unknown,data/raw/nln_emp/Dataset/Vibration/Motor-2/50/healthy 3/Vibration_Motor-2_50_time-healthy 3-ch1.csv|data/raw/nln_emp/Dataset/Vibration/Motor-2/50/healthy 3/Vibration_Motor-2_50_time-healthy 3-ch2.csv|data/raw/nln_emp/Dataset/Vibration/Motor-2/50/healthy 3/Vibration_Motor-2_50_time-healthy 3-ch3.csv|data/raw/nln_emp/Dataset/Vibration/Motor-2/50/healthy 3/Vibration_Motor-2_50_time-healthy 3-ch4.csv|data/raw/nln_emp/Dataset/Vibration/Motor-2/50/healthy 3/Vibration_Motor-2_50_time-healthy 3-ch5.csv,False,channel_1;nln_overview_verified=True|channel_2;nln_overview_verified=True|channel_3;nln_overview_verified=True|channel_4;nln_overview_verified=True|channel_5;nln_overview_verified=True
nln_emp_leave_one_speed_out,test_speed_75,nln_emp,nln_emp_motor_2_50_healthy_noise_current,nln_emp_motor_2_50_healthy_noise,train,Motor-2,current,current,50,unknown,motor_2_speed_50,healthy,0,healthy,experimental,unknown,data/raw/nln_emp/Dataset/Electric/Motor-2/50/healthy noise/Electric_Motor-2_50_time-healthy noise-ch1.csv|data/raw/nln_emp/Dataset/Electric/Motor-2/50/healthy noise/Electric_Motor-2_50_time-healthy noise-ch2.csv|data/raw/nln_emp/Dataset/Electric/Motor-2/50/healthy noise/Electric_Motor-2_50_time-healthy noise-ch3.csv|data/raw/nln_emp/Dataset/Electric/Motor-2/50/healthy noise/Electric_Motor-2_50_time-healthy noise-ch4.csv|data/raw/nln_emp/Dataset/Electric/Motor-2/50/healthy noise/Electric_Motor-2_50_time-healthy noise-ch5.csv|data/raw/nln_emp/Dataset/Electric/Motor-2/50/healthy noise/Electric_Motor-2_50_time-healthy noise-ch6.csv,False,channel_1;nln_overview_verified=True|channel_2;nln_overview_verified=True|channel_3;nln_overview_verified=True|channel_4;nln_overview_verified=True|channel_5;nln_overview_verified=True|channel_6;nln_overview_verified=True
nln_emp_leave_one_speed_out,test_speed_75,nln_emp,nln_emp_motor_2_50_healthy_noise_vibration,nln_emp_motor_2_50_healthy_noise,train,Motor-2,vibration,vibration,50,unknown,motor_2_speed_50,healthy,0,healthy,experimental,unknown,data/raw/nln_emp/Dataset/Vibration/Motor-2/50/healthy noise/Vibration_Motor-2_50_time-healthy noise-ch1.csv|data/raw/nln_emp/Dataset/Vibration/Motor-2/50/healthy noise/Vibration_Motor-2_50_time-healthy noise-ch2.csv|data/raw/nln_emp/Dataset/Vibration/Motor-2/50/healthy noise/Vibration_Motor-2_50_time-healthy noise-ch3.csv|data/raw/nln_emp/Dataset/Vibration/Motor-2/50/healthy noise/Vibration_Motor-2_50_time-healthy noise-ch4.csv|data/raw/nln_emp/Dataset/Vibration/Motor-2/50/healthy noise/Vibration_Motor-2_50_time-healthy noise-ch5.csv,False,channel_1;nln_overview_verified=True|channel_2;nln_overview_verified=True|channel_3;nln_overview_verified=True|channel_4;nln_overview_verified=True|channel_5;nln_overview_verified=True
nln_emp_leave_one_speed_out,test_speed_75,nln_emp,nln_emp_motor_2_50_impeller_1_current,nln_emp_motor_2_50_impeller_1,train,Motor-2,current,current,50,unknown,motor_2_speed_50,impeller_fault,1,fault,experimental,unknown,data/raw/nln_emp/Dataset/Electric/Motor-2/50/impeller 1/Electric_Motor-2_50_time-impeller 1-ch1.csv|data/raw/nln_emp/Dataset/Electric/Motor-2/50/impeller 1/Electric_Motor-2_50_time-impeller 1-ch2.csv|data/raw/nln_emp/Dataset/Electric/Motor-2/50/impeller 1/Electric_Motor-2_50_time-impeller 1-ch3.csv|data/raw/nln_emp/Dataset/Electric/Motor-2/50/impeller 1/Electric_Motor-2_50_time-impeller 1-ch4.csv|data/raw/nln_emp/Dataset/Electric/Motor-2/50/impeller 1/Electric_Motor-2_50_time-impeller 1-ch5.csv|data/raw/nln_emp/Dataset/Electric/Motor-2/50/impeller 1/Electric_Motor-2_50_time-impeller 1-ch6.csv,False,channel_1;nln_overview_verified=True|channel_2;nln_overview_verified=True|channel_3;nln_overview_verified=True|channel_4;nln_overview_verified=True|channel_5;nln_overview_verified=True|channel_6;nln_overview_verified=True
nln_emp_leave_one_speed_out,test_speed_75,nln_emp,nln_emp_motor_2_50_impeller_1_vibration,nln_emp_motor_2_50_impeller_1,train,Motor-2,vibration,vibration,50,unknown,motor_2_speed_50,impeller_fault,1,fault,experimental,unknown,data/raw/nln_emp/Dataset/Vibration/Motor-2/50/impeller 1/Vibration_Motor-2_50_time-impeller 1-ch1.csv|data/raw/nln_emp/Dataset/Vibration/Motor-2/50/impeller 1/Vibration_Motor-2_50_time-impeller 1-ch2.csv|data/raw/nln_emp/Dataset/Vibration/Motor-2/50/impeller 1/Vibration_Motor-2_50_time-impeller 1-ch3.csv|data/raw/nln_emp/Dataset/Vibration/Motor-2/50/impeller 1/Vibration_Motor-2_50_time-impeller 1-ch4.csv|data/raw/nln_emp/Dataset/Vibration/Motor-2/50/impeller 1/Vibration_Motor-2_50_time-impeller 1-ch5.csv,False,channel_1;nln_overview_verified=True|channel_2;nln_overview_verified=True|channel_3;nln_overview_verified=True|channel_4;nln_overview_verified=True|channel_5;nln_overview_verified=True
nln_emp_leave_one_speed_out,test_speed_75,nln_emp,nln_emp_motor_2_50_impeller_2_current,nln_emp_motor_2_50_impeller_2,train,Motor-2,current,current,50,unknown,motor_2_speed_50,impeller_fault,1,fault,experimental,unknown,data/raw/nln_emp/Dataset/Electric/Motor-2/50/impeller 2/Electric_Motor-2_50_time-impeller 2-ch1.csv|data/raw/nln_emp/Dataset/Electric/Motor-2/50/impeller 2/Electric_Motor-2_50_time-impeller 2-ch2.csv|data/raw/nln_emp/Dataset/Electric/Motor-2/50/impeller 2/Electric_Motor-2_50_time-impeller 2-ch3.csv|data/raw/nln_emp/Dataset/Electric/Motor-2/50/impeller 2/Electric_Motor-2_50_time-impeller 2-ch4.csv|data/raw/nln_emp/Dataset/Electric/Motor-2/50/impeller 2/Electric_Motor-2_50_time-impeller 2-ch5.csv|data/raw/nln_emp/Dataset/Electric/Motor-2/50/impeller 2/Electric_Motor-2_50_time-impeller 2-ch6.csv,False,channel_1;nln_overview_verified=True|channel_2;nln_overview_verified=True|channel_3;nln_overview_verified=True|channel_4;nln_overview_verified=True|channel_5;nln_overview_verified=True|channel_6;nln_overview_verified=True
nln_emp_leave_one_speed_out,test_speed_75,nln_emp,nln_emp_motor_2_50_impeller_2_vibration,nln_emp_motor_2_50_impeller_2,train,Motor-2,vibration,vibration,50,unknown,motor_2_speed_50,impeller_fault,1,fault,experimental,unknown,data/raw/nln_emp/Dataset/Vibration/Motor-2/50/impeller 2/Vibration_Motor-2_50_time-impeller 2-ch1.csv|data/raw/nln_emp/Dataset/Vibration/Motor-2/50/impeller 2/Vibration_Motor-2_50_time-impeller 2-ch2.csv|data/raw/nln_emp/Dataset/Vibration/Motor-2/50/impeller 2/Vibration_Motor-2_50_time-impeller 2-ch3.csv|data/raw/nln_emp/Dataset/Vibration/Motor-2/50/impeller 2/Vibration_Motor-2_50_time-impeller 2-ch4.csv|data/raw/nln_emp/Dataset/Vibration/Motor-2/50/impeller 2/Vibration_Motor-2_50_time-impeller 2-ch5.csv,False,channel_1;nln_overview_verified=True|channel_2;nln_overview_verified=True|channel_3;nln_overview_verified=True|channel_4;nln_overview_verified=True|channel_5;nln_overview_verified=True
nln_emp_leave_one_speed_out,test_speed_75,nln_emp,nln_emp_motor_2_50_impeller_3_current,nln_emp_motor_2_50_impeller_3,val,Motor-2,current,current,50,unknown,motor_2_speed_50,impeller_fault,1,fault,experimental,unknown,data/raw/nln_emp/Dataset/Electric/Motor-2/50/impeller 3/Electric_Motor-2_50_time-impeller 3-ch1.csv|data/raw/nln_emp/Dataset/Electric/Motor-2/50/impeller 3/Electric_Motor-2_50_time-impeller 3-ch2.csv|data/raw/nln_emp/Dataset/Electric/Motor-2/50/impeller 3/Electric_Motor-2_50_time-impeller 3-ch3.csv|data/raw/nln_emp/Dataset/Electric/Motor-2/50/impeller 3/Electric_Motor-2_50_time-impeller 3-ch4.csv|data/raw/nln_emp/Dataset/Electric/Motor-2/50/impeller 3/Electric_Motor-2_50_time-impeller 3-ch5.csv|data/raw/nln_emp/Dataset/Electric/Motor-2/50/impeller 3/Electric_Motor-2_50_time-impeller 3-ch6.csv,False,channel_1;nln_overview_verified=True|channel_2;nln_overview_verified=True|channel_3;nln_overview_verified=True|channel_4;nln_overview_verified=True|channel_5;nln_overview_verified=True|channel_6;nln_overview_verified=True
nln_emp_leave_one_speed_out,test_speed_75,nln_emp,nln_emp_motor_2_50_impeller_3_vibration,nln_emp_motor_2_50_impeller_3,val,Motor-2,vibration,vibration,50,unknown,motor_2_speed_50,impeller_fault,1,fault,experimental,unknown,data/raw/nln_emp/Dataset/Vibration/Motor-2/50/impeller 3/Vibration_Motor-2_50_time-impeller 3-ch1.csv|data/raw/nln_emp/Dataset/Vibration/Motor-2/50/impeller 3/Vibration_Motor-2_50_time-impeller 3-ch2.csv|data/raw/nln_emp/Dataset/Vibration/Motor-2/50/impeller 3/Vibration_Motor-2_50_time-impeller 3-ch3.csv|data/raw/nln_emp/Dataset/Vibration/Motor-2/50/impeller 3/Vibration_Motor-2_50_time-impeller 3-ch4.csv|data/raw/nln_emp/Dataset/Vibration/Motor-2/50/impeller 3/Vibration_Motor-2_50_time-impeller 3-ch5.csv,False,channel_1;nln_overview_verified=True|channel_2;nln_overview_verified=True|channel_3;nln_overview_verified=True|channel_4;nln_overview_verified=True|channel_5;nln_overview_verified=True
nln_emp_leave_one_speed_out,test_speed_75,nln_emp,nln_emp_motor_2_50_loose_foot_motor_current,nln_emp_motor_2_50_loose_foot_motor,train,Motor-2,current,current,50,unknown,motor_2_speed_50,looseness_soft_foot,unknown,fault,experimental,unknown,data/raw/nln_emp/Dataset/Electric/Motor-2/50/loose foot motor/Electric_Motor-2_50_time-loose foot motor-ch1.csv|data/raw/nln_emp/Dataset/Electric/Motor-2/50/loose foot motor/Electric_Motor-2_50_time-loose foot motor-ch2.csv|data/raw/nln_emp/Dataset/Electric/Motor-2/50/loose foot motor/Electric_Motor-2_50_time-loose foot motor-ch3.csv|data/raw/nln_emp/Dataset/Electric/Motor-2/50/loose foot motor/Electric_Motor-2_50_time-loose foot motor-ch4.csv|data/raw/nln_emp/Dataset/Electric/Motor-2/50/loose foot motor/Electric_Motor-2_50_time-loose foot motor-ch5.csv|data/raw/nln_emp/Dataset/Electric/Motor-2/50/loose foot motor/Electric_Motor-2_50_time-loose foot motor-ch6.csv,False,channel_1;nln_overview_verified=True|channel_2;nln_overview_verified=True|channel_3;nln_overview_verified=True|channel_4;nln_overview_verified=True|channel_5;nln_overview_verified=True|channel_6;nln_overview_verified=True
nln_emp_leave_one_speed_out,test_speed_75,nln_emp,nln_emp_motor_2_50_loose_foot_pump_current,nln_emp_motor_2_50_loose_foot_pump,train,Motor-2,current,current,50,unknown,motor_2_speed_50,looseness_soft_foot,unknown,fault,experimental,unknown,data/raw/nln_emp/Dataset/Electric/Motor-2/50/loose foot pump/Electric_Motor-2_50_time-loose foot pump-ch1.csv|data/raw/nln_emp/Dataset/Electric/Motor-2/50/loose foot pump/Electric_Motor-2_50_time-loose foot pump-ch2.csv|data/raw/nln_emp/Dataset/Electric/Motor-2/50/loose foot pump/Electric_Motor-2_50_time-loose foot pump-ch3.csv|data/raw/nln_emp/Dataset/Electric/Motor-2/50/loose foot pump/Electric_Motor-2_50_time-loose foot pump-ch4.csv|data/raw/nln_emp/Dataset/Electric/Motor-2/50/loose foot pump/Electric_Motor-2_50_time-loose foot pump-ch5.csv|data/raw/nln_emp/Dataset/Electric/Motor-2/50/loose foot pump/Electric_Motor-2_50_time-loose foot pump-ch6.csv,False,channel_1;nln_overview_verified=True|channel_2;nln_overview_verified=True|channel_3;nln_overview_verified=True|channel_4;nln_overview_verified=True|channel_5;nln_overview_verified=True|channel_6;nln_overview_verified=True
nln_emp_leave_one_speed_out,test_speed_75,nln_emp,nln_emp_motor_2_50_loose_foot_pump_vibration,nln_emp_motor_2_50_loose_foot_pump,train,Motor-2,vibration,vibration,50,unknown,motor_2_speed_50,looseness_soft_foot,unknown,fault,experimental,unknown,data/raw/nln_emp/Dataset/Vibration/Motor-2/50/loose foot pump/Vibration_Motor-2_50_time-loose foot pump-ch1.csv|data/raw/nln_emp/Dataset/Vibration/Motor-2/50/loose foot pump/Vibration_Motor-2_50_time-loose foot pump-ch2.csv|data/raw/nln_emp/Dataset/Vibration/Motor-2/50/loose foot pump/Vibration_Motor-2_50_time-loose foot pump-ch3.csv|data/raw/nln_emp/Dataset/Vibration/Motor-2/50/loose foot pump/Vibration_Motor-2_50_time-loose foot pump-ch4.csv|data/raw/nln_emp/Dataset/Vibration/Motor-2/50/loose foot pump/Vibration_Motor-2_50_time-loose foot pump-ch5.csv,False,channel_1;nln_overview_verified=True|channel_2;nln_overview_verified=True|channel_3;nln_overview_verified=True|channel_4;nln_overview_verified=True|channel_5;nln_overview_verified=True
nln_emp_leave_one_speed_out,test_speed_75,nln_emp,nln_emp_motor_2_50_new_motor_current,nln_emp_motor_2_50_new_motor,train,Motor-2,current,current,50,unknown,motor_2_speed_50,healthy,0,healthy,experimental,unknown,data/raw/nln_emp/Dataset/Electric/Motor-2/50/new motor/Electric_Motor-2_50_time-new motor-ch1.csv|data/raw/nln_emp/Dataset/Electric/Motor-2/50/new motor/Electric_Motor-2_50_time-new motor-ch2.csv|data/raw/nln_emp/Dataset/Electric/Motor-2/50/new motor/Electric_Motor-2_50_time-new motor-ch3.csv|data/raw/nln_emp/Dataset/Electric/Motor-2/50/new motor/Electric_Motor-2_50_time-new motor-ch4.csv|data/raw/nln_emp/Dataset/Electric/Motor-2/50/new motor/Electric_Motor-2_50_time-new motor-ch5.csv|data/raw/nln_emp/Dataset/Electric/Motor-2/50/new motor/Electric_Motor-2_50_time-new motor-ch6.csv,False,channel_1;nln_overview_verified=True|channel_2;nln_overview_verified=True|channel_3;nln_overview_verified=True|channel_4;nln_overview_verified=True|channel_5;nln_overview_verified=True|channel_6;nln_overview_verified=True
nln_emp_leave_one_speed_out,test_speed_75,nln_emp,nln_emp_motor_2_50_new_motor_vibration,nln_emp_motor_2_50_new_motor,train,Motor-2,vibration,vibration,50,unknown,motor_2_speed_50,healthy,0,healthy,experimental,unknown,data/raw/nln_emp/Dataset/Vibration/Motor-2/50/new motor/Vibration_Motor-2_50_time-new motor-ch1.csv|data/raw/nln_emp/Dataset/Vibration/Motor-2/50/new motor/Vibration_Motor-2_50_time-new motor-ch2.csv|data/raw/nln_emp/Dataset/Vibration/Motor-2/50/new motor/Vibration_Motor-2_50_time-new motor-ch3.csv|data/raw/nln_emp/Dataset/Vibration/Motor-2/50/new motor/Vibration_Motor-2_50_time-new motor-ch4.csv|data/raw/nln_emp/Dataset/Vibration/Motor-2/50/new motor/Vibration_Motor-2_50_time-new motor-ch5.csv,False,channel_1;nln_overview_verified=True|channel_2;nln_overview_verified=True|channel_3;nln_overview_verified=True|channel_4;nln_overview_verified=True|channel_5;nln_overview_verified=True
nln_emp_leave_one_speed_out,test_speed_75,nln_emp,nln_emp_motor_2_50_soft_foot_1_current,nln_emp_motor_2_50_soft_foot_1,train,Motor-2,current,current,50,unknown,motor_2_speed_50,looseness_soft_foot,2,fault,experimental,unknown,data/raw/nln_emp/Dataset/Electric/Motor-2/50/soft foot 1/Electric_Motor-2_50_time-soft foot 1-ch1.csv|data/raw/nln_emp/Dataset/Electric/Motor-2/50/soft foot 1/Electric_Motor-2_50_time-soft foot 1-ch2.csv|data/raw/nln_emp/Dataset/Electric/Motor-2/50/soft foot 1/Electric_Motor-2_50_time-soft foot 1-ch3.csv|data/raw/nln_emp/Dataset/Electric/Motor-2/50/soft foot 1/Electric_Motor-2_50_time-soft foot 1-ch4.csv|data/raw/nln_emp/Dataset/Electric/Motor-2/50/soft foot 1/Electric_Motor-2_50_time-soft foot 1-ch5.csv|data/raw/nln_emp/Dataset/Electric/Motor-2/50/soft foot 1/Electric_Motor-2_50_time-soft foot 1-ch6.csv,False,channel_1;nln_overview_verified=True|channel_2;nln_overview_verified=True|channel_3;nln_overview_verified=True|channel_4;nln_overview_verified=True|channel_5;nln_overview_verified=True|channel_6;nln_overview_verified=True
nln_emp_leave_one_speed_out,test_speed_75,nln_emp,nln_emp_motor_2_50_soft_foot_1_vibration,nln_emp_motor_2_50_soft_foot_1,train,Motor-2,vibration,vibration,50,unknown,motor_2_speed_50,looseness_soft_foot,2,fault,experimental,unknown,data/raw/nln_emp/Dataset/Vibration/Motor-2/50/soft foot 1/Vibration_Motor-2_50_time-soft foot 1-ch1.csv|data/raw/nln_emp/Dataset/Vibration/Motor-2/50/soft foot 1/Vibration_Motor-2_50_time-soft foot 1-ch2.csv|data/raw/nln_emp/Dataset/Vibration/Motor-2/50/soft foot 1/Vibration_Motor-2_50_time-soft foot 1-ch3.csv|data/raw/nln_emp/Dataset/Vibration/Motor-2/50/soft foot 1/Vibration_Motor-2_50_time-soft foot 1-ch4.csv|data/raw/nln_emp/Dataset/Vibration/Motor-2/50/soft foot 1/Vibration_Motor-2_50_time-soft foot 1-ch5.csv,False,channel_1;nln_overview_verified=True|channel_2;nln_overview_verified=True|channel_3;nln_overview_verified=True|channel_4;nln_overview_verified=True|channel_5;nln_overview_verified=True
nln_emp_leave_one_speed_out,test_speed_75,nln_emp,nln_emp_motor_2_50_soft_foot_2_current,nln_emp_motor_2_50_soft_foot_2,train,Motor-2,current,current,50,unknown,motor_2_speed_50,looseness_soft_foot,2,fault,experimental,unknown,data/raw/nln_emp/Dataset/Electric/Motor-2/50/soft foot 2/Electric_Motor-2_50_time-soft foot 2-ch1.csv|data/raw/nln_emp/Dataset/Electric/Motor-2/50/soft foot 2/Electric_Motor-2_50_time-soft foot 2-ch2.csv|data/raw/nln_emp/Dataset/Electric/Motor-2/50/soft foot 2/Electric_Motor-2_50_time-soft foot 2-ch3.csv|data/raw/nln_emp/Dataset/Electric/Motor-2/50/soft foot 2/Electric_Motor-2_50_time-soft foot 2-ch4.csv|data/raw/nln_emp/Dataset/Electric/Motor-2/50/soft foot 2/Electric_Motor-2_50_time-soft foot 2-ch5.csv|data/raw/nln_emp/Dataset/Electric/Motor-2/50/soft foot 2/Electric_Motor-2_50_time-soft foot 2-ch6.csv,False,channel_1;nln_overview_verified=True|channel_2;nln_overview_verified=True|channel_3;nln_overview_verified=True|channel_4;nln_overview_verified=True|channel_5;nln_overview_verified=True|channel_6;nln_overview_verified=True
nln_emp_leave_one_speed_out,test_speed_75,nln_emp,nln_emp_motor_2_50_soft_foot_2_vibration,nln_emp_motor_2_50_soft_foot_2,train,Motor-2,vibration,vibration,50,unknown,motor_2_speed_50,looseness_soft_foot,2,fault,experimental,unknown,data/raw/nln_emp/Dataset/Vibration/Motor-2/50/soft foot 2/Vibration_Motor-2_50_time-soft foot 2-ch1.csv|data/raw/nln_emp/Dataset/Vibration/Motor-2/50/soft foot 2/Vibration_Motor-2_50_time-soft foot 2-ch2.csv|data/raw/nln_emp/Dataset/Vibration/Motor-2/50/soft foot 2/Vibration_Motor-2_50_time-soft foot 2-ch3.csv|data/raw/nln_emp/Dataset/Vibration/Motor-2/50/soft foot 2/Vibration_Motor-2_50_time-soft foot 2-ch4.csv|data/raw/nln_emp/Dataset/Vibration/Motor-2/50/soft foot 2/Vibration_Motor-2_50_time-soft foot 2-ch5.csv,False,channel_1;nln_overview_verified=True|channel_2;nln_overview_verified=True|channel_3;nln_overview_verified=True|channel_4;nln_overview_verified=True|channel_5;nln_overview_verified=True
nln_emp_leave_one_speed_out,test_speed_75,nln_emp,nln_emp_motor_2_50_stator_short_1_current,nln_emp_motor_2_50_stator_short_1,train,Motor-2,current,current,50,unknown,motor_2_speed_50,stator_winding_fault,1,fault,experimental,unknown,data/raw/nln_emp/Dataset/Electric/Motor-2/50/stator short 1/Electric_Motor-2_50_time-stator short 1-ch1.csv|data/raw/nln_emp/Dataset/Electric/Motor-2/50/stator short 1/Electric_Motor-2_50_time-stator short 1-ch2.csv|data/raw/nln_emp/Dataset/Electric/Motor-2/50/stator short 1/Electric_Motor-2_50_time-stator short 1-ch3.csv|data/raw/nln_emp/Dataset/Electric/Motor-2/50/stator short 1/Electric_Motor-2_50_time-stator short 1-ch4.csv|data/raw/nln_emp/Dataset/Electric/Motor-2/50/stator short 1/Electric_Motor-2_50_time-stator short 1-ch5.csv|data/raw/nln_emp/Dataset/Electric/Motor-2/50/stator short 1/Electric_Motor-2_50_time-stator short 1-ch6.csv,False,channel_1;nln_overview_verified=True|channel_2;nln_overview_verified=True|channel_3;nln_overview_verified=True|channel_4;nln_overview_verified=True|channel_5;nln_overview_verified=True|channel_6;nln_overview_verified=True
nln_emp_leave_one_speed_out,test_speed_75,nln_emp,nln_emp_motor_2_50_stator_short_1_vibration,nln_emp_motor_2_50_stator_short_1,train,Motor-2,vibration,vibration,50,unknown,motor_2_speed_50,stator_winding_fault,1,fault,experimental,unknown,data/raw/nln_emp/Dataset/Vibration/Motor-2/50/stator short 1/Vibration_Motor-2_50_time-stator short 1-ch1.csv|data/raw/nln_emp/Dataset/Vibration/Motor-2/50/stator short 1/Vibration_Motor-2_50_time-stator short 1-ch2.csv|data/raw/nln_emp/Dataset/Vibration/Motor-2/50/stator short 1/Vibration_Motor-2_50_time-stator short 1-ch3.csv|data/raw/nln_emp/Dataset/Vibration/Motor-2/50/stator short 1/Vibration_Motor-2_50_time-stator short 1-ch4.csv|data/raw/nln_emp/Dataset/Vibration/Motor-2/50/stator short 1/Vibration_Motor-2_50_time-stator short 1-ch5.csv,False,channel_1;nln_overview_verified=True|channel_2;nln_overview_verified=True|channel_3;nln_overview_verified=True|channel_4;nln_overview_verified=True|channel_5;nln_overview_verified=True
nln_emp_leave_one_speed_out,test_speed_75,nln_emp,nln_emp_motor_2_50_stator_short_2_current,nln_emp_motor_2_50_stator_short_2,train,Motor-2,current,current,50,unknown,motor_2_speed_50,stator_winding_fault,1,fault,experimental,unknown,data/raw/nln_emp/Dataset/Electric/Motor-2/50/stator short 2/Electric_Motor-2_50_time-stator short 2-ch1.csv|data/raw/nln_emp/Dataset/Electric/Motor-2/50/stator short 2/Electric_Motor-2_50_time-stator short 2-ch2.csv|data/raw/nln_emp/Dataset/Electric/Motor-2/50/stator short 2/Electric_Motor-2_50_time-stator short 2-ch3.csv|data/raw/nln_emp/Dataset/Electric/Motor-2/50/stator short 2/Electric_Motor-2_50_time-stator short 2-ch4.csv|data/raw/nln_emp/Dataset/Electric/Motor-2/50/stator short 2/Electric_Motor-2_50_time-stator short 2-ch5.csv|data/raw/nln_emp/Dataset/Electric/Motor-2/50/stator short 2/Electric_Motor-2_50_time-stator short 2-ch6.csv,False,channel_1;nln_overview_verified=True|channel_2;nln_overview_verified=True|channel_3;nln_overview_verified=True|channel_4;nln_overview_verified=True|channel_5;nln_overview_verified=True|channel_6;nln_overview_verified=True
nln_emp_leave_one_speed_out,test_speed_75,nln_emp,nln_emp_motor_2_50_stator_short_2_vibration,nln_emp_motor_2_50_stator_short_2,train,Motor-2,vibration,vibration,50,unknown,motor_2_speed_50,stator_winding_fault,1,fault,experimental,unknown,data/raw/nln_emp/Dataset/Vibration/Motor-2/50/stator short 2/Vibration_Motor-2_50_time-stator short 2-ch1.csv|data/raw/nln_emp/Dataset/Vibration/Motor-2/50/stator short 2/Vibration_Motor-2_50_time-stator short 2-ch2.csv|data/raw/nln_emp/Dataset/Vibration/Motor-2/50/stator short 2/Vibration_Motor-2_50_time-stator short 2-ch3.csv|data/raw/nln_emp/Dataset/Vibration/Motor-2/50/stator short 2/Vibration_Motor-2_50_time-stator short 2-ch4.csv|data/raw/nln_emp/Dataset/Vibration/Motor-2/50/stator short 2/Vibration_Motor-2_50_time-stator short 2-ch5.csv,False,channel_1;nln_overview_verified=True|channel_2;nln_overview_verified=True|channel_3;nln_overview_verified=True|channel_4;nln_overview_verified=True|channel_5;nln_overview_verified=True
nln_emp_leave_one_speed_out,test_speed_75,nln_emp,nln_emp_motor_4_70_align_angular_1_current,nln_emp_motor_4_70_align_angular_1,train,Motor-4,current,current,70,unknown,motor_4_speed_70,misalignment,1,fault,experimental,unknown,data/raw/nln_emp/Dataset/Electric/Motor-4/70/align angular 1/Electric_Motor-4_70_time-align angular 1-ch1.csv|data/raw/nln_emp/Dataset/Electric/Motor-4/70/align angular 1/Electric_Motor-4_70_time-align angular 1-ch2.csv|data/raw/nln_emp/Dataset/Electric/Motor-4/70/align angular 1/Electric_Motor-4_70_time-align angular 1-ch3.csv|data/raw/nln_emp/Dataset/Electric/Motor-4/70/align angular 1/Electric_Motor-4_70_time-align angular 1-ch4.csv|data/raw/nln_emp/Dataset/Electric/Motor-4/70/align angular 1/Electric_Motor-4_70_time-align angular 1-ch5.csv|data/raw/nln_emp/Dataset/Electric/Motor-4/70/align angular 1/Electric_Motor-4_70_time-align angular 1-ch6.csv,False,channel_1;nln_overview_verified=True|channel_2;nln_overview_verified=True|channel_3;nln_overview_verified=True|channel_4;nln_overview_verified=True|channel_5;nln_overview_verified=True|channel_6;nln_overview_verified=True
nln_emp_leave_one_speed_out,test_speed_75,nln_emp,nln_emp_motor_4_70_align_angular_1_vibration,nln_emp_motor_4_70_align_angular_1,train,Motor-4,vibration,vibration,70,unknown,motor_4_speed_70,misalignment,1,fault,experimental,unknown,data/raw/nln_emp/Dataset/Vibration/Motor-4/70/align angular 1/Vibration_Motor-4_70_time-align angular 1-ch1.csv|data/raw/nln_emp/Dataset/Vibration/Motor-4/70/align angular 1/Vibration_Motor-4_70_time-align angular 1-ch2.csv|data/raw/nln_emp/Dataset/Vibration/Motor-4/70/align angular 1/Vibration_Motor-4_70_time-align angular 1-ch3.csv|data/raw/nln_emp/Dataset/Vibration/Motor-4/70/align angular 1/Vibration_Motor-4_70_time-align angular 1-ch4.csv|data/raw/nln_emp/Dataset/Vibration/Motor-4/70/align angular 1/Vibration_Motor-4_70_time-align angular 1-ch5.csv,False,channel_1;nln_overview_verified=True|channel_2;nln_overview_verified=True|channel_3;nln_overview_verified=True|channel_4;nln_overview_verified=True|channel_5;nln_overview_verified=True
nln_emp_leave_one_speed_out,test_speed_75,nln_emp,nln_emp_motor_4_70_align_angular_2_current,nln_emp_motor_4_70_align_angular_2,train,Motor-4,current,current,70,unknown,motor_4_speed_70,misalignment,1,fault,experimental,unknown,data/raw/nln_emp/Dataset/Electric/Motor-4/70/align angular 2/Electric_Motor-4_70_time-align angular 2-ch1.csv|data/raw/nln_emp/Dataset/Electric/Motor-4/70/align angular 2/Electric_Motor-4_70_time-align angular 2-ch2.csv|data/raw/nln_emp/Dataset/Electric/Motor-4/70/align angular 2/Electric_Motor-4_70_time-align angular 2-ch3.csv|data/raw/nln_emp/Dataset/Electric/Motor-4/70/align angular 2/Electric_Motor-4_70_time-align angular 2-ch4.csv|data/raw/nln_emp/Dataset/Electric/Motor-4/70/align angular 2/Electric_Motor-4_70_time-align angular 2-ch5.csv|data/raw/nln_emp/Dataset/Electric/Motor-4/70/align angular 2/Electric_Motor-4_70_time-align angular 2-ch6.csv,False,channel_1;nln_overview_verified=True|channel_2;nln_overview_verified=True|channel_3;nln_overview_verified=True|channel_4;nln_overview_verified=True|channel_5;nln_overview_verified=True|channel_6;nln_overview_verified=True
nln_emp_leave_one_speed_out,test_speed_75,nln_emp,nln_emp_motor_4_70_align_angular_2_vibration,nln_emp_motor_4_70_align_angular_2,train,Motor-4,vibration,vibration,70,unknown,motor_4_speed_70,misalignment,1,fault,experimental,unknown,data/raw/nln_emp/Dataset/Vibration/Motor-4/70/align angular 2/Vibration_Motor-4_70_time-align angular 2-ch1.csv|data/raw/nln_emp/Dataset/Vibration/Motor-4/70/align angular 2/Vibration_Motor-4_70_time-align angular 2-ch2.csv|data/raw/nln_emp/Dataset/Vibration/Motor-4/70/align angular 2/Vibration_Motor-4_70_time-align angular 2-ch3.csv|data/raw/nln_emp/Dataset/Vibration/Motor-4/70/align angular 2/Vibration_Motor-4_70_time-align angular 2-ch4.csv|data/raw/nln_emp/Dataset/Vibration/Motor-4/70/align angular 2/Vibration_Motor-4_70_time-align angular 2-ch5.csv,False,channel_1;nln_overview_verified=True|channel_2;nln_overview_verified=True|channel_3;nln_overview_verified=True|channel_4;nln_overview_verified=True|channel_5;nln_overview_verified=True
nln_emp_leave_one_speed_out,test_speed_75,nln_emp,nln_emp_motor_4_70_align_angular_3_current,nln_emp_motor_4_70_align_angular_3,train,Motor-4,current,current,70,unknown,motor_4_speed_70,misalignment,1,fault,experimental,unknown,data/raw/nln_emp/Dataset/Electric/Motor-4/70/align angular 3/Electric_Motor-4_70_time-align angular 3-ch1.csv|data/raw/nln_emp/Dataset/Electric/Motor-4/70/align angular 3/Electric_Motor-4_70_time-align angular 3-ch2.csv|data/raw/nln_emp/Dataset/Electric/Motor-4/70/align angular 3/Electric_Motor-4_70_time-align angular 3-ch3.csv|data/raw/nln_emp/Dataset/Electric/Motor-4/70/align angular 3/Electric_Motor-4_70_time-align angular 3-ch4.csv|data/raw/nln_emp/Dataset/Electric/Motor-4/70/align angular 3/Electric_Motor-4_70_time-align angular 3-ch5.csv|data/raw/nln_emp/Dataset/Electric/Motor-4/70/align angular 3/Electric_Motor-4_70_time-align angular 3-ch6.csv,False,channel_1;nln_overview_verified=True|channel_2;nln_overview_verified=True|channel_3;nln_overview_verified=True|channel_4;nln_overview_verified=True|channel_5;nln_overview_verified=True|channel_6;nln_overview_verified=True
nln_emp_leave_one_speed_out,test_speed_75,nln_emp,nln_emp_motor_4_70_align_angular_3_vibration,nln_emp_motor_4_70_align_angular_3,train,Motor-4,vibration,vibration,70,unknown,motor_4_speed_70,misalignment,1,fault,experimental,unknown,data/raw/nln_emp/Dataset/Vibration/Motor-4/70/align angular 3/Vibration_Motor-4_70_time-align angular 3-ch1.csv|data/raw/nln_emp/Dataset/Vibration/Motor-4/70/align angular 3/Vibration_Motor-4_70_time-align angular 3-ch2.csv|data/raw/nln_emp/Dataset/Vibration/Motor-4/70/align angular 3/Vibration_Motor-4_70_time-align angular 3-ch3.csv|data/raw/nln_emp/Dataset/Vibration/Motor-4/70/align angular 3/Vibration_Motor-4_70_time-align angular 3-ch4.csv|data/raw/nln_emp/Dataset/Vibration/Motor-4/70/align angular 3/Vibration_Motor-4_70_time-align angular 3-ch5.csv,False,channel_1;nln_overview_verified=True|channel_2;nln_overview_verified=True|channel_3;nln_overview_verified=True|channel_4;nln_overview_verified=True|channel_5;nln_overview_verified=True
nln_emp_leave_one_speed_out,test_speed_75,nln_emp,nln_emp_motor_4_70_align_angular_4_current,nln_emp_motor_4_70_align_angular_4,val,Motor-4,current,current,70,unknown,motor_4_speed_70,misalignment,1,fault,experimental,unknown,data/raw/nln_emp/Dataset/Electric/Motor-4/70/align angular 4/Electric_Motor-4_70_time-align angular 4-ch1.csv|data/raw/nln_emp/Dataset/Electric/Motor-4/70/align angular 4/Electric_Motor-4_70_time-align angular 4-ch2.csv|data/raw/nln_emp/Dataset/Electric/Motor-4/70/align angular 4/Electric_Motor-4_70_time-align angular 4-ch3.csv|data/raw/nln_emp/Dataset/Electric/Motor-4/70/align angular 4/Electric_Motor-4_70_time-align angular 4-ch4.csv|data/raw/nln_emp/Dataset/Electric/Motor-4/70/align angular 4/Electric_Motor-4_70_time-align angular 4-ch5.csv|data/raw/nln_emp/Dataset/Electric/Motor-4/70/align angular 4/Electric_Motor-4_70_time-align angular 4-ch6.csv,False,channel_1;nln_overview_verified=True|channel_2;nln_overview_verified=True|channel_3;nln_overview_verified=True|channel_4;nln_overview_verified=True|channel_5;nln_overview_verified=True|channel_6;nln_overview_verified=True
nln_emp_leave_one_speed_out,test_speed_75,nln_emp,nln_emp_motor_4_70_align_angular_4_vibration,nln_emp_motor_4_70_align_angular_4,val,Motor-4,vibration,vibration,70,unknown,motor_4_speed_70,misalignment,1,fault,experimental,unknown,data/raw/nln_emp/Dataset/Vibration/Motor-4/70/align angular 4/Vibration_Motor-4_70_time-align angular 4-ch1.csv|data/raw/nln_emp/Dataset/Vibration/Motor-4/70/align angular 4/Vibration_Motor-4_70_time-align angular 4-ch2.csv|data/raw/nln_emp/Dataset/Vibration/Motor-4/70/align angular 4/Vibration_Motor-4_70_time-align angular 4-ch3.csv|data/raw/nln_emp/Dataset/Vibration/Motor-4/70/align angular 4/Vibration_Motor-4_70_time-align angular 4-ch4.csv|data/raw/nln_emp/Dataset/Vibration/Motor-4/70/align angular 4/Vibration_Motor-4_70_time-align angular 4-ch5.csv,False,channel_1;nln_overview_verified=True|channel_2;nln_overview_verified=True|channel_3;nln_overview_verified=True|channel_4;nln_overview_verified=True|channel_5;nln_overview_verified=True
nln_emp_leave_one_speed_out,test_speed_75,nln_emp,nln_emp_motor_4_70_align_angular_5_current,nln_emp_motor_4_70_align_angular_5,train,Motor-4,current,current,70,unknown,motor_4_speed_70,misalignment,1,fault,experimental,unknown,data/raw/nln_emp/Dataset/Electric/Motor-4/70/align angular 5/Electric_Motor-4_70_time-align angular 5-ch1.csv|data/raw/nln_emp/Dataset/Electric/Motor-4/70/align angular 5/Electric_Motor-4_70_time-align angular 5-ch2.csv|data/raw/nln_emp/Dataset/Electric/Motor-4/70/align angular 5/Electric_Motor-4_70_time-align angular 5-ch3.csv|data/raw/nln_emp/Dataset/Electric/Motor-4/70/align angular 5/Electric_Motor-4_70_time-align angular 5-ch4.csv|data/raw/nln_emp/Dataset/Electric/Motor-4/70/align angular 5/Electric_Motor-4_70_time-align angular 5-ch5.csv|data/raw/nln_emp/Dataset/Electric/Motor-4/70/align angular 5/Electric_Motor-4_70_time-align angular 5-ch6.csv,False,channel_1;nln_overview_verified=True|channel_2;nln_overview_verified=True|channel_3;nln_overview_verified=True|channel_4;nln_overview_verified=True|channel_5;nln_overview_verified=True|channel_6;nln_overview_verified=True
nln_emp_leave_one_speed_out,test_speed_75,nln_emp,nln_emp_motor_4_70_align_angular_5_vibration,nln_emp_motor_4_70_align_angular_5,train,Motor-4,vibration,vibration,70,unknown,motor_4_speed_70,misalignment,1,fault,experimental,unknown,data/raw/nln_emp/Dataset/Vibration/Motor-4/70/align angular 5/Vibration_Motor-4_70_time-align angular 5-ch1.csv|data/raw/nln_emp/Dataset/Vibration/Motor-4/70/align angular 5/Vibration_Motor-4_70_time-align angular 5-ch2.csv|data/raw/nln_emp/Dataset/Vibration/Motor-4/70/align angular 5/Vibration_Motor-4_70_time-align angular 5-ch3.csv|data/raw/nln_emp/Dataset/Vibration/Motor-4/70/align angular 5/Vibration_Motor-4_70_time-align angular 5-ch4.csv|data/raw/nln_emp/Dataset/Vibration/Motor-4/70/align angular 5/Vibration_Motor-4_70_time-align angular 5-ch5.csv,False,channel_1;nln_overview_verified=True|channel_2;nln_overview_verified=True|channel_3;nln_overview_verified=True|channel_4;nln_overview_verified=True|channel_5;nln_overview_verified=True
nln_emp_leave_one_speed_out,test_speed_75,nln_emp,nln_emp_motor_4_70_align_combination_1_current,nln_emp_motor_4_70_align_combination_1,train,Motor-4,current,current,70,unknown,motor_4_speed_70,misalignment,2,fault,experimental,unknown,data/raw/nln_emp/Dataset/Electric/Motor-4/70/align combination 1/Electric_Motor-4_70_time-align combination 1-ch1.csv|data/raw/nln_emp/Dataset/Electric/Motor-4/70/align combination 1/Electric_Motor-4_70_time-align combination 1-ch2.csv|data/raw/nln_emp/Dataset/Electric/Motor-4/70/align combination 1/Electric_Motor-4_70_time-align combination 1-ch3.csv|data/raw/nln_emp/Dataset/Electric/Motor-4/70/align combination 1/Electric_Motor-4_70_time-align combination 1-ch4.csv|data/raw/nln_emp/Dataset/Electric/Motor-4/70/align combination 1/Electric_Motor-4_70_time-align combination 1-ch5.csv|data/raw/nln_emp/Dataset/Electric/Motor-4/70/align combination 1/Electric_Motor-4_70_time-align combination 1-ch6.csv,False,channel_1;nln_overview_verified=True|channel_2;nln_overview_verified=True|channel_3;nln_overview_verified=True|channel_4;nln_overview_verified=True|channel_5;nln_overview_verified=True|channel_6;nln_overview_verified=True
nln_emp_leave_one_speed_out,test_speed_75,nln_emp,nln_emp_motor_4_70_align_combination_1_vibration,nln_emp_motor_4_70_align_combination_1,train,Motor-4,vibration,vibration,70,unknown,motor_4_speed_70,misalignment,2,fault,experimental,unknown,data/raw/nln_emp/Dataset/Vibration/Motor-4/70/align combination 1/Vibration_Motor-4_70_time-align combination 1-ch1.csv|data/raw/nln_emp/Dataset/Vibration/Motor-4/70/align combination 1/Vibration_Motor-4_70_time-align combination 1-ch2.csv|data/raw/nln_emp/Dataset/Vibration/Motor-4/70/align combination 1/Vibration_Motor-4_70_time-align combination 1-ch3.csv|data/raw/nln_emp/Dataset/Vibration/Motor-4/70/align combination 1/Vibration_Motor-4_70_time-align combination 1-ch4.csv|data/raw/nln_emp/Dataset/Vibration/Motor-4/70/align combination 1/Vibration_Motor-4_70_time-align combination 1-ch5.csv,False,channel_1;nln_overview_verified=True|channel_2;nln_overview_verified=True|channel_3;nln_overview_verified=True|channel_4;nln_overview_verified=True|channel_5;nln_overview_verified=True
nln_emp_leave_one_speed_out,test_speed_75,nln_emp,nln_emp_motor_4_70_align_combination_2_current,nln_emp_motor_4_70_align_combination_2,train,Motor-4,current,current,70,unknown,motor_4_speed_70,misalignment,2,fault,experimental,unknown,data/raw/nln_emp/Dataset/Electric/Motor-4/70/align combination 2/Electric_Motor-4_70_time-align combination 2-ch1.csv|data/raw/nln_emp/Dataset/Electric/Motor-4/70/align combination 2/Electric_Motor-4_70_time-align combination 2-ch2.csv|data/raw/nln_emp/Dataset/Electric/Motor-4/70/align combination 2/Electric_Motor-4_70_time-align combination 2-ch3.csv|data/raw/nln_emp/Dataset/Electric/Motor-4/70/align combination 2/Electric_Motor-4_70_time-align combination 2-ch4.csv|data/raw/nln_emp/Dataset/Electric/Motor-4/70/align combination 2/Electric_Motor-4_70_time-align combination 2-ch5.csv|data/raw/nln_emp/Dataset/Electric/Motor-4/70/align combination 2/Electric_Motor-4_70_time-align combination 2-ch6.csv,False,channel_1;nln_overview_verified=True|channel_2;nln_overview_verified=True|channel_3;nln_overview_verified=True|channel_4;nln_overview_verified=True|channel_5;nln_overview_verified=True|channel_6;nln_overview_verified=True
nln_emp_leave_one_speed_out,test_speed_75,nln_emp,nln_emp_motor_4_70_align_combination_2_vibration,nln_emp_motor_4_70_align_combination_2,train,Motor-4,vibration,vibration,70,unknown,motor_4_speed_70,misalignment,2,fault,experimental,unknown,data/raw/nln_emp/Dataset/Vibration/Motor-4/70/align combination 2/Vibration_Motor-4_70_time-align combination 2-ch1.csv|data/raw/nln_emp/Dataset/Vibration/Motor-4/70/align combination 2/Vibration_Motor-4_70_time-align combination 2-ch2.csv|data/raw/nln_emp/Dataset/Vibration/Motor-4/70/align combination 2/Vibration_Motor-4_70_time-align combination 2-ch3.csv|data/raw/nln_emp/Dataset/Vibration/Motor-4/70/align combination 2/Vibration_Motor-4_70_time-align combination 2-ch4.csv|data/raw/nln_emp/Dataset/Vibration/Motor-4/70/align combination 2/Vibration_Motor-4_70_time-align combination 2-ch5.csv,False,channel_1;nln_overview_verified=True|channel_2;nln_overview_verified=True|channel_3;nln_overview_verified=True|channel_4;nln_overview_verified=True|channel_5;nln_overview_verified=True
nln_emp_leave_one_speed_out,test_speed_75,nln_emp,nln_emp_motor_4_70_align_combination_3_current,nln_emp_motor_4_70_align_combination_3,train,Motor-4,current,current,70,unknown,motor_4_speed_70,misalignment,2,fault,experimental,unknown,data/raw/nln_emp/Dataset/Electric/Motor-4/70/align combination 3/Electric_Motor-4_70_time-align combination 3-ch1.csv|data/raw/nln_emp/Dataset/Electric/Motor-4/70/align combination 3/Electric_Motor-4_70_time-align combination 3-ch2.csv|data/raw/nln_emp/Dataset/Electric/Motor-4/70/align combination 3/Electric_Motor-4_70_time-align combination 3-ch3.csv|data/raw/nln_emp/Dataset/Electric/Motor-4/70/align combination 3/Electric_Motor-4_70_time-align combination 3-ch4.csv|data/raw/nln_emp/Dataset/Electric/Motor-4/70/align combination 3/Electric_Motor-4_70_time-align combination 3-ch5.csv|data/raw/nln_emp/Dataset/Electric/Motor-4/70/align combination 3/Electric_Motor-4_70_time-align combination 3-ch6.csv,False,channel_1;nln_overview_verified=True|channel_2;nln_overview_verified=True|channel_3;nln_overview_verified=True|channel_4;nln_overview_verified=True|channel_5;nln_overview_verified=True|channel_6;nln_overview_verified=True
nln_emp_leave_one_speed_out,test_speed_75,nln_emp,nln_emp_motor_4_70_align_combination_3_vibration,nln_emp_motor_4_70_align_combination_3,train,Motor-4,vibration,vibration,70,unknown,motor_4_speed_70,misalignment,2,fault,experimental,unknown,data/raw/nln_emp/Dataset/Vibration/Motor-4/70/align combination 3/Vibration_Motor-4_70_time-align combination 3-ch1.csv|data/raw/nln_emp/Dataset/Vibration/Motor-4/70/align combination 3/Vibration_Motor-4_70_time-align combination 3-ch2.csv|data/raw/nln_emp/Dataset/Vibration/Motor-4/70/align combination 3/Vibration_Motor-4_70_time-align combination 3-ch3.csv|data/raw/nln_emp/Dataset/Vibration/Motor-4/70/align combination 3/Vibration_Motor-4_70_time-align combination 3-ch4.csv|data/raw/nln_emp/Dataset/Vibration/Motor-4/70/align combination 3/Vibration_Motor-4_70_time-align combination 3-ch5.csv,False,channel_1;nln_overview_verified=True|channel_2;nln_overview_verified=True|channel_3;nln_overview_verified=True|channel_4;nln_overview_verified=True|channel_5;nln_overview_verified=True
nln_emp_leave_one_speed_out,test_speed_75,nln_emp,nln_emp_motor_4_70_align_combination_4_current,nln_emp_motor_4_70_align_combination_4,train,Motor-4,current,current,70,unknown,motor_4_speed_70,misalignment,2,fault,experimental,unknown,data/raw/nln_emp/Dataset/Electric/Motor-4/70/align combination 4/Electric_Motor-4_70_time-align combination 4-ch1.csv|data/raw/nln_emp/Dataset/Electric/Motor-4/70/align combination 4/Electric_Motor-4_70_time-align combination 4-ch2.csv|data/raw/nln_emp/Dataset/Electric/Motor-4/70/align combination 4/Electric_Motor-4_70_time-align combination 4-ch3.csv|data/raw/nln_emp/Dataset/Electric/Motor-4/70/align combination 4/Electric_Motor-4_70_time-align combination 4-ch4.csv|data/raw/nln_emp/Dataset/Electric/Motor-4/70/align combination 4/Electric_Motor-4_70_time-align combination 4-ch5.csv|data/raw/nln_emp/Dataset/Electric/Motor-4/70/align combination 4/Electric_Motor-4_70_time-align combination 4-ch6.csv,False,channel_1;nln_overview_verified=True|channel_2;nln_overview_verified=True|channel_3;nln_overview_verified=True|channel_4;nln_overview_verified=True|channel_5;nln_overview_verified=True|channel_6;nln_overview_verified=True
nln_emp_leave_one_speed_out,test_speed_75,nln_emp,nln_emp_motor_4_70_align_combination_4_vibration,nln_emp_motor_4_70_align_combination_4,train,Motor-4,vibration,vibration,70,unknown,motor_4_speed_70,misalignment,2,fault,experimental,unknown,data/raw/nln_emp/Dataset/Vibration/Motor-4/70/align combination 4/Vibration_Motor-4_70_time-align combination 4-ch1.csv|data/raw/nln_emp/Dataset/Vibration/Motor-4/70/align combination 4/Vibration_Motor-4_70_time-align combination 4-ch2.csv|data/raw/nln_emp/Dataset/Vibration/Motor-4/70/align combination 4/Vibration_Motor-4_70_time-align combination 4-ch3.csv|data/raw/nln_emp/Dataset/Vibration/Motor-4/70/align combination 4/Vibration_Motor-4_70_time-align combination 4-ch4.csv|data/raw/nln_emp/Dataset/Vibration/Motor-4/70/align combination 4/Vibration_Motor-4_70_time-align combination 4-ch5.csv,False,channel_1;nln_overview_verified=True|channel_2;nln_overview_verified=True|channel_3;nln_overview_verified=True|channel_4;nln_overview_verified=True|channel_5;nln_overview_verified=True
nln_emp_leave_one_speed_out,test_speed_75,nln_emp,nln_emp_motor_4_70_align_parallel_1_current,nln_emp_motor_4_70_align_parallel_1,train,Motor-4,current,current,70,unknown,motor_4_speed_70,misalignment,1,fault,experimental,unknown,data/raw/nln_emp/Dataset/Electric/Motor-4/70/align parallel 1/Electric_Motor-4_70_time-align parallel 1-ch1.csv|data/raw/nln_emp/Dataset/Electric/Motor-4/70/align parallel 1/Electric_Motor-4_70_time-align parallel 1-ch2.csv|data/raw/nln_emp/Dataset/Electric/Motor-4/70/align parallel 1/Electric_Motor-4_70_time-align parallel 1-ch3.csv|data/raw/nln_emp/Dataset/Electric/Motor-4/70/align parallel 1/Electric_Motor-4_70_time-align parallel 1-ch4.csv|data/raw/nln_emp/Dataset/Electric/Motor-4/70/align parallel 1/Electric_Motor-4_70_time-align parallel 1-ch5.csv|data/raw/nln_emp/Dataset/Electric/Motor-4/70/align parallel 1/Electric_Motor-4_70_time-align parallel 1-ch6.csv,False,channel_1;nln_overview_verified=True|channel_2;nln_overview_verified=True|channel_3;nln_overview_verified=True|channel_4;nln_overview_verified=True|channel_5;nln_overview_verified=True|channel_6;nln_overview_verified=True
nln_emp_leave_one_speed_out,test_speed_75,nln_emp,nln_emp_motor_4_70_align_parallel_1_vibration,nln_emp_motor_4_70_align_parallel_1,train,Motor-4,vibration,vibration,70,unknown,motor_4_speed_70,misalignment,1,fault,experimental,unknown,data/raw/nln_emp/Dataset/Vibration/Motor-4/70/align parallel 1/Vibration_Motor-4_70_time-align parallel 1-ch1.csv|data/raw/nln_emp/Dataset/Vibration/Motor-4/70/align parallel 1/Vibration_Motor-4_70_time-align parallel 1-ch2.csv|data/raw/nln_emp/Dataset/Vibration/Motor-4/70/align parallel 1/Vibration_Motor-4_70_time-align parallel 1-ch3.csv|data/raw/nln_emp/Dataset/Vibration/Motor-4/70/align parallel 1/Vibration_Motor-4_70_time-align parallel 1-ch4.csv|data/raw/nln_emp/Dataset/Vibration/Motor-4/70/align parallel 1/Vibration_Motor-4_70_time-align parallel 1-ch5.csv,False,channel_1;nln_overview_verified=True|channel_2;nln_overview_verified=True|channel_3;nln_overview_verified=True|channel_4;nln_overview_verified=True|channel_5;nln_overview_verified=True
nln_emp_leave_one_speed_out,test_speed_75,nln_emp,nln_emp_motor_4_70_align_parallel_2_current,nln_emp_motor_4_70_align_parallel_2,val,Motor-4,current,current,70,unknown,motor_4_speed_70,misalignment,1,fault,experimental,unknown,data/raw/nln_emp/Dataset/Electric/Motor-4/70/align parallel 2/Electric_Motor-4_70_time-align parallel 2-ch1.csv|data/raw/nln_emp/Dataset/Electric/Motor-4/70/align parallel 2/Electric_Motor-4_70_time-align parallel 2-ch2.csv|data/raw/nln_emp/Dataset/Electric/Motor-4/70/align parallel 2/Electric_Motor-4_70_time-align parallel 2-ch3.csv|data/raw/nln_emp/Dataset/Electric/Motor-4/70/align parallel 2/Electric_Motor-4_70_time-align parallel 2-ch4.csv|data/raw/nln_emp/Dataset/Electric/Motor-4/70/align parallel 2/Electric_Motor-4_70_time-align parallel 2-ch5.csv|data/raw/nln_emp/Dataset/Electric/Motor-4/70/align parallel 2/Electric_Motor-4_70_time-align parallel 2-ch6.csv,False,channel_1;nln_overview_verified=True|channel_2;nln_overview_verified=True|channel_3;nln_overview_verified=True|channel_4;nln_overview_verified=True|channel_5;nln_overview_verified=True|channel_6;nln_overview_verified=True
nln_emp_leave_one_speed_out,test_speed_75,nln_emp,nln_emp_motor_4_70_align_parallel_2_vibration,nln_emp_motor_4_70_align_parallel_2,val,Motor-4,vibration,vibration,70,unknown,motor_4_speed_70,misalignment,1,fault,experimental,unknown,data/raw/nln_emp/Dataset/Vibration/Motor-4/70/align parallel 2/Vibration_Motor-4_70_time-align parallel 2-ch1.csv|data/raw/nln_emp/Dataset/Vibration/Motor-4/70/align parallel 2/Vibration_Motor-4_70_time-align parallel 2-ch2.csv|data/raw/nln_emp/Dataset/Vibration/Motor-4/70/align parallel 2/Vibration_Motor-4_70_time-align parallel 2-ch3.csv|data/raw/nln_emp/Dataset/Vibration/Motor-4/70/align parallel 2/Vibration_Motor-4_70_time-align parallel 2-ch4.csv|data/raw/nln_emp/Dataset/Vibration/Motor-4/70/align parallel 2/Vibration_Motor-4_70_time-align parallel 2-ch5.csv,False,channel_1;nln_overview_verified=True|channel_2;nln_overview_verified=True|channel_3;nln_overview_verified=True|channel_4;nln_overview_verified=True|channel_5;nln_overview_verified=True
nln_emp_leave_one_speed_out,test_speed_75,nln_emp,nln_emp_motor_4_70_align_parallel_3_current,nln_emp_motor_4_70_align_parallel_3,train,Motor-4,current,current,70,unknown,motor_4_speed_70,misalignment,1,fault,experimental,unknown,data/raw/nln_emp/Dataset/Electric/Motor-4/70/align parallel 3/Electric_Motor-4_70_time-align parallel 3-ch1.csv|data/raw/nln_emp/Dataset/Electric/Motor-4/70/align parallel 3/Electric_Motor-4_70_time-align parallel 3-ch2.csv|data/raw/nln_emp/Dataset/Electric/Motor-4/70/align parallel 3/Electric_Motor-4_70_time-align parallel 3-ch3.csv|data/raw/nln_emp/Dataset/Electric/Motor-4/70/align parallel 3/Electric_Motor-4_70_time-align parallel 3-ch4.csv|data/raw/nln_emp/Dataset/Electric/Motor-4/70/align parallel 3/Electric_Motor-4_70_time-align parallel 3-ch5.csv|data/raw/nln_emp/Dataset/Electric/Motor-4/70/align parallel 3/Electric_Motor-4_70_time-align parallel 3-ch6.csv,False,channel_1;nln_overview_verified=True|channel_2;nln_overview_verified=True|channel_3;nln_overview_verified=True|channel_4;nln_overview_verified=True|channel_5;nln_overview_verified=True|channel_6;nln_overview_verified=True
nln_emp_leave_one_speed_out,test_speed_75,nln_emp,nln_emp_motor_4_70_align_parallel_3_vibration,nln_emp_motor_4_70_align_parallel_3,train,Motor-4,vibration,vibration,70,unknown,motor_4_speed_70,misalignment,1,fault,experimental,unknown,data/raw/nln_emp/Dataset/Vibration/Motor-4/70/align parallel 3/Vibration_Motor-4_70_time-align parallel 3-ch1.csv|data/raw/nln_emp/Dataset/Vibration/Motor-4/70/align parallel 3/Vibration_Motor-4_70_time-align parallel 3-ch2.csv|data/raw/nln_emp/Dataset/Vibration/Motor-4/70/align parallel 3/Vibration_Motor-4_70_time-align parallel 3-ch3.csv|data/raw/nln_emp/Dataset/Vibration/Motor-4/70/align parallel 3/Vibration_Motor-4_70_time-align parallel 3-ch4.csv|data/raw/nln_emp/Dataset/Vibration/Motor-4/70/align parallel 3/Vibration_Motor-4_70_time-align parallel 3-ch5.csv,False,channel_1;nln_overview_verified=True|channel_2;nln_overview_verified=True|channel_3;nln_overview_verified=True|channel_4;nln_overview_verified=True|channel_5;nln_overview_verified=True
nln_emp_leave_one_speed_out,test_speed_75,nln_emp,nln_emp_motor_4_70_align_parallel_4_current,nln_emp_motor_4_70_align_parallel_4,train,Motor-4,current,current,70,unknown,motor_4_speed_70,misalignment,1,fault,experimental,unknown,data/raw/nln_emp/Dataset/Electric/Motor-4/70/align parallel 4/Electric_Motor-4_70_time-align parallel 4-ch1.csv|data/raw/nln_emp/Dataset/Electric/Motor-4/70/align parallel 4/Electric_Motor-4_70_time-align parallel 4-ch2.csv|data/raw/nln_emp/Dataset/Electric/Motor-4/70/align parallel 4/Electric_Motor-4_70_time-align parallel 4-ch3.csv|data/raw/nln_emp/Dataset/Electric/Motor-4/70/align parallel 4/Electric_Motor-4_70_time-align parallel 4-ch4.csv|data/raw/nln_emp/Dataset/Electric/Motor-4/70/align parallel 4/Electric_Motor-4_70_time-align parallel 4-ch5.csv|data/raw/nln_emp/Dataset/Electric/Motor-4/70/align parallel 4/Electric_Motor-4_70_time-align parallel 4-ch6.csv,False,channel_1;nln_overview_verified=True|channel_2;nln_overview_verified=True|channel_3;nln_overview_verified=True|channel_4;nln_overview_verified=True|channel_5;nln_overview_verified=True|channel_6;nln_overview_verified=True
nln_emp_leave_one_speed_out,test_speed_75,nln_emp,nln_emp_motor_4_70_align_parallel_4_vibration,nln_emp_motor_4_70_align_parallel_4,train,Motor-4,vibration,vibration,70,unknown,motor_4_speed_70,misalignment,1,fault,experimental,unknown,data/raw/nln_emp/Dataset/Vibration/Motor-4/70/align parallel 4/Vibration_Motor-4_70_time-align parallel 4-ch1.csv|data/raw/nln_emp/Dataset/Vibration/Motor-4/70/align parallel 4/Vibration_Motor-4_70_time-align parallel 4-ch2.csv|data/raw/nln_emp/Dataset/Vibration/Motor-4/70/align parallel 4/Vibration_Motor-4_70_time-align parallel 4-ch3.csv|data/raw/nln_emp/Dataset/Vibration/Motor-4/70/align parallel 4/Vibration_Motor-4_70_time-align parallel 4-ch4.csv|data/raw/nln_emp/Dataset/Vibration/Motor-4/70/align parallel 4/Vibration_Motor-4_70_time-align parallel 4-ch5.csv,False,channel_1;nln_overview_verified=True|channel_2;nln_overview_verified=True|channel_3;nln_overview_verified=True|channel_4;nln_overview_verified=True|channel_5;nln_overview_verified=True
nln_emp_leave_one_speed_out,test_speed_75,nln_emp,nln_emp_motor_4_70_bent_shaft_current,nln_emp_motor_4_70_bent_shaft,train,Motor-4,current,current,70,unknown,motor_4_speed_70,bent_shaft,unknown,fault,experimental,unknown,data/raw/nln_emp/Dataset/Electric/Motor-4/70/bent shaft/Electric_Motor-4_70_time-bent shaft-ch1.csv|data/raw/nln_emp/Dataset/Electric/Motor-4/70/bent shaft/Electric_Motor-4_70_time-bent shaft-ch2.csv|data/raw/nln_emp/Dataset/Electric/Motor-4/70/bent shaft/Electric_Motor-4_70_time-bent shaft-ch3.csv|data/raw/nln_emp/Dataset/Electric/Motor-4/70/bent shaft/Electric_Motor-4_70_time-bent shaft-ch4.csv|data/raw/nln_emp/Dataset/Electric/Motor-4/70/bent shaft/Electric_Motor-4_70_time-bent shaft-ch5.csv|data/raw/nln_emp/Dataset/Electric/Motor-4/70/bent shaft/Electric_Motor-4_70_time-bent shaft-ch6.csv,False,channel_1;nln_overview_verified=True|channel_2;nln_overview_verified=True|channel_3;nln_overview_verified=True|channel_4;nln_overview_verified=True|channel_5;nln_overview_verified=True|channel_6;nln_overview_verified=True
nln_emp_leave_one_speed_out,test_speed_75,nln_emp,nln_emp_motor_4_70_bent_shaft_vibration,nln_emp_motor_4_70_bent_shaft,train,Motor-4,vibration,vibration,70,unknown,motor_4_speed_70,bent_shaft,unknown,fault,experimental,unknown,data/raw/nln_emp/Dataset/Vibration/Motor-4/70/bent shaft/Vibration_Motor-4_70_time-bent shaft-ch1.csv|data/raw/nln_emp/Dataset/Vibration/Motor-4/70/bent shaft/Vibration_Motor-4_70_time-bent shaft-ch2.csv|data/raw/nln_emp/Dataset/Vibration/Motor-4/70/bent shaft/Vibration_Motor-4_70_time-bent shaft-ch3.csv|data/raw/nln_emp/Dataset/Vibration/Motor-4/70/bent shaft/Vibration_Motor-4_70_time-bent shaft-ch4.csv|data/raw/nln_emp/Dataset/Vibration/Motor-4/70/bent shaft/Vibration_Motor-4_70_time-bent shaft-ch5.csv,False,channel_1;nln_overview_verified=True|channel_2;nln_overview_verified=True|channel_3;nln_overview_verified=True|channel_4;nln_overview_verified=True|channel_5;nln_overview_verified=True
nln_emp_leave_one_speed_out,test_speed_75,nln_emp,nln_emp_motor_4_70_cavitation_discharge_1_current,nln_emp_motor_4_70_cavitation_discharge_1,train,Motor-4,current,current,70,unknown,motor_4_speed_70,cavitation,3,fault,experimental,unknown,data/raw/nln_emp/Dataset/Electric/Motor-4/70/cavitation discharge 1/Electric_Motor-4_70_time-cavitation discharge 1-ch1.csv|data/raw/nln_emp/Dataset/Electric/Motor-4/70/cavitation discharge 1/Electric_Motor-4_70_time-cavitation discharge 1-ch2.csv|data/raw/nln_emp/Dataset/Electric/Motor-4/70/cavitation discharge 1/Electric_Motor-4_70_time-cavitation discharge 1-ch3.csv|data/raw/nln_emp/Dataset/Electric/Motor-4/70/cavitation discharge 1/Electric_Motor-4_70_time-cavitation discharge 1-ch4.csv|data/raw/nln_emp/Dataset/Electric/Motor-4/70/cavitation discharge 1/Electric_Motor-4_70_time-cavitation discharge 1-ch5.csv|data/raw/nln_emp/Dataset/Electric/Motor-4/70/cavitation discharge 1/Electric_Motor-4_70_time-cavitation discharge 1-ch6.csv,False,channel_1;nln_overview_verified=True|channel_2;nln_overview_verified=True|channel_3;nln_overview_verified=True|channel_4;nln_overview_verified=True|channel_5;nln_overview_verified=True|channel_6;nln_overview_verified=True
nln_emp_leave_one_speed_out,test_speed_75,nln_emp,nln_emp_motor_4_70_cavitation_discharge_1_vibration,nln_emp_motor_4_70_cavitation_discharge_1,train,Motor-4,vibration,vibration,70,unknown,motor_4_speed_70,cavitation,3,fault,experimental,unknown,data/raw/nln_emp/Dataset/Vibration/Motor-4/70/cavitation discharge 1/Vibration_Motor-4_70_time-cavitation discharge 1-ch1.csv|data/raw/nln_emp/Dataset/Vibration/Motor-4/70/cavitation discharge 1/Vibration_Motor-4_70_time-cavitation discharge 1-ch2.csv|data/raw/nln_emp/Dataset/Vibration/Motor-4/70/cavitation discharge 1/Vibration_Motor-4_70_time-cavitation discharge 1-ch3.csv|data/raw/nln_emp/Dataset/Vibration/Motor-4/70/cavitation discharge 1/Vibration_Motor-4_70_time-cavitation discharge 1-ch4.csv|data/raw/nln_emp/Dataset/Vibration/Motor-4/70/cavitation discharge 1/Vibration_Motor-4_70_time-cavitation discharge 1-ch5.csv,False,channel_1;nln_overview_verified=True|channel_2;nln_overview_verified=True|channel_3;nln_overview_verified=True|channel_4;nln_overview_verified=True|channel_5;nln_overview_verified=True
nln_emp_leave_one_speed_out,test_speed_75,nln_emp,nln_emp_motor_4_70_cavitation_discharge_2_current,nln_emp_motor_4_70_cavitation_discharge_2,val,Motor-4,current,current,70,unknown,motor_4_speed_70,cavitation,3,fault,experimental,unknown,data/raw/nln_emp/Dataset/Electric/Motor-4/70/cavitation discharge 2/Electric_Motor-4_70_time-cavitation discharge 2-ch1.csv|data/raw/nln_emp/Dataset/Electric/Motor-4/70/cavitation discharge 2/Electric_Motor-4_70_time-cavitation discharge 2-ch2.csv|data/raw/nln_emp/Dataset/Electric/Motor-4/70/cavitation discharge 2/Electric_Motor-4_70_time-cavitation discharge 2-ch3.csv|data/raw/nln_emp/Dataset/Electric/Motor-4/70/cavitation discharge 2/Electric_Motor-4_70_time-cavitation discharge 2-ch4.csv|data/raw/nln_emp/Dataset/Electric/Motor-4/70/cavitation discharge 2/Electric_Motor-4_70_time-cavitation discharge 2-ch5.csv|data/raw/nln_emp/Dataset/Electric/Motor-4/70/cavitation discharge 2/Electric_Motor-4_70_time-cavitation discharge 2-ch6.csv,False,channel_1;nln_overview_verified=True|channel_2;nln_overview_verified=True|channel_3;nln_overview_verified=True|channel_4;nln_overview_verified=True|channel_5;nln_overview_verified=True|channel_6;nln_overview_verified=True
nln_emp_leave_one_speed_out,test_speed_75,nln_emp,nln_emp_motor_4_70_cavitation_discharge_2_vibration,nln_emp_motor_4_70_cavitation_discharge_2,val,Motor-4,vibration,vibration,70,unknown,motor_4_speed_70,cavitation,3,fault,experimental,unknown,data/raw/nln_emp/Dataset/Vibration/Motor-4/70/cavitation discharge 2/Vibration_Motor-4_70_time-cavitation discharge 2-ch1.csv|data/raw/nln_emp/Dataset/Vibration/Motor-4/70/cavitation discharge 2/Vibration_Motor-4_70_time-cavitation discharge 2-ch2.csv|data/raw/nln_emp/Dataset/Vibration/Motor-4/70/cavitation discharge 2/Vibration_Motor-4_70_time-cavitation discharge 2-ch3.csv|data/raw/nln_emp/Dataset/Vibration/Motor-4/70/cavitation discharge 2/Vibration_Motor-4_70_time-cavitation discharge 2-ch4.csv|data/raw/nln_emp/Dataset/Vibration/Motor-4/70/cavitation discharge 2/Vibration_Motor-4_70_time-cavitation discharge 2-ch5.csv,False,channel_1;nln_overview_verified=True|channel_2;nln_overview_verified=True|channel_3;nln_overview_verified=True|channel_4;nln_overview_verified=True|channel_5;nln_overview_verified=True
nln_emp_leave_one_speed_out,test_speed_75,nln_emp,nln_emp_motor_4_70_cavitation_discharge_3_current,nln_emp_motor_4_70_cavitation_discharge_3,train,Motor-4,current,current,70,unknown,motor_4_speed_70,cavitation,3,fault,experimental,unknown,data/raw/nln_emp/Dataset/Electric/Motor-4/70/cavitation discharge 3/Electric_Motor-4_70_time-cavitation discharge 3-ch1.csv|data/raw/nln_emp/Dataset/Electric/Motor-4/70/cavitation discharge 3/Electric_Motor-4_70_time-cavitation discharge 3-ch2.csv|data/raw/nln_emp/Dataset/Electric/Motor-4/70/cavitation discharge 3/Electric_Motor-4_70_time-cavitation discharge 3-ch3.csv|data/raw/nln_emp/Dataset/Electric/Motor-4/70/cavitation discharge 3/Electric_Motor-4_70_time-cavitation discharge 3-ch4.csv|data/raw/nln_emp/Dataset/Electric/Motor-4/70/cavitation discharge 3/Electric_Motor-4_70_time-cavitation discharge 3-ch5.csv|data/raw/nln_emp/Dataset/Electric/Motor-4/70/cavitation discharge 3/Electric_Motor-4_70_time-cavitation discharge 3-ch6.csv,False,channel_1;nln_overview_verified=True|channel_2;nln_overview_verified=True|channel_3;nln_overview_verified=True|channel_4;nln_overview_verified=True|channel_5;nln_overview_verified=True|channel_6;nln_overview_verified=True
nln_emp_leave_one_speed_out,test_speed_75,nln_emp,nln_emp_motor_4_70_cavitation_discharge_3_vibration,nln_emp_motor_4_70_cavitation_discharge_3,train,Motor-4,vibration,vibration,70,unknown,motor_4_speed_70,cavitation,3,fault,experimental,unknown,data/raw/nln_emp/Dataset/Vibration/Motor-4/70/cavitation discharge 3/Vibration_Motor-4_70_time-cavitation discharge 3-ch1.csv|data/raw/nln_emp/Dataset/Vibration/Motor-4/70/cavitation discharge 3/Vibration_Motor-4_70_time-cavitation discharge 3-ch2.csv|data/raw/nln_emp/Dataset/Vibration/Motor-4/70/cavitation discharge 3/Vibration_Motor-4_70_time-cavitation discharge 3-ch3.csv|data/raw/nln_emp/Dataset/Vibration/Motor-4/70/cavitation discharge 3/Vibration_Motor-4_70_time-cavitation discharge 3-ch4.csv|data/raw/nln_emp/Dataset/Vibration/Motor-4/70/cavitation discharge 3/Vibration_Motor-4_70_time-cavitation discharge 3-ch5.csv,False,channel_1;nln_overview_verified=True|channel_2;nln_overview_verified=True|channel_3;nln_overview_verified=True|channel_4;nln_overview_verified=True|channel_5;nln_overview_verified=True
nln_emp_leave_one_speed_out,test_speed_75,nln_emp,nln_emp_motor_4_70_cavitation_discharge_4_current,nln_emp_motor_4_70_cavitation_discharge_4,train,Motor-4,current,current,70,unknown,motor_4_speed_70,cavitation,3,fault,experimental,unknown,data/raw/nln_emp/Dataset/Electric/Motor-4/70/cavitation discharge 4/Electric_Motor-4_70_time-cavitation discharge 4-ch1.csv|data/raw/nln_emp/Dataset/Electric/Motor-4/70/cavitation discharge 4/Electric_Motor-4_70_time-cavitation discharge 4-ch2.csv|data/raw/nln_emp/Dataset/Electric/Motor-4/70/cavitation discharge 4/Electric_Motor-4_70_time-cavitation discharge 4-ch3.csv|data/raw/nln_emp/Dataset/Electric/Motor-4/70/cavitation discharge 4/Electric_Motor-4_70_time-cavitation discharge 4-ch4.csv|data/raw/nln_emp/Dataset/Electric/Motor-4/70/cavitation discharge 4/Electric_Motor-4_70_time-cavitation discharge 4-ch5.csv|data/raw/nln_emp/Dataset/Electric/Motor-4/70/cavitation discharge 4/Electric_Motor-4_70_time-cavitation discharge 4-ch6.csv,False,channel_1;nln_overview_verified=True|channel_2;nln_overview_verified=True|channel_3;nln_overview_verified=True|channel_4;nln_overview_verified=True|channel_5;nln_overview_verified=True|channel_6;nln_overview_verified=True
nln_emp_leave_one_speed_out,test_speed_75,nln_emp,nln_emp_motor_4_70_cavitation_discharge_4_vibration,nln_emp_motor_4_70_cavitation_discharge_4,train,Motor-4,vibration,vibration,70,unknown,motor_4_speed_70,cavitation,3,fault,experimental,unknown,data/raw/nln_emp/Dataset/Vibration/Motor-4/70/cavitation discharge 4/Vibration_Motor-4_70_time-cavitation discharge 4-ch1.csv|data/raw/nln_emp/Dataset/Vibration/Motor-4/70/cavitation discharge 4/Vibration_Motor-4_70_time-cavitation discharge 4-ch2.csv|data/raw/nln_emp/Dataset/Vibration/Motor-4/70/cavitation discharge 4/Vibration_Motor-4_70_time-cavitation discharge 4-ch3.csv|data/raw/nln_emp/Dataset/Vibration/Motor-4/70/cavitation discharge 4/Vibration_Motor-4_70_time-cavitation discharge 4-ch4.csv|data/raw/nln_emp/Dataset/Vibration/Motor-4/70/cavitation discharge 4/Vibration_Motor-4_70_time-cavitation discharge 4-ch5.csv,False,channel_1;nln_overview_verified=True|channel_2;nln_overview_verified=True|channel_3;nln_overview_verified=True|channel_4;nln_overview_verified=True|channel_5;nln_overview_verified=True
nln_emp_leave_one_speed_out,test_speed_75,nln_emp,nln_emp_motor_4_70_cavitation_discharge_5_current,nln_emp_motor_4_70_cavitation_discharge_5,train,Motor-4,current,current,70,unknown,motor_4_speed_70,cavitation,3,fault,experimental,unknown,data/raw/nln_emp/Dataset/Electric/Motor-4/70/cavitation discharge 5/Electric_Motor-4_70_time-cavitation discharge 5-ch1.csv|data/raw/nln_emp/Dataset/Electric/Motor-4/70/cavitation discharge 5/Electric_Motor-4_70_time-cavitation discharge 5-ch2.csv|data/raw/nln_emp/Dataset/Electric/Motor-4/70/cavitation discharge 5/Electric_Motor-4_70_time-cavitation discharge 5-ch3.csv|data/raw/nln_emp/Dataset/Electric/Motor-4/70/cavitation discharge 5/Electric_Motor-4_70_time-cavitation discharge 5-ch4.csv|data/raw/nln_emp/Dataset/Electric/Motor-4/70/cavitation discharge 5/Electric_Motor-4_70_time-cavitation discharge 5-ch5.csv|data/raw/nln_emp/Dataset/Electric/Motor-4/70/cavitation discharge 5/Electric_Motor-4_70_time-cavitation discharge 5-ch6.csv,False,channel_1;nln_overview_verified=True|channel_2;nln_overview_verified=True|channel_3;nln_overview_verified=True|channel_4;nln_overview_verified=True|channel_5;nln_overview_verified=True|channel_6;nln_overview_verified=True
nln_emp_leave_one_speed_out,test_speed_75,nln_emp,nln_emp_motor_4_70_cavitation_discharge_5_vibration,nln_emp_motor_4_70_cavitation_discharge_5,train,Motor-4,vibration,vibration,70,unknown,motor_4_speed_70,cavitation,3,fault,experimental,unknown,data/raw/nln_emp/Dataset/Vibration/Motor-4/70/cavitation discharge 5/Vibration_Motor-4_70_time-cavitation discharge 5-ch1.csv|data/raw/nln_emp/Dataset/Vibration/Motor-4/70/cavitation discharge 5/Vibration_Motor-4_70_time-cavitation discharge 5-ch2.csv|data/raw/nln_emp/Dataset/Vibration/Motor-4/70/cavitation discharge 5/Vibration_Motor-4_70_time-cavitation discharge 5-ch3.csv|data/raw/nln_emp/Dataset/Vibration/Motor-4/70/cavitation discharge 5/Vibration_Motor-4_70_time-cavitation discharge 5-ch4.csv|data/raw/nln_emp/Dataset/Vibration/Motor-4/70/cavitation discharge 5/Vibration_Motor-4_70_time-cavitation discharge 5-ch5.csv,False,channel_1;nln_overview_verified=True|channel_2;nln_overview_verified=True|channel_3;nln_overview_verified=True|channel_4;nln_overview_verified=True|channel_5;nln_overview_verified=True
nln_emp_leave_one_speed_out,test_speed_75,nln_emp,nln_emp_motor_4_70_cavitation_suction_1_current,nln_emp_motor_4_70_cavitation_suction_1,train,Motor-4,current,current,70,unknown,motor_4_speed_70,cavitation,3,fault,experimental,unknown,data/raw/nln_emp/Dataset/Electric/Motor-4/70/cavitation suction 1/Electric_Motor-4_70_time-cavitation suction 1-ch1.csv|data/raw/nln_emp/Dataset/Electric/Motor-4/70/cavitation suction 1/Electric_Motor-4_70_time-cavitation suction 1-ch2.csv|data/raw/nln_emp/Dataset/Electric/Motor-4/70/cavitation suction 1/Electric_Motor-4_70_time-cavitation suction 1-ch3.csv|data/raw/nln_emp/Dataset/Electric/Motor-4/70/cavitation suction 1/Electric_Motor-4_70_time-cavitation suction 1-ch4.csv|data/raw/nln_emp/Dataset/Electric/Motor-4/70/cavitation suction 1/Electric_Motor-4_70_time-cavitation suction 1-ch5.csv|data/raw/nln_emp/Dataset/Electric/Motor-4/70/cavitation suction 1/Electric_Motor-4_70_time-cavitation suction 1-ch6.csv,False,channel_1;nln_overview_verified=True|channel_2;nln_overview_verified=True|channel_3;nln_overview_verified=True|channel_4;nln_overview_verified=True|channel_5;nln_overview_verified=True|channel_6;nln_overview_verified=True
nln_emp_leave_one_speed_out,test_speed_75,nln_emp,nln_emp_motor_4_70_cavitation_suction_1_vibration,nln_emp_motor_4_70_cavitation_suction_1,train,Motor-4,vibration,vibration,70,unknown,motor_4_speed_70,cavitation,3,fault,experimental,unknown,data/raw/nln_emp/Dataset/Vibration/Motor-4/70/cavitation suction 1/Vibration_Motor-4_70_time-cavitation suction 1-ch1.csv|data/raw/nln_emp/Dataset/Vibration/Motor-4/70/cavitation suction 1/Vibration_Motor-4_70_time-cavitation suction 1-ch2.csv|data/raw/nln_emp/Dataset/Vibration/Motor-4/70/cavitation suction 1/Vibration_Motor-4_70_time-cavitation suction 1-ch3.csv|data/raw/nln_emp/Dataset/Vibration/Motor-4/70/cavitation suction 1/Vibration_Motor-4_70_time-cavitation suction 1-ch4.csv|data/raw/nln_emp/Dataset/Vibration/Motor-4/70/cavitation suction 1/Vibration_Motor-4_70_time-cavitation suction 1-ch5.csv,False,channel_1;nln_overview_verified=True|channel_2;nln_overview_verified=True|channel_3;nln_overview_verified=True|channel_4;nln_overview_verified=True|channel_5;nln_overview_verified=True
nln_emp_leave_one_speed_out,test_speed_75,nln_emp,nln_emp_motor_4_70_cavitation_suction_2_current,nln_emp_motor_4_70_cavitation_suction_2,val,Motor-4,current,current,70,unknown,motor_4_speed_70,cavitation,3,fault,experimental,unknown,data/raw/nln_emp/Dataset/Electric/Motor-4/70/cavitation suction 2/Electric_Motor-4_70_time-cavitation suction 2-ch1.csv|data/raw/nln_emp/Dataset/Electric/Motor-4/70/cavitation suction 2/Electric_Motor-4_70_time-cavitation suction 2-ch2.csv|data/raw/nln_emp/Dataset/Electric/Motor-4/70/cavitation suction 2/Electric_Motor-4_70_time-cavitation suction 2-ch3.csv|data/raw/nln_emp/Dataset/Electric/Motor-4/70/cavitation suction 2/Electric_Motor-4_70_time-cavitation suction 2-ch4.csv|data/raw/nln_emp/Dataset/Electric/Motor-4/70/cavitation suction 2/Electric_Motor-4_70_time-cavitation suction 2-ch5.csv|data/raw/nln_emp/Dataset/Electric/Motor-4/70/cavitation suction 2/Electric_Motor-4_70_time-cavitation suction 2-ch6.csv,False,channel_1;nln_overview_verified=True|channel_2;nln_overview_verified=True|channel_3;nln_overview_verified=True|channel_4;nln_overview_verified=True|channel_5;nln_overview_verified=True|channel_6;nln_overview_verified=True
nln_emp_leave_one_speed_out,test_speed_75,nln_emp,nln_emp_motor_4_70_cavitation_suction_3_current,nln_emp_motor_4_70_cavitation_suction_3,train,Motor-4,current,current,70,unknown,motor_4_speed_70,cavitation,3,fault,experimental,unknown,data/raw/nln_emp/Dataset/Electric/Motor-4/70/cavitation suction 3/Electric_Motor-4_70_time-cavitation suction 3-ch1.csv|data/raw/nln_emp/Dataset/Electric/Motor-4/70/cavitation suction 3/Electric_Motor-4_70_time-cavitation suction 3-ch2.csv|data/raw/nln_emp/Dataset/Electric/Motor-4/70/cavitation suction 3/Electric_Motor-4_70_time-cavitation suction 3-ch3.csv|data/raw/nln_emp/Dataset/Electric/Motor-4/70/cavitation suction 3/Electric_Motor-4_70_time-cavitation suction 3-ch4.csv|data/raw/nln_emp/Dataset/Electric/Motor-4/70/cavitation suction 3/Electric_Motor-4_70_time-cavitation suction 3-ch5.csv|data/raw/nln_emp/Dataset/Electric/Motor-4/70/cavitation suction 3/Electric_Motor-4_70_time-cavitation suction 3-ch6.csv,False,channel_1;nln_overview_verified=True|channel_2;nln_overview_verified=True|channel_3;nln_overview_verified=True|channel_4;nln_overview_verified=True|channel_5;nln_overview_verified=True|channel_6;nln_overview_verified=True
nln_emp_leave_one_speed_out,test_speed_75,nln_emp,nln_emp_motor_4_70_cavitation_suction_3_vibration,nln_emp_motor_4_70_cavitation_suction_3,train,Motor-4,vibration,vibration,70,unknown,motor_4_speed_70,cavitation,3,fault,experimental,unknown,data/raw/nln_emp/Dataset/Vibration/Motor-4/70/cavitation suction 3/Vibration_Motor-4_70_time-cavitation suction 3-ch1.csv|data/raw/nln_emp/Dataset/Vibration/Motor-4/70/cavitation suction 3/Vibration_Motor-4_70_time-cavitation suction 3-ch2.csv|data/raw/nln_emp/Dataset/Vibration/Motor-4/70/cavitation suction 3/Vibration_Motor-4_70_time-cavitation suction 3-ch3.csv|data/raw/nln_emp/Dataset/Vibration/Motor-4/70/cavitation suction 3/Vibration_Motor-4_70_time-cavitation suction 3-ch4.csv|data/raw/nln_emp/Dataset/Vibration/Motor-4/70/cavitation suction 3/Vibration_Motor-4_70_time-cavitation suction 3-ch5.csv,False,channel_1;nln_overview_verified=True|channel_2;nln_overview_verified=True|channel_3;nln_overview_verified=True|channel_4;nln_overview_verified=True|channel_5;nln_overview_verified=True
nln_emp_leave_one_speed_out,test_speed_75,nln_emp,nln_emp_motor_4_70_cavitation_suction_4_current,nln_emp_motor_4_70_cavitation_suction_4,train,Motor-4,current,current,70,unknown,motor_4_speed_70,cavitation,3,fault,experimental,unknown,data/raw/nln_emp/Dataset/Electric/Motor-4/70/cavitation suction 4/Electric_Motor-4_70_time-cavitation suction 4-ch1.csv|data/raw/nln_emp/Dataset/Electric/Motor-4/70/cavitation suction 4/Electric_Motor-4_70_time-cavitation suction 4-ch2.csv|data/raw/nln_emp/Dataset/Electric/Motor-4/70/cavitation suction 4/Electric_Motor-4_70_time-cavitation suction 4-ch3.csv|data/raw/nln_emp/Dataset/Electric/Motor-4/70/cavitation suction 4/Electric_Motor-4_70_time-cavitation suction 4-ch4.csv|data/raw/nln_emp/Dataset/Electric/Motor-4/70/cavitation suction 4/Electric_Motor-4_70_time-cavitation suction 4-ch5.csv|data/raw/nln_emp/Dataset/Electric/Motor-4/70/cavitation suction 4/Electric_Motor-4_70_time-cavitation suction 4-ch6.csv,False,channel_1;nln_overview_verified=True|channel_2;nln_overview_verified=True|channel_3;nln_overview_verified=True|channel_4;nln_overview_verified=True|channel_5;nln_overview_verified=True|channel_6;nln_overview_verified=True
nln_emp_leave_one_speed_out,test_speed_75,nln_emp,nln_emp_motor_4_70_cavitation_suction_4_vibration,nln_emp_motor_4_70_cavitation_suction_4,train,Motor-4,vibration,vibration,70,unknown,motor_4_speed_70,cavitation,3,fault,experimental,unknown,data/raw/nln_emp/Dataset/Vibration/Motor-4/70/cavitation suction 4/Vibration_Motor-4_70_time-cavitation suction 4-ch1.csv|data/raw/nln_emp/Dataset/Vibration/Motor-4/70/cavitation suction 4/Vibration_Motor-4_70_time-cavitation suction 4-ch2.csv|data/raw/nln_emp/Dataset/Vibration/Motor-4/70/cavitation suction 4/Vibration_Motor-4_70_time-cavitation suction 4-ch3.csv|data/raw/nln_emp/Dataset/Vibration/Motor-4/70/cavitation suction 4/Vibration_Motor-4_70_time-cavitation suction 4-ch4.csv|data/raw/nln_emp/Dataset/Vibration/Motor-4/70/cavitation suction 4/Vibration_Motor-4_70_time-cavitation suction 4-ch5.csv,False,channel_1;nln_overview_verified=True|channel_2;nln_overview_verified=True|channel_3;nln_overview_verified=True|channel_4;nln_overview_verified=True|channel_5;nln_overview_verified=True
nln_emp_leave_one_speed_out,test_speed_75,nln_emp,nln_emp_motor_4_70_coupling_1_current,nln_emp_motor_4_70_coupling_1,train,Motor-4,current,current,70,unknown,motor_4_speed_70,coupling_fault,2D,fault,experimental,unknown,data/raw/nln_emp/Dataset/Electric/Motor-4/70/coupling 1/Electric_Motor-4_70_time-coupling 1-ch1.csv|data/raw/nln_emp/Dataset/Electric/Motor-4/70/coupling 1/Electric_Motor-4_70_time-coupling 1-ch2.csv|data/raw/nln_emp/Dataset/Electric/Motor-4/70/coupling 1/Electric_Motor-4_70_time-coupling 1-ch3.csv|data/raw/nln_emp/Dataset/Electric/Motor-4/70/coupling 1/Electric_Motor-4_70_time-coupling 1-ch4.csv|data/raw/nln_emp/Dataset/Electric/Motor-4/70/coupling 1/Electric_Motor-4_70_time-coupling 1-ch5.csv|data/raw/nln_emp/Dataset/Electric/Motor-4/70/coupling 1/Electric_Motor-4_70_time-coupling 1-ch6.csv,False,channel_1;nln_overview_verified=True|channel_2;nln_overview_verified=True|channel_3;nln_overview_verified=True|channel_4;nln_overview_verified=True|channel_5;nln_overview_verified=True|channel_6;nln_overview_verified=True
nln_emp_leave_one_speed_out,test_speed_75,nln_emp,nln_emp_motor_4_70_coupling_1_vibration,nln_emp_motor_4_70_coupling_1,train,Motor-4,vibration,vibration,70,unknown,motor_4_speed_70,coupling_fault,2D,fault,experimental,unknown,data/raw/nln_emp/Dataset/Vibration/Motor-4/70/coupling 1/Vibration_Motor-4_70_time-coupling 1-ch1.csv|data/raw/nln_emp/Dataset/Vibration/Motor-4/70/coupling 1/Vibration_Motor-4_70_time-coupling 1-ch2.csv|data/raw/nln_emp/Dataset/Vibration/Motor-4/70/coupling 1/Vibration_Motor-4_70_time-coupling 1-ch3.csv|data/raw/nln_emp/Dataset/Vibration/Motor-4/70/coupling 1/Vibration_Motor-4_70_time-coupling 1-ch4.csv|data/raw/nln_emp/Dataset/Vibration/Motor-4/70/coupling 1/Vibration_Motor-4_70_time-coupling 1-ch5.csv,False,channel_1;nln_overview_verified=True|channel_2;nln_overview_verified=True|channel_3;nln_overview_verified=True|channel_4;nln_overview_verified=True|channel_5;nln_overview_verified=True
nln_emp_leave_one_speed_out,test_speed_75,nln_emp,nln_emp_motor_4_70_coupling_2_current,nln_emp_motor_4_70_coupling_2,train,Motor-4,current,current,70,unknown,motor_4_speed_70,coupling_fault,2D,fault,experimental,unknown,data/raw/nln_emp/Dataset/Electric/Motor-4/70/coupling 2/Electric_Motor-4_70_time-coupling 2-ch1.csv|data/raw/nln_emp/Dataset/Electric/Motor-4/70/coupling 2/Electric_Motor-4_70_time-coupling 2-ch2.csv|data/raw/nln_emp/Dataset/Electric/Motor-4/70/coupling 2/Electric_Motor-4_70_time-coupling 2-ch3.csv|data/raw/nln_emp/Dataset/Electric/Motor-4/70/coupling 2/Electric_Motor-4_70_time-coupling 2-ch4.csv|data/raw/nln_emp/Dataset/Electric/Motor-4/70/coupling 2/Electric_Motor-4_70_time-coupling 2-ch5.csv|data/raw/nln_emp/Dataset/Electric/Motor-4/70/coupling 2/Electric_Motor-4_70_time-coupling 2-ch6.csv,False,channel_1;nln_overview_verified=True|channel_2;nln_overview_verified=True|channel_3;nln_overview_verified=True|channel_4;nln_overview_verified=True|channel_5;nln_overview_verified=True|channel_6;nln_overview_verified=True
nln_emp_leave_one_speed_out,test_speed_75,nln_emp,nln_emp_motor_4_70_coupling_2_vibration,nln_emp_motor_4_70_coupling_2,train,Motor-4,vibration,vibration,70,unknown,motor_4_speed_70,coupling_fault,2D,fault,experimental,unknown,data/raw/nln_emp/Dataset/Vibration/Motor-4/70/coupling 2/Vibration_Motor-4_70_time-coupling 2-ch1.csv|data/raw/nln_emp/Dataset/Vibration/Motor-4/70/coupling 2/Vibration_Motor-4_70_time-coupling 2-ch2.csv|data/raw/nln_emp/Dataset/Vibration/Motor-4/70/coupling 2/Vibration_Motor-4_70_time-coupling 2-ch3.csv|data/raw/nln_emp/Dataset/Vibration/Motor-4/70/coupling 2/Vibration_Motor-4_70_time-coupling 2-ch4.csv|data/raw/nln_emp/Dataset/Vibration/Motor-4/70/coupling 2/Vibration_Motor-4_70_time-coupling 2-ch5.csv,False,channel_1;nln_overview_verified=True|channel_2;nln_overview_verified=True|channel_3;nln_overview_verified=True|channel_4;nln_overview_verified=True|channel_5;nln_overview_verified=True
nln_emp_leave_one_speed_out,test_speed_75,nln_emp,nln_emp_motor_4_70_coupling_2d_current,nln_emp_motor_4_70_coupling_2d,train,Motor-4,current,current,70,unknown,motor_4_speed_70,coupling_fault,2D,fault,experimental,unknown,data/raw/nln_emp/Dataset/Electric/Motor-4/70/coupling 2D/Electric_Motor-4_70_time-coupling 2D-ch1.csv|data/raw/nln_emp/Dataset/Electric/Motor-4/70/coupling 2D/Electric_Motor-4_70_time-coupling 2D-ch2.csv|data/raw/nln_emp/Dataset/Electric/Motor-4/70/coupling 2D/Electric_Motor-4_70_time-coupling 2D-ch3.csv|data/raw/nln_emp/Dataset/Electric/Motor-4/70/coupling 2D/Electric_Motor-4_70_time-coupling 2D-ch4.csv|data/raw/nln_emp/Dataset/Electric/Motor-4/70/coupling 2D/Electric_Motor-4_70_time-coupling 2D-ch5.csv|data/raw/nln_emp/Dataset/Electric/Motor-4/70/coupling 2D/Electric_Motor-4_70_time-coupling 2D-ch6.csv,False,channel_1;nln_overview_verified=True|channel_2;nln_overview_verified=True|channel_3;nln_overview_verified=True|channel_4;nln_overview_verified=True|channel_5;nln_overview_verified=True|channel_6;nln_overview_verified=True
nln_emp_leave_one_speed_out,test_speed_75,nln_emp,nln_emp_motor_4_70_coupling_2d_vibration,nln_emp_motor_4_70_coupling_2d,train,Motor-4,vibration,vibration,70,unknown,motor_4_speed_70,coupling_fault,2D,fault,experimental,unknown,data/raw/nln_emp/Dataset/Vibration/Motor-4/70/coupling 2D/Vibration_Motor-4_70_time-coupling 2D-ch1.csv|data/raw/nln_emp/Dataset/Vibration/Motor-4/70/coupling 2D/Vibration_Motor-4_70_time-coupling 2D-ch2.csv|data/raw/nln_emp/Dataset/Vibration/Motor-4/70/coupling 2D/Vibration_Motor-4_70_time-coupling 2D-ch3.csv|data/raw/nln_emp/Dataset/Vibration/Motor-4/70/coupling 2D/Vibration_Motor-4_70_time-coupling 2D-ch4.csv|data/raw/nln_emp/Dataset/Vibration/Motor-4/70/coupling 2D/Vibration_Motor-4_70_time-coupling 2D-ch5.csv,False,channel_1;nln_overview_verified=True|channel_2;nln_overview_verified=True|channel_3;nln_overview_verified=True|channel_4;nln_overview_verified=True|channel_5;nln_overview_verified=True
nln_emp_leave_one_speed_out,test_speed_75,nln_emp,nln_emp_motor_4_70_coupling_3_current,nln_emp_motor_4_70_coupling_3,train,Motor-4,current,current,70,unknown,motor_4_speed_70,coupling_fault,2D,fault,experimental,unknown,data/raw/nln_emp/Dataset/Electric/Motor-4/70/coupling 3/Electric_Motor-4_70_time-coupling 3-ch1.csv|data/raw/nln_emp/Dataset/Electric/Motor-4/70/coupling 3/Electric_Motor-4_70_time-coupling 3-ch2.csv|data/raw/nln_emp/Dataset/Electric/Motor-4/70/coupling 3/Electric_Motor-4_70_time-coupling 3-ch3.csv|data/raw/nln_emp/Dataset/Electric/Motor-4/70/coupling 3/Electric_Motor-4_70_time-coupling 3-ch4.csv|data/raw/nln_emp/Dataset/Electric/Motor-4/70/coupling 3/Electric_Motor-4_70_time-coupling 3-ch5.csv|data/raw/nln_emp/Dataset/Electric/Motor-4/70/coupling 3/Electric_Motor-4_70_time-coupling 3-ch6.csv,False,channel_1;nln_overview_verified=True|channel_2;nln_overview_verified=True|channel_3;nln_overview_verified=True|channel_4;nln_overview_verified=True|channel_5;nln_overview_verified=True|channel_6;nln_overview_verified=True
nln_emp_leave_one_speed_out,test_speed_75,nln_emp,nln_emp_motor_4_70_coupling_3_vibration,nln_emp_motor_4_70_coupling_3,train,Motor-4,vibration,vibration,70,unknown,motor_4_speed_70,coupling_fault,2D,fault,experimental,unknown,data/raw/nln_emp/Dataset/Vibration/Motor-4/70/coupling 3/Vibration_Motor-4_70_time-coupling 3-ch1.csv|data/raw/nln_emp/Dataset/Vibration/Motor-4/70/coupling 3/Vibration_Motor-4_70_time-coupling 3-ch2.csv|data/raw/nln_emp/Dataset/Vibration/Motor-4/70/coupling 3/Vibration_Motor-4_70_time-coupling 3-ch3.csv|data/raw/nln_emp/Dataset/Vibration/Motor-4/70/coupling 3/Vibration_Motor-4_70_time-coupling 3-ch4.csv|data/raw/nln_emp/Dataset/Vibration/Motor-4/70/coupling 3/Vibration_Motor-4_70_time-coupling 3-ch5.csv,False,channel_1;nln_overview_verified=True|channel_2;nln_overview_verified=True|channel_3;nln_overview_verified=True|channel_4;nln_overview_verified=True|channel_5;nln_overview_verified=True
nln_emp_leave_one_speed_out,test_speed_75,nln_emp,nln_emp_motor_4_70_healthy_1_current,nln_emp_motor_4_70_healthy_1,train,Motor-4,current,current,70,unknown,motor_4_speed_70,healthy,0,healthy,experimental,unknown,data/raw/nln_emp/Dataset/Electric/Motor-4/70/healthy 1/Electric_Motor-4_70_time-healthy 1-ch1.csv|data/raw/nln_emp/Dataset/Electric/Motor-4/70/healthy 1/Electric_Motor-4_70_time-healthy 1-ch2.csv|data/raw/nln_emp/Dataset/Electric/Motor-4/70/healthy 1/Electric_Motor-4_70_time-healthy 1-ch3.csv|data/raw/nln_emp/Dataset/Electric/Motor-4/70/healthy 1/Electric_Motor-4_70_time-healthy 1-ch4.csv|data/raw/nln_emp/Dataset/Electric/Motor-4/70/healthy 1/Electric_Motor-4_70_time-healthy 1-ch5.csv|data/raw/nln_emp/Dataset/Electric/Motor-4/70/healthy 1/Electric_Motor-4_70_time-healthy 1-ch6.csv,False,channel_1;nln_overview_verified=True|channel_2;nln_overview_verified=True|channel_3;nln_overview_verified=True|channel_4;nln_overview_verified=True|channel_5;nln_overview_verified=True|channel_6;nln_overview_verified=True
nln_emp_leave_one_speed_out,test_speed_75,nln_emp,nln_emp_motor_4_70_healthy_1_vibration,nln_emp_motor_4_70_healthy_1,train,Motor-4,vibration,vibration,70,unknown,motor_4_speed_70,healthy,0,healthy,experimental,unknown,data/raw/nln_emp/Dataset/Vibration/Motor-4/70/healthy 1/Vibration_Motor-4_70_time-healthy 1-ch1.csv|data/raw/nln_emp/Dataset/Vibration/Motor-4/70/healthy 1/Vibration_Motor-4_70_time-healthy 1-ch2.csv|data/raw/nln_emp/Dataset/Vibration/Motor-4/70/healthy 1/Vibration_Motor-4_70_time-healthy 1-ch3.csv|data/raw/nln_emp/Dataset/Vibration/Motor-4/70/healthy 1/Vibration_Motor-4_70_time-healthy 1-ch4.csv|data/raw/nln_emp/Dataset/Vibration/Motor-4/70/healthy 1/Vibration_Motor-4_70_time-healthy 1-ch5.csv,False,channel_1;nln_overview_verified=True|channel_2;nln_overview_verified=True|channel_3;nln_overview_verified=True|channel_4;nln_overview_verified=True|channel_5;nln_overview_verified=True
nln_emp_leave_one_speed_out,test_speed_75,nln_emp,nln_emp_motor_4_70_healthy_2_current,nln_emp_motor_4_70_healthy_2,train,Motor-4,current,current,70,unknown,motor_4_speed_70,healthy,0,healthy,experimental,unknown,data/raw/nln_emp/Dataset/Electric/Motor-4/70/healthy 2/Electric_Motor-4_70_time-healthy 2-ch1.csv|data/raw/nln_emp/Dataset/Electric/Motor-4/70/healthy 2/Electric_Motor-4_70_time-healthy 2-ch2.csv|data/raw/nln_emp/Dataset/Electric/Motor-4/70/healthy 2/Electric_Motor-4_70_time-healthy 2-ch3.csv|data/raw/nln_emp/Dataset/Electric/Motor-4/70/healthy 2/Electric_Motor-4_70_time-healthy 2-ch4.csv|data/raw/nln_emp/Dataset/Electric/Motor-4/70/healthy 2/Electric_Motor-4_70_time-healthy 2-ch5.csv|data/raw/nln_emp/Dataset/Electric/Motor-4/70/healthy 2/Electric_Motor-4_70_time-healthy 2-ch6.csv,False,channel_1;nln_overview_verified=True|channel_2;nln_overview_verified=True|channel_3;nln_overview_verified=True|channel_4;nln_overview_verified=True|channel_5;nln_overview_verified=True|channel_6;nln_overview_verified=True
nln_emp_leave_one_speed_out,test_speed_75,nln_emp,nln_emp_motor_4_70_healthy_2_vibration,nln_emp_motor_4_70_healthy_2,train,Motor-4,vibration,vibration,70,unknown,motor_4_speed_70,healthy,0,healthy,experimental,unknown,data/raw/nln_emp/Dataset/Vibration/Motor-4/70/healthy 2/Vibration_Motor-4_70_time-healthy 2-ch1.csv|data/raw/nln_emp/Dataset/Vibration/Motor-4/70/healthy 2/Vibration_Motor-4_70_time-healthy 2-ch2.csv|data/raw/nln_emp/Dataset/Vibration/Motor-4/70/healthy 2/Vibration_Motor-4_70_time-healthy 2-ch3.csv|data/raw/nln_emp/Dataset/Vibration/Motor-4/70/healthy 2/Vibration_Motor-4_70_time-healthy 2-ch4.csv|data/raw/nln_emp/Dataset/Vibration/Motor-4/70/healthy 2/Vibration_Motor-4_70_time-healthy 2-ch5.csv,False,channel_1;nln_overview_verified=True|channel_2;nln_overview_verified=True|channel_3;nln_overview_verified=True|channel_4;nln_overview_verified=True|channel_5;nln_overview_verified=True
nln_emp_leave_one_speed_out,test_speed_75,nln_emp,nln_emp_motor_4_70_healthy_3_current,nln_emp_motor_4_70_healthy_3,train,Motor-4,current,current,70,unknown,motor_4_speed_70,healthy,0,healthy,experimental,unknown,data/raw/nln_emp/Dataset/Electric/Motor-4/70/healthy 3/Electric_Motor-4_70_time-healthy 3-ch1.csv|data/raw/nln_emp/Dataset/Electric/Motor-4/70/healthy 3/Electric_Motor-4_70_time-healthy 3-ch2.csv|data/raw/nln_emp/Dataset/Electric/Motor-4/70/healthy 3/Electric_Motor-4_70_time-healthy 3-ch3.csv|data/raw/nln_emp/Dataset/Electric/Motor-4/70/healthy 3/Electric_Motor-4_70_time-healthy 3-ch4.csv|data/raw/nln_emp/Dataset/Electric/Motor-4/70/healthy 3/Electric_Motor-4_70_time-healthy 3-ch5.csv|data/raw/nln_emp/Dataset/Electric/Motor-4/70/healthy 3/Electric_Motor-4_70_time-healthy 3-ch6.csv,False,channel_1;nln_overview_verified=True|channel_2;nln_overview_verified=True|channel_3;nln_overview_verified=True|channel_4;nln_overview_verified=True|channel_5;nln_overview_verified=True|channel_6;nln_overview_verified=True
nln_emp_leave_one_speed_out,test_speed_75,nln_emp,nln_emp_motor_4_70_healthy_3_vibration,nln_emp_motor_4_70_healthy_3,train,Motor-4,vibration,vibration,70,unknown,motor_4_speed_70,healthy,0,healthy,experimental,unknown,data/raw/nln_emp/Dataset/Vibration/Motor-4/70/healthy 3/Vibration_Motor-4_70_time-healthy 3-ch1.csv|data/raw/nln_emp/Dataset/Vibration/Motor-4/70/healthy 3/Vibration_Motor-4_70_time-healthy 3-ch2.csv|data/raw/nln_emp/Dataset/Vibration/Motor-4/70/healthy 3/Vibration_Motor-4_70_time-healthy 3-ch3.csv|data/raw/nln_emp/Dataset/Vibration/Motor-4/70/healthy 3/Vibration_Motor-4_70_time-healthy 3-ch4.csv|data/raw/nln_emp/Dataset/Vibration/Motor-4/70/healthy 3/Vibration_Motor-4_70_time-healthy 3-ch5.csv,False,channel_1;nln_overview_verified=True|channel_2;nln_overview_verified=True|channel_3;nln_overview_verified=True|channel_4;nln_overview_verified=True|channel_5;nln_overview_verified=True
nln_emp_leave_one_speed_out,test_speed_75,nln_emp,nln_emp_motor_4_70_healthy_noise_current,nln_emp_motor_4_70_healthy_noise,train,Motor-4,current,current,70,unknown,motor_4_speed_70,healthy,0,healthy,experimental,unknown,data/raw/nln_emp/Dataset/Electric/Motor-4/70/healthy noise/Electric_Motor-4_70_time-healthy noise-ch1.csv|data/raw/nln_emp/Dataset/Electric/Motor-4/70/healthy noise/Electric_Motor-4_70_time-healthy noise-ch2.csv|data/raw/nln_emp/Dataset/Electric/Motor-4/70/healthy noise/Electric_Motor-4_70_time-healthy noise-ch3.csv|data/raw/nln_emp/Dataset/Electric/Motor-4/70/healthy noise/Electric_Motor-4_70_time-healthy noise-ch4.csv|data/raw/nln_emp/Dataset/Electric/Motor-4/70/healthy noise/Electric_Motor-4_70_time-healthy noise-ch5.csv|data/raw/nln_emp/Dataset/Electric/Motor-4/70/healthy noise/Electric_Motor-4_70_time-healthy noise-ch6.csv,False,channel_1;nln_overview_verified=False|channel_2;nln_overview_verified=False|channel_3;nln_overview_verified=False|channel_4;nln_overview_verified=False|channel_5;nln_overview_verified=False|channel_6;nln_overview_verified=False
nln_emp_leave_one_speed_out,test_speed_75,nln_emp,nln_emp_motor_4_70_healthy_noise_vibration,nln_emp_motor_4_70_healthy_noise,train,Motor-4,vibration,vibration,70,unknown,motor_4_speed_70,healthy,0,healthy,experimental,unknown,data/raw/nln_emp/Dataset/Vibration/Motor-4/70/healthy noise/Vibration_Motor-4_70_time-healthy noise-ch1.csv|data/raw/nln_emp/Dataset/Vibration/Motor-4/70/healthy noise/Vibration_Motor-4_70_time-healthy noise-ch2.csv|data/raw/nln_emp/Dataset/Vibration/Motor-4/70/healthy noise/Vibration_Motor-4_70_time-healthy noise-ch3.csv|data/raw/nln_emp/Dataset/Vibration/Motor-4/70/healthy noise/Vibration_Motor-4_70_time-healthy noise-ch4.csv|data/raw/nln_emp/Dataset/Vibration/Motor-4/70/healthy noise/Vibration_Motor-4_70_time-healthy noise-ch5.csv,False,channel_1;nln_overview_verified=False|channel_2;nln_overview_verified=False|channel_3;nln_overview_verified=False|channel_4;nln_overview_verified=False|channel_5;nln_overview_verified=False
nln_emp_leave_one_speed_out,test_speed_75,nln_emp,nln_emp_motor_4_70_unbalance_motor_1_current,nln_emp_motor_4_70_unbalance_motor_1,val,Motor-4,current,current,70,unknown,motor_4_speed_70,unbalance,3,fault,experimental,unknown,data/raw/nln_emp/Dataset/Electric/Motor-4/70/unbalance motor 1/Electric_Motor-4_70_time-unbalance motor 1-ch1.csv|data/raw/nln_emp/Dataset/Electric/Motor-4/70/unbalance motor 1/Electric_Motor-4_70_time-unbalance motor 1-ch2.csv|data/raw/nln_emp/Dataset/Electric/Motor-4/70/unbalance motor 1/Electric_Motor-4_70_time-unbalance motor 1-ch3.csv|data/raw/nln_emp/Dataset/Electric/Motor-4/70/unbalance motor 1/Electric_Motor-4_70_time-unbalance motor 1-ch4.csv|data/raw/nln_emp/Dataset/Electric/Motor-4/70/unbalance motor 1/Electric_Motor-4_70_time-unbalance motor 1-ch5.csv|data/raw/nln_emp/Dataset/Electric/Motor-4/70/unbalance motor 1/Electric_Motor-4_70_time-unbalance motor 1-ch6.csv,False,channel_1;nln_overview_verified=True|channel_2;nln_overview_verified=True|channel_3;nln_overview_verified=True|channel_4;nln_overview_verified=True|channel_5;nln_overview_verified=True|channel_6;nln_overview_verified=True
nln_emp_leave_one_speed_out,test_speed_75,nln_emp,nln_emp_motor_4_70_unbalance_motor_1_vibration,nln_emp_motor_4_70_unbalance_motor_1,val,Motor-4,vibration,vibration,70,unknown,motor_4_speed_70,unbalance,3,fault,experimental,unknown,data/raw/nln_emp/Dataset/Vibration/Motor-4/70/unbalance motor 1/Vibration_Motor-4_70_time-unbalance motor 1-ch1.csv|data/raw/nln_emp/Dataset/Vibration/Motor-4/70/unbalance motor 1/Vibration_Motor-4_70_time-unbalance motor 1-ch2.csv|data/raw/nln_emp/Dataset/Vibration/Motor-4/70/unbalance motor 1/Vibration_Motor-4_70_time-unbalance motor 1-ch3.csv|data/raw/nln_emp/Dataset/Vibration/Motor-4/70/unbalance motor 1/Vibration_Motor-4_70_time-unbalance motor 1-ch4.csv|data/raw/nln_emp/Dataset/Vibration/Motor-4/70/unbalance motor 1/Vibration_Motor-4_70_time-unbalance motor 1-ch5.csv,False,channel_1;nln_overview_verified=True|channel_2;nln_overview_verified=True|channel_3;nln_overview_verified=True|channel_4;nln_overview_verified=True|channel_5;nln_overview_verified=True
nln_emp_leave_one_speed_out,test_speed_75,nln_emp,nln_emp_motor_4_70_unbalance_motor_2_current,nln_emp_motor_4_70_unbalance_motor_2,train,Motor-4,current,current,70,unknown,motor_4_speed_70,unbalance,3,fault,experimental,unknown,data/raw/nln_emp/Dataset/Electric/Motor-4/70/unbalance motor 2/Electric_Motor-4_70_time-unbalance motor 2-ch1.csv|data/raw/nln_emp/Dataset/Electric/Motor-4/70/unbalance motor 2/Electric_Motor-4_70_time-unbalance motor 2-ch2.csv|data/raw/nln_emp/Dataset/Electric/Motor-4/70/unbalance motor 2/Electric_Motor-4_70_time-unbalance motor 2-ch3.csv|data/raw/nln_emp/Dataset/Electric/Motor-4/70/unbalance motor 2/Electric_Motor-4_70_time-unbalance motor 2-ch4.csv|data/raw/nln_emp/Dataset/Electric/Motor-4/70/unbalance motor 2/Electric_Motor-4_70_time-unbalance motor 2-ch5.csv|data/raw/nln_emp/Dataset/Electric/Motor-4/70/unbalance motor 2/Electric_Motor-4_70_time-unbalance motor 2-ch6.csv,False,channel_1;nln_overview_verified=True|channel_2;nln_overview_verified=True|channel_3;nln_overview_verified=True|channel_4;nln_overview_verified=True|channel_5;nln_overview_verified=True|channel_6;nln_overview_verified=True
nln_emp_leave_one_speed_out,test_speed_75,nln_emp,nln_emp_motor_4_70_unbalance_motor_2_vibration,nln_emp_motor_4_70_unbalance_motor_2,train,Motor-4,vibration,vibration,70,unknown,motor_4_speed_70,unbalance,3,fault,experimental,unknown,data/raw/nln_emp/Dataset/Vibration/Motor-4/70/unbalance motor 2/Vibration_Motor-4_70_time-unbalance motor 2-ch1.csv|data/raw/nln_emp/Dataset/Vibration/Motor-4/70/unbalance motor 2/Vibration_Motor-4_70_time-unbalance motor 2-ch2.csv|data/raw/nln_emp/Dataset/Vibration/Motor-4/70/unbalance motor 2/Vibration_Motor-4_70_time-unbalance motor 2-ch3.csv|data/raw/nln_emp/Dataset/Vibration/Motor-4/70/unbalance motor 2/Vibration_Motor-4_70_time-unbalance motor 2-ch4.csv|data/raw/nln_emp/Dataset/Vibration/Motor-4/70/unbalance motor 2/Vibration_Motor-4_70_time-unbalance motor 2-ch5.csv,False,channel_1;nln_overview_verified=True|channel_2;nln_overview_verified=True|channel_3;nln_overview_verified=True|channel_4;nln_overview_verified=True|channel_5;nln_overview_verified=True
nln_emp_leave_one_speed_out,test_speed_75,nln_emp,nln_emp_motor_4_70_unbalance_motor_3_current,nln_emp_motor_4_70_unbalance_motor_3,train,Motor-4,current,current,70,unknown,motor_4_speed_70,unbalance,3,fault,experimental,unknown,data/raw/nln_emp/Dataset/Electric/Motor-4/70/unbalance motor 3/Electric_Motor-4_70_time-unbalance motor 3-ch1.csv|data/raw/nln_emp/Dataset/Electric/Motor-4/70/unbalance motor 3/Electric_Motor-4_70_time-unbalance motor 3-ch2.csv|data/raw/nln_emp/Dataset/Electric/Motor-4/70/unbalance motor 3/Electric_Motor-4_70_time-unbalance motor 3-ch3.csv|data/raw/nln_emp/Dataset/Electric/Motor-4/70/unbalance motor 3/Electric_Motor-4_70_time-unbalance motor 3-ch4.csv|data/raw/nln_emp/Dataset/Electric/Motor-4/70/unbalance motor 3/Electric_Motor-4_70_time-unbalance motor 3-ch5.csv|data/raw/nln_emp/Dataset/Electric/Motor-4/70/unbalance motor 3/Electric_Motor-4_70_time-unbalance motor 3-ch6.csv,False,channel_1;nln_overview_verified=True|channel_2;nln_overview_verified=True|channel_3;nln_overview_verified=True|channel_4;nln_overview_verified=True|channel_5;nln_overview_verified=True|channel_6;nln_overview_verified=True
nln_emp_leave_one_speed_out,test_speed_75,nln_emp,nln_emp_motor_4_70_unbalance_motor_3_vibration,nln_emp_motor_4_70_unbalance_motor_3,train,Motor-4,vibration,vibration,70,unknown,motor_4_speed_70,unbalance,3,fault,experimental,unknown,data/raw/nln_emp/Dataset/Vibration/Motor-4/70/unbalance motor 3/Vibration_Motor-4_70_time-unbalance motor 3-ch1.csv|data/raw/nln_emp/Dataset/Vibration/Motor-4/70/unbalance motor 3/Vibration_Motor-4_70_time-unbalance motor 3-ch2.csv|data/raw/nln_emp/Dataset/Vibration/Motor-4/70/unbalance motor 3/Vibration_Motor-4_70_time-unbalance motor 3-ch3.csv|data/raw/nln_emp/Dataset/Vibration/Motor-4/70/unbalance motor 3/Vibration_Motor-4_70_time-unbalance motor 3-ch4.csv|data/raw/nln_emp/Dataset/Vibration/Motor-4/70/unbalance motor 3/Vibration_Motor-4_70_time-unbalance motor 3-ch5.csv,False,channel_1;nln_overview_verified=True|channel_2;nln_overview_verified=True|channel_3;nln_overview_verified=True|channel_4;nln_overview_verified=True|channel_5;nln_overview_verified=True
nln_emp_leave_one_speed_out,test_speed_75,nln_emp,nln_emp_motor_4_70_unbalance_motor_4_current,nln_emp_motor_4_70_unbalance_motor_4,train,Motor-4,current,current,70,unknown,motor_4_speed_70,unbalance,3,fault,experimental,unknown,data/raw/nln_emp/Dataset/Electric/Motor-4/70/unbalance motor 4/Electric_Motor-4_70_time-unbalance motor 4-ch1.csv|data/raw/nln_emp/Dataset/Electric/Motor-4/70/unbalance motor 4/Electric_Motor-4_70_time-unbalance motor 4-ch2.csv|data/raw/nln_emp/Dataset/Electric/Motor-4/70/unbalance motor 4/Electric_Motor-4_70_time-unbalance motor 4-ch3.csv|data/raw/nln_emp/Dataset/Electric/Motor-4/70/unbalance motor 4/Electric_Motor-4_70_time-unbalance motor 4-ch4.csv|data/raw/nln_emp/Dataset/Electric/Motor-4/70/unbalance motor 4/Electric_Motor-4_70_time-unbalance motor 4-ch5.csv|data/raw/nln_emp/Dataset/Electric/Motor-4/70/unbalance motor 4/Electric_Motor-4_70_time-unbalance motor 4-ch6.csv,False,channel_1;nln_overview_verified=True|channel_2;nln_overview_verified=True|channel_3;nln_overview_verified=True|channel_4;nln_overview_verified=True|channel_5;nln_overview_verified=True|channel_6;nln_overview_verified=True
nln_emp_leave_one_speed_out,test_speed_75,nln_emp,nln_emp_motor_4_70_unbalance_motor_4_vibration,nln_emp_motor_4_70_unbalance_motor_4,train,Motor-4,vibration,vibration,70,unknown,motor_4_speed_70,unbalance,3,fault,experimental,unknown,data/raw/nln_emp/Dataset/Vibration/Motor-4/70/unbalance motor 4/Vibration_Motor-4_70_time-unbalance motor 4-ch1.csv|data/raw/nln_emp/Dataset/Vibration/Motor-4/70/unbalance motor 4/Vibration_Motor-4_70_time-unbalance motor 4-ch2.csv|data/raw/nln_emp/Dataset/Vibration/Motor-4/70/unbalance motor 4/Vibration_Motor-4_70_time-unbalance motor 4-ch3.csv|data/raw/nln_emp/Dataset/Vibration/Motor-4/70/unbalance motor 4/Vibration_Motor-4_70_time-unbalance motor 4-ch4.csv|data/raw/nln_emp/Dataset/Vibration/Motor-4/70/unbalance motor 4/Vibration_Motor-4_70_time-unbalance motor 4-ch5.csv,False,channel_1;nln_overview_verified=True|channel_2;nln_overview_verified=True|channel_3;nln_overview_verified=True|channel_4;nln_overview_verified=True|channel_5;nln_overview_verified=True
nln_emp_leave_one_speed_out,test_speed_75,nln_emp,nln_emp_motor_4_70_unbalance_motor_5_current,nln_emp_motor_4_70_unbalance_motor_5,train,Motor-4,current,current,70,unknown,motor_4_speed_70,unbalance,3,fault,experimental,unknown,data/raw/nln_emp/Dataset/Electric/Motor-4/70/unbalance motor 5/Electric_Motor-4_70_time-unbalance motor 5-ch1.csv|data/raw/nln_emp/Dataset/Electric/Motor-4/70/unbalance motor 5/Electric_Motor-4_70_time-unbalance motor 5-ch2.csv|data/raw/nln_emp/Dataset/Electric/Motor-4/70/unbalance motor 5/Electric_Motor-4_70_time-unbalance motor 5-ch3.csv|data/raw/nln_emp/Dataset/Electric/Motor-4/70/unbalance motor 5/Electric_Motor-4_70_time-unbalance motor 5-ch4.csv|data/raw/nln_emp/Dataset/Electric/Motor-4/70/unbalance motor 5/Electric_Motor-4_70_time-unbalance motor 5-ch5.csv|data/raw/nln_emp/Dataset/Electric/Motor-4/70/unbalance motor 5/Electric_Motor-4_70_time-unbalance motor 5-ch6.csv,False,channel_1;nln_overview_verified=True|channel_2;nln_overview_verified=True|channel_3;nln_overview_verified=True|channel_4;nln_overview_verified=True|channel_5;nln_overview_verified=True|channel_6;nln_overview_verified=True
nln_emp_leave_one_speed_out,test_speed_75,nln_emp,nln_emp_motor_4_70_unbalance_motor_5_vibration,nln_emp_motor_4_70_unbalance_motor_5,train,Motor-4,vibration,vibration,70,unknown,motor_4_speed_70,unbalance,3,fault,experimental,unknown,data/raw/nln_emp/Dataset/Vibration/Motor-4/70/unbalance motor 5/Vibration_Motor-4_70_time-unbalance motor 5-ch1.csv|data/raw/nln_emp/Dataset/Vibration/Motor-4/70/unbalance motor 5/Vibration_Motor-4_70_time-unbalance motor 5-ch2.csv|data/raw/nln_emp/Dataset/Vibration/Motor-4/70/unbalance motor 5/Vibration_Motor-4_70_time-unbalance motor 5-ch3.csv|data/raw/nln_emp/Dataset/Vibration/Motor-4/70/unbalance motor 5/Vibration_Motor-4_70_time-unbalance motor 5-ch4.csv|data/raw/nln_emp/Dataset/Vibration/Motor-4/70/unbalance motor 5/Vibration_Motor-4_70_time-unbalance motor 5-ch5.csv,False,channel_1;nln_overview_verified=True|channel_2;nln_overview_verified=True|channel_3;nln_overview_verified=True|channel_4;nln_overview_verified=True|channel_5;nln_overview_verified=True
nln_emp_leave_one_speed_out,test_speed_75,nln_emp,nln_emp_motor_4_70_unbalance_motor_6_current,nln_emp_motor_4_70_unbalance_motor_6,train,Motor-4,current,current,70,unknown,motor_4_speed_70,unbalance,3,fault,experimental,unknown,data/raw/nln_emp/Dataset/Electric/Motor-4/70/unbalance motor 6/Electric_Motor-4_70_time-unbalance motor 6-ch1.csv|data/raw/nln_emp/Dataset/Electric/Motor-4/70/unbalance motor 6/Electric_Motor-4_70_time-unbalance motor 6-ch2.csv|data/raw/nln_emp/Dataset/Electric/Motor-4/70/unbalance motor 6/Electric_Motor-4_70_time-unbalance motor 6-ch3.csv|data/raw/nln_emp/Dataset/Electric/Motor-4/70/unbalance motor 6/Electric_Motor-4_70_time-unbalance motor 6-ch4.csv|data/raw/nln_emp/Dataset/Electric/Motor-4/70/unbalance motor 6/Electric_Motor-4_70_time-unbalance motor 6-ch5.csv|data/raw/nln_emp/Dataset/Electric/Motor-4/70/unbalance motor 6/Electric_Motor-4_70_time-unbalance motor 6-ch6.csv,False,channel_1;nln_overview_verified=True|channel_2;nln_overview_verified=True|channel_3;nln_overview_verified=True|channel_4;nln_overview_verified=True|channel_5;nln_overview_verified=True|channel_6;nln_overview_verified=True
nln_emp_leave_one_speed_out,test_speed_75,nln_emp,nln_emp_motor_4_70_unbalance_motor_6_vibration,nln_emp_motor_4_70_unbalance_motor_6,train,Motor-4,vibration,vibration,70,unknown,motor_4_speed_70,unbalance,3,fault,experimental,unknown,data/raw/nln_emp/Dataset/Vibration/Motor-4/70/unbalance motor 6/Vibration_Motor-4_70_time-unbalance motor 6-ch1.csv|data/raw/nln_emp/Dataset/Vibration/Motor-4/70/unbalance motor 6/Vibration_Motor-4_70_time-unbalance motor 6-ch2.csv|data/raw/nln_emp/Dataset/Vibration/Motor-4/70/unbalance motor 6/Vibration_Motor-4_70_time-unbalance motor 6-ch3.csv|data/raw/nln_emp/Dataset/Vibration/Motor-4/70/unbalance motor 6/Vibration_Motor-4_70_time-unbalance motor 6-ch4.csv|data/raw/nln_emp/Dataset/Vibration/Motor-4/70/unbalance motor 6/Vibration_Motor-4_70_time-unbalance motor 6-ch5.csv,False,channel_1;nln_overview_verified=True|channel_2;nln_overview_verified=True|channel_3;nln_overview_verified=True|channel_4;nln_overview_verified=True|channel_5;nln_overview_verified=True
nln_emp_leave_one_speed_out,test_speed_75,nln_emp,nln_emp_motor_4_70_unbalance_pump_1_current,nln_emp_motor_4_70_unbalance_pump_1,val,Motor-4,current,current,70,unknown,motor_4_speed_70,unbalance,2,fault,experimental,unknown,data/raw/nln_emp/Dataset/Electric/Motor-4/70/unbalance pump 1/Electric_Motor-4_70_time-unbalance pump 1-ch1.csv|data/raw/nln_emp/Dataset/Electric/Motor-4/70/unbalance pump 1/Electric_Motor-4_70_time-unbalance pump 1-ch2.csv|data/raw/nln_emp/Dataset/Electric/Motor-4/70/unbalance pump 1/Electric_Motor-4_70_time-unbalance pump 1-ch3.csv|data/raw/nln_emp/Dataset/Electric/Motor-4/70/unbalance pump 1/Electric_Motor-4_70_time-unbalance pump 1-ch4.csv|data/raw/nln_emp/Dataset/Electric/Motor-4/70/unbalance pump 1/Electric_Motor-4_70_time-unbalance pump 1-ch5.csv|data/raw/nln_emp/Dataset/Electric/Motor-4/70/unbalance pump 1/Electric_Motor-4_70_time-unbalance pump 1-ch6.csv,False,channel_1;nln_overview_verified=True|channel_2;nln_overview_verified=True|channel_3;nln_overview_verified=True|channel_4;nln_overview_verified=True|channel_5;nln_overview_verified=True|channel_6;nln_overview_verified=True
nln_emp_leave_one_speed_out,test_speed_75,nln_emp,nln_emp_motor_4_70_unbalance_pump_1_vibration,nln_emp_motor_4_70_unbalance_pump_1,val,Motor-4,vibration,vibration,70,unknown,motor_4_speed_70,unbalance,2,fault,experimental,unknown,data/raw/nln_emp/Dataset/Vibration/Motor-4/70/unbalance pump 1/Vibration_Motor-4_70_time-unbalance pump 1-ch1.csv|data/raw/nln_emp/Dataset/Vibration/Motor-4/70/unbalance pump 1/Vibration_Motor-4_70_time-unbalance pump 1-ch2.csv|data/raw/nln_emp/Dataset/Vibration/Motor-4/70/unbalance pump 1/Vibration_Motor-4_70_time-unbalance pump 1-ch3.csv|data/raw/nln_emp/Dataset/Vibration/Motor-4/70/unbalance pump 1/Vibration_Motor-4_70_time-unbalance pump 1-ch4.csv|data/raw/nln_emp/Dataset/Vibration/Motor-4/70/unbalance pump 1/Vibration_Motor-4_70_time-unbalance pump 1-ch5.csv,False,channel_1;nln_overview_verified=True|channel_2;nln_overview_verified=True|channel_3;nln_overview_verified=True|channel_4;nln_overview_verified=True|channel_5;nln_overview_verified=True
nln_emp_leave_one_speed_out,test_speed_75,nln_emp,nln_emp_motor_4_70_unbalance_pump_2_current,nln_emp_motor_4_70_unbalance_pump_2,train,Motor-4,current,current,70,unknown,motor_4_speed_70,unbalance,2,fault,experimental,unknown,data/raw/nln_emp/Dataset/Electric/Motor-4/70/unbalance pump 2/Electric_Motor-4_70_time-unbalance pump 2-ch1.csv|data/raw/nln_emp/Dataset/Electric/Motor-4/70/unbalance pump 2/Electric_Motor-4_70_time-unbalance pump 2-ch2.csv|data/raw/nln_emp/Dataset/Electric/Motor-4/70/unbalance pump 2/Electric_Motor-4_70_time-unbalance pump 2-ch3.csv|data/raw/nln_emp/Dataset/Electric/Motor-4/70/unbalance pump 2/Electric_Motor-4_70_time-unbalance pump 2-ch4.csv|data/raw/nln_emp/Dataset/Electric/Motor-4/70/unbalance pump 2/Electric_Motor-4_70_time-unbalance pump 2-ch5.csv|data/raw/nln_emp/Dataset/Electric/Motor-4/70/unbalance pump 2/Electric_Motor-4_70_time-unbalance pump 2-ch6.csv,False,channel_1;nln_overview_verified=True|channel_2;nln_overview_verified=True|channel_3;nln_overview_verified=True|channel_4;nln_overview_verified=True|channel_5;nln_overview_verified=True|channel_6;nln_overview_verified=True
nln_emp_leave_one_speed_out,test_speed_75,nln_emp,nln_emp_motor_4_70_unbalance_pump_2_vibration,nln_emp_motor_4_70_unbalance_pump_2,train,Motor-4,vibration,vibration,70,unknown,motor_4_speed_70,unbalance,2,fault,experimental,unknown,data/raw/nln_emp/Dataset/Vibration/Motor-4/70/unbalance pump 2/Vibration_Motor-4_70_time-unbalance pump 2-ch1.csv|data/raw/nln_emp/Dataset/Vibration/Motor-4/70/unbalance pump 2/Vibration_Motor-4_70_time-unbalance pump 2-ch2.csv|data/raw/nln_emp/Dataset/Vibration/Motor-4/70/unbalance pump 2/Vibration_Motor-4_70_time-unbalance pump 2-ch3.csv|data/raw/nln_emp/Dataset/Vibration/Motor-4/70/unbalance pump 2/Vibration_Motor-4_70_time-unbalance pump 2-ch4.csv|data/raw/nln_emp/Dataset/Vibration/Motor-4/70/unbalance pump 2/Vibration_Motor-4_70_time-unbalance pump 2-ch5.csv,False,channel_1;nln_overview_verified=True|channel_2;nln_overview_verified=True|channel_3;nln_overview_verified=True|channel_4;nln_overview_verified=True|channel_5;nln_overview_verified=True
nln_emp_leave_one_speed_out,test_speed_75,nln_emp,nln_emp_motor_4_70_unbalance_pump_3_current,nln_emp_motor_4_70_unbalance_pump_3,train,Motor-4,current,current,70,unknown,motor_4_speed_70,unbalance,2,fault,experimental,unknown,data/raw/nln_emp/Dataset/Electric/Motor-4/70/unbalance pump 3/Electric_Motor-4_70_time-unbalance pump 3-ch1.csv|data/raw/nln_emp/Dataset/Electric/Motor-4/70/unbalance pump 3/Electric_Motor-4_70_time-unbalance pump 3-ch2.csv|data/raw/nln_emp/Dataset/Electric/Motor-4/70/unbalance pump 3/Electric_Motor-4_70_time-unbalance pump 3-ch3.csv|data/raw/nln_emp/Dataset/Electric/Motor-4/70/unbalance pump 3/Electric_Motor-4_70_time-unbalance pump 3-ch4.csv|data/raw/nln_emp/Dataset/Electric/Motor-4/70/unbalance pump 3/Electric_Motor-4_70_time-unbalance pump 3-ch5.csv|data/raw/nln_emp/Dataset/Electric/Motor-4/70/unbalance pump 3/Electric_Motor-4_70_time-unbalance pump 3-ch6.csv,False,channel_1;nln_overview_verified=True|channel_2;nln_overview_verified=True|channel_3;nln_overview_verified=True|channel_4;nln_overview_verified=True|channel_5;nln_overview_verified=True|channel_6;nln_overview_verified=True
nln_emp_leave_one_speed_out,test_speed_75,nln_emp,nln_emp_motor_4_70_unbalance_pump_3_vibration,nln_emp_motor_4_70_unbalance_pump_3,train,Motor-4,vibration,vibration,70,unknown,motor_4_speed_70,unbalance,2,fault,experimental,unknown,data/raw/nln_emp/Dataset/Vibration/Motor-4/70/unbalance pump 3/Vibration_Motor-4_70_time-unbalance pump 3-ch1.csv|data/raw/nln_emp/Dataset/Vibration/Motor-4/70/unbalance pump 3/Vibration_Motor-4_70_time-unbalance pump 3-ch2.csv|data/raw/nln_emp/Dataset/Vibration/Motor-4/70/unbalance pump 3/Vibration_Motor-4_70_time-unbalance pump 3-ch3.csv|data/raw/nln_emp/Dataset/Vibration/Motor-4/70/unbalance pump 3/Vibration_Motor-4_70_time-unbalance pump 3-ch4.csv|data/raw/nln_emp/Dataset/Vibration/Motor-4/70/unbalance pump 3/Vibration_Motor-4_70_time-unbalance pump 3-ch5.csv,False,channel_1;nln_overview_verified=True|channel_2;nln_overview_verified=True|channel_3;nln_overview_verified=True|channel_4;nln_overview_verified=True|channel_5;nln_overview_verified=True
nln_emp_leave_one_speed_out,test_speed_75,nln_emp,nln_emp_motor_2_75_bearing_bpfi_1_current,nln_emp_motor_2_75_bearing_bpfi_1,test,Motor-2,current,current,75,unknown,motor_2_speed_75,bearing_inner_race,2,fault,experimental,unknown,data/raw/nln_emp/Dataset/Electric/Motor-2/75/bearing bpfi 1/Electric_Motor-2_75_time-bearing bpfi 1-ch1.csv|data/raw/nln_emp/Dataset/Electric/Motor-2/75/bearing bpfi 1/Electric_Motor-2_75_time-bearing bpfi 1-ch2.csv|data/raw/nln_emp/Dataset/Electric/Motor-2/75/bearing bpfi 1/Electric_Motor-2_75_time-bearing bpfi 1-ch3.csv|data/raw/nln_emp/Dataset/Electric/Motor-2/75/bearing bpfi 1/Electric_Motor-2_75_time-bearing bpfi 1-ch4.csv|data/raw/nln_emp/Dataset/Electric/Motor-2/75/bearing bpfi 1/Electric_Motor-2_75_time-bearing bpfi 1-ch5.csv|data/raw/nln_emp/Dataset/Electric/Motor-2/75/bearing bpfi 1/Electric_Motor-2_75_time-bearing bpfi 1-ch6.csv,False,channel_1;nln_overview_verified=True|channel_2;nln_overview_verified=True|channel_3;nln_overview_verified=True|channel_4;nln_overview_verified=True|channel_5;nln_overview_verified=True|channel_6;nln_overview_verified=True
nln_emp_leave_one_speed_out,test_speed_75,nln_emp,nln_emp_motor_2_75_bearing_bpfi_1_vibration,nln_emp_motor_2_75_bearing_bpfi_1,test,Motor-2,vibration,vibration,75,unknown,motor_2_speed_75,bearing_inner_race,2,fault,experimental,unknown,data/raw/nln_emp/Dataset/Vibration/Motor-2/75/bearing bpfi 1/Vibration_Motor-2_75_time-bearing bpfi 1-ch1.csv|data/raw/nln_emp/Dataset/Vibration/Motor-2/75/bearing bpfi 1/Vibration_Motor-2_75_time-bearing bpfi 1-ch2.csv|data/raw/nln_emp/Dataset/Vibration/Motor-2/75/bearing bpfi 1/Vibration_Motor-2_75_time-bearing bpfi 1-ch3.csv|data/raw/nln_emp/Dataset/Vibration/Motor-2/75/bearing bpfi 1/Vibration_Motor-2_75_time-bearing bpfi 1-ch4.csv|data/raw/nln_emp/Dataset/Vibration/Motor-2/75/bearing bpfi 1/Vibration_Motor-2_75_time-bearing bpfi 1-ch5.csv,False,channel_1;nln_overview_verified=True|channel_2;nln_overview_verified=True|channel_3;nln_overview_verified=True|channel_4;nln_overview_verified=True|channel_5;nln_overview_verified=True
nln_emp_leave_one_speed_out,test_speed_75,nln_emp,nln_emp_motor_2_75_bearing_bpfi_2_current,nln_emp_motor_2_75_bearing_bpfi_2,test,Motor-2,current,current,75,unknown,motor_2_speed_75,bearing_inner_race,2,fault,experimental,unknown,data/raw/nln_emp/Dataset/Electric/Motor-2/75/bearing bpfi 2/Electric_Motor-2_75_time-bearing bpfi 2-ch1.csv|data/raw/nln_emp/Dataset/Electric/Motor-2/75/bearing bpfi 2/Electric_Motor-2_75_time-bearing bpfi 2-ch2.csv|data/raw/nln_emp/Dataset/Electric/Motor-2/75/bearing bpfi 2/Electric_Motor-2_75_time-bearing bpfi 2-ch3.csv|data/raw/nln_emp/Dataset/Electric/Motor-2/75/bearing bpfi 2/Electric_Motor-2_75_time-bearing bpfi 2-ch4.csv|data/raw/nln_emp/Dataset/Electric/Motor-2/75/bearing bpfi 2/Electric_Motor-2_75_time-bearing bpfi 2-ch5.csv|data/raw/nln_emp/Dataset/Electric/Motor-2/75/bearing bpfi 2/Electric_Motor-2_75_time-bearing bpfi 2-ch6.csv,False,channel_1;nln_overview_verified=True|channel_2;nln_overview_verified=True|channel_3;nln_overview_verified=True|channel_4;nln_overview_verified=True|channel_5;nln_overview_verified=True|channel_6;nln_overview_verified=True
nln_emp_leave_one_speed_out,test_speed_75,nln_emp,nln_emp_motor_2_75_bearing_bpfi_2_vibration,nln_emp_motor_2_75_bearing_bpfi_2,test,Motor-2,vibration,vibration,75,unknown,motor_2_speed_75,bearing_inner_race,2,fault,experimental,unknown,data/raw/nln_emp/Dataset/Vibration/Motor-2/75/bearing bpfi 2/Vibration_Motor-2_75_time-bearing bpfi 2-ch1.csv|data/raw/nln_emp/Dataset/Vibration/Motor-2/75/bearing bpfi 2/Vibration_Motor-2_75_time-bearing bpfi 2-ch2.csv|data/raw/nln_emp/Dataset/Vibration/Motor-2/75/bearing bpfi 2/Vibration_Motor-2_75_time-bearing bpfi 2-ch3.csv|data/raw/nln_emp/Dataset/Vibration/Motor-2/75/bearing bpfi 2/Vibration_Motor-2_75_time-bearing bpfi 2-ch4.csv|data/raw/nln_emp/Dataset/Vibration/Motor-2/75/bearing bpfi 2/Vibration_Motor-2_75_time-bearing bpfi 2-ch5.csv,False,channel_1;nln_overview_verified=True|channel_2;nln_overview_verified=True|channel_3;nln_overview_verified=True|channel_4;nln_overview_verified=True|channel_5;nln_overview_verified=True
nln_emp_leave_one_speed_out,test_speed_75,nln_emp,nln_emp_motor_2_75_bearing_bpfi_3_current,nln_emp_motor_2_75_bearing_bpfi_3,test,Motor-2,current,current,75,unknown,motor_2_speed_75,bearing_inner_race,2,fault,experimental,unknown,data/raw/nln_emp/Dataset/Electric/Motor-2/75/bearing bpfi 3/Electric_Motor-2_75_time-bearing bpfi 3-ch1.csv|data/raw/nln_emp/Dataset/Electric/Motor-2/75/bearing bpfi 3/Electric_Motor-2_75_time-bearing bpfi 3-ch2.csv|data/raw/nln_emp/Dataset/Electric/Motor-2/75/bearing bpfi 3/Electric_Motor-2_75_time-bearing bpfi 3-ch3.csv|data/raw/nln_emp/Dataset/Electric/Motor-2/75/bearing bpfi 3/Electric_Motor-2_75_time-bearing bpfi 3-ch4.csv|data/raw/nln_emp/Dataset/Electric/Motor-2/75/bearing bpfi 3/Electric_Motor-2_75_time-bearing bpfi 3-ch5.csv|data/raw/nln_emp/Dataset/Electric/Motor-2/75/bearing bpfi 3/Electric_Motor-2_75_time-bearing bpfi 3-ch6.csv,False,channel_1;nln_overview_verified=True|channel_2;nln_overview_verified=True|channel_3;nln_overview_verified=True|channel_4;nln_overview_verified=True|channel_5;nln_overview_verified=True|channel_6;nln_overview_verified=True
nln_emp_leave_one_speed_out,test_speed_75,nln_emp,nln_emp_motor_2_75_bearing_bpfi_3_vibration,nln_emp_motor_2_75_bearing_bpfi_3,test,Motor-2,vibration,vibration,75,unknown,motor_2_speed_75,bearing_inner_race,2,fault,experimental,unknown,data/raw/nln_emp/Dataset/Vibration/Motor-2/75/bearing bpfi 3/Vibration_Motor-2_75_time-bearing bpfi 3-ch1.csv|data/raw/nln_emp/Dataset/Vibration/Motor-2/75/bearing bpfi 3/Vibration_Motor-2_75_time-bearing bpfi 3-ch2.csv|data/raw/nln_emp/Dataset/Vibration/Motor-2/75/bearing bpfi 3/Vibration_Motor-2_75_time-bearing bpfi 3-ch3.csv|data/raw/nln_emp/Dataset/Vibration/Motor-2/75/bearing bpfi 3/Vibration_Motor-2_75_time-bearing bpfi 3-ch4.csv|data/raw/nln_emp/Dataset/Vibration/Motor-2/75/bearing bpfi 3/Vibration_Motor-2_75_time-bearing bpfi 3-ch5.csv,False,channel_1;nln_overview_verified=True|channel_2;nln_overview_verified=True|channel_3;nln_overview_verified=True|channel_4;nln_overview_verified=True|channel_5;nln_overview_verified=True
nln_emp_leave_one_speed_out,test_speed_75,nln_emp,nln_emp_motor_2_75_bearing_bpfo_1_current,nln_emp_motor_2_75_bearing_bpfo_1,test,Motor-2,current,current,75,unknown,motor_2_speed_75,bearing_outer_race,1,fault,experimental,unknown,data/raw/nln_emp/Dataset/Electric/Motor-2/75/bearing bpfo 1/Electric_Motor-2_75_time-bearing bpfo 1-ch1.csv|data/raw/nln_emp/Dataset/Electric/Motor-2/75/bearing bpfo 1/Electric_Motor-2_75_time-bearing bpfo 1-ch2.csv|data/raw/nln_emp/Dataset/Electric/Motor-2/75/bearing bpfo 1/Electric_Motor-2_75_time-bearing bpfo 1-ch3.csv|data/raw/nln_emp/Dataset/Electric/Motor-2/75/bearing bpfo 1/Electric_Motor-2_75_time-bearing bpfo 1-ch4.csv|data/raw/nln_emp/Dataset/Electric/Motor-2/75/bearing bpfo 1/Electric_Motor-2_75_time-bearing bpfo 1-ch5.csv|data/raw/nln_emp/Dataset/Electric/Motor-2/75/bearing bpfo 1/Electric_Motor-2_75_time-bearing bpfo 1-ch6.csv,False,channel_1;nln_overview_verified=True|channel_2;nln_overview_verified=True|channel_3;nln_overview_verified=True|channel_4;nln_overview_verified=True|channel_5;nln_overview_verified=True|channel_6;nln_overview_verified=True
nln_emp_leave_one_speed_out,test_speed_75,nln_emp,nln_emp_motor_2_75_bearing_bpfo_1_vibration,nln_emp_motor_2_75_bearing_bpfo_1,test,Motor-2,vibration,vibration,75,unknown,motor_2_speed_75,bearing_outer_race,1,fault,experimental,unknown,data/raw/nln_emp/Dataset/Vibration/Motor-2/75/bearing bpfo 1/Vibration_Motor-2_75_time-bearing bpfo 1-ch1.csv|data/raw/nln_emp/Dataset/Vibration/Motor-2/75/bearing bpfo 1/Vibration_Motor-2_75_time-bearing bpfo 1-ch2.csv|data/raw/nln_emp/Dataset/Vibration/Motor-2/75/bearing bpfo 1/Vibration_Motor-2_75_time-bearing bpfo 1-ch3.csv|data/raw/nln_emp/Dataset/Vibration/Motor-2/75/bearing bpfo 1/Vibration_Motor-2_75_time-bearing bpfo 1-ch4.csv|data/raw/nln_emp/Dataset/Vibration/Motor-2/75/bearing bpfo 1/Vibration_Motor-2_75_time-bearing bpfo 1-ch5.csv,False,channel_1;nln_overview_verified=True|channel_2;nln_overview_verified=True|channel_3;nln_overview_verified=True|channel_4;nln_overview_verified=True|channel_5;nln_overview_verified=True
nln_emp_leave_one_speed_out,test_speed_75,nln_emp,nln_emp_motor_2_75_bearing_bpfo_2_current,nln_emp_motor_2_75_bearing_bpfo_2,test,Motor-2,current,current,75,unknown,motor_2_speed_75,bearing_outer_race,1,fault,experimental,unknown,data/raw/nln_emp/Dataset/Electric/Motor-2/75/bearing bpfo 2/Electric_Motor-2_75_time-bearing bpfo 2-ch1.csv|data/raw/nln_emp/Dataset/Electric/Motor-2/75/bearing bpfo 2/Electric_Motor-2_75_time-bearing bpfo 2-ch2.csv|data/raw/nln_emp/Dataset/Electric/Motor-2/75/bearing bpfo 2/Electric_Motor-2_75_time-bearing bpfo 2-ch3.csv|data/raw/nln_emp/Dataset/Electric/Motor-2/75/bearing bpfo 2/Electric_Motor-2_75_time-bearing bpfo 2-ch4.csv|data/raw/nln_emp/Dataset/Electric/Motor-2/75/bearing bpfo 2/Electric_Motor-2_75_time-bearing bpfo 2-ch5.csv|data/raw/nln_emp/Dataset/Electric/Motor-2/75/bearing bpfo 2/Electric_Motor-2_75_time-bearing bpfo 2-ch6.csv,False,channel_1;nln_overview_verified=True|channel_2;nln_overview_verified=True|channel_3;nln_overview_verified=True|channel_4;nln_overview_verified=True|channel_5;nln_overview_verified=True|channel_6;nln_overview_verified=True
nln_emp_leave_one_speed_out,test_speed_75,nln_emp,nln_emp_motor_2_75_bearing_bpfo_2_vibration,nln_emp_motor_2_75_bearing_bpfo_2,test,Motor-2,vibration,vibration,75,unknown,motor_2_speed_75,bearing_outer_race,1,fault,experimental,unknown,data/raw/nln_emp/Dataset/Vibration/Motor-2/75/bearing bpfo 2/Vibration_Motor-2_75_time-bearing bpfo 2-ch1.csv|data/raw/nln_emp/Dataset/Vibration/Motor-2/75/bearing bpfo 2/Vibration_Motor-2_75_time-bearing bpfo 2-ch2.csv|data/raw/nln_emp/Dataset/Vibration/Motor-2/75/bearing bpfo 2/Vibration_Motor-2_75_time-bearing bpfo 2-ch3.csv|data/raw/nln_emp/Dataset/Vibration/Motor-2/75/bearing bpfo 2/Vibration_Motor-2_75_time-bearing bpfo 2-ch4.csv|data/raw/nln_emp/Dataset/Vibration/Motor-2/75/bearing bpfo 2/Vibration_Motor-2_75_time-bearing bpfo 2-ch5.csv,False,channel_1;nln_overview_verified=True|channel_2;nln_overview_verified=True|channel_3;nln_overview_verified=True|channel_4;nln_overview_verified=True|channel_5;nln_overview_verified=True
nln_emp_leave_one_speed_out,test_speed_75,nln_emp,nln_emp_motor_2_75_bearing_bpfo_3_current,nln_emp_motor_2_75_bearing_bpfo_3,test,Motor-2,current,current,75,unknown,motor_2_speed_75,bearing_outer_race,1,fault,experimental,unknown,data/raw/nln_emp/Dataset/Electric/Motor-2/75/bearing bpfo 3/Electric_Motor-2_75_time-bearing bpfo 3-ch1.csv|data/raw/nln_emp/Dataset/Electric/Motor-2/75/bearing bpfo 3/Electric_Motor-2_75_time-bearing bpfo 3-ch2.csv|data/raw/nln_emp/Dataset/Electric/Motor-2/75/bearing bpfo 3/Electric_Motor-2_75_time-bearing bpfo 3-ch3.csv|data/raw/nln_emp/Dataset/Electric/Motor-2/75/bearing bpfo 3/Electric_Motor-2_75_time-bearing bpfo 3-ch4.csv|data/raw/nln_emp/Dataset/Electric/Motor-2/75/bearing bpfo 3/Electric_Motor-2_75_time-bearing bpfo 3-ch5.csv|data/raw/nln_emp/Dataset/Electric/Motor-2/75/bearing bpfo 3/Electric_Motor-2_75_time-bearing bpfo 3-ch6.csv,False,channel_1;nln_overview_verified=True|channel_2;nln_overview_verified=True|channel_3;nln_overview_verified=True|channel_4;nln_overview_verified=True|channel_5;nln_overview_verified=True|channel_6;nln_overview_verified=True
nln_emp_leave_one_speed_out,test_speed_75,nln_emp,nln_emp_motor_2_75_bearing_bpfo_3_vibration,nln_emp_motor_2_75_bearing_bpfo_3,test,Motor-2,vibration,vibration,75,unknown,motor_2_speed_75,bearing_outer_race,1,fault,experimental,unknown,data/raw/nln_emp/Dataset/Vibration/Motor-2/75/bearing bpfo 3/Vibration_Motor-2_75_time-bearing bpfo 3-ch1.csv|data/raw/nln_emp/Dataset/Vibration/Motor-2/75/bearing bpfo 3/Vibration_Motor-2_75_time-bearing bpfo 3-ch2.csv|data/raw/nln_emp/Dataset/Vibration/Motor-2/75/bearing bpfo 3/Vibration_Motor-2_75_time-bearing bpfo 3-ch3.csv|data/raw/nln_emp/Dataset/Vibration/Motor-2/75/bearing bpfo 3/Vibration_Motor-2_75_time-bearing bpfo 3-ch4.csv|data/raw/nln_emp/Dataset/Vibration/Motor-2/75/bearing bpfo 3/Vibration_Motor-2_75_time-bearing bpfo 3-ch5.csv,False,channel_1;nln_overview_verified=True|channel_2;nln_overview_verified=True|channel_3;nln_overview_verified=True|channel_4;nln_overview_verified=True|channel_5;nln_overview_verified=True
nln_emp_leave_one_speed_out,test_speed_75,nln_emp,nln_emp_motor_2_75_bearing_bsf_current,nln_emp_motor_2_75_bearing_bsf,test,Motor-2,current,current,75,unknown,motor_2_speed_75,bearing_ball_spin,unknown,fault,experimental,unknown,data/raw/nln_emp/Dataset/Electric/Motor-2/75/bearing bsf/Electric_Motor-2_75_time-bearing bsf-ch1.csv|data/raw/nln_emp/Dataset/Electric/Motor-2/75/bearing bsf/Electric_Motor-2_75_time-bearing bsf-ch2.csv|data/raw/nln_emp/Dataset/Electric/Motor-2/75/bearing bsf/Electric_Motor-2_75_time-bearing bsf-ch3.csv|data/raw/nln_emp/Dataset/Electric/Motor-2/75/bearing bsf/Electric_Motor-2_75_time-bearing bsf-ch4.csv|data/raw/nln_emp/Dataset/Electric/Motor-2/75/bearing bsf/Electric_Motor-2_75_time-bearing bsf-ch5.csv|data/raw/nln_emp/Dataset/Electric/Motor-2/75/bearing bsf/Electric_Motor-2_75_time-bearing bsf-ch6.csv,False,channel_1;nln_overview_verified=True|channel_2;nln_overview_verified=True|channel_3;nln_overview_verified=True|channel_4;nln_overview_verified=True|channel_5;nln_overview_verified=True|channel_6;nln_overview_verified=True
nln_emp_leave_one_speed_out,test_speed_75,nln_emp,nln_emp_motor_2_75_bearing_bsf_vibration,nln_emp_motor_2_75_bearing_bsf,test,Motor-2,vibration,vibration,75,unknown,motor_2_speed_75,bearing_ball_spin,unknown,fault,experimental,unknown,data/raw/nln_emp/Dataset/Vibration/Motor-2/75/bearing bsf/Vibration_Motor-2_75_time-bearing bsf-ch1.csv|data/raw/nln_emp/Dataset/Vibration/Motor-2/75/bearing bsf/Vibration_Motor-2_75_time-bearing bsf-ch2.csv|data/raw/nln_emp/Dataset/Vibration/Motor-2/75/bearing bsf/Vibration_Motor-2_75_time-bearing bsf-ch3.csv|data/raw/nln_emp/Dataset/Vibration/Motor-2/75/bearing bsf/Vibration_Motor-2_75_time-bearing bsf-ch4.csv|data/raw/nln_emp/Dataset/Vibration/Motor-2/75/bearing bsf/Vibration_Motor-2_75_time-bearing bsf-ch5.csv,False,channel_1;nln_overview_verified=True|channel_2;nln_overview_verified=True|channel_3;nln_overview_verified=True|channel_4;nln_overview_verified=True|channel_5;nln_overview_verified=True
nln_emp_leave_one_speed_out,test_speed_75,nln_emp,nln_emp_motor_2_75_bearing_contaminated_current,nln_emp_motor_2_75_bearing_contaminated,test,Motor-2,current,current,75,unknown,motor_2_speed_75,bearing_contamination,unknown,fault,experimental,unknown,data/raw/nln_emp/Dataset/Electric/Motor-2/75/bearing contaminated/Electric_Motor-2_75_time-bearing contaminated-ch1.csv|data/raw/nln_emp/Dataset/Electric/Motor-2/75/bearing contaminated/Electric_Motor-2_75_time-bearing contaminated-ch2.csv|data/raw/nln_emp/Dataset/Electric/Motor-2/75/bearing contaminated/Electric_Motor-2_75_time-bearing contaminated-ch3.csv|data/raw/nln_emp/Dataset/Electric/Motor-2/75/bearing contaminated/Electric_Motor-2_75_time-bearing contaminated-ch4.csv|data/raw/nln_emp/Dataset/Electric/Motor-2/75/bearing contaminated/Electric_Motor-2_75_time-bearing contaminated-ch5.csv|data/raw/nln_emp/Dataset/Electric/Motor-2/75/bearing contaminated/Electric_Motor-2_75_time-bearing contaminated-ch6.csv,False,channel_1;nln_overview_verified=True|channel_2;nln_overview_verified=True|channel_3;nln_overview_verified=True|channel_4;nln_overview_verified=True|channel_5;nln_overview_verified=True|channel_6;nln_overview_verified=True
nln_emp_leave_one_speed_out,test_speed_75,nln_emp,nln_emp_motor_2_75_bearing_contaminated_vibration,nln_emp_motor_2_75_bearing_contaminated,test,Motor-2,vibration,vibration,75,unknown,motor_2_speed_75,bearing_contamination,unknown,fault,experimental,unknown,data/raw/nln_emp/Dataset/Vibration/Motor-2/75/bearing contaminated/Vibration_Motor-2_75_time-bearing contaminated-ch1.csv|data/raw/nln_emp/Dataset/Vibration/Motor-2/75/bearing contaminated/Vibration_Motor-2_75_time-bearing contaminated-ch2.csv|data/raw/nln_emp/Dataset/Vibration/Motor-2/75/bearing contaminated/Vibration_Motor-2_75_time-bearing contaminated-ch3.csv|data/raw/nln_emp/Dataset/Vibration/Motor-2/75/bearing contaminated/Vibration_Motor-2_75_time-bearing contaminated-ch4.csv|data/raw/nln_emp/Dataset/Vibration/Motor-2/75/bearing contaminated/Vibration_Motor-2_75_time-bearing contaminated-ch5.csv,False,channel_1;nln_overview_verified=True|channel_2;nln_overview_verified=True|channel_3;nln_overview_verified=True|channel_4;nln_overview_verified=True|channel_5;nln_overview_verified=True
nln_emp_leave_one_speed_out,test_speed_75,nln_emp,nln_emp_motor_2_75_bearing_pump_1_current,nln_emp_motor_2_75_bearing_pump_1,test,Motor-2,current,current,75,unknown,motor_2_speed_75,bearing_ball,2,fault,experimental,unknown,data/raw/nln_emp/Dataset/Electric/Motor-2/75/bearing pump 1/Electric_Motor-2_75_time-bearing pump 1-ch1.csv|data/raw/nln_emp/Dataset/Electric/Motor-2/75/bearing pump 1/Electric_Motor-2_75_time-bearing pump 1-ch2.csv|data/raw/nln_emp/Dataset/Electric/Motor-2/75/bearing pump 1/Electric_Motor-2_75_time-bearing pump 1-ch3.csv|data/raw/nln_emp/Dataset/Electric/Motor-2/75/bearing pump 1/Electric_Motor-2_75_time-bearing pump 1-ch4.csv|data/raw/nln_emp/Dataset/Electric/Motor-2/75/bearing pump 1/Electric_Motor-2_75_time-bearing pump 1-ch5.csv|data/raw/nln_emp/Dataset/Electric/Motor-2/75/bearing pump 1/Electric_Motor-2_75_time-bearing pump 1-ch6.csv,False,channel_1;nln_overview_verified=True|channel_2;nln_overview_verified=True|channel_3;nln_overview_verified=True|channel_4;nln_overview_verified=True|channel_5;nln_overview_verified=True|channel_6;nln_overview_verified=True
nln_emp_leave_one_speed_out,test_speed_75,nln_emp,nln_emp_motor_2_75_bearing_pump_1_vibration,nln_emp_motor_2_75_bearing_pump_1,test,Motor-2,vibration,vibration,75,unknown,motor_2_speed_75,bearing_ball,2,fault,experimental,unknown,data/raw/nln_emp/Dataset/Vibration/Motor-2/75/bearing pump 1/Vibration_Motor-2_75_time-bearing pump 1-ch1.csv|data/raw/nln_emp/Dataset/Vibration/Motor-2/75/bearing pump 1/Vibration_Motor-2_75_time-bearing pump 1-ch2.csv|data/raw/nln_emp/Dataset/Vibration/Motor-2/75/bearing pump 1/Vibration_Motor-2_75_time-bearing pump 1-ch3.csv|data/raw/nln_emp/Dataset/Vibration/Motor-2/75/bearing pump 1/Vibration_Motor-2_75_time-bearing pump 1-ch4.csv|data/raw/nln_emp/Dataset/Vibration/Motor-2/75/bearing pump 1/Vibration_Motor-2_75_time-bearing pump 1-ch5.csv,False,channel_1;nln_overview_verified=True|channel_2;nln_overview_verified=True|channel_3;nln_overview_verified=True|channel_4;nln_overview_verified=True|channel_5;nln_overview_verified=True
nln_emp_leave_one_speed_out,test_speed_75,nln_emp,nln_emp_motor_2_75_bearing_pump_2_current,nln_emp_motor_2_75_bearing_pump_2,test,Motor-2,current,current,75,unknown,motor_2_speed_75,bearing_ball,2,fault,experimental,unknown,data/raw/nln_emp/Dataset/Electric/Motor-2/75/bearing pump 2/Electric_Motor-2_75_time-bearing pump 2-ch1.csv|data/raw/nln_emp/Dataset/Electric/Motor-2/75/bearing pump 2/Electric_Motor-2_75_time-bearing pump 2-ch2.csv|data/raw/nln_emp/Dataset/Electric/Motor-2/75/bearing pump 2/Electric_Motor-2_75_time-bearing pump 2-ch3.csv|data/raw/nln_emp/Dataset/Electric/Motor-2/75/bearing pump 2/Electric_Motor-2_75_time-bearing pump 2-ch4.csv|data/raw/nln_emp/Dataset/Electric/Motor-2/75/bearing pump 2/Electric_Motor-2_75_time-bearing pump 2-ch5.csv|data/raw/nln_emp/Dataset/Electric/Motor-2/75/bearing pump 2/Electric_Motor-2_75_time-bearing pump 2-ch6.csv,False,channel_1;nln_overview_verified=True|channel_2;nln_overview_verified=True|channel_3;nln_overview_verified=True|channel_4;nln_overview_verified=True|channel_5;nln_overview_verified=True|channel_6;nln_overview_verified=True
nln_emp_leave_one_speed_out,test_speed_75,nln_emp,nln_emp_motor_2_75_bearing_pump_2_vibration,nln_emp_motor_2_75_bearing_pump_2,test,Motor-2,vibration,vibration,75,unknown,motor_2_speed_75,bearing_ball,2,fault,experimental,unknown,data/raw/nln_emp/Dataset/Vibration/Motor-2/75/bearing pump 2/Vibration_Motor-2_75_time-bearing pump 2-ch1.csv|data/raw/nln_emp/Dataset/Vibration/Motor-2/75/bearing pump 2/Vibration_Motor-2_75_time-bearing pump 2-ch2.csv|data/raw/nln_emp/Dataset/Vibration/Motor-2/75/bearing pump 2/Vibration_Motor-2_75_time-bearing pump 2-ch3.csv|data/raw/nln_emp/Dataset/Vibration/Motor-2/75/bearing pump 2/Vibration_Motor-2_75_time-bearing pump 2-ch4.csv|data/raw/nln_emp/Dataset/Vibration/Motor-2/75/bearing pump 2/Vibration_Motor-2_75_time-bearing pump 2-ch5.csv,False,channel_1;nln_overview_verified=True|channel_2;nln_overview_verified=True|channel_3;nln_overview_verified=True|channel_4;nln_overview_verified=True|channel_5;nln_overview_verified=True
nln_emp_leave_one_speed_out,test_speed_75,nln_emp,nln_emp_motor_2_75_bearing_pump_3_current,nln_emp_motor_2_75_bearing_pump_3,test,Motor-2,current,current,75,unknown,motor_2_speed_75,bearing_ball,2,fault,experimental,unknown,data/raw/nln_emp/Dataset/Electric/Motor-2/75/bearing pump 3/Electric_Motor-2_75_time-bearing pump 3-ch1.csv|data/raw/nln_emp/Dataset/Electric/Motor-2/75/bearing pump 3/Electric_Motor-2_75_time-bearing pump 3-ch2.csv|data/raw/nln_emp/Dataset/Electric/Motor-2/75/bearing pump 3/Electric_Motor-2_75_time-bearing pump 3-ch3.csv|data/raw/nln_emp/Dataset/Electric/Motor-2/75/bearing pump 3/Electric_Motor-2_75_time-bearing pump 3-ch4.csv|data/raw/nln_emp/Dataset/Electric/Motor-2/75/bearing pump 3/Electric_Motor-2_75_time-bearing pump 3-ch5.csv|data/raw/nln_emp/Dataset/Electric/Motor-2/75/bearing pump 3/Electric_Motor-2_75_time-bearing pump 3-ch6.csv,False,channel_1;nln_overview_verified=True|channel_2;nln_overview_verified=True|channel_3;nln_overview_verified=True|channel_4;nln_overview_verified=True|channel_5;nln_overview_verified=True|channel_6;nln_overview_verified=True
nln_emp_leave_one_speed_out,test_speed_75,nln_emp,nln_emp_motor_2_75_bearing_pump_3_vibration,nln_emp_motor_2_75_bearing_pump_3,test,Motor-2,vibration,vibration,75,unknown,motor_2_speed_75,bearing_ball,2,fault,experimental,unknown,data/raw/nln_emp/Dataset/Vibration/Motor-2/75/bearing pump 3/Vibration_Motor-2_75_time-bearing pump 3-ch1.csv|data/raw/nln_emp/Dataset/Vibration/Motor-2/75/bearing pump 3/Vibration_Motor-2_75_time-bearing pump 3-ch2.csv|data/raw/nln_emp/Dataset/Vibration/Motor-2/75/bearing pump 3/Vibration_Motor-2_75_time-bearing pump 3-ch3.csv|data/raw/nln_emp/Dataset/Vibration/Motor-2/75/bearing pump 3/Vibration_Motor-2_75_time-bearing pump 3-ch4.csv|data/raw/nln_emp/Dataset/Vibration/Motor-2/75/bearing pump 3/Vibration_Motor-2_75_time-bearing pump 3-ch5.csv,False,channel_1;nln_overview_verified=True|channel_2;nln_overview_verified=True|channel_3;nln_overview_verified=True|channel_4;nln_overview_verified=True|channel_5;nln_overview_verified=True
nln_emp_leave_one_speed_out,test_speed_75,nln_emp,nln_emp_motor_2_75_broken_rotor_bar_current,nln_emp_motor_2_75_broken_rotor_bar,test,Motor-2,current,current,75,unknown,motor_2_speed_75,rotor_fault,unknown,fault,experimental,unknown,data/raw/nln_emp/Dataset/Electric/Motor-2/75/broken rotor bar/Electric_Motor-2_75_time-broken rotor bar-ch1.csv|data/raw/nln_emp/Dataset/Electric/Motor-2/75/broken rotor bar/Electric_Motor-2_75_time-broken rotor bar-ch2.csv|data/raw/nln_emp/Dataset/Electric/Motor-2/75/broken rotor bar/Electric_Motor-2_75_time-broken rotor bar-ch3.csv|data/raw/nln_emp/Dataset/Electric/Motor-2/75/broken rotor bar/Electric_Motor-2_75_time-broken rotor bar-ch4.csv|data/raw/nln_emp/Dataset/Electric/Motor-2/75/broken rotor bar/Electric_Motor-2_75_time-broken rotor bar-ch5.csv|data/raw/nln_emp/Dataset/Electric/Motor-2/75/broken rotor bar/Electric_Motor-2_75_time-broken rotor bar-ch6.csv,False,channel_1;nln_overview_verified=True|channel_2;nln_overview_verified=True|channel_3;nln_overview_verified=True|channel_4;nln_overview_verified=True|channel_5;nln_overview_verified=True|channel_6;nln_overview_verified=True
nln_emp_leave_one_speed_out,test_speed_75,nln_emp,nln_emp_motor_2_75_broken_rotor_bar_vibration,nln_emp_motor_2_75_broken_rotor_bar,test,Motor-2,vibration,vibration,75,unknown,motor_2_speed_75,rotor_fault,unknown,fault,experimental,unknown,data/raw/nln_emp/Dataset/Vibration/Motor-2/75/broken rotor bar/Vibration_Motor-2_75_time-broken rotor bar-ch1.csv|data/raw/nln_emp/Dataset/Vibration/Motor-2/75/broken rotor bar/Vibration_Motor-2_75_time-broken rotor bar-ch2.csv|data/raw/nln_emp/Dataset/Vibration/Motor-2/75/broken rotor bar/Vibration_Motor-2_75_time-broken rotor bar-ch3.csv|data/raw/nln_emp/Dataset/Vibration/Motor-2/75/broken rotor bar/Vibration_Motor-2_75_time-broken rotor bar-ch4.csv|data/raw/nln_emp/Dataset/Vibration/Motor-2/75/broken rotor bar/Vibration_Motor-2_75_time-broken rotor bar-ch5.csv,False,channel_1;nln_overview_verified=True|channel_2;nln_overview_verified=True|channel_3;nln_overview_verified=True|channel_4;nln_overview_verified=True|channel_5;nln_overview_verified=True
nln_emp_leave_one_speed_out,test_speed_75,nln_emp,nln_emp_motor_2_75_healthy_1_current,nln_emp_motor_2_75_healthy_1,test,Motor-2,current,current,75,unknown,motor_2_speed_75,healthy,0,healthy,experimental,unknown,data/raw/nln_emp/Dataset/Electric/Motor-2/75/healthy 1/Electric_Motor-2_75_time-healthy 1-ch1.csv|data/raw/nln_emp/Dataset/Electric/Motor-2/75/healthy 1/Electric_Motor-2_75_time-healthy 1-ch2.csv|data/raw/nln_emp/Dataset/Electric/Motor-2/75/healthy 1/Electric_Motor-2_75_time-healthy 1-ch3.csv|data/raw/nln_emp/Dataset/Electric/Motor-2/75/healthy 1/Electric_Motor-2_75_time-healthy 1-ch4.csv|data/raw/nln_emp/Dataset/Electric/Motor-2/75/healthy 1/Electric_Motor-2_75_time-healthy 1-ch5.csv|data/raw/nln_emp/Dataset/Electric/Motor-2/75/healthy 1/Electric_Motor-2_75_time-healthy 1-ch6.csv,False,channel_1;nln_overview_verified=True|channel_2;nln_overview_verified=True|channel_3;nln_overview_verified=True|channel_4;nln_overview_verified=True|channel_5;nln_overview_verified=True|channel_6;nln_overview_verified=True
nln_emp_leave_one_speed_out,test_speed_75,nln_emp,nln_emp_motor_2_75_healthy_1_vibration,nln_emp_motor_2_75_healthy_1,test,Motor-2,vibration,vibration,75,unknown,motor_2_speed_75,healthy,0,healthy,experimental,unknown,data/raw/nln_emp/Dataset/Vibration/Motor-2/75/healthy 1/Vibration_Motor-2_75_time-healthy 1-ch1.csv|data/raw/nln_emp/Dataset/Vibration/Motor-2/75/healthy 1/Vibration_Motor-2_75_time-healthy 1-ch2.csv|data/raw/nln_emp/Dataset/Vibration/Motor-2/75/healthy 1/Vibration_Motor-2_75_time-healthy 1-ch3.csv|data/raw/nln_emp/Dataset/Vibration/Motor-2/75/healthy 1/Vibration_Motor-2_75_time-healthy 1-ch4.csv|data/raw/nln_emp/Dataset/Vibration/Motor-2/75/healthy 1/Vibration_Motor-2_75_time-healthy 1-ch5.csv,False,channel_1;nln_overview_verified=True|channel_2;nln_overview_verified=True|channel_3;nln_overview_verified=True|channel_4;nln_overview_verified=True|channel_5;nln_overview_verified=True
nln_emp_leave_one_speed_out,test_speed_75,nln_emp,nln_emp_motor_2_75_healthy_2_current,nln_emp_motor_2_75_healthy_2,test,Motor-2,current,current,75,unknown,motor_2_speed_75,healthy,0,healthy,experimental,unknown,data/raw/nln_emp/Dataset/Electric/Motor-2/75/healthy 2/Electric_Motor-2_75_time-healthy 2-ch1.csv|data/raw/nln_emp/Dataset/Electric/Motor-2/75/healthy 2/Electric_Motor-2_75_time-healthy 2-ch2.csv|data/raw/nln_emp/Dataset/Electric/Motor-2/75/healthy 2/Electric_Motor-2_75_time-healthy 2-ch3.csv|data/raw/nln_emp/Dataset/Electric/Motor-2/75/healthy 2/Electric_Motor-2_75_time-healthy 2-ch4.csv|data/raw/nln_emp/Dataset/Electric/Motor-2/75/healthy 2/Electric_Motor-2_75_time-healthy 2-ch5.csv|data/raw/nln_emp/Dataset/Electric/Motor-2/75/healthy 2/Electric_Motor-2_75_time-healthy 2-ch6.csv,False,channel_1;nln_overview_verified=True|channel_2;nln_overview_verified=True|channel_3;nln_overview_verified=True|channel_4;nln_overview_verified=True|channel_5;nln_overview_verified=True|channel_6;nln_overview_verified=True
nln_emp_leave_one_speed_out,test_speed_75,nln_emp,nln_emp_motor_2_75_healthy_2_vibration,nln_emp_motor_2_75_healthy_2,test,Motor-2,vibration,vibration,75,unknown,motor_2_speed_75,healthy,0,healthy,experimental,unknown,data/raw/nln_emp/Dataset/Vibration/Motor-2/75/healthy 2/Vibration_Motor-2_75_time-healthy 2-ch1.csv|data/raw/nln_emp/Dataset/Vibration/Motor-2/75/healthy 2/Vibration_Motor-2_75_time-healthy 2-ch2.csv|data/raw/nln_emp/Dataset/Vibration/Motor-2/75/healthy 2/Vibration_Motor-2_75_time-healthy 2-ch3.csv|data/raw/nln_emp/Dataset/Vibration/Motor-2/75/healthy 2/Vibration_Motor-2_75_time-healthy 2-ch4.csv|data/raw/nln_emp/Dataset/Vibration/Motor-2/75/healthy 2/Vibration_Motor-2_75_time-healthy 2-ch5.csv,False,channel_1;nln_overview_verified=True|channel_2;nln_overview_verified=True|channel_3;nln_overview_verified=True|channel_4;nln_overview_verified=True|channel_5;nln_overview_verified=True
nln_emp_leave_one_speed_out,test_speed_75,nln_emp,nln_emp_motor_2_75_healthy_3_current,nln_emp_motor_2_75_healthy_3,test,Motor-2,current,current,75,unknown,motor_2_speed_75,healthy,0,healthy,experimental,unknown,data/raw/nln_emp/Dataset/Electric/Motor-2/75/healthy 3/Electric_Motor-2_75_time-healthy 3-ch1.csv|data/raw/nln_emp/Dataset/Electric/Motor-2/75/healthy 3/Electric_Motor-2_75_time-healthy 3-ch2.csv|data/raw/nln_emp/Dataset/Electric/Motor-2/75/healthy 3/Electric_Motor-2_75_time-healthy 3-ch3.csv|data/raw/nln_emp/Dataset/Electric/Motor-2/75/healthy 3/Electric_Motor-2_75_time-healthy 3-ch4.csv|data/raw/nln_emp/Dataset/Electric/Motor-2/75/healthy 3/Electric_Motor-2_75_time-healthy 3-ch5.csv|data/raw/nln_emp/Dataset/Electric/Motor-2/75/healthy 3/Electric_Motor-2_75_time-healthy 3-ch6.csv,False,channel_1;nln_overview_verified=True|channel_2;nln_overview_verified=True|channel_3;nln_overview_verified=True|channel_4;nln_overview_verified=True|channel_5;nln_overview_verified=True|channel_6;nln_overview_verified=True
nln_emp_leave_one_speed_out,test_speed_75,nln_emp,nln_emp_motor_2_75_healthy_3_vibration,nln_emp_motor_2_75_healthy_3,test,Motor-2,vibration,vibration,75,unknown,motor_2_speed_75,healthy,0,healthy,experimental,unknown,data/raw/nln_emp/Dataset/Vibration/Motor-2/75/healthy 3/Vibration_Motor-2_75_time-healthy 3-ch1.csv|data/raw/nln_emp/Dataset/Vibration/Motor-2/75/healthy 3/Vibration_Motor-2_75_time-healthy 3-ch2.csv|data/raw/nln_emp/Dataset/Vibration/Motor-2/75/healthy 3/Vibration_Motor-2_75_time-healthy 3-ch3.csv|data/raw/nln_emp/Dataset/Vibration/Motor-2/75/healthy 3/Vibration_Motor-2_75_time-healthy 3-ch4.csv|data/raw/nln_emp/Dataset/Vibration/Motor-2/75/healthy 3/Vibration_Motor-2_75_time-healthy 3-ch5.csv,False,channel_1;nln_overview_verified=True|channel_2;nln_overview_verified=True|channel_3;nln_overview_verified=True|channel_4;nln_overview_verified=True|channel_5;nln_overview_verified=True
nln_emp_leave_one_speed_out,test_speed_75,nln_emp,nln_emp_motor_2_75_healthy_noise_current,nln_emp_motor_2_75_healthy_noise,test,Motor-2,current,current,75,unknown,motor_2_speed_75,healthy,0,healthy,experimental,unknown,data/raw/nln_emp/Dataset/Electric/Motor-2/75/healthy noise/Electric_Motor-2_75_time-healthy noise-ch1.csv|data/raw/nln_emp/Dataset/Electric/Motor-2/75/healthy noise/Electric_Motor-2_75_time-healthy noise-ch2.csv|data/raw/nln_emp/Dataset/Electric/Motor-2/75/healthy noise/Electric_Motor-2_75_time-healthy noise-ch3.csv|data/raw/nln_emp/Dataset/Electric/Motor-2/75/healthy noise/Electric_Motor-2_75_time-healthy noise-ch4.csv|data/raw/nln_emp/Dataset/Electric/Motor-2/75/healthy noise/Electric_Motor-2_75_time-healthy noise-ch5.csv|data/raw/nln_emp/Dataset/Electric/Motor-2/75/healthy noise/Electric_Motor-2_75_time-healthy noise-ch6.csv,False,channel_1;nln_overview_verified=True|channel_2;nln_overview_verified=True|channel_3;nln_overview_verified=True|channel_4;nln_overview_verified=True|channel_5;nln_overview_verified=True|channel_6;nln_overview_verified=True
nln_emp_leave_one_speed_out,test_speed_75,nln_emp,nln_emp_motor_2_75_healthy_noise_vibration,nln_emp_motor_2_75_healthy_noise,test,Motor-2,vibration,vibration,75,unknown,motor_2_speed_75,healthy,0,healthy,experimental,unknown,data/raw/nln_emp/Dataset/Vibration/Motor-2/75/healthy noise/Vibration_Motor-2_75_time-healthy noise-ch1.csv|data/raw/nln_emp/Dataset/Vibration/Motor-2/75/healthy noise/Vibration_Motor-2_75_time-healthy noise-ch2.csv|data/raw/nln_emp/Dataset/Vibration/Motor-2/75/healthy noise/Vibration_Motor-2_75_time-healthy noise-ch3.csv|data/raw/nln_emp/Dataset/Vibration/Motor-2/75/healthy noise/Vibration_Motor-2_75_time-healthy noise-ch4.csv|data/raw/nln_emp/Dataset/Vibration/Motor-2/75/healthy noise/Vibration_Motor-2_75_time-healthy noise-ch5.csv,False,channel_1;nln_overview_verified=True|channel_2;nln_overview_verified=True|channel_3;nln_overview_verified=True|channel_4;nln_overview_verified=True|channel_5;nln_overview_verified=True
nln_emp_leave_one_speed_out,test_speed_75,nln_emp,nln_emp_motor_2_75_impeller_1_current,nln_emp_motor_2_75_impeller_1,test,Motor-2,current,current,75,unknown,motor_2_speed_75,impeller_fault,1,fault,experimental,unknown,data/raw/nln_emp/Dataset/Electric/Motor-2/75/impeller 1/Electric_Motor-2_75_time-impeller 1-ch1.csv|data/raw/nln_emp/Dataset/Electric/Motor-2/75/impeller 1/Electric_Motor-2_75_time-impeller 1-ch2.csv|data/raw/nln_emp/Dataset/Electric/Motor-2/75/impeller 1/Electric_Motor-2_75_time-impeller 1-ch3.csv|data/raw/nln_emp/Dataset/Electric/Motor-2/75/impeller 1/Electric_Motor-2_75_time-impeller 1-ch4.csv|data/raw/nln_emp/Dataset/Electric/Motor-2/75/impeller 1/Electric_Motor-2_75_time-impeller 1-ch5.csv|data/raw/nln_emp/Dataset/Electric/Motor-2/75/impeller 1/Electric_Motor-2_75_time-impeller 1-ch6.csv,False,channel_1;nln_overview_verified=True|channel_2;nln_overview_verified=True|channel_3;nln_overview_verified=True|channel_4;nln_overview_verified=True|channel_5;nln_overview_verified=True|channel_6;nln_overview_verified=True
nln_emp_leave_one_speed_out,test_speed_75,nln_emp,nln_emp_motor_2_75_impeller_1_vibration,nln_emp_motor_2_75_impeller_1,test,Motor-2,vibration,vibration,75,unknown,motor_2_speed_75,impeller_fault,1,fault,experimental,unknown,data/raw/nln_emp/Dataset/Vibration/Motor-2/75/impeller 1/Vibration_Motor-2_75_time-impeller 1-ch1.csv|data/raw/nln_emp/Dataset/Vibration/Motor-2/75/impeller 1/Vibration_Motor-2_75_time-impeller 1-ch2.csv|data/raw/nln_emp/Dataset/Vibration/Motor-2/75/impeller 1/Vibration_Motor-2_75_time-impeller 1-ch3.csv|data/raw/nln_emp/Dataset/Vibration/Motor-2/75/impeller 1/Vibration_Motor-2_75_time-impeller 1-ch4.csv|data/raw/nln_emp/Dataset/Vibration/Motor-2/75/impeller 1/Vibration_Motor-2_75_time-impeller 1-ch5.csv,False,channel_1;nln_overview_verified=True|channel_2;nln_overview_verified=True|channel_3;nln_overview_verified=True|channel_4;nln_overview_verified=True|channel_5;nln_overview_verified=True
nln_emp_leave_one_speed_out,test_speed_75,nln_emp,nln_emp_motor_2_75_impeller_2_current,nln_emp_motor_2_75_impeller_2,test,Motor-2,current,current,75,unknown,motor_2_speed_75,impeller_fault,1,fault,experimental,unknown,data/raw/nln_emp/Dataset/Electric/Motor-2/75/impeller 2/Electric_Motor-2_75_time-impeller 2-ch1.csv|data/raw/nln_emp/Dataset/Electric/Motor-2/75/impeller 2/Electric_Motor-2_75_time-impeller 2-ch2.csv|data/raw/nln_emp/Dataset/Electric/Motor-2/75/impeller 2/Electric_Motor-2_75_time-impeller 2-ch3.csv|data/raw/nln_emp/Dataset/Electric/Motor-2/75/impeller 2/Electric_Motor-2_75_time-impeller 2-ch4.csv|data/raw/nln_emp/Dataset/Electric/Motor-2/75/impeller 2/Electric_Motor-2_75_time-impeller 2-ch5.csv|data/raw/nln_emp/Dataset/Electric/Motor-2/75/impeller 2/Electric_Motor-2_75_time-impeller 2-ch6.csv,False,channel_1;nln_overview_verified=True|channel_2;nln_overview_verified=True|channel_3;nln_overview_verified=True|channel_4;nln_overview_verified=True|channel_5;nln_overview_verified=True|channel_6;nln_overview_verified=True
nln_emp_leave_one_speed_out,test_speed_75,nln_emp,nln_emp_motor_2_75_impeller_2_vibration,nln_emp_motor_2_75_impeller_2,test,Motor-2,vibration,vibration,75,unknown,motor_2_speed_75,impeller_fault,1,fault,experimental,unknown,data/raw/nln_emp/Dataset/Vibration/Motor-2/75/impeller 2/Vibration_Motor-2_75_time-impeller 2-ch1.csv|data/raw/nln_emp/Dataset/Vibration/Motor-2/75/impeller 2/Vibration_Motor-2_75_time-impeller 2-ch2.csv|data/raw/nln_emp/Dataset/Vibration/Motor-2/75/impeller 2/Vibration_Motor-2_75_time-impeller 2-ch3.csv|data/raw/nln_emp/Dataset/Vibration/Motor-2/75/impeller 2/Vibration_Motor-2_75_time-impeller 2-ch4.csv|data/raw/nln_emp/Dataset/Vibration/Motor-2/75/impeller 2/Vibration_Motor-2_75_time-impeller 2-ch5.csv,False,channel_1;nln_overview_verified=True|channel_2;nln_overview_verified=True|channel_3;nln_overview_verified=True|channel_4;nln_overview_verified=True|channel_5;nln_overview_verified=True
nln_emp_leave_one_speed_out,test_speed_75,nln_emp,nln_emp_motor_2_75_impeller_3_current,nln_emp_motor_2_75_impeller_3,test,Motor-2,current,current,75,unknown,motor_2_speed_75,impeller_fault,1,fault,experimental,unknown,data/raw/nln_emp/Dataset/Electric/Motor-2/75/impeller 3/Electric_Motor-2_75_time-impeller 3-ch1.csv|data/raw/nln_emp/Dataset/Electric/Motor-2/75/impeller 3/Electric_Motor-2_75_time-impeller 3-ch2.csv|data/raw/nln_emp/Dataset/Electric/Motor-2/75/impeller 3/Electric_Motor-2_75_time-impeller 3-ch3.csv|data/raw/nln_emp/Dataset/Electric/Motor-2/75/impeller 3/Electric_Motor-2_75_time-impeller 3-ch4.csv|data/raw/nln_emp/Dataset/Electric/Motor-2/75/impeller 3/Electric_Motor-2_75_time-impeller 3-ch5.csv|data/raw/nln_emp/Dataset/Electric/Motor-2/75/impeller 3/Electric_Motor-2_75_time-impeller 3-ch6.csv,False,channel_1;nln_overview_verified=True|channel_2;nln_overview_verified=True|channel_3;nln_overview_verified=True|channel_4;nln_overview_verified=True|channel_5;nln_overview_verified=True|channel_6;nln_overview_verified=True
nln_emp_leave_one_speed_out,test_speed_75,nln_emp,nln_emp_motor_2_75_impeller_3_vibration,nln_emp_motor_2_75_impeller_3,test,Motor-2,vibration,vibration,75,unknown,motor_2_speed_75,impeller_fault,1,fault,experimental,unknown,data/raw/nln_emp/Dataset/Vibration/Motor-2/75/impeller 3/Vibration_Motor-2_75_time-impeller 3-ch1.csv|data/raw/nln_emp/Dataset/Vibration/Motor-2/75/impeller 3/Vibration_Motor-2_75_time-impeller 3-ch2.csv|data/raw/nln_emp/Dataset/Vibration/Motor-2/75/impeller 3/Vibration_Motor-2_75_time-impeller 3-ch3.csv|data/raw/nln_emp/Dataset/Vibration/Motor-2/75/impeller 3/Vibration_Motor-2_75_time-impeller 3-ch4.csv|data/raw/nln_emp/Dataset/Vibration/Motor-2/75/impeller 3/Vibration_Motor-2_75_time-impeller 3-ch5.csv,False,channel_1;nln_overview_verified=True|channel_2;nln_overview_verified=True|channel_3;nln_overview_verified=True|channel_4;nln_overview_verified=True|channel_5;nln_overview_verified=True
nln_emp_leave_one_speed_out,test_speed_75,nln_emp,nln_emp_motor_2_75_loose_foot_motor_current,nln_emp_motor_2_75_loose_foot_motor,test,Motor-2,current,current,75,unknown,motor_2_speed_75,looseness_soft_foot,unknown,fault,experimental,unknown,data/raw/nln_emp/Dataset/Electric/Motor-2/75/loose foot motor/Electric_Motor-2_75_time-loose foot motor-ch1.csv|data/raw/nln_emp/Dataset/Electric/Motor-2/75/loose foot motor/Electric_Motor-2_75_time-loose foot motor-ch2.csv|data/raw/nln_emp/Dataset/Electric/Motor-2/75/loose foot motor/Electric_Motor-2_75_time-loose foot motor-ch3.csv|data/raw/nln_emp/Dataset/Electric/Motor-2/75/loose foot motor/Electric_Motor-2_75_time-loose foot motor-ch4.csv|data/raw/nln_emp/Dataset/Electric/Motor-2/75/loose foot motor/Electric_Motor-2_75_time-loose foot motor-ch5.csv|data/raw/nln_emp/Dataset/Electric/Motor-2/75/loose foot motor/Electric_Motor-2_75_time-loose foot motor-ch6.csv,False,channel_1;nln_overview_verified=True|channel_2;nln_overview_verified=True|channel_3;nln_overview_verified=True|channel_4;nln_overview_verified=True|channel_5;nln_overview_verified=True|channel_6;nln_overview_verified=True
nln_emp_leave_one_speed_out,test_speed_75,nln_emp,nln_emp_motor_2_75_loose_foot_motor_vibration,nln_emp_motor_2_75_loose_foot_motor,test,Motor-2,vibration,vibration,75,unknown,motor_2_speed_75,looseness_soft_foot,unknown,fault,experimental,unknown,data/raw/nln_emp/Dataset/Vibration/Motor-2/75/loose foot motor/Vibration_Motor-2_75_time-loose foot motor-ch1.csv|data/raw/nln_emp/Dataset/Vibration/Motor-2/75/loose foot motor/Vibration_Motor-2_75_time-loose foot motor-ch2.csv|data/raw/nln_emp/Dataset/Vibration/Motor-2/75/loose foot motor/Vibration_Motor-2_75_time-loose foot motor-ch3.csv|data/raw/nln_emp/Dataset/Vibration/Motor-2/75/loose foot motor/Vibration_Motor-2_75_time-loose foot motor-ch4.csv|data/raw/nln_emp/Dataset/Vibration/Motor-2/75/loose foot motor/Vibration_Motor-2_75_time-loose foot motor-ch5.csv,False,channel_1;nln_overview_verified=True|channel_2;nln_overview_verified=True|channel_3;nln_overview_verified=True|channel_4;nln_overview_verified=True|channel_5;nln_overview_verified=True
nln_emp_leave_one_speed_out,test_speed_75,nln_emp,nln_emp_motor_2_75_loose_foot_pump_current,nln_emp_motor_2_75_loose_foot_pump,test,Motor-2,current,current,75,unknown,motor_2_speed_75,looseness_soft_foot,unknown,fault,experimental,unknown,data/raw/nln_emp/Dataset/Electric/Motor-2/75/loose foot pump/Electric_Motor-2_75_time-loose foot pump-ch1.csv|data/raw/nln_emp/Dataset/Electric/Motor-2/75/loose foot pump/Electric_Motor-2_75_time-loose foot pump-ch2.csv|data/raw/nln_emp/Dataset/Electric/Motor-2/75/loose foot pump/Electric_Motor-2_75_time-loose foot pump-ch3.csv|data/raw/nln_emp/Dataset/Electric/Motor-2/75/loose foot pump/Electric_Motor-2_75_time-loose foot pump-ch4.csv|data/raw/nln_emp/Dataset/Electric/Motor-2/75/loose foot pump/Electric_Motor-2_75_time-loose foot pump-ch5.csv|data/raw/nln_emp/Dataset/Electric/Motor-2/75/loose foot pump/Electric_Motor-2_75_time-loose foot pump-ch6.csv,False,channel_1;nln_overview_verified=True|channel_2;nln_overview_verified=True|channel_3;nln_overview_verified=True|channel_4;nln_overview_verified=True|channel_5;nln_overview_verified=True|channel_6;nln_overview_verified=True
nln_emp_leave_one_speed_out,test_speed_75,nln_emp,nln_emp_motor_2_75_loose_foot_pump_vibration,nln_emp_motor_2_75_loose_foot_pump,test,Motor-2,vibration,vibration,75,unknown,motor_2_speed_75,looseness_soft_foot,unknown,fault,experimental,unknown,data/raw/nln_emp/Dataset/Vibration/Motor-2/75/loose foot pump/Vibration_Motor-2_75_time-loose foot pump-ch1.csv|data/raw/nln_emp/Dataset/Vibration/Motor-2/75/loose foot pump/Vibration_Motor-2_75_time-loose foot pump-ch2.csv|data/raw/nln_emp/Dataset/Vibration/Motor-2/75/loose foot pump/Vibration_Motor-2_75_time-loose foot pump-ch3.csv|data/raw/nln_emp/Dataset/Vibration/Motor-2/75/loose foot pump/Vibration_Motor-2_75_time-loose foot pump-ch4.csv|data/raw/nln_emp/Dataset/Vibration/Motor-2/75/loose foot pump/Vibration_Motor-2_75_time-loose foot pump-ch5.csv,False,channel_1;nln_overview_verified=True|channel_2;nln_overview_verified=True|channel_3;nln_overview_verified=True|channel_4;nln_overview_verified=True|channel_5;nln_overview_verified=True
nln_emp_leave_one_speed_out,test_speed_75,nln_emp,nln_emp_motor_2_75_new_motor_current,nln_emp_motor_2_75_new_motor,test,Motor-2,current,current,75,unknown,motor_2_speed_75,healthy,0,healthy,experimental,unknown,data/raw/nln_emp/Dataset/Electric/Motor-2/75/new motor/Electric_Motor-2_75_time-new motor-ch1.csv|data/raw/nln_emp/Dataset/Electric/Motor-2/75/new motor/Electric_Motor-2_75_time-new motor-ch2.csv|data/raw/nln_emp/Dataset/Electric/Motor-2/75/new motor/Electric_Motor-2_75_time-new motor-ch3.csv|data/raw/nln_emp/Dataset/Electric/Motor-2/75/new motor/Electric_Motor-2_75_time-new motor-ch4.csv|data/raw/nln_emp/Dataset/Electric/Motor-2/75/new motor/Electric_Motor-2_75_time-new motor-ch5.csv|data/raw/nln_emp/Dataset/Electric/Motor-2/75/new motor/Electric_Motor-2_75_time-new motor-ch6.csv,False,channel_1;nln_overview_verified=True|channel_2;nln_overview_verified=True|channel_3;nln_overview_verified=True|channel_4;nln_overview_verified=True|channel_5;nln_overview_verified=True|channel_6;nln_overview_verified=True
nln_emp_leave_one_speed_out,test_speed_75,nln_emp,nln_emp_motor_2_75_new_motor_vibration,nln_emp_motor_2_75_new_motor,test,Motor-2,vibration,vibration,75,unknown,motor_2_speed_75,healthy,0,healthy,experimental,unknown,data/raw/nln_emp/Dataset/Vibration/Motor-2/75/new motor/Vibration_Motor-2_75_time-new motor-ch1.csv|data/raw/nln_emp/Dataset/Vibration/Motor-2/75/new motor/Vibration_Motor-2_75_time-new motor-ch2.csv|data/raw/nln_emp/Dataset/Vibration/Motor-2/75/new motor/Vibration_Motor-2_75_time-new motor-ch3.csv|data/raw/nln_emp/Dataset/Vibration/Motor-2/75/new motor/Vibration_Motor-2_75_time-new motor-ch4.csv|data/raw/nln_emp/Dataset/Vibration/Motor-2/75/new motor/Vibration_Motor-2_75_time-new motor-ch5.csv,False,channel_1;nln_overview_verified=True|channel_2;nln_overview_verified=True|channel_3;nln_overview_verified=True|channel_4;nln_overview_verified=True|channel_5;nln_overview_verified=True
nln_emp_leave_one_speed_out,test_speed_75,nln_emp,nln_emp_motor_2_75_soft_foot_1_current,nln_emp_motor_2_75_soft_foot_1,test,Motor-2,current,current,75,unknown,motor_2_speed_75,looseness_soft_foot,2,fault,experimental,unknown,data/raw/nln_emp/Dataset/Electric/Motor-2/75/soft foot 1/Electric_Motor-2_75_time-soft foot 1-ch1.csv|data/raw/nln_emp/Dataset/Electric/Motor-2/75/soft foot 1/Electric_Motor-2_75_time-soft foot 1-ch2.csv|data/raw/nln_emp/Dataset/Electric/Motor-2/75/soft foot 1/Electric_Motor-2_75_time-soft foot 1-ch3.csv|data/raw/nln_emp/Dataset/Electric/Motor-2/75/soft foot 1/Electric_Motor-2_75_time-soft foot 1-ch4.csv|data/raw/nln_emp/Dataset/Electric/Motor-2/75/soft foot 1/Electric_Motor-2_75_time-soft foot 1-ch5.csv|data/raw/nln_emp/Dataset/Electric/Motor-2/75/soft foot 1/Electric_Motor-2_75_time-soft foot 1-ch6.csv,False,channel_1;nln_overview_verified=True|channel_2;nln_overview_verified=True|channel_3;nln_overview_verified=True|channel_4;nln_overview_verified=True|channel_5;nln_overview_verified=True|channel_6;nln_overview_verified=True
nln_emp_leave_one_speed_out,test_speed_75,nln_emp,nln_emp_motor_2_75_soft_foot_1_vibration,nln_emp_motor_2_75_soft_foot_1,test,Motor-2,vibration,vibration,75,unknown,motor_2_speed_75,looseness_soft_foot,2,fault,experimental,unknown,data/raw/nln_emp/Dataset/Vibration/Motor-2/75/soft foot 1/Vibration_Motor-2_75_time-soft foot 1-ch1.csv|data/raw/nln_emp/Dataset/Vibration/Motor-2/75/soft foot 1/Vibration_Motor-2_75_time-soft foot 1-ch2.csv|data/raw/nln_emp/Dataset/Vibration/Motor-2/75/soft foot 1/Vibration_Motor-2_75_time-soft foot 1-ch3.csv|data/raw/nln_emp/Dataset/Vibration/Motor-2/75/soft foot 1/Vibration_Motor-2_75_time-soft foot 1-ch4.csv|data/raw/nln_emp/Dataset/Vibration/Motor-2/75/soft foot 1/Vibration_Motor-2_75_time-soft foot 1-ch5.csv,False,channel_1;nln_overview_verified=True|channel_2;nln_overview_verified=True|channel_3;nln_overview_verified=True|channel_4;nln_overview_verified=True|channel_5;nln_overview_verified=True
nln_emp_leave_one_speed_out,test_speed_75,nln_emp,nln_emp_motor_2_75_soft_foot_2_current,nln_emp_motor_2_75_soft_foot_2,test,Motor-2,current,current,75,unknown,motor_2_speed_75,looseness_soft_foot,2,fault,experimental,unknown,data/raw/nln_emp/Dataset/Electric/Motor-2/75/soft foot 2/Electric_Motor-2_75_time-soft foot 2-ch1.csv|data/raw/nln_emp/Dataset/Electric/Motor-2/75/soft foot 2/Electric_Motor-2_75_time-soft foot 2-ch2.csv|data/raw/nln_emp/Dataset/Electric/Motor-2/75/soft foot 2/Electric_Motor-2_75_time-soft foot 2-ch3.csv|data/raw/nln_emp/Dataset/Electric/Motor-2/75/soft foot 2/Electric_Motor-2_75_time-soft foot 2-ch4.csv|data/raw/nln_emp/Dataset/Electric/Motor-2/75/soft foot 2/Electric_Motor-2_75_time-soft foot 2-ch5.csv|data/raw/nln_emp/Dataset/Electric/Motor-2/75/soft foot 2/Electric_Motor-2_75_time-soft foot 2-ch6.csv,False,channel_1;nln_overview_verified=True|channel_2;nln_overview_verified=True|channel_3;nln_overview_verified=True|channel_4;nln_overview_verified=True|channel_5;nln_overview_verified=True|channel_6;nln_overview_verified=True
nln_emp_leave_one_speed_out,test_speed_75,nln_emp,nln_emp_motor_2_75_soft_foot_2_vibration,nln_emp_motor_2_75_soft_foot_2,test,Motor-2,vibration,vibration,75,unknown,motor_2_speed_75,looseness_soft_foot,2,fault,experimental,unknown,data/raw/nln_emp/Dataset/Vibration/Motor-2/75/soft foot 2/Vibration_Motor-2_75_time-soft foot 2-ch1.csv|data/raw/nln_emp/Dataset/Vibration/Motor-2/75/soft foot 2/Vibration_Motor-2_75_time-soft foot 2-ch2.csv|data/raw/nln_emp/Dataset/Vibration/Motor-2/75/soft foot 2/Vibration_Motor-2_75_time-soft foot 2-ch3.csv|data/raw/nln_emp/Dataset/Vibration/Motor-2/75/soft foot 2/Vibration_Motor-2_75_time-soft foot 2-ch4.csv|data/raw/nln_emp/Dataset/Vibration/Motor-2/75/soft foot 2/Vibration_Motor-2_75_time-soft foot 2-ch5.csv,False,channel_1;nln_overview_verified=True|channel_2;nln_overview_verified=True|channel_3;nln_overview_verified=True|channel_4;nln_overview_verified=True|channel_5;nln_overview_verified=True
nln_emp_leave_one_speed_out,test_speed_75,nln_emp,nln_emp_motor_2_75_stator_short_1_current,nln_emp_motor_2_75_stator_short_1,test,Motor-2,current,current,75,unknown,motor_2_speed_75,stator_winding_fault,1,fault,experimental,unknown,data/raw/nln_emp/Dataset/Electric/Motor-2/75/stator short 1/Electric_Motor-2_75_time-stator short 1-ch1.csv|data/raw/nln_emp/Dataset/Electric/Motor-2/75/stator short 1/Electric_Motor-2_75_time-stator short 1-ch2.csv|data/raw/nln_emp/Dataset/Electric/Motor-2/75/stator short 1/Electric_Motor-2_75_time-stator short 1-ch3.csv|data/raw/nln_emp/Dataset/Electric/Motor-2/75/stator short 1/Electric_Motor-2_75_time-stator short 1-ch4.csv|data/raw/nln_emp/Dataset/Electric/Motor-2/75/stator short 1/Electric_Motor-2_75_time-stator short 1-ch5.csv|data/raw/nln_emp/Dataset/Electric/Motor-2/75/stator short 1/Electric_Motor-2_75_time-stator short 1-ch6.csv,False,channel_1;nln_overview_verified=True|channel_2;nln_overview_verified=True|channel_3;nln_overview_verified=True|channel_4;nln_overview_verified=True|channel_5;nln_overview_verified=True|channel_6;nln_overview_verified=True
nln_emp_leave_one_speed_out,test_speed_75,nln_emp,nln_emp_motor_2_75_stator_short_1_vibration,nln_emp_motor_2_75_stator_short_1,test,Motor-2,vibration,vibration,75,unknown,motor_2_speed_75,stator_winding_fault,1,fault,experimental,unknown,data/raw/nln_emp/Dataset/Vibration/Motor-2/75/stator short 1/Vibration_Motor-2_75_time-stator short 1-ch1.csv|data/raw/nln_emp/Dataset/Vibration/Motor-2/75/stator short 1/Vibration_Motor-2_75_time-stator short 1-ch2.csv|data/raw/nln_emp/Dataset/Vibration/Motor-2/75/stator short 1/Vibration_Motor-2_75_time-stator short 1-ch3.csv|data/raw/nln_emp/Dataset/Vibration/Motor-2/75/stator short 1/Vibration_Motor-2_75_time-stator short 1-ch4.csv|data/raw/nln_emp/Dataset/Vibration/Motor-2/75/stator short 1/Vibration_Motor-2_75_time-stator short 1-ch5.csv,False,channel_1;nln_overview_verified=True|channel_2;nln_overview_verified=True|channel_3;nln_overview_verified=True|channel_4;nln_overview_verified=True|channel_5;nln_overview_verified=True
nln_emp_leave_one_speed_out,test_speed_75,nln_emp,nln_emp_motor_2_75_stator_short_2_current,nln_emp_motor_2_75_stator_short_2,test,Motor-2,current,current,75,unknown,motor_2_speed_75,stator_winding_fault,1,fault,experimental,unknown,data/raw/nln_emp/Dataset/Electric/Motor-2/75/stator short 2/Electric_Motor-2_75_time-stator short 2-ch1.csv|data/raw/nln_emp/Dataset/Electric/Motor-2/75/stator short 2/Electric_Motor-2_75_time-stator short 2-ch2.csv|data/raw/nln_emp/Dataset/Electric/Motor-2/75/stator short 2/Electric_Motor-2_75_time-stator short 2-ch3.csv|data/raw/nln_emp/Dataset/Electric/Motor-2/75/stator short 2/Electric_Motor-2_75_time-stator short 2-ch4.csv|data/raw/nln_emp/Dataset/Electric/Motor-2/75/stator short 2/Electric_Motor-2_75_time-stator short 2-ch5.csv|data/raw/nln_emp/Dataset/Electric/Motor-2/75/stator short 2/Electric_Motor-2_75_time-stator short 2-ch6.csv,False,channel_1;nln_overview_verified=True|channel_2;nln_overview_verified=True|channel_3;nln_overview_verified=True|channel_4;nln_overview_verified=True|channel_5;nln_overview_verified=True|channel_6;nln_overview_verified=True
nln_emp_leave_one_speed_out,test_speed_75,nln_emp,nln_emp_motor_2_75_stator_short_2_vibration,nln_emp_motor_2_75_stator_short_2,test,Motor-2,vibration,vibration,75,unknown,motor_2_speed_75,stator_winding_fault,1,fault,experimental,unknown,data/raw/nln_emp/Dataset/Vibration/Motor-2/75/stator short 2/Vibration_Motor-2_75_time-stator short 2-ch1.csv|data/raw/nln_emp/Dataset/Vibration/Motor-2/75/stator short 2/Vibration_Motor-2_75_time-stator short 2-ch2.csv|data/raw/nln_emp/Dataset/Vibration/Motor-2/75/stator short 2/Vibration_Motor-2_75_time-stator short 2-ch3.csv|data/raw/nln_emp/Dataset/Vibration/Motor-2/75/stator short 2/Vibration_Motor-2_75_time-stator short 2-ch4.csv|data/raw/nln_emp/Dataset/Vibration/Motor-2/75/stator short 2/Vibration_Motor-2_75_time-stator short 2-ch5.csv,False,channel_1;nln_overview_verified=True|channel_2;nln_overview_verified=True|channel_3;nln_overview_verified=True|channel_4;nln_overview_verified=True|channel_5;nln_overview_verified=True
