protocol,fold_id,dataset,recording_id,base_recording_id,split,machine_id,sensor_type,sensor_types_present,speed,load,operating_condition_id,fault_family,severity,health_label,damage_source,run_id,source_path,exclude_from_training,notes
paderborn_artificial_to_natural,artificial_to_real_damage,paderborn,paderborn_n09_m07_f10_k003_10_multisensor,paderborn_n09_m07_f10_k003_10,train,K003,multisensor,current|force|speed|temperature|torque|vibration,N09,M07_F10,n09_m07_f10,healthy,0,healthy,healthy,10,data/raw/paderborn/K003/N09_M07_F10_K003_10.mat,False,paderborn_channels_verified
paderborn_artificial_to_natural,artificial_to_real_damage,paderborn,paderborn_n09_m07_f10_k003_11_multisensor,paderborn_n09_m07_f10_k003_11,train,K003,multisensor,current|force|speed|temperature|torque|vibration,N09,M07_F10,n09_m07_f10,healthy,0,healthy,healthy,11,data/raw/paderborn/K003/N09_M07_F10_K003_11.mat,False,paderborn_channels_verified
paderborn_artificial_to_natural,artificial_to_real_damage,paderborn,paderborn_n09_m07_f10_k003_12_multisensor,paderborn_n09_m07_f10_k003_12,train,K003,multisensor,current|force|speed|temperature|torque|vibration,N09,M07_F10,n09_m07_f10,healthy,0,healthy,healthy,12,data/raw/paderborn/K003/N09_M07_F10_K003_12.mat,False,paderborn_channels_verified
paderborn_artificial_to_natural,artificial_to_real_damage,paderborn,paderborn_n09_m07_f10_k003_13_multisensor,paderborn_n09_m07_f10_k003_13,train,K003,multisensor,current|force|speed|temperature|torque|vibration,N09,M07_F10,n09_m07_f10,healthy,0,healthy,healthy,13,data/raw/paderborn/K003/N09_M07_F10_K003_13.mat,False,paderborn_channels_verified
paderborn_artificial_to_natural,artificial_to_real_damage,paderborn,paderborn_n09_m07_f10_k003_14_multisensor,paderborn_n09_m07_f10_k003_14,train,K003,multisensor,current|force|speed|temperature|torque|vibration,N09,M07_F10,n09_m07_f10,healthy,0,healthy,healthy,14,data/raw/paderborn/K003/N09_M07_F10_K003_14.mat,False,paderborn_channels_verified
paderborn_artificial_to_natural,artificial_to_real_damage,paderborn,paderborn_n09_m07_f10_k003_15_multisensor,paderborn_n09_m07_f10_k003_15,train,K003,multisensor,current|force|speed|temperature|torque|vibration,N09,M07_F10,n09_m07_f10,healthy,0,healthy,healthy,15,data/raw/paderborn/K003/N09_M07_F10_K003_15.mat,False,paderborn_channels_verified
paderborn_artificial_to_natural,artificial_to_real_damage,paderborn,paderborn_n09_m07_f10_k003_16_multisensor,paderborn_n09_m07_f10_k003_16,train,K003,multisensor,current|force|speed|temperature|torque|vibration,N09,M07_F10,n09_m07_f10,healthy,0,healthy,healthy,16,data/raw/paderborn/K003/N09_M07_F10_K003_16.mat,False,paderborn_channels_verified
paderborn_artificial_to_natural,artificial_to_real_damage,paderborn,paderborn_n09_m07_f10_k003_17_multisensor,paderborn_n09_m07_f10_k003_17,train,K003,multisensor,current|force|speed|temperature|torque|vibration,N09,M07_F10,n09_m07_f10,healthy,0,healthy,healthy,17,data/raw/paderborn/K003/N09_M07_F10_K003_17.mat,False,paderborn_channels_verified
paderborn_artificial_to_natural,artificial_to_real_damage,paderborn,paderborn_n09_m07_f10_k003_18_multisensor,paderborn_n09_m07_f10_k003_18,train,K003,multisensor,current|force|speed|temperature|torque|vibration,N09,M07_F10,n09_m07_f10,healthy,0,healthy,healthy,18,data/raw/paderborn/K003/N09_M07_F10_K003_18.mat,False,paderborn_channels_verified
paderborn_artificial_to_natural,artificial_to_real_damage,paderborn,paderborn_n09_m07_f10_k003_19_multisensor,paderborn_n09_m07_f10_k003_19,train,K003,multisensor,current|force|speed|temperature|torque|vibration,N09,M07_F10,n09_m07_f10,healthy,0,healthy,healthy,19,data/raw/paderborn/K003/N09_M07_F10_K003_19.mat,False,paderborn_channels_verified
paderborn_artificial_to_natural,artificial_to_real_damage,paderborn,paderborn_n09_m07_f10_k003_1_multisensor,paderborn_n09_m07_f10_k003_1,train,K003,multisensor,current|force|speed|temperature|torque|vibration,N09,M07_F10,n09_m07_f10,healthy,0,healthy,healthy,1,data/raw/paderborn/K003/N09_M07_F10_K003_1.mat,False,paderborn_channels_verified
paderborn_artificial_to_natural,artificial_to_real_damage,paderborn,paderborn_n09_m07_f10_k003_20_multisensor,paderborn_n09_m07_f10_k003_20,train,K003,multisensor,current|force|speed|temperature|torque|vibration,N09,M07_F10,n09_m07_f10,healthy,0,healthy,healthy,20,data/raw/paderborn/K003/N09_M07_F10_K003_20.mat,False,paderborn_channels_verified
paderborn_artificial_to_natural,artificial_to_real_damage,paderborn,paderborn_n09_m07_f10_k003_2_multisensor,paderborn_n09_m07_f10_k003_2,train,K003,multisensor,current|force|speed|temperature|torque|vibration,N09,M07_F10,n09_m07_f10,healthy,0,healthy,healthy,2,data/raw/paderborn/K003/N09_M07_F10_K003_2.mat,False,paderborn_channels_verified
paderborn_artificial_to_natural,artificial_to_real_damage,paderborn,paderborn_n09_m07_f10_k003_3_multisensor,paderborn_n09_m07_f10_k003_3,train,K003,multisensor,current|force|speed|temperature|torque|vibration,N09,M07_F10,n09_m07_f10,healthy,0,healthy,healthy,3,data/raw/paderborn/K003/N09_M07_F10_K003_3.mat,False,paderborn_channels_verified
paderborn_artificial_to_natural,artificial_to_real_damage,paderborn,paderborn_n09_m07_f10_k003_4_multisensor,paderborn_n09_m07_f10_k003_4,train,K003,multisensor,current|force|speed|temperature|torque|vibration,N09,M07_F10,n09_m07_f10,healthy,0,healthy,healthy,4,data/raw/paderborn/K003/N09_M07_F10_K003_4.mat,False,paderborn_channels_verified
paderborn_artificial_to_natural,artificial_to_real_damage,paderborn,paderborn_n09_m07_f10_k003_5_multisensor,paderborn_n09_m07_f10_k003_5,train,K003,multisensor,current|force|speed|temperature|torque|vibration,N09,M07_F10,n09_m07_f10,healthy,0,healthy,healthy,5,data/raw/paderborn/K003/N09_M07_F10_K003_5.mat,False,paderborn_channels_verified
paderborn_artificial_to_natural,artificial_to_real_damage,paderborn,paderborn_n09_m07_f10_k003_6_multisensor,paderborn_n09_m07_f10_k003_6,train,K003,multisensor,current|force|speed|temperature|torque|vibration,N09,M07_F10,n09_m07_f10,healthy,0,healthy,healthy,6,data/raw/paderborn/K003/N09_M07_F10_K003_6.mat,False,paderborn_channels_verified
paderborn_artificial_to_natural,artificial_to_real_damage,paderborn,paderborn_n09_m07_f10_k003_7_multisensor,paderborn_n09_m07_f10_k003_7,train,K003,multisensor,current|force|speed|temperature|torque|vibration,N09,M07_F10,n09_m07_f10,healthy,0,healthy,healthy,7,data/raw/paderborn/K003/N09_M07_F10_K003_7.mat,False,paderborn_channels_verified
paderborn_artificial_to_natural,artificial_to_real_damage,paderborn,paderborn_n09_m07_f10_k003_8_multisensor,paderborn_n09_m07_f10_k003_8,train,K003,multisensor,current|force|speed|temperature|torque|vibration,N09,M07_F10,n09_m07_f10,healthy,0,healthy,healthy,8,data/raw/paderborn/K003/N09_M07_F10_K003_8.mat,False,paderborn_channels_verified
paderborn_artificial_to_natural,artificial_to_real_damage,paderborn,paderborn_n09_m07_f10_k003_9_multisensor,paderborn_n09_m07_f10_k003_9,train,K003,multisensor,current|force|speed|temperature|torque|vibration,N09,M07_F10,n09_m07_f10,healthy,0,healthy,healthy,9,data/raw/paderborn/K003/N09_M07_F10_K003_9.mat,False,paderborn_channels_verified
paderborn_artificial_to_natural,artificial_to_real_damage,paderborn,paderborn_n15_m01_f10_k003_10_multisensor,paderborn_n15_m01_f10_k003_10,train,K003,multisensor,current|force|speed|temperature|torque|vibration,N15,M01_F10,n15_m01_f10,healthy,0,healthy,healthy,10,data/raw/paderborn/K003/N15_M01_F10_K003_10.mat,False,paderborn_channels_verified
paderborn_artificial_to_natural,artificial_to_real_damage,paderborn,paderborn_n15_m01_f10_k003_11_multisensor,paderborn_n15_m01_f10_k003_11,train,K003,multisensor,current|force|speed|temperature|torque|vibration,N15,M01_F10,n15_m01_f10,healthy,0,healthy,healthy,11,data/raw/paderborn/K003/N15_M01_F10_K003_11.mat,False,paderborn_channels_verified
paderborn_artificial_to_natural,artificial_to_real_damage,paderborn,paderborn_n15_m01_f10_k003_12_multisensor,paderborn_n15_m01_f10_k003_12,train,K003,multisensor,current|force|speed|temperature|torque|vibration,N15,M01_F10,n15_m01_f10,healthy,0,healthy,healthy,12,data/raw/paderborn/K003/N15_M01_F10_K003_12.mat,False,paderborn_channels_verified
paderborn_artificial_to_natural,artificial_to_real_damage,paderborn,paderborn_n15_m01_f10_k003_13_multisensor,paderborn_n15_m01_f10_k003_13,train,K003,multisensor,current|force|speed|temperature|torque|vibration,N15,M01_F10,n15_m01_f10,healthy,0,healthy,healthy,13,data/raw/paderborn/K003/N15_M01_F10_K003_13.mat,False,paderborn_channels_verified
paderborn_artificial_to_natural,artificial_to_real_damage,paderborn,paderborn_n15_m01_f10_k003_14_multisensor,paderborn_n15_m01_f10_k003_14,train,K003,multisensor,current|force|speed|temperature|torque|vibration,N15,M01_F10,n15_m01_f10,healthy,0,healthy,healthy,14,data/raw/paderborn/K003/N15_M01_F10_K003_14.mat,False,paderborn_channels_verified
paderborn_artificial_to_natural,artificial_to_real_damage,paderborn,paderborn_n15_m01_f10_k003_15_multisensor,paderborn_n15_m01_f10_k003_15,train,K003,multisensor,current|force|speed|temperature|torque|vibration,N15,M01_F10,n15_m01_f10,healthy,0,healthy,healthy,15,data/raw/paderborn/K003/N15_M01_F10_K003_15.mat,False,paderborn_channels_verified
paderborn_artificial_to_natural,artificial_to_real_damage,paderborn,paderborn_n15_m01_f10_k003_16_multisensor,paderborn_n15_m01_f10_k003_16,train,K003,multisensor,current|force|speed|temperature|torque|vibration,N15,M01_F10,n15_m01_f10,healthy,0,healthy,healthy,16,data/raw/paderborn/K003/N15_M01_F10_K003_16.mat,False,paderborn_channels_verified
paderborn_artificial_to_natural,artificial_to_real_damage,paderborn,paderborn_n15_m01_f10_k003_17_multisensor,paderborn_n15_m01_f10_k003_17,val,K003,multisensor,current|force|speed|temperature|torque|vibration,N15,M01_F10,n15_m01_f10,healthy,0,healthy,healthy,17,data/raw/paderborn/K003/N15_M01_F10_K003_17.mat,False,paderborn_channels_verified
paderborn_artificial_to_natural,artificial_to_real_damage,paderborn,paderborn_n15_m01_f10_k003_18_multisensor,paderborn_n15_m01_f10_k003_18,train,K003,multisensor,current|force|speed|temperature|torque|vibration,N15,M01_F10,n15_m01_f10,healthy,0,healthy,healthy,18,data/raw/paderborn/K003/N15_M01_F10_K003_18.mat,False,paderborn_channels_verified
paderborn_artificial_to_natural,artificial_to_real_damage,paderborn,paderborn_n15_m01_f10_k003_19_multisensor,paderborn_n15_m01_f10_k003_19,train,K003,multisensor,current|force|speed|temperature|torque|vibration,N15,M01_F10,n15_m01_f10,healthy,0,healthy,healthy,19,data/raw/paderborn/K003/N15_M01_F10_K003_19.mat,False,paderborn_channels_verified
paderborn_artificial_to_natural,artificial_to_real_damage,paderborn,paderborn_n15_m01_f10_k003_1_multisensor,paderborn_n15_m01_f10_k003_1,train,K003,multisensor,current|force|speed|temperature|torque|vibration,N15,M01_F10,n15_m01_f10,healthy,0,healthy,healthy,1,data/raw/paderborn/K003/N15_M01_F10_K003_1.mat,False,paderborn_channels_verified
paderborn_artificial_to_natural,artificial_to_real_damage,paderborn,paderborn_n15_m01_f10_k003_20_multisensor,paderborn_n15_m01_f10_k003_20,train,K003,multisensor,current|force|speed|temperature|torque|vibration,N15,M01_F10,n15_m01_f10,healthy,0,healthy,healthy,20,data/raw/paderborn/K003/N15_M01_F10_K003_20.mat,False,paderborn_channels_verified
paderborn_artificial_to_natural,artificial_to_real_damage,paderborn,paderborn_n15_m01_f10_k003_2_multisensor,paderborn_n15_m01_f10_k003_2,val,K003,multisensor,current|force|speed|temperature|torque|vibration,N15,M01_F10,n15_m01_f10,healthy,0,healthy,healthy,2,data/raw/paderborn/K003/N15_M01_F10_K003_2.mat,False,paderborn_channels_verified
paderborn_artificial_to_natural,artificial_to_real_damage,paderborn,paderborn_n15_m01_f10_k003_3_multisensor,paderborn_n15_m01_f10_k003_3,train,K003,multisensor,current|force|speed|temperature|torque|vibration,N15,M01_F10,n15_m01_f10,healthy,0,healthy,healthy,3,data/raw/paderborn/K003/N15_M01_F10_K003_3.mat,False,paderborn_channels_verified
paderborn_artificial_to_natural,artificial_to_real_damage,paderborn,paderborn_n15_m01_f10_k003_4_multisensor,paderborn_n15_m01_f10_k003_4,train,K003,multisensor,current|force|speed|temperature|torque|vibration,N15,M01_F10,n15_m01_f10,healthy,0,healthy,healthy,4,data/raw/paderborn/K003/N15_M01_F10_K003_4.mat,False,paderborn_channels_verified
paderborn_artificial_to_natural,artificial_to_real_damage,paderborn,paderborn_n15_m01_f10_k003_5_multisensor,paderborn_n15_m01_f10_k003_5,train,K003,multisensor,current|force|speed|temperature|torque|vibration,N15,M01_F10,n15_m01_f10,healthy,0,healthy,healthy,5,data/raw/paderborn/K003/N15_M01_F10_K003_5.mat,False,paderborn_channels_verified
paderborn_artificial_to_natural,artificial_to_real_damage,paderborn,paderborn_n15_m01_f10_k003_6_multisensor,paderborn_n15_m01_f10_k003_6,train,K003,multisensor,current|force|speed|temperature|torque|vibration,N15,M01_F10,n15_m01_f10,healthy,0,healthy,healthy,6,data/raw/paderborn/K003/N15_M01_F10_K003_6.mat,False,paderborn_channels_verified
paderborn_artificial_to_natural,artificial_to_real_damage,paderborn,paderborn_n15_m01_f10_k003_7_multisensor,paderborn_n15_m01_f10_k003_7,train,K003,multisensor,current|force|speed|temperature|torque|vibration,N15,M01_F10,n15_m01_f10,healthy,0,healthy,healthy,7,data/raw/paderborn/K003/N15_M01_F10_K003_7.mat,False,paderborn_channels_verified
paderborn_artificial_to_natural,artificial_to_real_damage,paderborn,paderborn_n15_m01_f10_k003_8_multisensor,paderborn_n15_m01_f10_k003_8,train,K003,multisensor,current|force|speed|temperature|torque|vibration,N15,M01_F10,n15_m01_f10,healthy,0,healthy,healthy,8,data/raw/paderborn/K003/N15_M01_F10_K003_8.mat,False,paderborn_channels_verified
paderborn_artificial_to_natural,artificial_to_real_damage,paderborn,paderborn_n15_m01_f10_k003_9_multisensor,paderborn_n15_m01_f10_k003_9,val,K003,multisensor,current|force|speed|temperature|torque|vibration,N15,M01_F10,n15_m01_f10,healthy,0,healthy,healthy,9,data/raw/paderborn/K003/N15_M01_F10_K003_9.mat,False,paderborn_channels_verified
paderborn_artificial_to_natural,artificial_to_real_damage,paderborn,paderborn_n15_m07_f04_k003_10_multisensor,paderborn_n15_m07_f04_k003_10,train,K003,multisensor,current|force|speed|temperature|torque|vibration,N15,M07_F04,n15_m07_f04,healthy,0,healthy,healthy,10,data/raw/paderborn/K003/N15_M07_F04_K003_10.mat,False,paderborn_channels_verified
paderborn_artificial_to_natural,artificial_to_real_damage,paderborn,paderborn_n15_m07_f04_k003_11_multisensor,paderborn_n15_m07_f04_k003_11,train,K003,multisensor,current|force|speed|temperature|torque|vibration,N15,M07_F04,n15_m07_f04,healthy,0,healthy,healthy,11,data/raw/paderborn/K003/N15_M07_F04_K003_11.mat,False,paderborn_channels_verified
paderborn_artificial_to_natural,artificial_to_real_damage,paderborn,paderborn_n15_m07_f04_k003_12_multisensor,paderborn_n15_m07_f04_k003_12,train,K003,multisensor,current|force|speed|temperature|torque|vibration,N15,M07_F04,n15_m07_f04,healthy,0,healthy,healthy,12,data/raw/paderborn/K003/N15_M07_F04_K003_12.mat,False,paderborn_channels_verified
paderborn_artificial_to_natural,artificial_to_real_damage,paderborn,paderborn_n15_m07_f04_k003_13_multisensor,paderborn_n15_m07_f04_k003_13,train,K003,multisensor,current|force|speed|temperature|torque|vibration,N15,M07_F04,n15_m07_f04,healthy,0,healthy,healthy,13,data/raw/paderborn/K003/N15_M07_F04_K003_13.mat,False,paderborn_channels_verified
paderborn_artificial_to_natural,artificial_to_real_damage,paderborn,paderborn_n15_m07_f04_k003_14_multisensor,paderborn_n15_m07_f04_k003_14,train,K003,multisensor,current|force|speed|temperature|torque|vibration,N15,M07_F04,n15_m07_f04,healthy,0,healthy,healthy,14,data/raw/paderborn/K003/N15_M07_F04_K003_14.mat,False,paderborn_channels_verified
paderborn_artificial_to_natural,artificial_to_real_damage,paderborn,paderborn_n15_m07_f04_k003_15_multisensor,paderborn_n15_m07_f04_k003_15,train,K003,multisensor,current|force|speed|temperature|torque|vibration,N15,M07_F04,n15_m07_f04,healthy,0,healthy,healthy,15,data/raw/paderborn/K003/N15_M07_F04_K003_15.mat,False,paderborn_channels_verified
paderborn_artificial_to_natural,artificial_to_real_damage,paderborn,paderborn_n15_m07_f04_k003_16_multisensor,paderborn_n15_m07_f04_k003_16,train,K003,multisensor,current|force|speed|temperature|torque|vibration,N15,M07_F04,n15_m07_f04,healthy,0,healthy,healthy,16,data/raw/paderborn/K003/N15_M07_F04_K003_16.mat,False,paderborn_channels_verified
paderborn_artificial_to_natural,artificial_to_real_damage,paderborn,paderborn_n15_m07_f04_k003_17_multisensor,paderborn_n15_m07_f04_k003_17,train,K003,multisensor,current|force|speed|temperature|torque|vibration,N15,M07_F04,n15_m07_f04,healthy,0,healthy,healthy,17,data/raw/paderborn/K003/N15_M07_F04_K003_17.mat,False,paderborn_channels_verified
paderborn_artificial_to_natural,artificial_to_real_damage,paderborn,paderborn_n15_m07_f04_k003_18_multisensor,paderborn_n15_m07_f04_k003_18,train,K003,multisensor,current|force|speed|temperature|torque|vibration,N15,M07_F04,n15_m07_f04,healthy,0,healthy,healthy,18,data/raw/paderborn/K003/N15_M07_F04_K003_18.mat,False,paderborn_channels_verified
paderborn_artificial_to_natural,artificial_to_real_damage,paderborn,paderborn_n15_m07_f04_k003_19_multisensor,paderborn_n15_m07_f04_k003_19,val,K003,multisensor,current|force|speed|temperature|torque|vibration,N15,M07_F04,n15_m07_f04,healthy,0,healthy,healthy,19,data/raw/paderborn/K003/N15_M07_F04_K003_19.mat,False,paderborn_channels_verified
paderborn_artificial_to_natural,artificial_to_real_damage,paderborn,paderborn_n15_m07_f04_k003_1_multisensor,paderborn_n15_m07_f04_k003_1,train,K003,multisensor,current|force|speed|temperature|torque|vibration,N15,M07_F04,n15_m07_f04,healthy,0,healthy,healthy,1,data/raw/paderborn/K003/N15_M07_F04_K003_1.mat,False,paderborn_channels_verified
paderborn_artificial_to_natural,artificial_to_real_damage,paderborn,paderborn_n15_m07_f04_k003_20_multisensor,paderborn_n15_m07_f04_k003_20,val,K003,multisensor,current|force|speed|temperature|torque|vibration,N15,M07_F04,n15_m07_f04,healthy,0,healthy,healthy,20,data/raw/paderborn/K003/N15_M07_F04_K003_20.mat,False,paderborn_channels_verified
paderborn_artificial_to_natural,artificial_to_real_damage,paderborn,paderborn_n15_m07_f04_k003_2_multisensor,paderborn_n15_m07_f04_k003_2,train,K003,multisensor,current|force|speed|temperature|torque|vibration,N15,M07_F04,n15_m07_f04,healthy,0,healthy,healthy,2,data/raw/paderborn/K003/N15_M07_F04_K003_2.mat,False,paderborn_channels_verified
paderborn_artificial_to_natural,artificial_to_real_damage,paderborn,paderborn_n15_m07_f04_k003_3_multisensor,paderborn_n15_m07_f04_k003_3,train,K003,multisensor,current|force|speed|temperature|torque|vibration,N15,M07_F04,n15_m07_f04,healthy,0,healthy,healthy,3,data/raw/paderborn/K003/N15_M07_F04_K003_3.mat,False,paderborn_channels_verified
paderborn_artificial_to_natural,artificial_to_real_damage,paderborn,paderborn_n15_m07_f04_k003_4_multisensor,paderborn_n15_m07_f04_k003_4,train,K003,multisensor,current|force|speed|temperature|torque|vibration,N15,M07_F04,n15_m07_f04,healthy,0,healthy,healthy,4,data/raw/paderborn/K003/N15_M07_F04_K003_4.mat,False,paderborn_channels_verified
paderborn_artificial_to_natural,artificial_to_real_damage,paderborn,paderborn_n15_m07_f04_k003_5_multisensor,paderborn_n15_m07_f04_k003_5,train,K003,multisensor,current|force|speed|temperature|torque|vibration,N15,M07_F04,n15_m07_f04,healthy,0,healthy,healthy,5,data/raw/paderborn/K003/N15_M07_F04_K003_5.mat,False,paderborn_channels_verified
paderborn_artificial_to_natural,artificial_to_real_damage,paderborn,paderborn_n15_m07_f04_k003_6_multisensor,paderborn_n15_m07_f04_k003_6,train,K003,multisensor,current|force|speed|temperature|torque|vibration,N15,M07_F04,n15_m07_f04,healthy,0,healthy,healthy,6,data/raw/paderborn/K003/N15_M07_F04_K003_6.mat,False,paderborn_channels_verified
paderborn_artificial_to_natural,artificial_to_real_damage,paderborn,paderborn_n15_m07_f04_k003_7_multisensor,paderborn_n15_m07_f04_k003_7,train,K003,multisensor,current|force|speed|temperature|torque|vibration,N15,M07_F04,n15_m07_f04,healthy,0,healthy,healthy,7,data/raw/paderborn/K003/N15_M07_F04_K003_7.mat,False,paderborn_channels_verified
paderborn_artificial_to_natural,artificial_to_real_damage,paderborn,paderborn_n15_m07_f04_k003_8_multisensor,paderborn_n15_m07_f04_k003_8,train,K003,multisensor,current|force|speed|temperature|torque|vibration,N15,M07_F04,n15_m07_f04,healthy,0,healthy,healthy,8,data/raw/paderborn/K003/N15_M07_F04_K003_8.mat,False,paderborn_channels_verified
paderborn_artificial_to_natural,artificial_to_real_damage,paderborn,paderborn_n15_m07_f04_k003_9_multisensor,paderborn_n15_m07_f04_k003_9,train,K003,multisensor,current|force|speed|temperature|torque|vibration,N15,M07_F04,n15_m07_f04,healthy,0,healthy,healthy,9,data/raw/paderborn/K003/N15_M07_F04_K003_9.mat,False,paderborn_channels_verified
paderborn_artificial_to_natural,artificial_to_real_damage,paderborn,paderborn_n15_m07_f10_k003_10_multisensor,paderborn_n15_m07_f10_k003_10,train,K003,multisensor,current|force|speed|temperature|torque|vibration,N15,M07_F10,n15_m07_f10,healthy,0,healthy,healthy,10,data/raw/paderborn/K003/N15_M07_F10_K003_10.mat,False,paderborn_channels_verified
paderborn_artificial_to_natural,artificial_to_real_damage,paderborn,paderborn_n15_m07_f10_k003_11_multisensor,paderborn_n15_m07_f10_k003_11,train,K003,multisensor,current|force|speed|temperature|torque|vibration,N15,M07_F10,n15_m07_f10,healthy,0,healthy,healthy,11,data/raw/paderborn/K003/N15_M07_F10_K003_11.mat,False,paderborn_channels_verified
paderborn_artificial_to_natural,artificial_to_real_damage,paderborn,paderborn_n15_m07_f10_k003_12_multisensor,paderborn_n15_m07_f10_k003_12,train,K003,multisensor,current|force|speed|temperature|torque|vibration,N15,M07_F10,n15_m07_f10,healthy,0,healthy,healthy,12,data/raw/paderborn/K003/N15_M07_F10_K003_12.mat,False,paderborn_channels_verified
paderborn_artificial_to_natural,artificial_to_real_damage,paderborn,paderborn_n15_m07_f10_k003_13_multisensor,paderborn_n15_m07_f10_k003_13,train,K003,multisensor,current|force|speed|temperature|torque|vibration,N15,M07_F10,n15_m07_f10,healthy,0,healthy,healthy,13,data/raw/paderborn/K003/N15_M07_F10_K003_13.mat,False,paderborn_channels_verified
paderborn_artificial_to_natural,artificial_to_real_damage,paderborn,paderborn_n15_m07_f10_k003_14_multisensor,paderborn_n15_m07_f10_k003_14,train,K003,multisensor,current|force|speed|temperature|torque|vibration,N15,M07_F10,n15_m07_f10,healthy,0,healthy,healthy,14,data/raw/paderborn/K003/N15_M07_F10_K003_14.mat,False,paderborn_channels_verified
paderborn_artificial_to_natural,artificial_to_real_damage,paderborn,paderborn_n15_m07_f10_k003_15_multisensor,paderborn_n15_m07_f10_k003_15,train,K003,multisensor,current|force|speed|temperature|torque|vibration,N15,M07_F10,n15_m07_f10,healthy,0,healthy,healthy,15,data/raw/paderborn/K003/N15_M07_F10_K003_15.mat,False,paderborn_channels_verified
paderborn_artificial_to_natural,artificial_to_real_damage,paderborn,paderborn_n15_m07_f10_k003_16_multisensor,paderborn_n15_m07_f10_k003_16,train,K003,multisensor,current|force|speed|temperature|torque|vibration,N15,M07_F10,n15_m07_f10,healthy,0,healthy,healthy,16,data/raw/paderborn/K003/N15_M07_F10_K003_16.mat,False,paderborn_channels_verified
paderborn_artificial_to_natural,artificial_to_real_damage,paderborn,paderborn_n15_m07_f10_k003_17_multisensor,paderborn_n15_m07_f10_k003_17,val,K003,multisensor,current|force|speed|temperature|torque|vibration,N15,M07_F10,n15_m07_f10,healthy,0,healthy,healthy,17,data/raw/paderborn/K003/N15_M07_F10_K003_17.mat,False,paderborn_channels_verified
paderborn_artificial_to_natural,artificial_to_real_damage,paderborn,paderborn_n15_m07_f10_k003_18_multisensor,paderborn_n15_m07_f10_k003_18,train,K003,multisensor,current|force|speed|temperature|torque|vibration,N15,M07_F10,n15_m07_f10,healthy,0,healthy,healthy,18,data/raw/paderborn/K003/N15_M07_F10_K003_18.mat,False,paderborn_channels_verified
paderborn_artificial_to_natural,artificial_to_real_damage,paderborn,paderborn_n15_m07_f10_k003_19_multisensor,paderborn_n15_m07_f10_k003_19,train,K003,multisensor,current|force|speed|temperature|torque|vibration,N15,M07_F10,n15_m07_f10,healthy,0,healthy,healthy,19,data/raw/paderborn/K003/N15_M07_F10_K003_19.mat,False,paderborn_channels_verified
paderborn_artificial_to_natural,artificial_to_real_damage,paderborn,paderborn_n15_m07_f10_k003_1_multisensor,paderborn_n15_m07_f10_k003_1,train,K003,multisensor,current|force|speed|temperature|torque|vibration,N15,M07_F10,n15_m07_f10,healthy,0,healthy,healthy,1,data/raw/paderborn/K003/N15_M07_F10_K003_1.mat,False,paderborn_channels_verified
paderborn_artificial_to_natural,artificial_to_real_damage,paderborn,paderborn_n15_m07_f10_k003_20_multisensor,paderborn_n15_m07_f10_k003_20,train,K003,multisensor,current|force|speed|temperature|torque|vibration,N15,M07_F10,n15_m07_f10,healthy,0,healthy,healthy,20,data/raw/paderborn/K003/N15_M07_F10_K003_20.mat,False,paderborn_channels_verified
paderborn_artificial_to_natural,artificial_to_real_damage,paderborn,paderborn_n15_m07_f10_k003_2_multisensor,paderborn_n15_m07_f10_k003_2,train,K003,multisensor,current|force|speed|temperature|torque|vibration,N15,M07_F10,n15_m07_f10,healthy,0,healthy,healthy,2,data/raw/paderborn/K003/N15_M07_F10_K003_2.mat,False,paderborn_channels_verified
paderborn_artificial_to_natural,artificial_to_real_damage,paderborn,paderborn_n15_m07_f10_k003_3_multisensor,paderborn_n15_m07_f10_k003_3,train,K003,multisensor,current|force|speed|temperature|torque|vibration,N15,M07_F10,n15_m07_f10,healthy,0,healthy,healthy,3,data/raw/paderborn/K003/N15_M07_F10_K003_3.mat,False,paderborn_channels_verified
paderborn_artificial_to_natural,artificial_to_real_damage,paderborn,paderborn_n15_m07_f10_k003_4_multisensor,paderborn_n15_m07_f10_k003_4,val,K003,multisensor,current|force|speed|temperature|torque|vibration,N15,M07_F10,n15_m07_f10,healthy,0,healthy,healthy,4,data/raw/paderborn/K003/N15_M07_F10_K003_4.mat,False,paderborn_channels_verified
paderborn_artificial_to_natural,artificial_to_real_damage,paderborn,paderborn_n15_m07_f10_k003_5_multisensor,paderborn_n15_m07_f10_k003_5,train,K003,multisensor,current|force|speed|temperature|torque|vibration,N15,M07_F10,n15_m07_f10,healthy,0,healthy,healthy,5,data/raw/paderborn/K003/N15_M07_F10_K003_5.mat,False,paderborn_channels_verified
paderborn_artificial_to_natural,artificial_to_real_damage,paderborn,paderborn_n15_m07_f10_k003_6_multisensor,paderborn_n15_m07_f10_k003_6,train,K003,multisensor,current|force|speed|temperature|torque|vibration,N15,M07_F10,n15_m07_f10,healthy,0,healthy,healthy,6,data/raw/paderborn/K003/N15_M07_F10_K003_6.mat,False,paderborn_channels_verified
paderborn_artificial_to_natural,artificial_to_real_damage,paderborn,paderborn_n15_m07_f10_k003_7_multisensor,paderborn_n15_m07_f10_k003_7,train,K003,multisensor,current|force|speed|temperature|torque|vibration,N15,M07_F10,n15_m07_f10,healthy,0,healthy,healthy,7,data/raw/paderborn/K003/N15_M07_F10_K003_7.mat,False,paderborn_channels_verified
paderborn_artificial_to_natural,artificial_to_real_damage,paderborn,paderborn_n15_m07_f10_k003_8_multisensor,paderborn_n15_m07_f10_k003_8,train,K003,multisensor,current|force|speed|temperature|torque|vibration,N15,M07_F10,n15_m07_f10,healthy,0,healthy,healthy,8,data/raw/paderborn/K003/N15_M07_F10_K003_8.mat,False,paderborn_channels_verified
paderborn_artificial_to_natural,artificial_to_real_damage,paderborn,paderborn_n15_m07_f10_k003_9_multisensor,paderborn_n15_m07_f10_k003_9,train,K003,multisensor,current|force|speed|temperature|torque|vibration,N15,M07_F10,n15_m07_f10,healthy,0,healthy,healthy,9,data/raw/paderborn/K003/N15_M07_F10_K003_9.mat,False,paderborn_channels_verified
paderborn_artificial_to_natural,artificial_to_real_damage,paderborn,paderborn_n09_m07_f10_k004_10_multisensor,paderborn_n09_m07_f10_k004_10,train,K004,multisensor,current|force|speed|temperature|torque|vibration,N09,M07_F10,n09_m07_f10,healthy,0,healthy,healthy,10,data/raw/paderborn/K004/N09_M07_F10_K004_10.mat,False,paderborn_channels_verified
paderborn_artificial_to_natural,artificial_to_real_damage,paderborn,paderborn_n09_m07_f10_k004_11_multisensor,paderborn_n09_m07_f10_k004_11,train,K004,multisensor,current|force|speed|temperature|torque|vibration,N09,M07_F10,n09_m07_f10,healthy,0,healthy,healthy,11,data/raw/paderborn/K004/N09_M07_F10_K004_11.mat,False,paderborn_channels_verified
paderborn_artificial_to_natural,artificial_to_real_damage,paderborn,paderborn_n09_m07_f10_k004_12_multisensor,paderborn_n09_m07_f10_k004_12,val,K004,multisensor,current|force|speed|temperature|torque|vibration,N09,M07_F10,n09_m07_f10,healthy,0,healthy,healthy,12,data/raw/paderborn/K004/N09_M07_F10_K004_12.mat,False,paderborn_channels_verified
paderborn_artificial_to_natural,artificial_to_real_damage,paderborn,paderborn_n09_m07_f10_k004_13_multisensor,paderborn_n09_m07_f10_k004_13,train,K004,multisensor,current|force|speed|temperature|torque|vibration,N09,M07_F10,n09_m07_f10,healthy,0,healthy,healthy,13,data/raw/paderborn/K004/N09_M07_F10_K004_13.mat,False,paderborn_channels_verified
paderborn_artificial_to_natural,artificial_to_real_damage,paderborn,paderborn_n09_m07_f10_k004_14_multisensor,paderborn_n09_m07_f10_k004_14,train,K004,multisensor,current|force|speed|temperature|torque|vibration,N09,M07_F10,n09_m07_f10,healthy,0,healthy,healthy,14,data/raw/paderborn/K004/N09_M07_F10_K004_14.mat,False,paderborn_channels_verified
paderborn_artificial_to_natural,artificial_to_real_damage,paderborn,paderborn_n09_m07_f10_k004_15_multisensor,paderborn_n09_m07_f10_k004_15,train,K004,multisensor,current|force|speed|temperature|torque|vibration,N09,M07_F10,n09_m07_f10,healthy,0,healthy,healthy,15,data/raw/paderborn/K004/N09_M07_F10_K004_15.mat,False,paderborn_channels_verified
paderborn_artificial_to_natural,artificial_to_real_damage,paderborn,paderborn_n09_m07_f10_k004_16_multisensor,paderborn_n09_m07_f10_k004_16,train,K004,multisensor,current|force|speed|temperature|torque|vibration,N09,M07_F10,n09_m07_f10,healthy,0,healthy,healthy,16,data/raw/paderborn/K004/N09_M07_F10_K004_16.mat,False,paderborn_channels_verified
paderborn_artificial_to_natural,artificial_to_real_damage,paderborn,paderborn_n09_m07_f10_k004_17_multisensor,paderborn_n09_m07_f10_k004_17,train,K004,multisensor,current|force|speed|temperature|torque|vibration,N09,M07_F10,n09_m07_f10,healthy,0,healthy,healthy,17,data/raw/paderborn/K004/N09_M07_F10_K004_17.mat,False,paderborn_channels_verified
paderborn_artificial_to_natural,artificial_to_real_damage,paderborn,paderborn_n09_m07_f10_k004_18_multisensor,paderborn_n09_m07_f10_k004_18,val,K004,multisensor,current|force|speed|temperature|torque|vibration,N09,M07_F10,n09_m07_f10,healthy,0,healthy,healthy,18,data/raw/paderborn/K004/N09_M07_F10_K004_18.mat,False,paderborn_channels_verified
paderborn_artificial_to_natural,artificial_to_real_damage,paderborn,paderborn_n09_m07_f10_k004_19_multisensor,paderborn_n09_m07_f10_k004_19,train,K004,multisensor,current|force|speed|temperature|torque|vibration,N09,M07_F10,n09_m07_f10,healthy,0,healthy,healthy,19,data/raw/paderborn/K004/N09_M07_F10_K004_19.mat,False,paderborn_channels_verified
paderborn_artificial_to_natural,artificial_to_real_damage,paderborn,paderborn_n09_m07_f10_k004_1_multisensor,paderborn_n09_m07_f10_k004_1,train,K004,multisensor,current|force|speed|temperature|torque|vibration,N09,M07_F10,n09_m07_f10,healthy,0,healthy,healthy,1,data/raw/paderborn/K004/N09_M07_F10_K004_1.mat,False,paderborn_channels_verified
paderborn_artificial_to_natural,artificial_to_real_damage,paderborn,paderborn_n09_m07_f10_k004_20_multisensor,paderborn_n09_m07_f10_k004_20,val,K004,multisensor,current|force|speed|temperature|torque|vibration,N09,M07_F10,n09_m07_f10,healthy,0,healthy,healthy,20,data/raw/paderborn/K004/N09_M07_F10_K004_20.mat,False,paderborn_channels_verified
paderborn_artificial_to_natural,artificial_to_real_damage,paderborn,paderborn_n09_m07_f10_k004_2_multisensor,paderborn_n09_m07_f10_k004_2,val,K004,multisensor,current|force|speed|temperature|torque|vibration,N09,M07_F10,n09_m07_f10,healthy,0,healthy,healthy,2,data/raw/paderborn/K004/N09_M07_F10_K004_2.mat,False,paderborn_channels_verified
paderborn_artificial_to_natural,artificial_to_real_damage,paderborn,paderborn_n09_m07_f10_k004_3_multisensor,paderborn_n09_m07_f10_k004_3,train,K004,multisensor,current|force|speed|temperature|torque|vibration,N09,M07_F10,n09_m07_f10,healthy,0,healthy,healthy,3,data/raw/paderborn/K004/N09_M07_F10_K004_3.mat,False,paderborn_channels_verified
paderborn_artificial_to_natural,artificial_to_real_damage,paderborn,paderborn_n09_m07_f10_k004_4_multisensor,paderborn_n09_m07_f10_k004_4,train,K004,multisensor,current|force|speed|temperature|torque|vibration,N09,M07_F10,n09_m07_f10,healthy,0,healthy,healthy,4,data/raw/paderborn/K004/N09_M07_F10_K004_4.mat,False,paderborn_channels_verified
paderborn_artificial_to_natural,artificial_to_real_damage,paderborn,paderborn_n09_m07_f10_k004_5_multisensor,paderborn_n09_m07_f10_k004_5,train,K004,multisensor,current|force|speed|temperature|torque|vibration,N09,M07_F10,n09_m07_f10,healthy,0,healthy,healthy,5,data/raw/paderborn/K004/N09_M07_F10_K004_5.mat,False,paderborn_channels_verified
paderborn_artificial_to_natural,artificial_to_real_damage,paderborn,paderborn_n09_m07_f10_k004_6_multisensor,paderborn_n09_m07_f10_k004_6,train,K004,multisensor,current|force|speed|temperature|torque|vibration,N09,M07_F10,n09_m07_f10,healthy,0,healthy,healthy,6,data/raw/paderborn/K004/N09_M07_F10_K004_6.mat,False,paderborn_channels_verified
paderborn_artificial_to_natural,artificial_to_real_damage,paderborn,paderborn_n09_m07_f10_k004_7_multisensor,paderborn_n09_m07_f10_k004_7,train,K004,multisensor,current|force|speed|temperature|torque|vibration,N09,M07_F10,n09_m07_f10,healthy,0,healthy,healthy,7,data/raw/paderborn/K004/N09_M07_F10_K004_7.mat,False,paderborn_channels_verified
paderborn_artificial_to_natural,artificial_to_real_damage,paderborn,paderborn_n09_m07_f10_k004_8_multisensor,paderborn_n09_m07_f10_k004_8,train,K004,multisensor,current|force|speed|temperature|torque|vibration,N09,M07_F10,n09_m07_f10,healthy,0,healthy,healthy,8,data/raw/paderborn/K004/N09_M07_F10_K004_8.mat,False,paderborn_channels_verified
paderborn_artificial_to_natural,artificial_to_real_damage,paderborn,paderborn_n09_m07_f10_k004_9_multisensor,paderborn_n09_m07_f10_k004_9,train,K004,multisensor,current|force|speed|temperature|torque|vibration,N09,M07_F10,n09_m07_f10,healthy,0,healthy,healthy,9,data/raw/paderborn/K004/N09_M07_F10_K004_9.mat,False,paderborn_channels_verified
paderborn_artificial_to_natural,artificial_to_real_damage,paderborn,paderborn_n15_m01_f10_k004_10_multisensor,paderborn_n15_m01_f10_k004_10,train,K004,multisensor,current|force|speed|temperature|torque|vibration,N15,M01_F10,n15_m01_f10,healthy,0,healthy,healthy,10,data/raw/paderborn/K004/N15_M01_F10_K004_10.mat,False,paderborn_channels_verified
paderborn_artificial_to_natural,artificial_to_real_damage,paderborn,paderborn_n15_m01_f10_k004_11_multisensor,paderborn_n15_m01_f10_k004_11,val,K004,multisensor,current|force|speed|temperature|torque|vibration,N15,M01_F10,n15_m01_f10,healthy,0,healthy,healthy,11,data/raw/paderborn/K004/N15_M01_F10_K004_11.mat,False,paderborn_channels_verified
paderborn_artificial_to_natural,artificial_to_real_damage,paderborn,paderborn_n15_m01_f10_k004_12_multisensor,paderborn_n15_m01_f10_k004_12,train,K004,multisensor,current|force|speed|temperature|torque|vibration,N15,M01_F10,n15_m01_f10,healthy,0,healthy,healthy,12,data/raw/paderborn/K004/N15_M01_F10_K004_12.mat,False,paderborn_channels_verified
paderborn_artificial_to_natural,artificial_to_real_damage,paderborn,paderborn_n15_m01_f10_k004_13_multisensor,paderborn_n15_m01_f10_k004_13,train,K004,multisensor,current|force|speed|temperature|torque|vibration,N15,M01_F10,n15_m01_f10,healthy,0,healthy,healthy,13,data/raw/paderborn/K004/N15_M01_F10_K004_13.mat,False,paderborn_channels_verified
paderborn_artificial_to_natural,artificial_to_real_damage,paderborn,paderborn_n15_m01_f10_k004_14_multisensor,paderborn_n15_m01_f10_k004_14,train,K004,multisensor,current|force|speed|temperature|torque|vibration,N15,M01_F10,n15_m01_f10,healthy,0,healthy,healthy,14,data/raw/paderborn/K004/N15_M01_F10_K004_14.mat,False,paderborn_channels_verified
paderborn_artificial_to_natural,artificial_to_real_damage,paderborn,paderborn_n15_m01_f10_k004_15_multisensor,paderborn_n15_m01_f10_k004_15,train,K004,multisensor,current|force|speed|temperature|torque|vibration,N15,M01_F10,n15_m01_f10,healthy,0,healthy,healthy,15,data/raw/paderborn/K004/N15_M01_F10_K004_15.mat,False,paderborn_channels_verified
paderborn_artificial_to_natural,artificial_to_real_damage,paderborn,paderborn_n15_m01_f10_k004_16_multisensor,paderborn_n15_m01_f10_k004_16,train,K004,multisensor,current|force|speed|temperature|torque|vibration,N15,M01_F10,n15_m01_f10,healthy,0,healthy,healthy,16,data/raw/paderborn/K004/N15_M01_F10_K004_16.mat,False,paderborn_channels_verified
paderborn_artificial_to_natural,artificial_to_real_damage,paderborn,paderborn_n15_m01_f10_k004_17_multisensor,paderborn_n15_m01_f10_k004_17,train,K004,multisensor,current|force|speed|temperature|torque|vibration,N15,M01_F10,n15_m01_f10,healthy,0,healthy,healthy,17,data/raw/paderborn/K004/N15_M01_F10_K004_17.mat,False,paderborn_channels_verified
paderborn_artificial_to_natural,artificial_to_real_damage,paderborn,paderborn_n15_m01_f10_k004_18_multisensor,paderborn_n15_m01_f10_k004_18,train,K004,multisensor,current|force|speed|temperature|torque|vibration,N15,M01_F10,n15_m01_f10,healthy,0,healthy,healthy,18,data/raw/paderborn/K004/N15_M01_F10_K004_18.mat,False,paderborn_channels_verified
paderborn_artificial_to_natural,artificial_to_real_damage,paderborn,paderborn_n15_m01_f10_k004_19_multisensor,paderborn_n15_m01_f10_k004_19,val,K004,multisensor,current|force|speed|temperature|torque|vibration,N15,M01_F10,n15_m01_f10,healthy,0,healthy,healthy,19,data/raw/paderborn/K004/N15_M01_F10_K004_19.mat,False,paderborn_channels_verified
paderborn_artificial_to_natural,artificial_to_real_damage,paderborn,paderborn_n15_m01_f10_k004_1_multisensor,paderborn_n15_m01_f10_k004_1,train,K004,multisensor,current|force|speed|temperature|torque|vibration,N15,M01_F10,n15_m01_f10,healthy,0,healthy,healthy,1,data/raw/paderborn/K004/N15_M01_F10_K004_1.mat,False,paderborn_channels_verified
paderborn_artificial_to_natural,artificial_to_real_damage,paderborn,paderborn_n15_m01_f10_k004_20_multisensor,paderborn_n15_m01_f10_k004_20,train,K004,multisensor,current|force|speed|temperature|torque|vibration,N15,M01_F10,n15_m01_f10,healthy,0,healthy,healthy,20,data/raw/paderborn/K004/N15_M01_F10_K004_20.mat,False,paderborn_channels_verified
paderborn_artificial_to_natural,artificial_to_real_damage,paderborn,paderborn_n15_m01_f10_k004_2_multisensor,paderborn_n15_m01_f10_k004_2,train,K004,multisensor,current|force|speed|temperature|torque|vibration,N15,M01_F10,n15_m01_f10,healthy,0,healthy,healthy,2,data/raw/paderborn/K004/N15_M01_F10_K004_2.mat,False,paderborn_channels_verified
paderborn_artificial_to_natural,artificial_to_real_damage,paderborn,paderborn_n15_m01_f10_k004_3_multisensor,paderborn_n15_m01_f10_k004_3,train,K004,multisensor,current|force|speed|temperature|torque|vibration,N15,M01_F10,n15_m01_f10,healthy,0,healthy,healthy,3,data/raw/paderborn/K004/N15_M01_F10_K004_3.mat,False,paderborn_channels_verified
paderborn_artificial_to_natural,artificial_to_real_damage,paderborn,paderborn_n15_m01_f10_k004_4_multisensor,paderborn_n15_m01_f10_k004_4,train,K004,multisensor,current|force|speed|temperature|torque|vibration,N15,M01_F10,n15_m01_f10,healthy,0,healthy,healthy,4,data/raw/paderborn/K004/N15_M01_F10_K004_4.mat,False,paderborn_channels_verified
paderborn_artificial_to_natural,artificial_to_real_damage,paderborn,paderborn_n15_m01_f10_k004_5_multisensor,paderborn_n15_m01_f10_k004_5,train,K004,multisensor,current|force|speed|temperature|torque|vibration,N15,M01_F10,n15_m01_f10,healthy,0,healthy,healthy,5,data/raw/paderborn/K004/N15_M01_F10_K004_5.mat,False,paderborn_channels_verified
paderborn_artificial_to_natural,artificial_to_real_damage,paderborn,paderborn_n15_m01_f10_k004_6_multisensor,paderborn_n15_m01_f10_k004_6,train,K004,multisensor,current|force|speed|temperature|torque|vibration,N15,M01_F10,n15_m01_f10,healthy,0,healthy,healthy,6,data/raw/paderborn/K004/N15_M01_F10_K004_6.mat,False,paderborn_channels_verified
paderborn_artificial_to_natural,artificial_to_real_damage,paderborn,paderborn_n15_m01_f10_k004_7_multisensor,paderborn_n15_m01_f10_k004_7,train,K004,multisensor,current|force|speed|temperature|torque|vibration,N15,M01_F10,n15_m01_f10,healthy,0,healthy,healthy,7,data/raw/paderborn/K004/N15_M01_F10_K004_7.mat,False,paderborn_channels_verified
paderborn_artificial_to_natural,artificial_to_real_damage,paderborn,paderborn_n15_m01_f10_k004_8_multisensor,paderborn_n15_m01_f10_k004_8,train,K004,multisensor,current|force|speed|temperature|torque|vibration,N15,M01_F10,n15_m01_f10,healthy,0,healthy,healthy,8,data/raw/paderborn/K004/N15_M01_F10_K004_8.mat,False,paderborn_channels_verified
paderborn_artificial_to_natural,artificial_to_real_damage,paderborn,paderborn_n15_m01_f10_k004_9_multisensor,paderborn_n15_m01_f10_k004_9,train,K004,multisensor,current|force|speed|temperature|torque|vibration,N15,M01_F10,n15_m01_f10,healthy,0,healthy,healthy,9,data/raw/paderborn/K004/N15_M01_F10_K004_9.mat,False,paderborn_channels_verified
paderborn_artificial_to_natural,artificial_to_real_damage,paderborn,paderborn_n15_m07_f04_k004_10_multisensor,paderborn_n15_m07_f04_k004_10,train,K004,multisensor,current|force|speed|temperature|torque|vibration,N15,M07_F04,n15_m07_f04,healthy,0,healthy,healthy,10,data/raw/paderborn/K004/N15_M07_F04_K004_10.mat,False,paderborn_channels_verified
paderborn_artificial_to_natural,artificial_to_real_damage,paderborn,paderborn_n15_m07_f04_k004_11_multisensor,paderborn_n15_m07_f04_k004_11,val,K004,multisensor,current|force|speed|temperature|torque|vibration,N15,M07_F04,n15_m07_f04,healthy,0,healthy,healthy,11,data/raw/paderborn/K004/N15_M07_F04_K004_11.mat,False,paderborn_channels_verified
paderborn_artificial_to_natural,artificial_to_real_damage,paderborn,paderborn_n15_m07_f04_k004_12_multisensor,paderborn_n15_m07_f04_k004_12,train,K004,multisensor,current|force|speed|temperature|torque|vibration,N15,M07_F04,n15_m07_f04,healthy,0,healthy,healthy,12,data/raw/paderborn/K004/N15_M07_F04_K004_12.mat,False,paderborn_channels_verified
paderborn_artificial_to_natural,artificial_to_real_damage,paderborn,paderborn_n15_m07_f04_k004_13_multisensor,paderborn_n15_m07_f04_k004_13,train,K004,multisensor,current|force|speed|temperature|torque|vibration,N15,M07_F04,n15_m07_f04,healthy,0,healthy,healthy,13,data/raw/paderborn/K004/N15_M07_F04_K004_13.mat,False,paderborn_channels_verified
paderborn_artificial_to_natural,artificial_to_real_damage,paderborn,paderborn_n15_m07_f04_k004_14_multisensor,paderborn_n15_m07_f04_k004_14,train,K004,multisensor,current|force|speed|temperature|torque|vibration,N15,M07_F04,n15_m07_f04,healthy,0,healthy,healthy,14,data/raw/paderborn/K004/N15_M07_F04_K004_14.mat,False,paderborn_channels_verified
paderborn_artificial_to_natural,artificial_to_real_damage,paderborn,paderborn_n15_m07_f04_k004_15_multisensor,paderborn_n15_m07_f04_k004_15,train,K004,multisensor,current|force|speed|temperature|torque|vibration,N15,M07_F04,n15_m07_f04,healthy,0,healthy,healthy,15,data/raw/paderborn/K004/N15_M07_F04_K004_15.mat,False,paderborn_channels_verified
paderborn_artificial_to_natural,artificial_to_real_damage,paderborn,paderborn_n15_m07_f04_k004_16_multisensor,paderborn_n15_m07_f04_k004_16,train,K004,multisensor,current|force|speed|temperature|torque|vibration,N15,M07_F04,n15_m07_f04,healthy,0,healthy,healthy,16,data/raw/paderborn/K004/N15_M07_F04_K004_16.mat,False,paderborn_channels_verified
paderborn_artificial_to_natural,artificial_to_real_damage,paderborn,paderborn_n15_m07_f04_k004_17_multisensor,paderborn_n15_m07_f04_k004_17,train,K004,multisensor,current|force|speed|temperature|torque|vibration,N15,M07_F04,n15_m07_f04,healthy,0,healthy,healthy,17,data/raw/paderborn/K004/N15_M07_F04_K004_17.mat,False,paderborn_channels_verified
paderborn_artificial_to_natural,artificial_to_real_damage,paderborn,paderborn_n15_m07_f04_k004_18_multisensor,paderborn_n15_m07_f04_k004_18,train,K004,multisensor,current|force|speed|temperature|torque|vibration,N15,M07_F04,n15_m07_f04,healthy,0,healthy,healthy,18,data/raw/paderborn/K004/N15_M07_F04_K004_18.mat,False,paderborn_channels_verified
paderborn_artificial_to_natural,artificial_to_real_damage,paderborn,paderborn_n15_m07_f04_k004_19_multisensor,paderborn_n15_m07_f04_k004_19,train,K004,multisensor,current|force|speed|temperature|torque|vibration,N15,M07_F04,n15_m07_f04,healthy,0,healthy,healthy,19,data/raw/paderborn/K004/N15_M07_F04_K004_19.mat,False,paderborn_channels_verified
paderborn_artificial_to_natural,artificial_to_real_damage,paderborn,paderborn_n15_m07_f04_k004_1_multisensor,paderborn_n15_m07_f04_k004_1,train,K004,multisensor,current|force|speed|temperature|torque|vibration,N15,M07_F04,n15_m07_f04,healthy,0,healthy,healthy,1,data/raw/paderborn/K004/N15_M07_F04_K004_1.mat,False,paderborn_channels_verified
paderborn_artificial_to_natural,artificial_to_real_damage,paderborn,paderborn_n15_m07_f04_k004_20_multisensor,paderborn_n15_m07_f04_k004_20,train,K004,multisensor,current|force|speed|temperature|torque|vibration,N15,M07_F04,n15_m07_f04,healthy,0,healthy,healthy,20,data/raw/paderborn/K004/N15_M07_F04_K004_20.mat,False,paderborn_channels_verified
paderborn_artificial_to_natural,artificial_to_real_damage,paderborn,paderborn_n15_m07_f04_k004_2_multisensor,paderborn_n15_m07_f04_k004_2,train,K004,multisensor,current|force|speed|temperature|torque|vibration,N15,M07_F04,n15_m07_f04,healthy,0,healthy,healthy,2,data/raw/paderborn/K004/N15_M07_F04_K004_2.mat,False,paderborn_channels_verified
paderborn_artificial_to_natural,artificial_to_real_damage,paderborn,paderborn_n15_m07_f04_k004_3_multisensor,paderborn_n15_m07_f04_k004_3,train,K004,multisensor,current|force|speed|temperature|torque|vibration,N15,M07_F04,n15_m07_f04,healthy,0,healthy,healthy,3,data/raw/paderborn/K004/N15_M07_F04_K004_3.mat,False,paderborn_channels_verified
paderborn_artificial_to_natural,artificial_to_real_damage,paderborn,paderborn_n15_m07_f04_k004_4_multisensor,paderborn_n15_m07_f04_k004_4,train,K004,multisensor,current|force|speed|temperature|torque|vibration,N15,M07_F04,n15_m07_f04,healthy,0,healthy,healthy,4,data/raw/paderborn/K004/N15_M07_F04_K004_4.mat,False,paderborn_channels_verified
paderborn_artificial_to_natural,artificial_to_real_damage,paderborn,paderborn_n15_m07_f04_k004_5_multisensor,paderborn_n15_m07_f04_k004_5,train,K004,multisensor,current|force|speed|temperature|torque|vibration,N15,M07_F04,n15_m07_f04,healthy,0,healthy,healthy,5,data/raw/paderborn/K004/N15_M07_F04_K004_5.mat,False,paderborn_channels_verified
paderborn_artificial_to_natural,artificial_to_real_damage,paderborn,paderborn_n15_m07_f04_k004_6_multisensor,paderborn_n15_m07_f04_k004_6,train,K004,multisensor,current|force|speed|temperature|torque|vibration,N15,M07_F04,n15_m07_f04,healthy,0,healthy,healthy,6,data/raw/paderborn/K004/N15_M07_F04_K004_6.mat,False,paderborn_channels_verified
paderborn_artificial_to_natural,artificial_to_real_damage,paderborn,paderborn_n15_m07_f04_k004_7_multisensor,paderborn_n15_m07_f04_k004_7,val,K004,multisensor,current|force|speed|temperature|torque|vibration,N15,M07_F04,n15_m07_f04,healthy,0,healthy,healthy,7,data/raw/paderborn/K004/N15_M07_F04_K004_7.mat,False,paderborn_channels_verified
paderborn_artificial_to_natural,artificial_to_real_damage,paderborn,paderborn_n15_m07_f04_k004_8_multisensor,paderborn_n15_m07_f04_k004_8,train,K004,multisensor,current|force|speed|temperature|torque|vibration,N15,M07_F04,n15_m07_f04,healthy,0,healthy,healthy,8,data/raw/paderborn/K004/N15_M07_F04_K004_8.mat,False,paderborn_channels_verified
paderborn_artificial_to_natural,artificial_to_real_damage,paderborn,paderborn_n15_m07_f04_k004_9_multisensor,paderborn_n15_m07_f04_k004_9,train,K004,multisensor,current|force|speed|temperature|torque|vibration,N15,M07_F04,n15_m07_f04,healthy,0,healthy,healthy,9,data/raw/paderborn/K004/N15_M07_F04_K004_9.mat,False,paderborn_channels_verified
paderborn_artificial_to_natural,artificial_to_real_damage,paderborn,paderborn_n15_m07_f10_k004_10_multisensor,paderborn_n15_m07_f10_k004_10,train,K004,multisensor,current|force|speed|temperature|torque|vibration,N15,M07_F10,n15_m07_f10,healthy,0,healthy,healthy,10,data/raw/paderborn/K004/N15_M07_F10_K004_10.mat,False,paderborn_channels_verified
paderborn_artificial_to_natural,artificial_to_real_damage,paderborn,paderborn_n15_m07_f10_k004_11_multisensor,paderborn_n15_m07_f10_k004_11,train,K004,multisensor,current|force|speed|temperature|torque|vibration,N15,M07_F10,n15_m07_f10,healthy,0,healthy,healthy,11,data/raw/paderborn/K004/N15_M07_F10_K004_11.mat,False,paderborn_channels_verified
paderborn_artificial_to_natural,artificial_to_real_damage,paderborn,paderborn_n15_m07_f10_k004_12_multisensor,paderborn_n15_m07_f10_k004_12,train,K004,multisensor,current|force|speed|temperature|torque|vibration,N15,M07_F10,n15_m07_f10,healthy,0,healthy,healthy,12,data/raw/paderborn/K004/N15_M07_F10_K004_12.mat,False,paderborn_channels_verified
paderborn_artificial_to_natural,artificial_to_real_damage,paderborn,paderborn_n15_m07_f10_k004_13_multisensor,paderborn_n15_m07_f10_k004_13,train,K004,multisensor,current|force|speed|temperature|torque|vibration,N15,M07_F10,n15_m07_f10,healthy,0,healthy,healthy,13,data/raw/paderborn/K004/N15_M07_F10_K004_13.mat,False,paderborn_channels_verified
paderborn_artificial_to_natural,artificial_to_real_damage,paderborn,paderborn_n15_m07_f10_k004_14_multisensor,paderborn_n15_m07_f10_k004_14,train,K004,multisensor,current|force|speed|temperature|torque|vibration,N15,M07_F10,n15_m07_f10,healthy,0,healthy,healthy,14,data/raw/paderborn/K004/N15_M07_F10_K004_14.mat,False,paderborn_channels_verified
paderborn_artificial_to_natural,artificial_to_real_damage,paderborn,paderborn_n15_m07_f10_k004_15_multisensor,paderborn_n15_m07_f10_k004_15,train,K004,multisensor,current|force|speed|temperature|torque|vibration,N15,M07_F10,n15_m07_f10,healthy,0,healthy,healthy,15,data/raw/paderborn/K004/N15_M07_F10_K004_15.mat,False,paderborn_channels_verified
paderborn_artificial_to_natural,artificial_to_real_damage,paderborn,paderborn_n15_m07_f10_k004_16_multisensor,paderborn_n15_m07_f10_k004_16,train,K004,multisensor,current|force|speed|temperature|torque|vibration,N15,M07_F10,n15_m07_f10,healthy,0,healthy,healthy,16,data/raw/paderborn/K004/N15_M07_F10_K004_16.mat,False,paderborn_channels_verified
paderborn_artificial_to_natural,artificial_to_real_damage,paderborn,paderborn_n15_m07_f10_k004_17_multisensor,paderborn_n15_m07_f10_k004_17,train,K004,multisensor,current|force|speed|temperature|torque|vibration,N15,M07_F10,n15_m07_f10,healthy,0,healthy,healthy,17,data/raw/paderborn/K004/N15_M07_F10_K004_17.mat,False,paderborn_channels_verified
paderborn_artificial_to_natural,artificial_to_real_damage,paderborn,paderborn_n15_m07_f10_k004_18_multisensor,paderborn_n15_m07_f10_k004_18,train,K004,multisensor,current|force|speed|temperature|torque|vibration,N15,M07_F10,n15_m07_f10,healthy,0,healthy,healthy,18,data/raw/paderborn/K004/N15_M07_F10_K004_18.mat,False,paderborn_channels_verified
paderborn_artificial_to_natural,artificial_to_real_damage,paderborn,paderborn_n15_m07_f10_k004_19_multisensor,paderborn_n15_m07_f10_k004_19,train,K004,multisensor,current|force|speed|temperature|torque|vibration,N15,M07_F10,n15_m07_f10,healthy,0,healthy,healthy,19,data/raw/paderborn/K004/N15_M07_F10_K004_19.mat,False,paderborn_channels_verified
paderborn_artificial_to_natural,artificial_to_real_damage,paderborn,paderborn_n15_m07_f10_k004_1_multisensor,paderborn_n15_m07_f10_k004_1,train,K004,multisensor,current|force|speed|temperature|torque|vibration,N15,M07_F10,n15_m07_f10,healthy,0,healthy,healthy,1,data/raw/paderborn/K004/N15_M07_F10_K004_1.mat,False,paderborn_channels_verified
paderborn_artificial_to_natural,artificial_to_real_damage,paderborn,paderborn_n15_m07_f10_k004_20_multisensor,paderborn_n15_m07_f10_k004_20,val,K004,multisensor,current|force|speed|temperature|torque|vibration,N15,M07_F10,n15_m07_f10,healthy,0,healthy,healthy,20,data/raw/paderborn/K004/N15_M07_F10_K004_20.mat,False,paderborn_channels_verified
paderborn_artificial_to_natural,artificial_to_real_damage,paderborn,paderborn_n15_m07_f10_k004_2_multisensor,paderborn_n15_m07_f10_k004_2,train,K004,multisensor,current|force|speed|temperature|torque|vibration,N15,M07_F10,n15_m07_f10,healthy,0,healthy,healthy,2,data/raw/paderborn/K004/N15_M07_F10_K004_2.mat,False,paderborn_channels_verified
paderborn_artificial_to_natural,artificial_to_real_damage,paderborn,paderborn_n15_m07_f10_k004_3_multisensor,paderborn_n15_m07_f10_k004_3,train,K004,multisensor,current|force|speed|temperature|torque|vibration,N15,M07_F10,n15_m07_f10,healthy,0,healthy,healthy,3,data/raw/paderborn/K004/N15_M07_F10_K004_3.mat,False,paderborn_channels_verified
paderborn_artificial_to_natural,artificial_to_real_damage,paderborn,paderborn_n15_m07_f10_k004_4_multisensor,paderborn_n15_m07_f10_k004_4,train,K004,multisensor,current|force|speed|temperature|torque|vibration,N15,M07_F10,n15_m07_f10,healthy,0,healthy,healthy,4,data/raw/paderborn/K004/N15_M07_F10_K004_4.mat,False,paderborn_channels_verified
paderborn_artificial_to_natural,artificial_to_real_damage,paderborn,paderborn_n15_m07_f10_k004_5_multisensor,paderborn_n15_m07_f10_k004_5,train,K004,multisensor,current|force|speed|temperature|torque|vibration,N15,M07_F10,n15_m07_f10,healthy,0,healthy,healthy,5,data/raw/paderborn/K004/N15_M07_F10_K004_5.mat,False,paderborn_channels_verified
paderborn_artificial_to_natural,artificial_to_real_damage,paderborn,paderborn_n15_m07_f10_k004_6_multisensor,paderborn_n15_m07_f10_k004_6,train,K004,multisensor,current|force|speed|temperature|torque|vibration,N15,M07_F10,n15_m07_f10,healthy,0,healthy,healthy,6,data/raw/paderborn/K004/N15_M07_F10_K004_6.mat,False,paderborn_channels_verified
paderborn_artificial_to_natural,artificial_to_real_damage,paderborn,paderborn_n15_m07_f10_k004_7_multisensor,paderborn_n15_m07_f10_k004_7,val,K004,multisensor,current|force|speed|temperature|torque|vibration,N15,M07_F10,n15_m07_f10,healthy,0,healthy,healthy,7,data/raw/paderborn/K004/N15_M07_F10_K004_7.mat,False,paderborn_channels_verified
paderborn_artificial_to_natural,artificial_to_real_damage,paderborn,paderborn_n15_m07_f10_k004_8_multisensor,paderborn_n15_m07_f10_k004_8,val,K004,multisensor,current|force|speed|temperature|torque|vibration,N15,M07_F10,n15_m07_f10,healthy,0,healthy,healthy,8,data/raw/paderborn/K004/N15_M07_F10_K004_8.mat,False,paderborn_channels_verified
paderborn_artificial_to_natural,artificial_to_real_damage,paderborn,paderborn_n15_m07_f10_k004_9_multisensor,paderborn_n15_m07_f10_k004_9,val,K004,multisensor,current|force|speed|temperature|torque|vibration,N15,M07_F10,n15_m07_f10,healthy,0,healthy,healthy,9,data/raw/paderborn/K004/N15_M07_F10_K004_9.mat,False,paderborn_channels_verified
paderborn_artificial_to_natural,artificial_to_real_damage,paderborn,paderborn_n09_m07_f10_k005_10_multisensor,paderborn_n09_m07_f10_k005_10,train,K005,multisensor,current|force|speed|temperature|torque|vibration,N09,M07_F10,n09_m07_f10,healthy,0,healthy,healthy,10,data/raw/paderborn/K005/N09_M07_F10_K005_10.mat,False,paderborn_channels_verified
paderborn_artificial_to_natural,artificial_to_real_damage,paderborn,paderborn_n09_m07_f10_k005_11_multisensor,paderborn_n09_m07_f10_k005_11,train,K005,multisensor,current|force|speed|temperature|torque|vibration,N09,M07_F10,n09_m07_f10,healthy,0,healthy,healthy,11,data/raw/paderborn/K005/N09_M07_F10_K005_11.mat,False,paderborn_channels_verified
paderborn_artificial_to_natural,artificial_to_real_damage,paderborn,paderborn_n09_m07_f10_k005_12_multisensor,paderborn_n09_m07_f10_k005_12,val,K005,multisensor,current|force|speed|temperature|torque|vibration,N09,M07_F10,n09_m07_f10,healthy,0,healthy,healthy,12,data/raw/paderborn/K005/N09_M07_F10_K005_12.mat,False,paderborn_channels_verified
paderborn_artificial_to_natural,artificial_to_real_damage,paderborn,paderborn_n09_m07_f10_k005_13_multisensor,paderborn_n09_m07_f10_k005_13,val,K005,multisensor,current|force|speed|temperature|torque|vibration,N09,M07_F10,n09_m07_f10,healthy,0,healthy,healthy,13,data/raw/paderborn/K005/N09_M07_F10_K005_13.mat,False,paderborn_channels_verified
paderborn_artificial_to_natural,artificial_to_real_damage,paderborn,paderborn_n09_m07_f10_k005_14_multisensor,paderborn_n09_m07_f10_k005_14,train,K005,multisensor,current|force|speed|temperature|torque|vibration,N09,M07_F10,n09_m07_f10,healthy,0,healthy,healthy,14,data/raw/paderborn/K005/N09_M07_F10_K005_14.mat,False,paderborn_channels_verified
paderborn_artificial_to_natural,artificial_to_real_damage,paderborn,paderborn_n09_m07_f10_k005_15_multisensor,paderborn_n09_m07_f10_k005_15,train,K005,multisensor,current|force|speed|temperature|torque|vibration,N09,M07_F10,n09_m07_f10,healthy,0,healthy,healthy,15,data/raw/paderborn/K005/N09_M07_F10_K005_15.mat,False,paderborn_channels_verified
paderborn_artificial_to_natural,artificial_to_real_damage,paderborn,paderborn_n09_m07_f10_k005_16_multisensor,paderborn_n09_m07_f10_k005_16,train,K005,multisensor,current|force|speed|temperature|torque|vibration,N09,M07_F10,n09_m07_f10,healthy,0,healthy,healthy,16,data/raw/paderborn/K005/N09_M07_F10_K005_16.mat,False,paderborn_channels_verified
paderborn_artificial_to_natural,artificial_to_real_damage,paderborn,paderborn_n09_m07_f10_k005_17_multisensor,paderborn_n09_m07_f10_k005_17,val,K005,multisensor,current|force|speed|temperature|torque|vibration,N09,M07_F10,n09_m07_f10,healthy,0,healthy,healthy,17,data/raw/paderborn/K005/N09_M07_F10_K005_17.mat,False,paderborn_channels_verified
paderborn_artificial_to_natural,artificial_to_real_damage,paderborn,paderborn_n09_m07_f10_k005_18_multisensor,paderborn_n09_m07_f10_k005_18,val,K005,multisensor,current|force|speed|temperature|torque|vibration,N09,M07_F10,n09_m07_f10,healthy,0,healthy,healthy,18,data/raw/paderborn/K005/N09_M07_F10_K005_18.mat,False,paderborn_channels_verified
paderborn_artificial_to_natural,artificial_to_real_damage,paderborn,paderborn_n09_m07_f10_k005_19_multisensor,paderborn_n09_m07_f10_k005_19,train,K005,multisensor,current|force|speed|temperature|torque|vibration,N09,M07_F10,n09_m07_f10,healthy,0,healthy,healthy,19,data/raw/paderborn/K005/N09_M07_F10_K005_19.mat,False,paderborn_channels_verified
paderborn_artificial_to_natural,artificial_to_real_damage,paderborn,paderborn_n09_m07_f10_k005_1_multisensor,paderborn_n09_m07_f10_k005_1,train,K005,multisensor,current|force|speed|temperature|torque|vibration,N09,M07_F10,n09_m07_f10,healthy,0,healthy,healthy,1,data/raw/paderborn/K005/N09_M07_F10_K005_1.mat,False,paderborn_channels_verified
paderborn_artificial_to_natural,artificial_to_real_damage,paderborn,paderborn_n09_m07_f10_k005_20_multisensor,paderborn_n09_m07_f10_k005_20,train,K005,multisensor,current|force|speed|temperature|torque|vibration,N09,M07_F10,n09_m07_f10,healthy,0,healthy,healthy,20,data/raw/paderborn/K005/N09_M07_F10_K005_20.mat,False,paderborn_channels_verified
paderborn_artificial_to_natural,artificial_to_real_damage,paderborn,paderborn_n09_m07_f10_k005_2_multisensor,paderborn_n09_m07_f10_k005_2,val,K005,multisensor,current|force|speed|temperature|torque|vibration,N09,M07_F10,n09_m07_f10,healthy,0,healthy,healthy,2,data/raw/paderborn/K005/N09_M07_F10_K005_2.mat,False,paderborn_channels_verified
paderborn_artificial_to_natural,artificial_to_real_damage,paderborn,paderborn_n09_m07_f10_k005_3_multisensor,paderborn_n09_m07_f10_k005_3,train,K005,multisensor,current|force|speed|temperature|torque|vibration,N09,M07_F10,n09_m07_f10,healthy,0,healthy,healthy,3,data/raw/paderborn/K005/N09_M07_F10_K005_3.mat,False,paderborn_channels_verified
paderborn_artificial_to_natural,artificial_to_real_damage,paderborn,paderborn_n09_m07_f10_k005_4_multisensor,paderborn_n09_m07_f10_k005_4,val,K005,multisensor,current|force|speed|temperature|torque|vibration,N09,M07_F10,n09_m07_f10,healthy,0,healthy,healthy,4,data/raw/paderborn/K005/N09_M07_F10_K005_4.mat,False,paderborn_channels_verified
paderborn_artificial_to_natural,artificial_to_real_damage,paderborn,paderborn_n09_m07_f10_k005_5_multisensor,paderborn_n09_m07_f10_k005_5,train,K005,multisensor,current|force|speed|temperature|torque|vibration,N09,M07_F10,n09_m07_f10,healthy,0,healthy,healthy,5,data/raw/paderborn/K005/N09_M07_F10_K005_5.mat,False,paderborn_channels_verified
paderborn_artificial_to_natural,artificial_to_real_damage,paderborn,paderborn_n09_m07_f10_k005_6_multisensor,paderborn_n09_m07_f10_k005_6,val,K005,multisensor,current|force|speed|temperature|torque|vibration,N09,M07_F10,n09_m07_f10,healthy,0,healthy,healthy,6,data/raw/paderborn/K005/N09_M07_F10_K005_6.mat,False,paderborn_channels_verified
paderborn_artificial_to_natural,artificial_to_real_damage,paderborn,paderborn_n09_m07_f10_k005_7_multisensor,paderborn_n09_m07_f10_k005_7,train,K005,multisensor,current|force|speed|temperature|torque|vibration,N09,M07_F10,n09_m07_f10,healthy,0,healthy,healthy,7,data/raw/paderborn/K005/N09_M07_F10_K005_7.mat,False,paderborn_channels_verified
paderborn_artificial_to_natural,artificial_to_real_damage,paderborn,paderborn_n09_m07_f10_k005_8_multisensor,paderborn_n09_m07_f10_k005_8,val,K005,multisensor,current|force|speed|temperature|torque|vibration,N09,M07_F10,n09_m07_f10,healthy,0,healthy,healthy,8,data/raw/paderborn/K005/N09_M07_F10_K005_8.mat,False,paderborn_channels_verified
paderborn_artificial_to_natural,artificial_to_real_damage,paderborn,paderborn_n09_m07_f10_k005_9_multisensor,paderborn_n09_m07_f10_k005_9,train,K005,multisensor,current|force|speed|temperature|torque|vibration,N09,M07_F10,n09_m07_f10,healthy,0,healthy,healthy,9,data/raw/paderborn/K005/N09_M07_F10_K005_9.mat,False,paderborn_channels_verified
paderborn_artificial_to_natural,artificial_to_real_damage,paderborn,paderborn_n15_m01_f10_k005_10_multisensor,paderborn_n15_m01_f10_k005_10,val,K005,multisensor,current|force|speed|temperature|torque|vibration,N15,M01_F10,n15_m01_f10,healthy,0,healthy,healthy,10,data/raw/paderborn/K005/N15_M01_F10_K005_10.mat,False,paderborn_channels_verified
paderborn_artificial_to_natural,artificial_to_real_damage,paderborn,paderborn_n15_m01_f10_k005_11_multisensor,paderborn_n15_m01_f10_k005_11,train,K005,multisensor,current|force|speed|temperature|torque|vibration,N15,M01_F10,n15_m01_f10,healthy,0,healthy,healthy,11,data/raw/paderborn/K005/N15_M01_F10_K005_11.mat,False,paderborn_channels_verified
paderborn_artificial_to_natural,artificial_to_real_damage,paderborn,paderborn_n15_m01_f10_k005_12_multisensor,paderborn_n15_m01_f10_k005_12,train,K005,multisensor,current|force|speed|temperature|torque|vibration,N15,M01_F10,n15_m01_f10,healthy,0,healthy,healthy,12,data/raw/paderborn/K005/N15_M01_F10_K005_12.mat,False,paderborn_channels_verified
paderborn_artificial_to_natural,artificial_to_real_damage,paderborn,paderborn_n15_m01_f10_k005_13_multisensor,paderborn_n15_m01_f10_k005_13,train,K005,multisensor,current|force|speed|temperature|torque|vibration,N15,M01_F10,n15_m01_f10,healthy,0,healthy,healthy,13,data/raw/paderborn/K005/N15_M01_F10_K005_13.mat,False,paderborn_channels_verified
paderborn_artificial_to_natural,artificial_to_real_damage,paderborn,paderborn_n15_m01_f10_k005_14_multisensor,paderborn_n15_m01_f10_k005_14,train,K005,multisensor,current|force|speed|temperature|torque|vibration,N15,M01_F10,n15_m01_f10,healthy,0,healthy,healthy,14,data/raw/paderborn/K005/N15_M01_F10_K005_14.mat,False,paderborn_channels_verified
paderborn_artificial_to_natural,artificial_to_real_damage,paderborn,paderborn_n15_m01_f10_k005_15_multisensor,paderborn_n15_m01_f10_k005_15,train,K005,multisensor,current|force|speed|temperature|torque|vibration,N15,M01_F10,n15_m01_f10,healthy,0,healthy,healthy,15,data/raw/paderborn/K005/N15_M01_F10_K005_15.mat,False,paderborn_channels_verified
paderborn_artificial_to_natural,artificial_to_real_damage,paderborn,paderborn_n15_m01_f10_k005_16_multisensor,paderborn_n15_m01_f10_k005_16,val,K005,multisensor,current|force|speed|temperature|torque|vibration,N15,M01_F10,n15_m01_f10,healthy,0,healthy,healthy,16,data/raw/paderborn/K005/N15_M01_F10_K005_16.mat,False,paderborn_channels_verified
paderborn_artificial_to_natural,artificial_to_real_damage,paderborn,paderborn_n15_m01_f10_k005_17_multisensor,paderborn_n15_m01_f10_k005_17,train,K005,multisensor,current|force|speed|temperature|torque|vibration,N15,M01_F10,n15_m01_f10,healthy,0,healthy,healthy,17,data/raw/paderborn/K005/N15_M01_F10_K005_17.mat,False,paderborn_channels_verified
paderborn_artificial_to_natural,artificial_to_real_damage,paderborn,paderborn_n15_m01_f10_k005_18_multisensor,paderborn_n15_m01_f10_k005_18,train,K005,multisensor,current|force|speed|temperature|torque|vibration,N15,M01_F10,n15_m01_f10,healthy,0,healthy,healthy,18,data/raw/paderborn/K005/N15_M01_F10_K005_18.mat,False,paderborn_channels_verified
paderborn_artificial_to_natural,artificial_to_real_damage,paderborn,paderborn_n15_m01_f10_k005_19_multisensor,paderborn_n15_m01_f10_k005_19,train,K005,multisensor,current|force|speed|temperature|torque|vibration,N15,M01_F10,n15_m01_f10,healthy,0,healthy,healthy,19,data/raw/paderborn/K005/N15_M01_F10_K005_19.mat,False,paderborn_channels_verified
paderborn_artificial_to_natural,artificial_to_real_damage,paderborn,paderborn_n15_m01_f10_k005_1_multisensor,paderborn_n15_m01_f10_k005_1,train,K005,multisensor,current|force|speed|temperature|torque|vibration,N15,M01_F10,n15_m01_f10,healthy,0,healthy,healthy,1,data/raw/paderborn/K005/N15_M01_F10_K005_1.mat,False,paderborn_channels_verified
paderborn_artificial_to_natural,artificial_to_real_damage,paderborn,paderborn_n15_m01_f10_k005_20_multisensor,paderborn_n15_m01_f10_k005_20,train,K005,multisensor,current|force|speed|temperature|torque|vibration,N15,M01_F10,n15_m01_f10,healthy,0,healthy,healthy,20,data/raw/paderborn/K005/N15_M01_F10_K005_20.mat,False,paderborn_channels_verified
paderborn_artificial_to_natural,artificial_to_real_damage,paderborn,paderborn_n15_m01_f10_k005_2_multisensor,paderborn_n15_m01_f10_k005_2,val,K005,multisensor,current|force|speed|temperature|torque|vibration,N15,M01_F10,n15_m01_f10,healthy,0,healthy,healthy,2,data/raw/paderborn/K005/N15_M01_F10_K005_2.mat,False,paderborn_channels_verified
paderborn_artificial_to_natural,artificial_to_real_damage,paderborn,paderborn_n15_m01_f10_k005_3_multisensor,paderborn_n15_m01_f10_k005_3,train,K005,multisensor,current|force|speed|temperature|torque|vibration,N15,M01_F10,n15_m01_f10,healthy,0,healthy,healthy,3,data/raw/paderborn/K005/N15_M01_F10_K005_3.mat,False,paderborn_channels_verified
paderborn_artificial_to_natural,artificial_to_real_damage,paderborn,paderborn_n15_m01_f10_k005_4_multisensor,paderborn_n15_m01_f10_k005_4,train,K005,multisensor,current|force|speed|temperature|torque|vibration,N15,M01_F10,n15_m01_f10,healthy,0,healthy,healthy,4,data/raw/paderborn/K005/N15_M01_F10_K005_4.mat,False,paderborn_channels_verified
paderborn_artificial_to_natural,artificial_to_real_damage,paderborn,paderborn_n15_m01_f10_k005_5_multisensor,paderborn_n15_m01_f10_k005_5,train,K005,multisensor,current|force|speed|temperature|torque|vibration,N15,M01_F10,n15_m01_f10,healthy,0,healthy,healthy,5,data/raw/paderborn/K005/N15_M01_F10_K005_5.mat,False,paderborn_channels_verified
paderborn_artificial_to_natural,artificial_to_real_damage,paderborn,paderborn_n15_m01_f10_k005_6_multisensor,paderborn_n15_m01_f10_k005_6,train,K005,multisensor,current|force|speed|temperature|torque|vibration,N15,M01_F10,n15_m01_f10,healthy,0,healthy,healthy,6,data/raw/paderborn/K005/N15_M01_F10_K005_6.mat,False,paderborn_channels_verified
paderborn_artificial_to_natural,artificial_to_real_damage,paderborn,paderborn_n15_m01_f10_k005_7_multisensor,paderborn_n15_m01_f10_k005_7,train,K005,multisensor,current|force|speed|temperature|torque|vibration,N15,M01_F10,n15_m01_f10,healthy,0,healthy,healthy,7,data/raw/paderborn/K005/N15_M01_F10_K005_7.mat,False,paderborn_channels_verified
paderborn_artificial_to_natural,artificial_to_real_damage,paderborn,paderborn_n15_m01_f10_k005_8_multisensor,paderborn_n15_m01_f10_k005_8,train,K005,multisensor,current|force|speed|temperature|torque|vibration,N15,M01_F10,n15_m01_f10,healthy,0,healthy,healthy,8,data/raw/paderborn/K005/N15_M01_F10_K005_8.mat,False,paderborn_channels_verified
paderborn_artificial_to_natural,artificial_to_real_damage,paderborn,paderborn_n15_m01_f10_k005_9_multisensor,paderborn_n15_m01_f10_k005_9,train,K005,multisensor,current|force|speed|temperature|torque|vibration,N15,M01_F10,n15_m01_f10,healthy,0,healthy,healthy,9,data/raw/paderborn/K005/N15_M01_F10_K005_9.mat,False,paderborn_channels_verified
paderborn_artificial_to_natural,artificial_to_real_damage,paderborn,paderborn_n15_m07_f04_k005_10_multisensor,paderborn_n15_m07_f04_k005_10,train,K005,multisensor,current|force|speed|temperature|torque|vibration,N15,M07_F04,n15_m07_f04,healthy,0,healthy,healthy,10,data/raw/paderborn/K005/N15_M07_F04_K005_10.mat,False,paderborn_channels_verified
paderborn_artificial_to_natural,artificial_to_real_damage,paderborn,paderborn_n15_m07_f04_k005_11_multisensor,paderborn_n15_m07_f04_k005_11,train,K005,multisensor,current|force|speed|temperature|torque|vibration,N15,M07_F04,n15_m07_f04,healthy,0,healthy,healthy,11,data/raw/paderborn/K005/N15_M07_F04_K005_11.mat,False,paderborn_channels_verified
paderborn_artificial_to_natural,artificial_to_real_damage,paderborn,paderborn_n15_m07_f04_k005_12_multisensor,paderborn_n15_m07_f04_k005_12,train,K005,multisensor,current|force|speed|temperature|torque|vibration,N15,M07_F04,n15_m07_f04,healthy,0,healthy,healthy,12,data/raw/paderborn/K005/N15_M07_F04_K005_12.mat,False,paderborn_channels_verified
paderborn_artificial_to_natural,artificial_to_real_damage,paderborn,paderborn_n15_m07_f04_k005_13_multisensor,paderborn_n15_m07_f04_k005_13,train,K005,multisensor,current|force|speed|temperature|torque|vibration,N15,M07_F04,n15_m07_f04,healthy,0,healthy,healthy,13,data/raw/paderborn/K005/N15_M07_F04_K005_13.mat,False,paderborn_channels_verified
paderborn_artificial_to_natural,artificial_to_real_damage,paderborn,paderborn_n15_m07_f04_k005_14_multisensor,paderborn_n15_m07_f04_k005_14,train,K005,multisensor,current|force|speed|temperature|torque|vibration,N15,M07_F04,n15_m07_f04,healthy,0,healthy,healthy,14,data/raw/paderborn/K005/N15_M07_F04_K005_14.mat,False,paderborn_channels_verified
paderborn_artificial_to_natural,artificial_to_real_damage,paderborn,paderborn_n15_m07_f04_k005_15_multisensor,paderborn_n15_m07_f04_k005_15,train,K005,multisensor,current|force|speed|temperature|torque|vibration,N15,M07_F04,n15_m07_f04,healthy,0,healthy,healthy,15,data/raw/paderborn/K005/N15_M07_F04_K005_15.mat,False,paderborn_channels_verified
paderborn_artificial_to_natural,artificial_to_real_damage,paderborn,paderborn_n15_m07_f04_k005_16_multisensor,paderborn_n15_m07_f04_k005_16,train,K005,multisensor,current|force|speed|temperature|torque|vibration,N15,M07_F04,n15_m07_f04,healthy,0,healthy,healthy,16,data/raw/paderborn/K005/N15_M07_F04_K005_16.mat,False,paderborn_channels_verified
paderborn_artificial_to_natural,artificial_to_real_damage,paderborn,paderborn_n15_m07_f04_k005_17_multisensor,paderborn_n15_m07_f04_k005_17,train,K005,multisensor,current|force|speed|temperature|torque|vibration,N15,M07_F04,n15_m07_f04,healthy,0,healthy,healthy,17,data/raw/paderborn/K005/N15_M07_F04_K005_17.mat,False,paderborn_channels_verified
paderborn_artificial_to_natural,artificial_to_real_damage,paderborn,paderborn_n15_m07_f04_k005_18_multisensor,paderborn_n15_m07_f04_k005_18,train,K005,multisensor,current|force|speed|temperature|torque|vibration,N15,M07_F04,n15_m07_f04,healthy,0,healthy,healthy,18,data/raw/paderborn/K005/N15_M07_F04_K005_18.mat,False,paderborn_channels_verified
paderborn_artificial_to_natural,artificial_to_real_damage,paderborn,paderborn_n15_m07_f04_k005_19_multisensor,paderborn_n15_m07_f04_k005_19,train,K005,multisensor,current|force|speed|temperature|torque|vibration,N15,M07_F04,n15_m07_f04,healthy,0,healthy,healthy,19,data/raw/paderborn/K005/N15_M07_F04_K005_19.mat,False,paderborn_channels_verified
paderborn_artificial_to_natural,artificial_to_real_damage,paderborn,paderborn_n15_m07_f04_k005_1_multisensor,paderborn_n15_m07_f04_k005_1,train,K005,multisensor,current|force|speed|temperature|torque|vibration,N15,M07_F04,n15_m07_f04,healthy,0,healthy,healthy,1,data/raw/paderborn/K005/N15_M07_F04_K005_1.mat,False,paderborn_channels_verified
paderborn_artificial_to_natural,artificial_to_real_damage,paderborn,paderborn_n15_m07_f04_k005_20_multisensor,paderborn_n15_m07_f04_k005_20,train,K005,multisensor,current|force|speed|temperature|torque|vibration,N15,M07_F04,n15_m07_f04,healthy,0,healthy,healthy,20,data/raw/paderborn/K005/N15_M07_F04_K005_20.mat,False,paderborn_channels_verified
paderborn_artificial_to_natural,artificial_to_real_damage,paderborn,paderborn_n15_m07_f04_k005_2_multisensor,paderborn_n15_m07_f04_k005_2,train,K005,multisensor,current|force|speed|temperature|torque|vibration,N15,M07_F04,n15_m07_f04,healthy,0,healthy,healthy,2,data/raw/paderborn/K005/N15_M07_F04_K005_2.mat,False,paderborn_channels_verified
paderborn_artificial_to_natural,artificial_to_real_damage,paderborn,paderborn_n15_m07_f04_k005_3_multisensor,paderborn_n15_m07_f04_k005_3,train,K005,multisensor,current|force|speed|temperature|torque|vibration,N15,M07_F04,n15_m07_f04,healthy,0,healthy,healthy,3,data/raw/paderborn/K005/N15_M07_F04_K005_3.mat,False,paderborn_channels_verified
paderborn_artificial_to_natural,artificial_to_real_damage,paderborn,paderborn_n15_m07_f04_k005_4_multisensor,paderborn_n15_m07_f04_k005_4,train,K005,multisensor,current|force|speed|temperature|torque|vibration,N15,M07_F04,n15_m07_f04,healthy,0,healthy,healthy,4,data/raw/paderborn/K005/N15_M07_F04_K005_4.mat,False,paderborn_channels_verified
paderborn_artificial_to_natural,artificial_to_real_damage,paderborn,paderborn_n15_m07_f04_k005_5_multisensor,paderborn_n15_m07_f04_k005_5,train,K005,multisensor,current|force|speed|temperature|torque|vibration,N15,M07_F04,n15_m07_f04,healthy,0,healthy,healthy,5,data/raw/paderborn/K005/N15_M07_F04_K005_5.mat,False,paderborn_channels_verified
paderborn_artificial_to_natural,artificial_to_real_damage,paderborn,paderborn_n15_m07_f04_k005_6_multisensor,paderborn_n15_m07_f04_k005_6,train,K005,multisensor,current|force|speed|temperature|torque|vibration,N15,M07_F04,n15_m07_f04,healthy,0,healthy,healthy,6,data/raw/paderborn/K005/N15_M07_F04_K005_6.mat,False,paderborn_channels_verified
paderborn_artificial_to_natural,artificial_to_real_damage,paderborn,paderborn_n15_m07_f04_k005_7_multisensor,paderborn_n15_m07_f04_k005_7,train,K005,multisensor,current|force|speed|temperature|torque|vibration,N15,M07_F04,n15_m07_f04,healthy,0,healthy,healthy,7,data/raw/paderborn/K005/N15_M07_F04_K005_7.mat,False,paderborn_channels_verified
paderborn_artificial_to_natural,artificial_to_real_damage,paderborn,paderborn_n15_m07_f04_k005_8_multisensor,paderborn_n15_m07_f04_k005_8,train,K005,multisensor,current|force|speed|temperature|torque|vibration,N15,M07_F04,n15_m07_f04,healthy,0,healthy,healthy,8,data/raw/paderborn/K005/N15_M07_F04_K005_8.mat,False,paderborn_channels_verified
paderborn_artificial_to_natural,artificial_to_real_damage,paderborn,paderborn_n15_m07_f04_k005_9_multisensor,paderborn_n15_m07_f04_k005_9,train,K005,multisensor,current|force|speed|temperature|torque|vibration,N15,M07_F04,n15_m07_f04,healthy,0,healthy,healthy,9,data/raw/paderborn/K005/N15_M07_F04_K005_9.mat,False,paderborn_channels_verified
paderborn_artificial_to_natural,artificial_to_real_damage,paderborn,paderborn_n15_m07_f10_k005_10_multisensor,paderborn_n15_m07_f10_k005_10,train,K005,multisensor,current|force|speed|temperature|torque|vibration,N15,M07_F10,n15_m07_f10,healthy,0,healthy,healthy,10,data/raw/paderborn/K005/N15_M07_F10_K005_10.mat,False,paderborn_channels_verified
paderborn_artificial_to_natural,artificial_to_real_damage,paderborn,paderborn_n15_m07_f10_k005_11_multisensor,paderborn_n15_m07_f10_k005_11,train,K005,multisensor,current|force|speed|temperature|torque|vibration,N15,M07_F10,n15_m07_f10,healthy,0,healthy,healthy,11,data/raw/paderborn/K005/N15_M07_F10_K005_11.mat,False,paderborn_channels_verified
paderborn_artificial_to_natural,artificial_to_real_damage,paderborn,paderborn_n15_m07_f10_k005_12_multisensor,paderborn_n15_m07_f10_k005_12,val,K005,multisensor,current|force|speed|temperature|torque|vibration,N15,M07_F10,n15_m07_f10,healthy,0,healthy,healthy,12,data/raw/paderborn/K005/N15_M07_F10_K005_12.mat,False,paderborn_channels_verified
paderborn_artificial_to_natural,artificial_to_real_damage,paderborn,paderborn_n15_m07_f10_k005_13_multisensor,paderborn_n15_m07_f10_k005_13,train,K005,multisensor,current|force|speed|temperature|torque|vibration,N15,M07_F10,n15_m07_f10,healthy,0,healthy,healthy,13,data/raw/paderborn/K005/N15_M07_F10_K005_13.mat,False,paderborn_channels_verified
paderborn_artificial_to_natural,artificial_to_real_damage,paderborn,paderborn_n15_m07_f10_k005_14_multisensor,paderborn_n15_m07_f10_k005_14,val,K005,multisensor,current|force|speed|temperature|torque|vibration,N15,M07_F10,n15_m07_f10,healthy,0,healthy,healthy,14,data/raw/paderborn/K005/N15_M07_F10_K005_14.mat,False,paderborn_channels_verified
paderborn_artificial_to_natural,artificial_to_real_damage,paderborn,paderborn_n15_m07_f10_k005_15_multisensor,paderborn_n15_m07_f10_k005_15,train,K005,multisensor,current|force|speed|temperature|torque|vibration,N15,M07_F10,n15_m07_f10,healthy,0,healthy,healthy,15,data/raw/paderborn/K005/N15_M07_F10_K005_15.mat,False,paderborn_channels_verified
paderborn_artificial_to_natural,artificial_to_real_damage,paderborn,paderborn_n15_m07_f10_k005_16_multisensor,paderborn_n15_m07_f10_k005_16,train,K005,multisensor,current|force|speed|temperature|torque|vibration,N15,M07_F10,n15_m07_f10,healthy,0,healthy,healthy,16,data/raw/paderborn/K005/N15_M07_F10_K005_16.mat,False,paderborn_channels_verified
paderborn_artificial_to_natural,artificial_to_real_damage,paderborn,paderborn_n15_m07_f10_k005_17_multisensor,paderborn_n15_m07_f10_k005_17,val,K005,multisensor,current|force|speed|temperature|torque|vibration,N15,M07_F10,n15_m07_f10,healthy,0,healthy,healthy,17,data/raw/paderborn/K005/N15_M07_F10_K005_17.mat,False,paderborn_channels_verified
paderborn_artificial_to_natural,artificial_to_real_damage,paderborn,paderborn_n15_m07_f10_k005_18_multisensor,paderborn_n15_m07_f10_k005_18,train,K005,multisensor,current|force|speed|temperature|torque|vibration,N15,M07_F10,n15_m07_f10,healthy,0,healthy,healthy,18,data/raw/paderborn/K005/N15_M07_F10_K005_18.mat,False,paderborn_channels_verified
paderborn_artificial_to_natural,artificial_to_real_damage,paderborn,paderborn_n15_m07_f10_k005_19_multisensor,paderborn_n15_m07_f10_k005_19,val,K005,multisensor,current|force|speed|temperature|torque|vibration,N15,M07_F10,n15_m07_f10,healthy,0,healthy,healthy,19,data/raw/paderborn/K005/N15_M07_F10_K005_19.mat,False,paderborn_channels_verified
paderborn_artificial_to_natural,artificial_to_real_damage,paderborn,paderborn_n15_m07_f10_k005_1_multisensor,paderborn_n15_m07_f10_k005_1,train,K005,multisensor,current|force|speed|temperature|torque|vibration,N15,M07_F10,n15_m07_f10,healthy,0,healthy,healthy,1,data/raw/paderborn/K005/N15_M07_F10_K005_1.mat,False,paderborn_channels_verified
paderborn_artificial_to_natural,artificial_to_real_damage,paderborn,paderborn_n15_m07_f10_k005_20_multisensor,paderborn_n15_m07_f10_k005_20,train,K005,multisensor,current|force|speed|temperature|torque|vibration,N15,M07_F10,n15_m07_f10,healthy,0,healthy,healthy,20,data/raw/paderborn/K005/N15_M07_F10_K005_20.mat,False,paderborn_channels_verified
paderborn_artificial_to_natural,artificial_to_real_damage,paderborn,paderborn_n15_m07_f10_k005_2_multisensor,paderborn_n15_m07_f10_k005_2,train,K005,multisensor,current|force|speed|temperature|torque|vibration,N15,M07_F10,n15_m07_f10,healthy,0,healthy,healthy,2,data/raw/paderborn/K005/N15_M07_F10_K005_2.mat,False,paderborn_channels_verified
paderborn_artificial_to_natural,artificial_to_real_damage,paderborn,paderborn_n15_m07_f10_k005_3_multisensor,paderborn_n15_m07_f10_k005_3,train,K005,multisensor,current|force|speed|temperature|torque|vibration,N15,M07_F10,n15_m07_f10,healthy,0,healthy,healthy,3,data/raw/paderborn/K005/N15_M07_F10_K005_3.mat,False,paderborn_channels_verified
paderborn_artificial_to_natural,artificial_to_real_damage,paderborn,paderborn_n15_m07_f10_k005_4_multisensor,paderborn_n15_m07_f10_k005_4,train,K005,multisensor,current|force|speed|temperature|torque|vibration,N15,M07_F10,n15_m07_f10,healthy,0,healthy,healthy,4,data/raw/paderborn/K005/N15_M07_F10_K005_4.mat,False,paderborn_channels_verified
paderborn_artificial_to_natural,artificial_to_real_damage,paderborn,paderborn_n15_m07_f10_k005_5_multisensor,paderborn_n15_m07_f10_k005_5,train,K005,multisensor,current|force|speed|temperature|torque|vibration,N15,M07_F10,n15_m07_f10,healthy,0,healthy,healthy,5,data/raw/paderborn/K005/N15_M07_F10_K005_5.mat,False,paderborn_channels_verified
paderborn_artificial_to_natural,artificial_to_real_damage,paderborn,paderborn_n15_m07_f10_k005_6_multisensor,paderborn_n15_m07_f10_k005_6,val,K005,multisensor,current|force|speed|temperature|torque|vibration,N15,M07_F10,n15_m07_f10,healthy,0,healthy,healthy,6,data/raw/paderborn/K005/N15_M07_F10_K005_6.mat,False,paderborn_channels_verified
paderborn_artificial_to_natural,artificial_to_real_damage,paderborn,paderborn_n15_m07_f10_k005_7_multisensor,paderborn_n15_m07_f10_k005_7,train,K005,multisensor,current|force|speed|temperature|torque|vibration,N15,M07_F10,n15_m07_f10,healthy,0,healthy,healthy,7,data/raw/paderborn/K005/N15_M07_F10_K005_7.mat,False,paderborn_channels_verified
paderborn_artificial_to_natural,artificial_to_real_damage,paderborn,paderborn_n15_m07_f10_k005_8_multisensor,paderborn_n15_m07_f10_k005_8,train,K005,multisensor,current|force|speed|temperature|torque|vibration,N15,M07_F10,n15_m07_f10,healthy,0,healthy,healthy,8,data/raw/paderborn/K005/N15_M07_F10_K005_8.mat,False,paderborn_channels_verified
paderborn_artificial_to_natural,artificial_to_real_damage,paderborn,paderborn_n15_m07_f10_k005_9_multisensor,paderborn_n15_m07_f10_k005_9,train,K005,multisensor,current|force|speed|temperature|torque|vibration,N15,M07_F10,n15_m07_f10,healthy,0,healthy,healthy,9,data/raw/paderborn/K005/N15_M07_F10_K005_9.mat,False,paderborn_channels_verified
paderborn_artificial_to_natural,artificial_to_real_damage,paderborn,paderborn_n09_m07_f10_k006_10_multisensor,paderborn_n09_m07_f10_k006_10,train,K006,multisensor,current|force|speed|temperature|torque|vibration,N09,M07_F10,n09_m07_f10,healthy,0,healthy,healthy,10,data/raw/paderborn/K006/N09_M07_F10_K006_10.mat,False,paderborn_channels_verified
paderborn_artificial_to_natural,artificial_to_real_damage,paderborn,paderborn_n09_m07_f10_k006_11_multisensor,paderborn_n09_m07_f10_k006_11,train,K006,multisensor,current|force|speed|temperature|torque|vibration,N09,M07_F10,n09_m07_f10,healthy,0,healthy,healthy,11,data/raw/paderborn/K006/N09_M07_F10_K006_11.mat,False,paderborn_channels_verified
paderborn_artificial_to_natural,artificial_to_real_damage,paderborn,paderborn_n09_m07_f10_k006_12_multisensor,paderborn_n09_m07_f10_k006_12,val,K006,multisensor,current|force|speed|temperature|torque|vibration,N09,M07_F10,n09_m07_f10,healthy,0,healthy,healthy,12,data/raw/paderborn/K006/N09_M07_F10_K006_12.mat,False,paderborn_channels_verified
paderborn_artificial_to_natural,artificial_to_real_damage,paderborn,paderborn_n09_m07_f10_k006_13_multisensor,paderborn_n09_m07_f10_k006_13,train,K006,multisensor,current|force|speed|temperature|torque|vibration,N09,M07_F10,n09_m07_f10,healthy,0,healthy,healthy,13,data/raw/paderborn/K006/N09_M07_F10_K006_13.mat,False,paderborn_channels_verified
paderborn_artificial_to_natural,artificial_to_real_damage,paderborn,paderborn_n09_m07_f10_k006_14_multisensor,paderborn_n09_m07_f10_k006_14,val,K006,multisensor,current|force|speed|temperature|torque|vibration,N09,M07_F10,n09_m07_f10,healthy,0,healthy,healthy,14,data/raw/paderborn/K006/N09_M07_F10_K006_14.mat,False,paderborn_channels_verified
paderborn_artificial_to_natural,artificial_to_real_damage,paderborn,paderborn_n09_m07_f10_k006_15_multisensor,paderborn_n09_m07_f10_k006_15,train,K006,multisensor,current|force|speed|temperature|torque|vibration,N09,M07_F10,n09_m07_f10,healthy,0,healthy,healthy,15,data/raw/paderborn/K006/N09_M07_F10_K006_15.mat,False,paderborn_channels_verified
paderborn_artificial_to_natural,artificial_to_real_damage,paderborn,paderborn_n09_m07_f10_k006_16_multisensor,paderborn_n09_m07_f10_k006_16,train,K006,multisensor,current|force|speed|temperature|torque|vibration,N09,M07_F10,n09_m07_f10,healthy,0,healthy,healthy,16,data/raw/paderborn/K006/N09_M07_F10_K006_16.mat,False,paderborn_channels_verified
paderborn_artificial_to_natural,artificial_to_real_damage,paderborn,paderborn_n09_m07_f10_k006_17_multisensor,paderborn_n09_m07_f10_k006_17,train,K006,multisensor,current|force|speed|temperature|torque|vibration,N09,M07_F10,n09_m07_f10,healthy,0,healthy,healthy,17,data/raw/paderborn/K006/N09_M07_F10_K006_17.mat,False,paderborn_channels_verified
paderborn_artificial_to_natural,artificial_to_real_damage,paderborn,paderborn_n09_m07_f10_k006_18_multisensor,paderborn_n09_m07_f10_k006_18,train,K006,multisensor,current|force|speed|temperature|torque|vibration,N09,M07_F10,n09_m07_f10,healthy,0,healthy,healthy,18,data/raw/paderborn/K006/N09_M07_F10_K006_18.mat,False,paderborn_channels_verified
paderborn_artificial_to_natural,artificial_to_real_damage,paderborn,paderborn_n09_m07_f10_k006_19_multisensor,paderborn_n09_m07_f10_k006_19,val,K006,multisensor,current|force|speed|temperature|torque|vibration,N09,M07_F10,n09_m07_f10,healthy,0,healthy,healthy,19,data/raw/paderborn/K006/N09_M07_F10_K006_19.mat,False,paderborn_channels_verified
paderborn_artificial_to_natural,artificial_to_real_damage,paderborn,paderborn_n09_m07_f10_k006_1_multisensor,paderborn_n09_m07_f10_k006_1,train,K006,multisensor,current|force|speed|temperature|torque|vibration,N09,M07_F10,n09_m07_f10,healthy,0,healthy,healthy,1,data/raw/paderborn/K006/N09_M07_F10_K006_1.mat,False,paderborn_channels_verified
paderborn_artificial_to_natural,artificial_to_real_damage,paderborn,paderborn_n09_m07_f10_k006_20_multisensor,paderborn_n09_m07_f10_k006_20,train,K006,multisensor,current|force|speed|temperature|torque|vibration,N09,M07_F10,n09_m07_f10,healthy,0,healthy,healthy,20,data/raw/paderborn/K006/N09_M07_F10_K006_20.mat,False,paderborn_channels_verified
paderborn_artificial_to_natural,artificial_to_real_damage,paderborn,paderborn_n09_m07_f10_k006_2_multisensor,paderborn_n09_m07_f10_k006_2,train,K006,multisensor,current|force|speed|temperature|torque|vibration,N09,M07_F10,n09_m07_f10,healthy,0,healthy,healthy,2,data/raw/paderborn/K006/N09_M07_F10_K006_2.mat,False,paderborn_channels_verified
paderborn_artificial_to_natural,artificial_to_real_damage,paderborn,paderborn_n09_m07_f10_k006_3_multisensor,paderborn_n09_m07_f10_k006_3,train,K006,multisensor,current|force|speed|temperature|torque|vibration,N09,M07_F10,n09_m07_f10,healthy,0,healthy,healthy,3,data/raw/paderborn/K006/N09_M07_F10_K006_3.mat,False,paderborn_channels_verified
paderborn_artificial_to_natural,artificial_to_real_damage,paderborn,paderborn_n09_m07_f10_k006_4_multisensor,paderborn_n09_m07_f10_k006_4,train,K006,multisensor,current|force|speed|temperature|torque|vibration,N09,M07_F10,n09_m07_f10,healthy,0,healthy,healthy,4,data/raw/paderborn/K006/N09_M07_F10_K006_4.mat,False,paderborn_channels_verified
paderborn_artificial_to_natural,artificial_to_real_damage,paderborn,paderborn_n09_m07_f10_k006_5_multisensor,paderborn_n09_m07_f10_k006_5,train,K006,multisensor,current|force|speed|temperature|torque|vibration,N09,M07_F10,n09_m07_f10,healthy,0,healthy,healthy,5,data/raw/paderborn/K006/N09_M07_F10_K006_5.mat,False,paderborn_channels_verified
paderborn_artificial_to_natural,artificial_to_real_damage,paderborn,paderborn_n09_m07_f10_k006_6_multisensor,paderborn_n09_m07_f10_k006_6,val,K006,multisensor,current|force|speed|temperature|torque|vibration,N09,M07_F10,n09_m07_f10,healthy,0,healthy,healthy,6,data/raw/paderborn/K006/N09_M07_F10_K006_6.mat,False,paderborn_channels_verified
paderborn_artificial_to_natural,artificial_to_real_damage,paderborn,paderborn_n09_m07_f10_k006_7_multisensor,paderborn_n09_m07_f10_k006_7,train,K006,multisensor,current|force|speed|temperature|torque|vibration,N09,M07_F10,n09_m07_f10,healthy,0,healthy,healthy,7,data/raw/paderborn/K006/N09_M07_F10_K006_7.mat,False,paderborn_channels_verified
paderborn_artificial_to_natural,artificial_to_real_damage,paderborn,paderborn_n09_m07_f10_k006_8_multisensor,paderborn_n09_m07_f10_k006_8,val,K006,multisensor,current|force|speed|temperature|torque|vibration,N09,M07_F10,n09_m07_f10,healthy,0,healthy,healthy,8,data/raw/paderborn/K006/N09_M07_F10_K006_8.mat,False,paderborn_channels_verified
paderborn_artificial_to_natural,artificial_to_real_damage,paderborn,paderborn_n09_m07_f10_k006_9_multisensor,paderborn_n09_m07_f10_k006_9,train,K006,multisensor,current|force|speed|temperature|torque|vibration,N09,M07_F10,n09_m07_f10,healthy,0,healthy,healthy,9,data/raw/paderborn/K006/N09_M07_F10_K006_9.mat,False,paderborn_channels_verified
paderborn_artificial_to_natural,artificial_to_real_damage,paderborn,paderborn_n15_m01_f10_k006_10_multisensor,paderborn_n15_m01_f10_k006_10,val,K006,multisensor,current|force|speed|temperature|torque|vibration,N15,M01_F10,n15_m01_f10,healthy,0,healthy,healthy,10,data/raw/paderborn/K006/N15_M01_F10_K006_10.mat,False,paderborn_channels_verified
paderborn_artificial_to_natural,artificial_to_real_damage,paderborn,paderborn_n15_m01_f10_k006_11_multisensor,paderborn_n15_m01_f10_k006_11,train,K006,multisensor,current|force|speed|temperature|torque|vibration,N15,M01_F10,n15_m01_f10,healthy,0,healthy,healthy,11,data/raw/paderborn/K006/N15_M01_F10_K006_11.mat,False,paderborn_channels_verified
paderborn_artificial_to_natural,artificial_to_real_damage,paderborn,paderborn_n15_m01_f10_k006_12_multisensor,paderborn_n15_m01_f10_k006_12,train,K006,multisensor,current|force|speed|temperature|torque|vibration,N15,M01_F10,n15_m01_f10,healthy,0,healthy,healthy,12,data/raw/paderborn/K006/N15_M01_F10_K006_12.mat,False,paderborn_channels_verified
paderborn_artificial_to_natural,artificial_to_real_damage,paderborn,paderborn_n15_m01_f10_k006_13_multisensor,paderborn_n15_m01_f10_k006_13,train,K006,multisensor,current|force|speed|temperature|torque|vibration,N15,M01_F10,n15_m01_f10,healthy,0,healthy,healthy,13,data/raw/paderborn/K006/N15_M01_F10_K006_13.mat,False,paderborn_channels_verified
paderborn_artificial_to_natural,artificial_to_real_damage,paderborn,paderborn_n15_m01_f10_k006_14_multisensor,paderborn_n15_m01_f10_k006_14,train,K006,multisensor,current|force|speed|temperature|torque|vibration,N15,M01_F10,n15_m01_f10,healthy,0,healthy,healthy,14,data/raw/paderborn/K006/N15_M01_F10_K006_14.mat,False,paderborn_channels_verified
paderborn_artificial_to_natural,artificial_to_real_damage,paderborn,paderborn_n15_m01_f10_k006_15_multisensor,paderborn_n15_m01_f10_k006_15,train,K006,multisensor,current|force|speed|temperature|torque|vibration,N15,M01_F10,n15_m01_f10,healthy,0,healthy,healthy,15,data/raw/paderborn/K006/N15_M01_F10_K006_15.mat,False,paderborn_channels_verified
paderborn_artificial_to_natural,artificial_to_real_damage,paderborn,paderborn_n15_m01_f10_k006_16_multisensor,paderborn_n15_m01_f10_k006_16,train,K006,multisensor,current|force|speed|temperature|torque|vibration,N15,M01_F10,n15_m01_f10,healthy,0,healthy,healthy,16,data/raw/paderborn/K006/N15_M01_F10_K006_16.mat,False,paderborn_channels_verified
paderborn_artificial_to_natural,artificial_to_real_damage,paderborn,paderborn_n15_m01_f10_k006_17_multisensor,paderborn_n15_m01_f10_k006_17,train,K006,multisensor,current|force|speed|temperature|torque|vibration,N15,M01_F10,n15_m01_f10,healthy,0,healthy,healthy,17,data/raw/paderborn/K006/N15_M01_F10_K006_17.mat,False,paderborn_channels_verified
paderborn_artificial_to_natural,artificial_to_real_damage,paderborn,paderborn_n15_m01_f10_k006_18_multisensor,paderborn_n15_m01_f10_k006_18,train,K006,multisensor,current|force|speed|temperature|torque|vibration,N15,M01_F10,n15_m01_f10,healthy,0,healthy,healthy,18,data/raw/paderborn/K006/N15_M01_F10_K006_18.mat,False,paderborn_channels_verified
paderborn_artificial_to_natural,artificial_to_real_damage,paderborn,paderborn_n15_m01_f10_k006_19_multisensor,paderborn_n15_m01_f10_k006_19,train,K006,multisensor,current|force|speed|temperature|torque|vibration,N15,M01_F10,n15_m01_f10,healthy,0,healthy,healthy,19,data/raw/paderborn/K006/N15_M01_F10_K006_19.mat,False,paderborn_channels_verified
paderborn_artificial_to_natural,artificial_to_real_damage,paderborn,paderborn_n15_m01_f10_k006_1_multisensor,paderborn_n15_m01_f10_k006_1,train,K006,multisensor,current|force|speed|temperature|torque|vibration,N15,M01_F10,n15_m01_f10,healthy,0,healthy,healthy,1,data/raw/paderborn/K006/N15_M01_F10_K006_1.mat,False,paderborn_channels_verified
paderborn_artificial_to_natural,artificial_to_real_damage,paderborn,paderborn_n15_m01_f10_k006_20_multisensor,paderborn_n15_m01_f10_k006_20,train,K006,multisensor,current|force|speed|temperature|torque|vibration,N15,M01_F10,n15_m01_f10,healthy,0,healthy,healthy,20,data/raw/paderborn/K006/N15_M01_F10_K006_20.mat,False,paderborn_channels_verified
paderborn_artificial_to_natural,artificial_to_real_damage,paderborn,paderborn_n15_m01_f10_k006_2_multisensor,paderborn_n15_m01_f10_k006_2,train,K006,multisensor,current|force|speed|temperature|torque|vibration,N15,M01_F10,n15_m01_f10,healthy,0,healthy,healthy,2,data/raw/paderborn/K006/N15_M01_F10_K006_2.mat,False,paderborn_channels_verified
paderborn_artificial_to_natural,artificial_to_real_damage,paderborn,paderborn_n15_m01_f10_k006_3_multisensor,paderborn_n15_m01_f10_k006_3,train,K006,multisensor,current|force|speed|temperature|torque|vibration,N15,M01_F10,n15_m01_f10,healthy,0,healthy,healthy,3,data/raw/paderborn/K006/N15_M01_F10_K006_3.mat,False,paderborn_channels_verified
paderborn_artificial_to_natural,artificial_to_real_damage,paderborn,paderborn_n15_m01_f10_k006_4_multisensor,paderborn_n15_m01_f10_k006_4,train,K006,multisensor,current|force|speed|temperature|torque|vibration,N15,M01_F10,n15_m01_f10,healthy,0,healthy,healthy,4,data/raw/paderborn/K006/N15_M01_F10_K006_4.mat,False,paderborn_channels_verified
paderborn_artificial_to_natural,artificial_to_real_damage,paderborn,paderborn_n15_m01_f10_k006_5_multisensor,paderborn_n15_m01_f10_k006_5,train,K006,multisensor,current|force|speed|temperature|torque|vibration,N15,M01_F10,n15_m01_f10,healthy,0,healthy,healthy,5,data/raw/paderborn/K006/N15_M01_F10_K006_5.mat,False,paderborn_channels_verified
paderborn_artificial_to_natural,artificial_to_real_damage,paderborn,paderborn_n15_m01_f10_k006_6_multisensor,paderborn_n15_m01_f10_k006_6,train,K006,multisensor,current|force|speed|temperature|torque|vibration,N15,M01_F10,n15_m01_f10,healthy,0,healthy,healthy,6,data/raw/paderborn/K006/N15_M01_F10_K006_6.mat,False,paderborn_channels_verified
paderborn_artificial_to_natural,artificial_to_real_damage,paderborn,paderborn_n15_m01_f10_k006_7_multisensor,paderborn_n15_m01_f10_k006_7,train,K006,multisensor,current|force|speed|temperature|torque|vibration,N15,M01_F10,n15_m01_f10,healthy,0,healthy,healthy,7,data/raw/paderborn/K006/N15_M01_F10_K006_7.mat,False,paderborn_channels_verified
paderborn_artificial_to_natural,artificial_to_real_damage,paderborn,paderborn_n15_m01_f10_k006_8_multisensor,paderborn_n15_m01_f10_k006_8,val,K006,multisensor,current|force|speed|temperature|torque|vibration,N15,M01_F10,n15_m01_f10,healthy,0,healthy,healthy,8,data/raw/paderborn/K006/N15_M01_F10_K006_8.mat,False,paderborn_channels_verified
paderborn_artificial_to_natural,artificial_to_real_damage,paderborn,paderborn_n15_m01_f10_k006_9_multisensor,paderborn_n15_m01_f10_k006_9,train,K006,multisensor,current|force|speed|temperature|torque|vibration,N15,M01_F10,n15_m01_f10,healthy,0,healthy,healthy,9,data/raw/paderborn/K006/N15_M01_F10_K006_9.mat,False,paderborn_channels_verified
paderborn_artificial_to_natural,artificial_to_real_damage,paderborn,paderborn_n15_m07_f04_k006_10_multisensor,paderborn_n15_m07_f04_k006_10,train,K006,multisensor,current|force|speed|temperature|torque|vibration,N15,M07_F04,n15_m07_f04,healthy,0,healthy,healthy,10,data/raw/paderborn/K006/N15_M07_F04_K006_10.mat,False,paderborn_channels_verified
paderborn_artificial_to_natural,artificial_to_real_damage,paderborn,paderborn_n15_m07_f04_k006_11_multisensor,paderborn_n15_m07_f04_k006_11,train,K006,multisensor,current|force|speed|temperature|torque|vibration,N15,M07_F04,n15_m07_f04,healthy,0,healthy,healthy,11,data/raw/paderborn/K006/N15_M07_F04_K006_11.mat,False,paderborn_channels_verified
paderborn_artificial_to_natural,artificial_to_real_damage,paderborn,paderborn_n15_m07_f04_k006_12_multisensor,paderborn_n15_m07_f04_k006_12,train,K006,multisensor,current|force|speed|temperature|torque|vibration,N15,M07_F04,n15_m07_f04,healthy,0,healthy,healthy,12,data/raw/paderborn/K006/N15_M07_F04_K006_12.mat,False,paderborn_channels_verified
paderborn_artificial_to_natural,artificial_to_real_damage,paderborn,paderborn_n15_m07_f04_k006_13_multisensor,paderborn_n15_m07_f04_k006_13,train,K006,multisensor,current|force|speed|temperature|torque|vibration,N15,M07_F04,n15_m07_f04,healthy,0,healthy,healthy,13,data/raw/paderborn/K006/N15_M07_F04_K006_13.mat,False,paderborn_channels_verified
paderborn_artificial_to_natural,artificial_to_real_damage,paderborn,paderborn_n15_m07_f04_k006_14_multisensor,paderborn_n15_m07_f04_k006_14,train,K006,multisensor,current|force|speed|temperature|torque|vibration,N15,M07_F04,n15_m07_f04,healthy,0,healthy,healthy,14,data/raw/paderborn/K006/N15_M07_F04_K006_14.mat,False,paderborn_channels_verified
paderborn_artificial_to_natural,artificial_to_real_damage,paderborn,paderborn_n15_m07_f04_k006_15_multisensor,paderborn_n15_m07_f04_k006_15,val,K006,multisensor,current|force|speed|temperature|torque|vibration,N15,M07_F04,n15_m07_f04,healthy,0,healthy,healthy,15,data/raw/paderborn/K006/N15_M07_F04_K006_15.mat,False,paderborn_channels_verified
paderborn_artificial_to_natural,artificial_to_real_damage,paderborn,paderborn_n15_m07_f04_k006_16_multisensor,paderborn_n15_m07_f04_k006_16,train,K006,multisensor,current|force|speed|temperature|torque|vibration,N15,M07_F04,n15_m07_f04,healthy,0,healthy,healthy,16,data/raw/paderborn/K006/N15_M07_F04_K006_16.mat,False,paderborn_channels_verified
paderborn_artificial_to_natural,artificial_to_real_damage,paderborn,paderborn_n15_m07_f04_k006_17_multisensor,paderborn_n15_m07_f04_k006_17,train,K006,multisensor,current|force|speed|temperature|torque|vibration,N15,M07_F04,n15_m07_f04,healthy,0,healthy,healthy,17,data/raw/paderborn/K006/N15_M07_F04_K006_17.mat,False,paderborn_channels_verified
paderborn_artificial_to_natural,artificial_to_real_damage,paderborn,paderborn_n15_m07_f04_k006_18_multisensor,paderborn_n15_m07_f04_k006_18,train,K006,multisensor,current|force|speed|temperature|torque|vibration,N15,M07_F04,n15_m07_f04,healthy,0,healthy,healthy,18,data/raw/paderborn/K006/N15_M07_F04_K006_18.mat,False,paderborn_channels_verified
paderborn_artificial_to_natural,artificial_to_real_damage,paderborn,paderborn_n15_m07_f04_k006_19_multisensor,paderborn_n15_m07_f04_k006_19,train,K006,multisensor,current|force|speed|temperature|torque|vibration,N15,M07_F04,n15_m07_f04,healthy,0,healthy,healthy,19,data/raw/paderborn/K006/N15_M07_F04_K006_19.mat,False,paderborn_channels_verified
paderborn_artificial_to_natural,artificial_to_real_damage,paderborn,paderborn_n15_m07_f04_k006_1_multisensor,paderborn_n15_m07_f04_k006_1,train,K006,multisensor,current|force|speed|temperature|torque|vibration,N15,M07_F04,n15_m07_f04,healthy,0,healthy,healthy,1,data/raw/paderborn/K006/N15_M07_F04_K006_1.mat,False,paderborn_channels_verified
paderborn_artificial_to_natural,artificial_to_real_damage,paderborn,paderborn_n15_m07_f04_k006_20_multisensor,paderborn_n15_m07_f04_k006_20,train,K006,multisensor,current|force|speed|temperature|torque|vibration,N15,M07_F04,n15_m07_f04,healthy,0,healthy,healthy,20,data/raw/paderborn/K006/N15_M07_F04_K006_20.mat,False,paderborn_channels_verified
paderborn_artificial_to_natural,artificial_to_real_damage,paderborn,paderborn_n15_m07_f04_k006_2_multisensor,paderborn_n15_m07_f04_k006_2,val,K006,multisensor,current|force|speed|temperature|torque|vibration,N15,M07_F04,n15_m07_f04,healthy,0,healthy,healthy,2,data/raw/paderborn/K006/N15_M07_F04_K006_2.mat,False,paderborn_channels_verified
paderborn_artificial_to_natural,artificial_to_real_damage,paderborn,paderborn_n15_m07_f04_k006_3_multisensor,paderborn_n15_m07_f04_k006_3,val,K006,multisensor,current|force|speed|temperature|torque|vibration,N15,M07_F04,n15_m07_f04,healthy,0,healthy,healthy,3,data/raw/paderborn/K006/N15_M07_F04_K006_3.mat,False,paderborn_channels_verified
paderborn_artificial_to_natural,artificial_to_real_damage,paderborn,paderborn_n15_m07_f04_k006_4_multisensor,paderborn_n15_m07_f04_k006_4,val,K006,multisensor,current|force|speed|temperature|torque|vibration,N15,M07_F04,n15_m07_f04,healthy,0,healthy,healthy,4,data/raw/paderborn/K006/N15_M07_F04_K006_4.mat,False,paderborn_channels_verified
paderborn_artificial_to_natural,artificial_to_real_damage,paderborn,paderborn_n15_m07_f04_k006_5_multisensor,paderborn_n15_m07_f04_k006_5,val,K006,multisensor,current|force|speed|temperature|torque|vibration,N15,M07_F04,n15_m07_f04,healthy,0,healthy,healthy,5,data/raw/paderborn/K006/N15_M07_F04_K006_5.mat,False,paderborn_channels_verified
paderborn_artificial_to_natural,artificial_to_real_damage,paderborn,paderborn_n15_m07_f04_k006_6_multisensor,paderborn_n15_m07_f04_k006_6,train,K006,multisensor,current|force|speed|temperature|torque|vibration,N15,M07_F04,n15_m07_f04,healthy,0,healthy,healthy,6,data/raw/paderborn/K006/N15_M07_F04_K006_6.mat,False,paderborn_channels_verified
paderborn_artificial_to_natural,artificial_to_real_damage,paderborn,paderborn_n15_m07_f04_k006_7_multisensor,paderborn_n15_m07_f04_k006_7,train,K006,multisensor,current|force|speed|temperature|torque|vibration,N15,M07_F04,n15_m07_f04,healthy,0,healthy,healthy,7,data/raw/paderborn/K006/N15_M07_F04_K006_7.mat,False,paderborn_channels_verified
paderborn_artificial_to_natural,artificial_to_real_damage,paderborn,paderborn_n15_m07_f04_k006_8_multisensor,paderborn_n15_m07_f04_k006_8,train,K006,multisensor,current|force|speed|temperature|torque|vibration,N15,M07_F04,n15_m07_f04,healthy,0,healthy,healthy,8,data/raw/paderborn/K006/N15_M07_F04_K006_8.mat,False,paderborn_channels_verified
paderborn_artificial_to_natural,artificial_to_real_damage,paderborn,paderborn_n15_m07_f04_k006_9_multisensor,paderborn_n15_m07_f04_k006_9,train,K006,multisensor,current|force|speed|temperature|torque|vibration,N15,M07_F04,n15_m07_f04,healthy,0,healthy,healthy,9,data/raw/paderborn/K006/N15_M07_F04_K006_9.mat,False,paderborn_channels_verified
paderborn_artificial_to_natural,artificial_to_real_damage,paderborn,paderborn_n15_m07_f10_k006_10_multisensor,paderborn_n15_m07_f10_k006_10,train,K006,multisensor,current|force|speed|temperature|torque|vibration,N15,M07_F10,n15_m07_f10,healthy,0,healthy,healthy,10,data/raw/paderborn/K006/N15_M07_F10_K006_10.mat,False,paderborn_channels_verified
paderborn_artificial_to_natural,artificial_to_real_damage,paderborn,paderborn_n15_m07_f10_k006_11_multisensor,paderborn_n15_m07_f10_k006_11,train,K006,multisensor,current|force|speed|temperature|torque|vibration,N15,M07_F10,n15_m07_f10,healthy,0,healthy,healthy,11,data/raw/paderborn/K006/N15_M07_F10_K006_11.mat,False,paderborn_channels_verified
paderborn_artificial_to_natural,artificial_to_real_damage,paderborn,paderborn_n15_m07_f10_k006_12_multisensor,paderborn_n15_m07_f10_k006_12,train,K006,multisensor,current|force|speed|temperature|torque|vibration,N15,M07_F10,n15_m07_f10,healthy,0,healthy,healthy,12,data/raw/paderborn/K006/N15_M07_F10_K006_12.mat,False,paderborn_channels_verified
paderborn_artificial_to_natural,artificial_to_real_damage,paderborn,paderborn_n15_m07_f10_k006_13_multisensor,paderborn_n15_m07_f10_k006_13,train,K006,multisensor,current|force|speed|temperature|torque|vibration,N15,M07_F10,n15_m07_f10,healthy,0,healthy,healthy,13,data/raw/paderborn/K006/N15_M07_F10_K006_13.mat,False,paderborn_channels_verified
paderborn_artificial_to_natural,artificial_to_real_damage,paderborn,paderborn_n15_m07_f10_k006_14_multisensor,paderborn_n15_m07_f10_k006_14,train,K006,multisensor,current|force|speed|temperature|torque|vibration,N15,M07_F10,n15_m07_f10,healthy,0,healthy,healthy,14,data/raw/paderborn/K006/N15_M07_F10_K006_14.mat,False,paderborn_channels_verified
paderborn_artificial_to_natural,artificial_to_real_damage,paderborn,paderborn_n15_m07_f10_k006_15_multisensor,paderborn_n15_m07_f10_k006_15,train,K006,multisensor,current|force|speed|temperature|torque|vibration,N15,M07_F10,n15_m07_f10,healthy,0,healthy,healthy,15,data/raw/paderborn/K006/N15_M07_F10_K006_15.mat,False,paderborn_channels_verified
paderborn_artificial_to_natural,artificial_to_real_damage,paderborn,paderborn_n15_m07_f10_k006_16_multisensor,paderborn_n15_m07_f10_k006_16,val,K006,multisensor,current|force|speed|temperature|torque|vibration,N15,M07_F10,n15_m07_f10,healthy,0,healthy,healthy,16,data/raw/paderborn/K006/N15_M07_F10_K006_16.mat,False,paderborn_channels_verified
paderborn_artificial_to_natural,artificial_to_real_damage,paderborn,paderborn_n15_m07_f10_k006_17_multisensor,paderborn_n15_m07_f10_k006_17,train,K006,multisensor,current|force|speed|temperature|torque|vibration,N15,M07_F10,n15_m07_f10,healthy,0,healthy,healthy,17,data/raw/paderborn/K006/N15_M07_F10_K006_17.mat,False,paderborn_channels_verified
paderborn_artificial_to_natural,artificial_to_real_damage,paderborn,paderborn_n15_m07_f10_k006_18_multisensor,paderborn_n15_m07_f10_k006_18,train,K006,multisensor,current|force|speed|temperature|torque|vibration,N15,M07_F10,n15_m07_f10,healthy,0,healthy,healthy,18,data/raw/paderborn/K006/N15_M07_F10_K006_18.mat,False,paderborn_channels_verified
paderborn_artificial_to_natural,artificial_to_real_damage,paderborn,paderborn_n15_m07_f10_k006_19_multisensor,paderborn_n15_m07_f10_k006_19,val,K006,multisensor,current|force|speed|temperature|torque|vibration,N15,M07_F10,n15_m07_f10,healthy,0,healthy,healthy,19,data/raw/paderborn/K006/N15_M07_F10_K006_19.mat,False,paderborn_channels_verified
paderborn_artificial_to_natural,artificial_to_real_damage,paderborn,paderborn_n15_m07_f10_k006_1_multisensor,paderborn_n15_m07_f10_k006_1,train,K006,multisensor,current|force|speed|temperature|torque|vibration,N15,M07_F10,n15_m07_f10,healthy,0,healthy,healthy,1,data/raw/paderborn/K006/N15_M07_F10_K006_1.mat,False,paderborn_channels_verified
paderborn_artificial_to_natural,artificial_to_real_damage,paderborn,paderborn_n15_m07_f10_k006_20_multisensor,paderborn_n15_m07_f10_k006_20,train,K006,multisensor,current|force|speed|temperature|torque|vibration,N15,M07_F10,n15_m07_f10,healthy,0,healthy,healthy,20,data/raw/paderborn/K006/N15_M07_F10_K006_20.mat,False,paderborn_channels_verified
paderborn_artificial_to_natural,artificial_to_real_damage,paderborn,paderborn_n15_m07_f10_k006_2_multisensor,paderborn_n15_m07_f10_k006_2,train,K006,multisensor,current|force|speed|temperature|torque|vibration,N15,M07_F10,n15_m07_f10,healthy,0,healthy,healthy,2,data/raw/paderborn/K006/N15_M07_F10_K006_2.mat,False,paderborn_channels_verified
paderborn_artificial_to_natural,artificial_to_real_damage,paderborn,paderborn_n15_m07_f10_k006_3_multisensor,paderborn_n15_m07_f10_k006_3,train,K006,multisensor,current|force|speed|temperature|torque|vibration,N15,M07_F10,n15_m07_f10,healthy,0,healthy,healthy,3,data/raw/paderborn/K006/N15_M07_F10_K006_3.mat,False,paderborn_channels_verified
paderborn_artificial_to_natural,artificial_to_real_damage,paderborn,paderborn_n15_m07_f10_k006_4_multisensor,paderborn_n15_m07_f10_k006_4,train,K006,multisensor,current|force|speed|temperature|torque|vibration,N15,M07_F10,n15_m07_f10,healthy,0,healthy,healthy,4,data/raw/paderborn/K006/N15_M07_F10_K006_4.mat,False,paderborn_channels_verified
paderborn_artificial_to_natural,artificial_to_real_damage,paderborn,paderborn_n15_m07_f10_k006_5_multisensor,paderborn_n15_m07_f10_k006_5,val,K006,multisensor,current|force|speed|temperature|torque|vibration,N15,M07_F10,n15_m07_f10,healthy,0,healthy,healthy,5,data/raw/paderborn/K006/N15_M07_F10_K006_5.mat,False,paderborn_channels_verified
paderborn_artificial_to_natural,artificial_to_real_damage,paderborn,paderborn_n15_m07_f10_k006_6_multisensor,paderborn_n15_m07_f10_k006_6,train,K006,multisensor,current|force|speed|temperature|torque|vibration,N15,M07_F10,n15_m07_f10,healthy,0,healthy,healthy,6,data/raw/paderborn/K006/N15_M07_F10_K006_6.mat,False,paderborn_channels_verified
paderborn_artificial_to_natural,artificial_to_real_damage,paderborn,paderborn_n15_m07_f10_k006_7_multisensor,paderborn_n15_m07_f10_k006_7,train,K006,multisensor,current|force|speed|temperature|torque|vibration,N15,M07_F10,n15_m07_f10,healthy,0,healthy,healthy,7,data/raw/paderborn/K006/N15_M07_F10_K006_7.mat,False,paderborn_channels_verified
paderborn_artificial_to_natural,artificial_to_real_damage,paderborn,paderborn_n15_m07_f10_k006_8_multisensor,paderborn_n15_m07_f10_k006_8,train,K006,multisensor,current|force|speed|temperature|torque|vibration,N15,M07_F10,n15_m07_f10,healthy,0,healthy,healthy,8,data/raw/paderborn/K006/N15_M07_F10_K006_8.mat,False,paderborn_channels_verified
paderborn_artificial_to_natural,artificial_to_real_damage,paderborn,paderborn_n15_m07_f10_k006_9_multisensor,paderborn_n15_m07_f10_k006_9,train,K006,multisensor,current|force|speed|temperature|torque|vibration,N15,M07_F10,n15_m07_f10,healthy,0,healthy,healthy,9,data/raw/paderborn/K006/N15_M07_F10_K006_9.mat,False,paderborn_channels_verified
paderborn_artificial_to_natural,artificial_to_real_damage,paderborn,paderborn_n09_m07_f10_ka01_10_multisensor,paderborn_n09_m07_f10_ka01_10,val,KA01,multisensor,current|force|speed|temperature|torque|vibration,N09,M07_F10,n09_m07_f10,bearing_artificial_damage,01,fault,artificial,10,data/raw/paderborn/KA01/N09_M07_F10_KA01_10.mat,False,paderborn_channels_verified
paderborn_artificial_to_natural,artificial_to_real_damage,paderborn,paderborn_n09_m07_f10_ka01_11_multisensor,paderborn_n09_m07_f10_ka01_11,train,KA01,multisensor,current|force|speed|temperature|torque|vibration,N09,M07_F10,n09_m07_f10,bearing_artificial_damage,01,fault,artificial,11,data/raw/paderborn/KA01/N09_M07_F10_KA01_11.mat,False,paderborn_channels_verified
paderborn_artificial_to_natural,artificial_to_real_damage,paderborn,paderborn_n09_m07_f10_ka01_12_multisensor,paderborn_n09_m07_f10_ka01_12,train,KA01,multisensor,current|force|speed|temperature|torque|vibration,N09,M07_F10,n09_m07_f10,bearing_artificial_damage,01,fault,artificial,12,data/raw/paderborn/KA01/N09_M07_F10_KA01_12.mat,False,paderborn_channels_verified
paderborn_artificial_to_natural,artificial_to_real_damage,paderborn,paderborn_n09_m07_f10_ka01_13_multisensor,paderborn_n09_m07_f10_ka01_13,train,KA01,multisensor,current|force|speed|temperature|torque|vibration,N09,M07_F10,n09_m07_f10,bearing_artificial_damage,01,fault,artificial,13,data/raw/paderborn/KA01/N09_M07_F10_KA01_13.mat,False,paderborn_channels_verified
paderborn_artificial_to_natural,artificial_to_real_damage,paderborn,paderborn_n09_m07_f10_ka01_14_multisensor,paderborn_n09_m07_f10_ka01_14,train,KA01,multisensor,current|force|speed|temperature|torque|vibration,N09,M07_F10,n09_m07_f10,bearing_artificial_damage,01,fault,artificial,14,data/raw/paderborn/KA01/N09_M07_F10_KA01_14.mat,False,paderborn_channels_verified
paderborn_artificial_to_natural,artificial_to_real_damage,paderborn,paderborn_n09_m07_f10_ka01_15_multisensor,paderborn_n09_m07_f10_ka01_15,val,KA01,multisensor,current|force|speed|temperature|torque|vibration,N09,M07_F10,n09_m07_f10,bearing_artificial_damage,01,fault,artificial,15,data/raw/paderborn/KA01/N09_M07_F10_KA01_15.mat,False,paderborn_channels_verified
paderborn_artificial_to_natural,artificial_to_real_damage,paderborn,paderborn_n09_m07_f10_ka01_16_multisensor,paderborn_n09_m07_f10_ka01_16,train,KA01,multisensor,current|force|speed|temperature|torque|vibration,N09,M07_F10,n09_m07_f10,bearing_artificial_damage,01,fault,artificial,16,data/raw/paderborn/KA01/N09_M07_F10_KA01_16.mat,False,paderborn_channels_verified
paderborn_artificial_to_natural,artificial_to_real_damage,paderborn,paderborn_n09_m07_f10_ka01_17_multisensor,paderborn_n09_m07_f10_ka01_17,train,KA01,multisensor,current|force|speed|temperature|torque|vibration,N09,M07_F10,n09_m07_f10,bearing_artificial_damage,01,fault,artificial,17,data/raw/paderborn/KA01/N09_M07_F10_KA01_17.mat,False,paderborn_channels_verified
paderborn_artificial_to_natural,artificial_to_real_damage,paderborn,paderborn_n09_m07_f10_ka01_18_multisensor,paderborn_n09_m07_f10_ka01_18,train,KA01,multisensor,current|force|speed|temperature|torque|vibration,N09,M07_F10,n09_m07_f10,bearing_artificial_damage,01,fault,artificial,18,data/raw/paderborn/KA01/N09_M07_F10_KA01_18.mat,False,paderborn_channels_verified
paderborn_artificial_to_natural,artificial_to_real_damage,paderborn,paderborn_n09_m07_f10_ka01_19_multisensor,paderborn_n09_m07_f10_ka01_19,train,KA01,multisensor,current|force|speed|temperature|torque|vibration,N09,M07_F10,n09_m07_f10,bearing_artificial_damage,01,fault,artificial,19,data/raw/paderborn/KA01/N09_M07_F10_KA01_19.mat,False,paderborn_channels_verified
paderborn_artificial_to_natural,artificial_to_real_damage,paderborn,paderborn_n09_m07_f10_ka01_1_multisensor,paderborn_n09_m07_f10_ka01_1,train,KA01,multisensor,current|force|speed|temperature|torque|vibration,N09,M07_F10,n09_m07_f10,bearing_artificial_damage,01,fault,artificial,1,data/raw/paderborn/KA01/N09_M07_F10_KA01_1.mat,False,paderborn_channels_verified
paderborn_artificial_to_natural,artificial_to_real_damage,paderborn,paderborn_n09_m07_f10_ka01_20_multisensor,paderborn_n09_m07_f10_ka01_20,train,KA01,multisensor,current|force|speed|temperature|torque|vibration,N09,M07_F10,n09_m07_f10,bearing_artificial_damage,01,fault,artificial,20,data/raw/paderborn/KA01/N09_M07_F10_KA01_20.mat,False,paderborn_channels_verified
paderborn_artificial_to_natural,artificial_to_real_damage,paderborn,paderborn_n09_m07_f10_ka01_2_multisensor,paderborn_n09_m07_f10_ka01_2,train,KA01,multisensor,current|force|speed|temperature|torque|vibration,N09,M07_F10,n09_m07_f10,bearing_artificial_damage,01,fault,artificial,2,data/raw/paderborn/KA01/N09_M07_F10_KA01_2.mat,False,paderborn_channels_verified
paderborn_artificial_to_natural,artificial_to_real_damage,paderborn,paderborn_n09_m07_f10_ka01_3_multisensor,paderborn_n09_m07_f10_ka01_3,train,KA01,multisensor,current|force|speed|temperature|torque|vibration,N09,M07_F10,n09_m07_f10,bearing_artificial_damage,01,fault,artificial,3,data/raw/paderborn/KA01/N09_M07_F10_KA01_3.mat,False,paderborn_channels_verified
paderborn_artificial_to_natural,artificial_to_real_damage,paderborn,paderborn_n09_m07_f10_ka01_4_multisensor,paderborn_n09_m07_f10_ka01_4,train,KA01,multisensor,current|force|speed|temperature|torque|vibration,N09,M07_F10,n09_m07_f10,bearing_artificial_damage,01,fault,artificial,4,data/raw/paderborn/KA01/N09_M07_F10_KA01_4.mat,False,paderborn_channels_verified
paderborn_artificial_to_natural,artificial_to_real_damage,paderborn,paderborn_n09_m07_f10_ka01_5_multisensor,paderborn_n09_m07_f10_ka01_5,train,KA01,multisensor,current|force|speed|temperature|torque|vibration,N09,M07_F10,n09_m07_f10,bearing_artificial_damage,01,fault,artificial,5,data/raw/paderborn/KA01/N09_M07_F10_KA01_5.mat,False,paderborn_channels_verified
paderborn_artificial_to_natural,artificial_to_real_damage,paderborn,paderborn_n09_m07_f10_ka01_6_multisensor,paderborn_n09_m07_f10_ka01_6,train,KA01,multisensor,current|force|speed|temperature|torque|vibration,N09,M07_F10,n09_m07_f10,bearing_artificial_damage,01,fault,artificial,6,data/raw/paderborn/KA01/N09_M07_F10_KA01_6.mat,False,paderborn_channels_verified
paderborn_artificial_to_natural,artificial_to_real_damage,paderborn,paderborn_n09_m07_f10_ka01_7_multisensor,paderborn_n09_m07_f10_ka01_7,train,KA01,multisensor,current|force|speed|temperature|torque|vibration,N09,M07_F10,n09_m07_f10,bearing_artificial_damage,01,fault,artificial,7,data/raw/paderborn/KA01/N09_M07_F10_KA01_7.mat,False,paderborn_channels_verified
paderborn_artificial_to_natural,artificial_to_real_damage,paderborn,paderborn_n09_m07_f10_ka01_8_multisensor,paderborn_n09_m07_f10_ka01_8,train,KA01,multisensor,current|force|speed|temperature|torque|vibration,N09,M07_F10,n09_m07_f10,bearing_artificial_damage,01,fault,artificial,8,data/raw/paderborn/KA01/N09_M07_F10_KA01_8.mat,False,paderborn_channels_verified
paderborn_artificial_to_natural,artificial_to_real_damage,paderborn,paderborn_n09_m07_f10_ka01_9_multisensor,paderborn_n09_m07_f10_ka01_9,train,KA01,multisensor,current|force|speed|temperature|torque|vibration,N09,M07_F10,n09_m07_f10,bearing_artificial_damage,01,fault,artificial,9,data/raw/paderborn/KA01/N09_M07_F10_KA01_9.mat,False,paderborn_channels_verified
paderborn_artificial_to_natural,artificial_to_real_damage,paderborn,paderborn_n15_m01_f10_ka01_10_multisensor,paderborn_n15_m01_f10_ka01_10,train,KA01,multisensor,current|force|speed|temperature|torque|vibration,N15,M01_F10,n15_m01_f10,bearing_artificial_damage,01,fault,artificial,10,data/raw/paderborn/KA01/N15_M01_F10_KA01_10.mat,False,paderborn_channels_verified
paderborn_artificial_to_natural,artificial_to_real_damage,paderborn,paderborn_n15_m01_f10_ka01_11_multisensor,paderborn_n15_m01_f10_ka01_11,train,KA01,multisensor,current|force|speed|temperature|torque|vibration,N15,M01_F10,n15_m01_f10,bearing_artificial_damage,01,fault,artificial,11,data/raw/paderborn/KA01/N15_M01_F10_KA01_11.mat,False,paderborn_channels_verified
paderborn_artificial_to_natural,artificial_to_real_damage,paderborn,paderborn_n15_m01_f10_ka01_12_multisensor,paderborn_n15_m01_f10_ka01_12,train,KA01,multisensor,current|force|speed|temperature|torque|vibration,N15,M01_F10,n15_m01_f10,bearing_artificial_damage,01,fault,artificial,12,data/raw/paderborn/KA01/N15_M01_F10_KA01_12.mat,False,paderborn_channels_verified
paderborn_artificial_to_natural,artificial_to_real_damage,paderborn,paderborn_n15_m01_f10_ka01_13_multisensor,paderborn_n15_m01_f10_ka01_13,train,KA01,multisensor,current|force|speed|temperature|torque|vibration,N15,M01_F10,n15_m01_f10,bearing_artificial_damage,01,fault,artificial,13,data/raw/paderborn/KA01/N15_M01_F10_KA01_13.mat,False,paderborn_channels_verified
paderborn_artificial_to_natural,artificial_to_real_damage,paderborn,paderborn_n15_m01_f10_ka01_14_multisensor,paderborn_n15_m01_f10_ka01_14,val,KA01,multisensor,current|force|speed|temperature|torque|vibration,N15,M01_F10,n15_m01_f10,bearing_artificial_damage,01,fault,artificial,14,data/raw/paderborn/KA01/N15_M01_F10_KA01_14.mat,False,paderborn_channels_verified
paderborn_artificial_to_natural,artificial_to_real_damage,paderborn,paderborn_n15_m01_f10_ka01_15_multisensor,paderborn_n15_m01_f10_ka01_15,train,KA01,multisensor,current|force|speed|temperature|torque|vibration,N15,M01_F10,n15_m01_f10,bearing_artificial_damage,01,fault,artificial,15,data/raw/paderborn/KA01/N15_M01_F10_KA01_15.mat,False,paderborn_channels_verified
paderborn_artificial_to_natural,artificial_to_real_damage,paderborn,paderborn_n15_m01_f10_ka01_16_multisensor,paderborn_n15_m01_f10_ka01_16,train,KA01,multisensor,current|force|speed|temperature|torque|vibration,N15,M01_F10,n15_m01_f10,bearing_artificial_damage,01,fault,artificial,16,data/raw/paderborn/KA01/N15_M01_F10_KA01_16.mat,False,paderborn_channels_verified
paderborn_artificial_to_natural,artificial_to_real_damage,paderborn,paderborn_n15_m01_f10_ka01_17_multisensor,paderborn_n15_m01_f10_ka01_17,train,KA01,multisensor,current|force|speed|temperature|torque|vibration,N15,M01_F10,n15_m01_f10,bearing_artificial_damage,01,fault,artificial,17,data/raw/paderborn/KA01/N15_M01_F10_KA01_17.mat,False,paderborn_channels_verified
paderborn_artificial_to_natural,artificial_to_real_damage,paderborn,paderborn_n15_m01_f10_ka01_18_multisensor,paderborn_n15_m01_f10_ka01_18,train,KA01,multisensor,current|force|speed|temperature|torque|vibration,N15,M01_F10,n15_m01_f10,bearing_artificial_damage,01,fault,artificial,18,data/raw/paderborn/KA01/N15_M01_F10_KA01_18.mat,False,paderborn_channels_verified
paderborn_artificial_to_natural,artificial_to_real_damage,paderborn,paderborn_n15_m01_f10_ka01_19_multisensor,paderborn_n15_m01_f10_ka01_19,train,KA01,multisensor,current|force|speed|temperature|torque|vibration,N15,M01_F10,n15_m01_f10,bearing_artificial_damage,01,fault,artificial,19,data/raw/paderborn/KA01/N15_M01_F10_KA01_19.mat,False,paderborn_channels_verified
paderborn_artificial_to_natural,artificial_to_real_damage,paderborn,paderborn_n15_m01_f10_ka01_1_multisensor,paderborn_n15_m01_f10_ka01_1,train,KA01,multisensor,current|force|speed|temperature|torque|vibration,N15,M01_F10,n15_m01_f10,bearing_artificial_damage,01,fault,artificial,1,data/raw/paderborn/KA01/N15_M01_F10_KA01_1.mat,False,paderborn_channels_verified
paderborn_artificial_to_natural,artificial_to_real_damage,paderborn,paderborn_n15_m01_f10_ka01_20_multisensor,paderborn_n15_m01_f10_ka01_20,train,KA01,multisensor,current|force|speed|temperature|torque|vibration,N15,M01_F10,n15_m01_f10,bearing_artificial_damage,01,fault,artificial,20,data/raw/paderborn/KA01/N15_M01_F10_KA01_20.mat,False,paderborn_channels_verified
paderborn_artificial_to_natural,artificial_to_real_damage,paderborn,paderborn_n15_m01_f10_ka01_2_multisensor,paderborn_n15_m01_f10_ka01_2,train,KA01,multisensor,current|force|speed|temperature|torque|vibration,N15,M01_F10,n15_m01_f10,bearing_artificial_damage,01,fault,artificial,2,data/raw/paderborn/KA01/N15_M01_F10_KA01_2.mat,False,paderborn_channels_verified
paderborn_artificial_to_natural,artificial_to_real_damage,paderborn,paderborn_n15_m01_f10_ka01_3_multisensor,paderborn_n15_m01_f10_ka01_3,train,KA01,multisensor,current|force|speed|temperature|torque|vibration,N15,M01_F10,n15_m01_f10,bearing_artificial_damage,01,fault,artificial,3,data/raw/paderborn/KA01/N15_M01_F10_KA01_3.mat,False,paderborn_channels_verified
paderborn_artificial_to_natural,artificial_to_real_damage,paderborn,paderborn_n15_m01_f10_ka01_4_multisensor,paderborn_n15_m01_f10_ka01_4,train,KA01,multisensor,current|force|speed|temperature|torque|vibration,N15,M01_F10,n15_m01_f10,bearing_artificial_damage,01,fault,artificial,4,data/raw/paderborn/KA01/N15_M01_F10_KA01_4.mat,False,paderborn_channels_verified
paderborn_artificial_to_natural,artificial_to_real_damage,paderborn,paderborn_n15_m01_f10_ka01_5_multisensor,paderborn_n15_m01_f10_ka01_5,val,KA01,multisensor,current|force|speed|temperature|torque|vibration,N15,M01_F10,n15_m01_f10,bearing_artificial_damage,01,fault,artificial,5,data/raw/paderborn/KA01/N15_M01_F10_KA01_5.mat,False,paderborn_channels_verified
paderborn_artificial_to_natural,artificial_to_real_damage,paderborn,paderborn_n15_m01_f10_ka01_6_multisensor,paderborn_n15_m01_f10_ka01_6,train,KA01,multisensor,current|force|speed|temperature|torque|vibration,N15,M01_F10,n15_m01_f10,bearing_artificial_damage,01,fault,artificial,6,data/raw/paderborn/KA01/N15_M01_F10_KA01_6.mat,False,paderborn_channels_verified
paderborn_artificial_to_natural,artificial_to_real_damage,paderborn,paderborn_n15_m01_f10_ka01_7_multisensor,paderborn_n15_m01_f10_ka01_7,train,KA01,multisensor,current|force|speed|temperature|torque|vibration,N15,M01_F10,n15_m01_f10,bearing_artificial_damage,01,fault,artificial,7,data/raw/paderborn/KA01/N15_M01_F10_KA01_7.mat,False,paderborn_channels_verified
paderborn_artificial_to_natural,artificial_to_real_damage,paderborn,paderborn_n15_m01_f10_ka01_8_multisensor,paderborn_n15_m01_f10_ka01_8,train,KA01,multisensor,current|force|speed|temperature|torque|vibration,N15,M01_F10,n15_m01_f10,bearing_artificial_damage,01,fault,artificial,8,data/raw/paderborn/KA01/N15_M01_F10_KA01_8.mat,False,paderborn_channels_verified
paderborn_artificial_to_natural,artificial_to_real_damage,paderborn,paderborn_n15_m01_f10_ka01_9_multisensor,paderborn_n15_m01_f10_ka01_9,train,KA01,multisensor,current|force|speed|temperature|torque|vibration,N15,M01_F10,n15_m01_f10,bearing_artificial_damage,01,fault,artificial,9,data/raw/paderborn/KA01/N15_M01_F10_KA01_9.mat,False,paderborn_channels_verified
paderborn_artificial_to_natural,artificial_to_real_damage,paderborn,paderborn_n15_m07_f04_ka01_10_multisensor,paderborn_n15_m07_f04_ka01_10,train,KA01,multisensor,current|force|speed|temperature|torque|vibration,N15,M07_F04,n15_m07_f04,bearing_artificial_damage,01,fault,artificial,10,data/raw/paderborn/KA01/N15_M07_F04_KA01_10.mat,False,paderborn_channels_verified
paderborn_artificial_to_natural,artificial_to_real_damage,paderborn,paderborn_n15_m07_f04_ka01_11_multisensor,paderborn_n15_m07_f04_ka01_11,val,KA01,multisensor,current|force|speed|temperature|torque|vibration,N15,M07_F04,n15_m07_f04,bearing_artificial_damage,01,fault,artificial,11,data/raw/paderborn/KA01/N15_M07_F04_KA01_11.mat,False,paderborn_channels_verified
paderborn_artificial_to_natural,artificial_to_real_damage,paderborn,paderborn_n15_m07_f04_ka01_12_multisensor,paderborn_n15_m07_f04_ka01_12,train,KA01,multisensor,current|force|speed|temperature|torque|vibration,N15,M07_F04,n15_m07_f04,bearing_artificial_damage,01,fault,artificial,12,data/raw/paderborn/KA01/N15_M07_F04_KA01_12.mat,False,paderborn_channels_verified
paderborn_artificial_to_natural,artificial_to_real_damage,paderborn,paderborn_n15_m07_f04_ka01_13_multisensor,paderborn_n15_m07_f04_ka01_13,train,KA01,multisensor,current|force|speed|temperature|torque|vibration,N15,M07_F04,n15_m07_f04,bearing_artificial_damage,01,fault,artificial,13,data/raw/paderborn/KA01/N15_M07_F04_KA01_13.mat,False,paderborn_channels_verified
paderborn_artificial_to_natural,artificial_to_real_damage,paderborn,paderborn_n15_m07_f04_ka01_14_multisensor,paderborn_n15_m07_f04_ka01_14,train,KA01,multisensor,current|force|speed|temperature|torque|vibration,N15,M07_F04,n15_m07_f04,bearing_artificial_damage,01,fault,artificial,14,data/raw/paderborn/KA01/N15_M07_F04_KA01_14.mat,False,paderborn_channels_verified
paderborn_artificial_to_natural,artificial_to_real_damage,paderborn,paderborn_n15_m07_f04_ka01_15_multisensor,paderborn_n15_m07_f04_ka01_15,train,KA01,multisensor,current|force|speed|temperature|torque|vibration,N15,M07_F04,n15_m07_f04,bearing_artificial_damage,01,fault,artificial,15,data/raw/paderborn/KA01/N15_M07_F04_KA01_15.mat,False,paderborn_channels_verified
paderborn_artificial_to_natural,artificial_to_real_damage,paderborn,paderborn_n15_m07_f04_ka01_16_multisensor,paderborn_n15_m07_f04_ka01_16,train,KA01,multisensor,current|force|speed|temperature|torque|vibration,N15,M07_F04,n15_m07_f04,bearing_artificial_damage,01,fault,artificial,16,data/raw/paderborn/KA01/N15_M07_F04_KA01_16.mat,False,paderborn_channels_verified
paderborn_artificial_to_natural,artificial_to_real_damage,paderborn,paderborn_n15_m07_f04_ka01_17_multisensor,paderborn_n15_m07_f04_ka01_17,train,KA01,multisensor,current|force|speed|temperature|torque|vibration,N15,M07_F04,n15_m07_f04,bearing_artificial_damage,01,fault,artificial,17,data/raw/paderborn/KA01/N15_M07_F04_KA01_17.mat,False,paderborn_channels_verified
paderborn_artificial_to_natural,artificial_to_real_damage,paderborn,paderborn_n15_m07_f04_ka01_18_multisensor,paderborn_n15_m07_f04_ka01_18,train,KA01,multisensor,current|force|speed|temperature|torque|vibration,N15,M07_F04,n15_m07_f04,bearing_artificial_damage,01,fault,artificial,18,data/raw/paderborn/KA01/N15_M07_F04_KA01_18.mat,False,paderborn_channels_verified
paderborn_artificial_to_natural,artificial_to_real_damage,paderborn,paderborn_n15_m07_f04_ka01_19_multisensor,paderborn_n15_m07_f04_ka01_19,train,KA01,multisensor,current|force|speed|temperature|torque|vibration,N15,M07_F04,n15_m07_f04,bearing_artificial_damage,01,fault,artificial,19,data/raw/paderborn/KA01/N15_M07_F04_KA01_19.mat,False,paderborn_channels_verified
paderborn_artificial_to_natural,artificial_to_real_damage,paderborn,paderborn_n15_m07_f04_ka01_1_multisensor,paderborn_n15_m07_f04_ka01_1,train,KA01,multisensor,current|force|speed|temperature|torque|vibration,N15,M07_F04,n15_m07_f04,bearing_artificial_damage,01,fault,artificial,1,data/raw/paderborn/KA01/N15_M07_F04_KA01_1.mat,False,paderborn_channels_verified
paderborn_artificial_to_natural,artificial_to_real_damage,paderborn,paderborn_n15_m07_f04_ka01_20_multisensor,paderborn_n15_m07_f04_ka01_20,train,KA01,multisensor,current|force|speed|temperature|torque|vibration,N15,M07_F04,n15_m07_f04,bearing_artificial_damage,01,fault,artificial,20,data/raw/paderborn/KA01/N15_M07_F04_KA01_20.mat,False,paderborn_channels_verified
paderborn_artificial_to_natural,artificial_to_real_damage,paderborn,paderborn_n15_m07_f04_ka01_2_multisensor,paderborn_n15_m07_f04_ka01_2,train,KA01,multisensor,current|force|speed|temperature|torque|vibration,N15,M07_F04,n15_m07_f04,bearing_artificial_damage,01,fault,artificial,2,data/raw/paderborn/KA01/N15_M07_F04_KA01_2.mat,False,paderborn_channels_verified
paderborn_artificial_to_natural,artificial_to_real_damage,paderborn,paderborn_n15_m07_f04_ka01_3_multisensor,paderborn_n15_m07_f04_ka01_3,train,KA01,multisensor,current|force|speed|temperature|torque|vibration,N15,M07_F04,n15_m07_f04,bearing_artificial_damage,01,fault,artificial,3,data/raw/paderborn/KA01/N15_M07_F04_KA01_3.mat,False,paderborn_channels_verified
paderborn_artificial_to_natural,artificial_to_real_damage,paderborn,paderborn_n15_m07_f04_ka01_4_multisensor,paderborn_n15_m07_f04_ka01_4,train,KA01,multisensor,current|force|speed|temperature|torque|vibration,N15,M07_F04,n15_m07_f04,bearing_artificial_damage,01,fault,artificial,4,data/raw/paderborn/KA01/N15_M07_F04_KA01_4.mat,False,paderborn_channels_verified
paderborn_artificial_to_natural,artificial_to_real_damage,paderborn,paderborn_n15_m07_f04_ka01_5_multisensor,paderborn_n15_m07_f04_ka01_5,train,KA01,multisensor,current|force|speed|temperature|torque|vibration,N15,M07_F04,n15_m07_f04,bearing_artificial_damage,01,fault,artificial,5,data/raw/paderborn/KA01/N15_M07_F04_KA01_5.mat,False,paderborn_channels_verified
paderborn_artificial_to_natural,artificial_to_real_damage,paderborn,paderborn_n15_m07_f04_ka01_6_multisensor,paderborn_n15_m07_f04_ka01_6,train,KA01,multisensor,current|force|speed|temperature|torque|vibration,N15,M07_F04,n15_m07_f04,bearing_artificial_damage,01,fault,artificial,6,data/raw/paderborn/KA01/N15_M07_F04_KA01_6.mat,False,paderborn_channels_verified
paderborn_artificial_to_natural,artificial_to_real_damage,paderborn,paderborn_n15_m07_f04_ka01_7_multisensor,paderborn_n15_m07_f04_ka01_7,train,KA01,multisensor,current|force|speed|temperature|torque|vibration,N15,M07_F04,n15_m07_f04,bearing_artificial_damage,01,fault,artificial,7,data/raw/paderborn/KA01/N15_M07_F04_KA01_7.mat,False,paderborn_channels_verified
paderborn_artificial_to_natural,artificial_to_real_damage,paderborn,paderborn_n15_m07_f04_ka01_8_multisensor,paderborn_n15_m07_f04_ka01_8,train,KA01,multisensor,current|force|speed|temperature|torque|vibration,N15,M07_F04,n15_m07_f04,bearing_artificial_damage,01,fault,artificial,8,data/raw/paderborn/KA01/N15_M07_F04_KA01_8.mat,False,paderborn_channels_verified
paderborn_artificial_to_natural,artificial_to_real_damage,paderborn,paderborn_n15_m07_f04_ka01_9_multisensor,paderborn_n15_m07_f04_ka01_9,train,KA01,multisensor,current|force|speed|temperature|torque|vibration,N15,M07_F04,n15_m07_f04,bearing_artificial_damage,01,fault,artificial,9,data/raw/paderborn/KA01/N15_M07_F04_KA01_9.mat,False,paderborn_channels_verified
paderborn_artificial_to_natural,artificial_to_real_damage,paderborn,paderborn_n15_m07_f10_ka01_10_multisensor,paderborn_n15_m07_f10_ka01_10,train,KA01,multisensor,current|force|speed|temperature|torque|vibration,N15,M07_F10,n15_m07_f10,bearing_artificial_damage,01,fault,artificial,10,data/raw/paderborn/KA01/N15_M07_F10_KA01_10.mat,False,paderborn_channels_verified
paderborn_artificial_to_natural,artificial_to_real_damage,paderborn,paderborn_n15_m07_f10_ka01_11_multisensor,paderborn_n15_m07_f10_ka01_11,train,KA01,multisensor,current|force|speed|temperature|torque|vibration,N15,M07_F10,n15_m07_f10,bearing_artificial_damage,01,fault,artificial,11,data/raw/paderborn/KA01/N15_M07_F10_KA01_11.mat,False,paderborn_channels_verified
paderborn_artificial_to_natural,artificial_to_real_damage,paderborn,paderborn_n15_m07_f10_ka01_12_multisensor,paderborn_n15_m07_f10_ka01_12,train,KA01,multisensor,current|force|speed|temperature|torque|vibration,N15,M07_F10,n15_m07_f10,bearing_artificial_damage,01,fault,artificial,12,data/raw/paderborn/KA01/N15_M07_F10_KA01_12.mat,False,paderborn_channels_verified
paderborn_artificial_to_natural,artificial_to_real_damage,paderborn,paderborn_n15_m07_f10_ka01_13_multisensor,paderborn_n15_m07_f10_ka01_13,val,KA01,multisensor,current|force|speed|temperature|torque|vibration,N15,M07_F10,n15_m07_f10,bearing_artificial_damage,01,fault,artificial,13,data/raw/paderborn/KA01/N15_M07_F10_KA01_13.mat,False,paderborn_channels_verified
paderborn_artificial_to_natural,artificial_to_real_damage,paderborn,paderborn_n15_m07_f10_ka01_14_multisensor,paderborn_n15_m07_f10_ka01_14,train,KA01,multisensor,current|force|speed|temperature|torque|vibration,N15,M07_F10,n15_m07_f10,bearing_artificial_damage,01,fault,artificial,14,data/raw/paderborn/KA01/N15_M07_F10_KA01_14.mat,False,paderborn_channels_verified
paderborn_artificial_to_natural,artificial_to_real_damage,paderborn,paderborn_n15_m07_f10_ka01_15_multisensor,paderborn_n15_m07_f10_ka01_15,val,KA01,multisensor,current|force|speed|temperature|torque|vibration,N15,M07_F10,n15_m07_f10,bearing_artificial_damage,01,fault,artificial,15,data/raw/paderborn/KA01/N15_M07_F10_KA01_15.mat,False,paderborn_channels_verified
paderborn_artificial_to_natural,artificial_to_real_damage,paderborn,paderborn_n15_m07_f10_ka01_16_multisensor,paderborn_n15_m07_f10_ka01_16,val,KA01,multisensor,current|force|speed|temperature|torque|vibration,N15,M07_F10,n15_m07_f10,bearing_artificial_damage,01,fault,artificial,16,data/raw/paderborn/KA01/N15_M07_F10_KA01_16.mat,False,paderborn_channels_verified
paderborn_artificial_to_natural,artificial_to_real_damage,paderborn,paderborn_n15_m07_f10_ka01_17_multisensor,paderborn_n15_m07_f10_ka01_17,val,KA01,multisensor,current|force|speed|temperature|torque|vibration,N15,M07_F10,n15_m07_f10,bearing_artificial_damage,01,fault,artificial,17,data/raw/paderborn/KA01/N15_M07_F10_KA01_17.mat,False,paderborn_channels_verified
paderborn_artificial_to_natural,artificial_to_real_damage,paderborn,paderborn_n15_m07_f10_ka01_18_multisensor,paderborn_n15_m07_f10_ka01_18,train,KA01,multisensor,current|force|speed|temperature|torque|vibration,N15,M07_F10,n15_m07_f10,bearing_artificial_damage,01,fault,artificial,18,data/raw/paderborn/KA01/N15_M07_F10_KA01_18.mat,False,paderborn_channels_verified
paderborn_artificial_to_natural,artificial_to_real_damage,paderborn,paderborn_n15_m07_f10_ka01_19_multisensor,paderborn_n15_m07_f10_ka01_19,train,KA01,multisensor,current|force|speed|temperature|torque|vibration,N15,M07_F10,n15_m07_f10,bearing_artificial_damage,01,fault,artificial,19,data/raw/paderborn/KA01/N15_M07_F10_KA01_19.mat,False,paderborn_channels_verified
paderborn_artificial_to_natural,artificial_to_real_damage,paderborn,paderborn_n15_m07_f10_ka01_1_multisensor,paderborn_n15_m07_f10_ka01_1,train,KA01,multisensor,current|force|speed|temperature|torque|vibration,N15,M07_F10,n15_m07_f10,bearing_artificial_damage,01,fault,artificial,1,data/raw/paderborn/KA01/N15_M07_F10_KA01_1.mat,False,paderborn_channels_verified
paderborn_artificial_to_natural,artificial_to_real_damage,paderborn,paderborn_n15_m07_f10_ka01_20_multisensor,paderborn_n15_m07_f10_ka01_20,train,KA01,multisensor,current|force|speed|temperature|torque|vibration,N15,M07_F10,n15_m07_f10,bearing_artificial_damage,01,fault,artificial,20,data/raw/paderborn/KA01/N15_M07_F10_KA01_20.mat,False,paderborn_channels_verified
paderborn_artificial_to_natural,artificial_to_real_damage,paderborn,paderborn_n15_m07_f10_ka01_2_multisensor,paderborn_n15_m07_f10_ka01_2,train,KA01,multisensor,current|force|speed|temperature|torque|vibration,N15,M07_F10,n15_m07_f10,bearing_artificial_damage,01,fault,artificial,2,data/raw/paderborn/KA01/N15_M07_F10_KA01_2.mat,False,paderborn_channels_verified
paderborn_artificial_to_natural,artificial_to_real_damage,paderborn,paderborn_n15_m07_f10_ka01_3_multisensor,paderborn_n15_m07_f10_ka01_3,train,KA01,multisensor,current|force|speed|temperature|torque|vibration,N15,M07_F10,n15_m07_f10,bearing_artificial_damage,01,fault,artificial,3,data/raw/paderborn/KA01/N15_M07_F10_KA01_3.mat,False,paderborn_channels_verified
paderborn_artificial_to_natural,artificial_to_real_damage,paderborn,paderborn_n15_m07_f10_ka01_4_multisensor,paderborn_n15_m07_f10_ka01_4,val,KA01,multisensor,current|force|speed|temperature|torque|vibration,N15,M07_F10,n15_m07_f10,bearing_artificial_damage,01,fault,artificial,4,data/raw/paderborn/KA01/N15_M07_F10_KA01_4.mat,False,paderborn_channels_verified
paderborn_artificial_to_natural,artificial_to_real_damage,paderborn,paderborn_n15_m07_f10_ka01_5_multisensor,paderborn_n15_m07_f10_ka01_5,val,KA01,multisensor,current|force|speed|temperature|torque|vibration,N15,M07_F10,n15_m07_f10,bearing_artificial_damage,01,fault,artificial,5,data/raw/paderborn/KA01/N15_M07_F10_KA01_5.mat,False,paderborn_channels_verified
paderborn_artificial_to_natural,artificial_to_real_damage,paderborn,paderborn_n15_m07_f10_ka01_6_multisensor,paderborn_n15_m07_f10_ka01_6,val,KA01,multisensor,current|force|speed|temperature|torque|vibration,N15,M07_F10,n15_m07_f10,bearing_artificial_damage,01,fault,artificial,6,data/raw/paderborn/KA01/N15_M07_F10_KA01_6.mat,False,paderborn_channels_verified
paderborn_artificial_to_natural,artificial_to_real_damage,paderborn,paderborn_n15_m07_f10_ka01_7_multisensor,paderborn_n15_m07_f10_ka01_7,train,KA01,multisensor,current|force|speed|temperature|torque|vibration,N15,M07_F10,n15_m07_f10,bearing_artificial_damage,01,fault,artificial,7,data/raw/paderborn/KA01/N15_M07_F10_KA01_7.mat,False,paderborn_channels_verified
paderborn_artificial_to_natural,artificial_to_real_damage,paderborn,paderborn_n15_m07_f10_ka01_8_multisensor,paderborn_n15_m07_f10_ka01_8,train,KA01,multisensor,current|force|speed|temperature|torque|vibration,N15,M07_F10,n15_m07_f10,bearing_artificial_damage,01,fault,artificial,8,data/raw/paderborn/KA01/N15_M07_F10_KA01_8.mat,False,paderborn_channels_verified
paderborn_artificial_to_natural,artificial_to_real_damage,paderborn,paderborn_n15_m07_f10_ka01_9_multisensor,paderborn_n15_m07_f10_ka01_9,train,KA01,multisensor,current|force|speed|temperature|torque|vibration,N15,M07_F10,n15_m07_f10,bearing_artificial_damage,01,fault,artificial,9,data/raw/paderborn/KA01/N15_M07_F10_KA01_9.mat,False,paderborn_channels_verified
paderborn_artificial_to_natural,artificial_to_real_damage,paderborn,paderborn_n09_m07_f10_ka03_10_multisensor,paderborn_n09_m07_f10_ka03_10,val,KA03,multisensor,current|force|speed|temperature|torque|vibration,N09,M07_F10,n09_m07_f10,bearing_artificial_damage,03,fault,artificial,10,data/raw/paderborn/KA03/N09_M07_F10_KA03_10.mat,False,paderborn_channels_verified
paderborn_artificial_to_natural,artificial_to_real_damage,paderborn,paderborn_n09_m07_f10_ka03_11_multisensor,paderborn_n09_m07_f10_ka03_11,train,KA03,multisensor,current|force|speed|temperature|torque|vibration,N09,M07_F10,n09_m07_f10,bearing_artificial_damage,03,fault,artificial,11,data/raw/paderborn/KA03/N09_M07_F10_KA03_11.mat,False,paderborn_channels_verified
paderborn_artificial_to_natural,artificial_to_real_damage,paderborn,paderborn_n09_m07_f10_ka03_12_multisensor,paderborn_n09_m07_f10_ka03_12,train,KA03,multisensor,current|force|speed|temperature|torque|vibration,N09,M07_F10,n09_m07_f10,bearing_artificial_damage,03,fault,artificial,12,data/raw/paderborn/KA03/N09_M07_F10_KA03_12.mat,False,paderborn_channels_verified
paderborn_artificial_to_natural,artificial_to_real_damage,paderborn,paderborn_n09_m07_f10_ka03_13_multisensor,paderborn_n09_m07_f10_ka03_13,train,KA03,multisensor,current|force|speed|temperature|torque|vibration,N09,M07_F10,n09_m07_f10,bearing_artificial_damage,03,fault,artificial,13,data/raw/paderborn/KA03/N09_M07_F10_KA03_13.mat,False,paderborn_channels_verified
paderborn_artificial_to_natural,artificial_to_real_damage,paderborn,paderborn_n09_m07_f10_ka03_14_multisensor,paderborn_n09_m07_f10_ka03_14,train,KA03,multisensor,current|force|speed|temperature|torque|vibration,N09,M07_F10,n09_m07_f10,bearing_artificial_damage,03,fault,artificial,14,data/raw/paderborn/KA03/N09_M07_F10_KA03_14.mat,False,paderborn_channels_verified
paderborn_artificial_to_natural,artificial_to_real_damage,paderborn,paderborn_n09_m07_f10_ka03_15_multisensor,paderborn_n09_m07_f10_ka03_15,train,KA03,multisensor,current|force|speed|temperature|torque|vibration,N09,M07_F10,n09_m07_f10,bearing_artificial_damage,03,fault,artificial,15,data/raw/paderborn/KA03/N09_M07_F10_KA03_15.mat,False,paderborn_channels_verified
paderborn_artificial_to_natural,artificial_to_real_damage,paderborn,paderborn_n09_m07_f10_ka03_16_multisensor,paderborn_n09_m07_f10_ka03_16,val,KA03,multisensor,current|force|speed|temperature|torque|vibration,N09,M07_F10,n09_m07_f10,bearing_artificial_damage,03,fault,artificial,16,data/raw/paderborn/KA03/N09_M07_F10_KA03_16.mat,False,paderborn_channels_verified
paderborn_artificial_to_natural,artificial_to_real_damage,paderborn,paderborn_n09_m07_f10_ka03_17_multisensor,paderborn_n09_m07_f10_ka03_17,train,KA03,multisensor,current|force|speed|temperature|torque|vibration,N09,M07_F10,n09_m07_f10,bearing_artificial_damage,03,fault,artificial,17,data/raw/paderborn/KA03/N09_M07_F10_KA03_17.mat,False,paderborn_channels_verified
paderborn_artificial_to_natural,artificial_to_real_damage,paderborn,paderborn_n09_m07_f10_ka03_18_multisensor,paderborn_n09_m07_f10_ka03_18,val,KA03,multisensor,current|force|speed|temperature|torque|vibration,N09,M07_F10,n09_m07_f10,bearing_artificial_damage,03,fault,artificial,18,data/raw/paderborn/KA03/N09_M07_F10_KA03_18.mat,False,paderborn_channels_verified
paderborn_artificial_to_natural,artificial_to_real_damage,paderborn,paderborn_n09_m07_f10_ka03_19_multisensor,paderborn_n09_m07_f10_ka03_19,train,KA03,multisensor,current|force|speed|temperature|torque|vibration,N09,M07_F10,n09_m07_f10,bearing_artificial_damage,03,fault,artificial,19,data/raw/paderborn/KA03/N09_M07_F10_KA03_19.mat,False,paderborn_channels_verified
paderborn_artificial_to_natural,artificial_to_real_damage,paderborn,paderborn_n09_m07_f10_ka03_1_multisensor,paderborn_n09_m07_f10_ka03_1,train,KA03,multisensor,current|force|speed|temperature|torque|vibration,N09,M07_F10,n09_m07_f10,bearing_artificial_damage,03,fault,artificial,1,data/raw/paderborn/KA03/N09_M07_F10_KA03_1.mat,False,paderborn_channels_verified
paderborn_artificial_to_natural,artificial_to_real_damage,paderborn,paderborn_n09_m07_f10_ka03_20_multisensor,paderborn_n09_m07_f10_ka03_20,train,KA03,multisensor,current|force|speed|temperature|torque|vibration,N09,M07_F10,n09_m07_f10,bearing_artificial_damage,03,fault,artificial,20,data/raw/paderborn/KA03/N09_M07_F10_KA03_20.mat,False,paderborn_channels_verified
paderborn_artificial_to_natural,artificial_to_real_damage,paderborn,paderborn_n09_m07_f10_ka03_2_multisensor,paderborn_n09_m07_f10_ka03_2,train,KA03,multisensor,current|force|speed|temperature|torque|vibration,N09,M07_F10,n09_m07_f10,bearing_artificial_damage,03,fault,artificial,2,data/raw/paderborn/KA03/N09_M07_F10_KA03_2.mat,False,paderborn_channels_verified
paderborn_artificial_to_natural,artificial_to_real_damage,paderborn,paderborn_n09_m07_f10_ka03_3_multisensor,paderborn_n09_m07_f10_ka03_3,val,KA03,multisensor,current|force|speed|temperature|torque|vibration,N09,M07_F10,n09_m07_f10,bearing_artificial_damage,03,fault,artificial,3,data/raw/paderborn/KA03/N09_M07_F10_KA03_3.mat,False,paderborn_channels_verified
paderborn_artificial_to_natural,artificial_to_real_damage,paderborn,paderborn_n09_m07_f10_ka03_4_multisensor,paderborn_n09_m07_f10_ka03_4,train,KA03,multisensor,current|force|speed|temperature|torque|vibration,N09,M07_F10,n09_m07_f10,bearing_artificial_damage,03,fault,artificial,4,data/raw/paderborn/KA03/N09_M07_F10_KA03_4.mat,False,paderborn_channels_verified
paderborn_artificial_to_natural,artificial_to_real_damage,paderborn,paderborn_n09_m07_f10_ka03_5_multisensor,paderborn_n09_m07_f10_ka03_5,train,KA03,multisensor,current|force|speed|temperature|torque|vibration,N09,M07_F10,n09_m07_f10,bearing_artificial_damage,03,fault,artificial,5,data/raw/paderborn/KA03/N09_M07_F10_KA03_5.mat,False,paderborn_channels_verified
paderborn_artificial_to_natural,artificial_to_real_damage,paderborn,paderborn_n09_m07_f10_ka03_6_multisensor,paderborn_n09_m07_f10_ka03_6,train,KA03,multisensor,current|force|speed|temperature|torque|vibration,N09,M07_F10,n09_m07_f10,bearing_artificial_damage,03,fault,artificial,6,data/raw/paderborn/KA03/N09_M07_F10_KA03_6.mat,False,paderborn_channels_verified
paderborn_artificial_to_natural,artificial_to_real_damage,paderborn,paderborn_n09_m07_f10_ka03_7_multisensor,paderborn_n09_m07_f10_ka03_7,train,KA03,multisensor,current|force|speed|temperature|torque|vibration,N09,M07_F10,n09_m07_f10,bearing_artificial_damage,03,fault,artificial,7,data/raw/paderborn/KA03/N09_M07_F10_KA03_7.mat,False,paderborn_channels_verified
paderborn_artificial_to_natural,artificial_to_real_damage,paderborn,paderborn_n09_m07_f10_ka03_8_multisensor,paderborn_n09_m07_f10_ka03_8,train,KA03,multisensor,current|force|speed|temperature|torque|vibration,N09,M07_F10,n09_m07_f10,bearing_artificial_damage,03,fault,artificial,8,data/raw/paderborn/KA03/N09_M07_F10_KA03_8.mat,False,paderborn_channels_verified
paderborn_artificial_to_natural,artificial_to_real_damage,paderborn,paderborn_n09_m07_f10_ka03_9_multisensor,paderborn_n09_m07_f10_ka03_9,train,KA03,multisensor,current|force|speed|temperature|torque|vibration,N09,M07_F10,n09_m07_f10,bearing_artificial_damage,03,fault,artificial,9,data/raw/paderborn/KA03/N09_M07_F10_KA03_9.mat,False,paderborn_channels_verified
paderborn_artificial_to_natural,artificial_to_real_damage,paderborn,paderborn_n15_m01_f10_ka03_10_multisensor,paderborn_n15_m01_f10_ka03_10,train,KA03,multisensor,current|force|speed|temperature|torque|vibration,N15,M01_F10,n15_m01_f10,bearing_artificial_damage,03,fault,artificial,10,data/raw/paderborn/KA03/N15_M01_F10_KA03_10.mat,False,paderborn_channels_verified
paderborn_artificial_to_natural,artificial_to_real_damage,paderborn,paderborn_n15_m01_f10_ka03_11_multisensor,paderborn_n15_m01_f10_ka03_11,train,KA03,multisensor,current|force|speed|temperature|torque|vibration,N15,M01_F10,n15_m01_f10,bearing_artificial_damage,03,fault,artificial,11,data/raw/paderborn/KA03/N15_M01_F10_KA03_11.mat,False,paderborn_channels_verified
paderborn_artificial_to_natural,artificial_to_real_damage,paderborn,paderborn_n15_m01_f10_ka03_12_multisensor,paderborn_n15_m01_f10_ka03_12,train,KA03,multisensor,current|force|speed|temperature|torque|vibration,N15,M01_F10,n15_m01_f10,bearing_artificial_damage,03,fault,artificial,12,data/raw/paderborn/KA03/N15_M01_F10_KA03_12.mat,False,paderborn_channels_verified
paderborn_artificial_to_natural,artificial_to_real_damage,paderborn,paderborn_n15_m01_f10_ka03_13_multisensor,paderborn_n15_m01_f10_ka03_13,train,KA03,multisensor,current|force|speed|temperature|torque|vibration,N15,M01_F10,n15_m01_f10,bearing_artificial_damage,03,fault,artificial,13,data/raw/paderborn/KA03/N15_M01_F10_KA03_13.mat,False,paderborn_channels_verified
paderborn_artificial_to_natural,artificial_to_real_damage,paderborn,paderborn_n15_m01_f10_ka03_14_multisensor,paderborn_n15_m01_f10_ka03_14,train,KA03,multisensor,current|force|speed|temperature|torque|vibration,N15,M01_F10,n15_m01_f10,bearing_artificial_damage,03,fault,artificial,14,data/raw/paderborn/KA03/N15_M01_F10_KA03_14.mat,False,paderborn_channels_verified
paderborn_artificial_to_natural,artificial_to_real_damage,paderborn,paderborn_n15_m01_f10_ka03_15_multisensor,paderborn_n15_m01_f10_ka03_15,train,KA03,multisensor,current|force|speed|temperature|torque|vibration,N15,M01_F10,n15_m01_f10,bearing_artificial_damage,03,fault,artificial,15,data/raw/paderborn/KA03/N15_M01_F10_KA03_15.mat,False,paderborn_channels_verified
paderborn_artificial_to_natural,artificial_to_real_damage,paderborn,paderborn_n15_m01_f10_ka03_16_multisensor,paderborn_n15_m01_f10_ka03_16,train,KA03,multisensor,current|force|speed|temperature|torque|vibration,N15,M01_F10,n15_m01_f10,bearing_artificial_damage,03,fault,artificial,16,data/raw/paderborn/KA03/N15_M01_F10_KA03_16.mat,False,paderborn_channels_verified
paderborn_artificial_to_natural,artificial_to_real_damage,paderborn,paderborn_n15_m01_f10_ka03_17_multisensor,paderborn_n15_m01_f10_ka03_17,train,KA03,multisensor,current|force|speed|temperature|torque|vibration,N15,M01_F10,n15_m01_f10,bearing_artificial_damage,03,fault,artificial,17,data/raw/paderborn/KA03/N15_M01_F10_KA03_17.mat,False,paderborn_channels_verified
paderborn_artificial_to_natural,artificial_to_real_damage,paderborn,paderborn_n15_m01_f10_ka03_18_multisensor,paderborn_n15_m01_f10_ka03_18,train,KA03,multisensor,current|force|speed|temperature|torque|vibration,N15,M01_F10,n15_m01_f10,bearing_artificial_damage,03,fault,artificial,18,data/raw/paderborn/KA03/N15_M01_F10_KA03_18.mat,False,paderborn_channels_verified
paderborn_artificial_to_natural,artificial_to_real_damage,paderborn,paderborn_n15_m01_f10_ka03_19_multisensor,paderborn_n15_m01_f10_ka03_19,train,KA03,multisensor,current|force|speed|temperature|torque|vibration,N15,M01_F10,n15_m01_f10,bearing_artificial_damage,03,fault,artificial,19,data/raw/paderborn/KA03/N15_M01_F10_KA03_19.mat,False,paderborn_channels_verified
paderborn_artificial_to_natural,artificial_to_real_damage,paderborn,paderborn_n15_m01_f10_ka03_1_multisensor,paderborn_n15_m01_f10_ka03_1,val,KA03,multisensor,current|force|speed|temperature|torque|vibration,N15,M01_F10,n15_m01_f10,bearing_artificial_damage,03,fault,artificial,1,data/raw/paderborn/KA03/N15_M01_F10_KA03_1.mat,False,paderborn_channels_verified
paderborn_artificial_to_natural,artificial_to_real_damage,paderborn,paderborn_n15_m01_f10_ka03_20_multisensor,paderborn_n15_m01_f10_ka03_20,train,KA03,multisensor,current|force|speed|temperature|torque|vibration,N15,M01_F10,n15_m01_f10,bearing_artificial_damage,03,fault,artificial,20,data/raw/paderborn/KA03/N15_M01_F10_KA03_20.mat,False,paderborn_channels_verified
paderborn_artificial_to_natural,artificial_to_real_damage,paderborn,paderborn_n15_m01_f10_ka03_2_multisensor,paderborn_n15_m01_f10_ka03_2,train,KA03,multisensor,current|force|speed|temperature|torque|vibration,N15,M01_F10,n15_m01_f10,bearing_artificial_damage,03,fault,artificial,2,data/raw/paderborn/KA03/N15_M01_F10_KA03_2.mat,False,paderborn_channels_verified
paderborn_artificial_to_natural,artificial_to_real_damage,paderborn,paderborn_n15_m01_f10_ka03_3_multisensor,paderborn_n15_m01_f10_ka03_3,train,KA03,multisensor,current|force|speed|temperature|torque|vibration,N15,M01_F10,n15_m01_f10,bearing_artificial_damage,03,fault,artificial,3,data/raw/paderborn/KA03/N15_M01_F10_KA03_3.mat,False,paderborn_channels_verified
paderborn_artificial_to_natural,artificial_to_real_damage,paderborn,paderborn_n15_m01_f10_ka03_4_multisensor,paderborn_n15_m01_f10_ka03_4,train,KA03,multisensor,current|force|speed|temperature|torque|vibration,N15,M01_F10,n15_m01_f10,bearing_artificial_damage,03,fault,artificial,4,data/raw/paderborn/KA03/N15_M01_F10_KA03_4.mat,False,paderborn_channels_verified
paderborn_artificial_to_natural,artificial_to_real_damage,paderborn,paderborn_n15_m01_f10_ka03_5_multisensor,paderborn_n15_m01_f10_ka03_5,train,KA03,multisensor,current|force|speed|temperature|torque|vibration,N15,M01_F10,n15_m01_f10,bearing_artificial_damage,03,fault,artificial,5,data/raw/paderborn/KA03/N15_M01_F10_KA03_5.mat,False,paderborn_channels_verified
paderborn_artificial_to_natural,artificial_to_real_damage,paderborn,paderborn_n15_m01_f10_ka03_6_multisensor,paderborn_n15_m01_f10_ka03_6,train,KA03,multisensor,current|force|speed|temperature|torque|vibration,N15,M01_F10,n15_m01_f10,bearing_artificial_damage,03,fault,artificial,6,data/raw/paderborn/KA03/N15_M01_F10_KA03_6.mat,False,paderborn_channels_verified
paderborn_artificial_to_natural,artificial_to_real_damage,paderborn,paderborn_n15_m01_f10_ka03_7_multisensor,paderborn_n15_m01_f10_ka03_7,train,KA03,multisensor,current|force|speed|temperature|torque|vibration,N15,M01_F10,n15_m01_f10,bearing_artificial_damage,03,fault,artificial,7,data/raw/paderborn/KA03/N15_M01_F10_KA03_7.mat,False,paderborn_channels_verified
paderborn_artificial_to_natural,artificial_to_real_damage,paderborn,paderborn_n15_m01_f10_ka03_8_multisensor,paderborn_n15_m01_f10_ka03_8,train,KA03,multisensor,current|force|speed|temperature|torque|vibration,N15,M01_F10,n15_m01_f10,bearing_artificial_damage,03,fault,artificial,8,data/raw/paderborn/KA03/N15_M01_F10_KA03_8.mat,False,paderborn_channels_verified
paderborn_artificial_to_natural,artificial_to_real_damage,paderborn,paderborn_n15_m01_f10_ka03_9_multisensor,paderborn_n15_m01_f10_ka03_9,train,KA03,multisensor,current|force|speed|temperature|torque|vibration,N15,M01_F10,n15_m01_f10,bearing_artificial_damage,03,fault,artificial,9,data/raw/paderborn/KA03/N15_M01_F10_KA03_9.mat,False,paderborn_channels_verified
paderborn_artificial_to_natural,artificial_to_real_damage,paderborn,paderborn_n15_m07_f04_ka03_10_multisensor,paderborn_n15_m07_f04_ka03_10,train,KA03,multisensor,current|force|speed|temperature|torque|vibration,N15,M07_F04,n15_m07_f04,bearing_artificial_damage,03,fault,artificial,10,data/raw/paderborn/KA03/N15_M07_F04_KA03_10.mat,False,paderborn_channels_verified
paderborn_artificial_to_natural,artificial_to_real_damage,paderborn,paderborn_n15_m07_f04_ka03_11_multisensor,paderborn_n15_m07_f04_ka03_11,train,KA03,multisensor,current|force|speed|temperature|torque|vibration,N15,M07_F04,n15_m07_f04,bearing_artificial_damage,03,fault,artificial,11,data/raw/paderborn/KA03/N15_M07_F04_KA03_11.mat,False,paderborn_channels_verified
paderborn_artificial_to_natural,artificial_to_real_damage,paderborn,paderborn_n15_m07_f04_ka03_12_multisensor,paderborn_n15_m07_f04_ka03_12,train,KA03,multisensor,current|force|speed|temperature|torque|vibration,N15,M07_F04,n15_m07_f04,bearing_artificial_damage,03,fault,artificial,12,data/raw/paderborn/KA03/N15_M07_F04_KA03_12.mat,False,paderborn_channels_verified
paderborn_artificial_to_natural,artificial_to_real_damage,paderborn,paderborn_n15_m07_f04_ka03_13_multisensor,paderborn_n15_m07_f04_ka03_13,train,KA03,multisensor,current|force|speed|temperature|torque|vibration,N15,M07_F04,n15_m07_f04,bearing_artificial_damage,03,fault,artificial,13,data/raw/paderborn/KA03/N15_M07_F04_KA03_13.mat,False,paderborn_channels_verified
paderborn_artificial_to_natural,artificial_to_real_damage,paderborn,paderborn_n15_m07_f04_ka03_14_multisensor,paderborn_n15_m07_f04_ka03_14,train,KA03,multisensor,current|force|speed|temperature|torque|vibration,N15,M07_F04,n15_m07_f04,bearing_artificial_damage,03,fault,artificial,14,data/raw/paderborn/KA03/N15_M07_F04_KA03_14.mat,False,paderborn_channels_verified
paderborn_artificial_to_natural,artificial_to_real_damage,paderborn,paderborn_n15_m07_f04_ka03_15_multisensor,paderborn_n15_m07_f04_ka03_15,train,KA03,multisensor,current|force|speed|temperature|torque|vibration,N15,M07_F04,n15_m07_f04,bearing_artificial_damage,03,fault,artificial,15,data/raw/paderborn/KA03/N15_M07_F04_KA03_15.mat,False,paderborn_channels_verified
paderborn_artificial_to_natural,artificial_to_real_damage,paderborn,paderborn_n15_m07_f04_ka03_16_multisensor,paderborn_n15_m07_f04_ka03_16,train,KA03,multisensor,current|force|speed|temperature|torque|vibration,N15,M07_F04,n15_m07_f04,bearing_artificial_damage,03,fault,artificial,16,data/raw/paderborn/KA03/N15_M07_F04_KA03_16.mat,False,paderborn_channels_verified
paderborn_artificial_to_natural,artificial_to_real_damage,paderborn,paderborn_n15_m07_f04_ka03_17_multisensor,paderborn_n15_m07_f04_ka03_17,train,KA03,multisensor,current|force|speed|temperature|torque|vibration,N15,M07_F04,n15_m07_f04,bearing_artificial_damage,03,fault,artificial,17,data/raw/paderborn/KA03/N15_M07_F04_KA03_17.mat,False,paderborn_channels_verified
paderborn_artificial_to_natural,artificial_to_real_damage,paderborn,paderborn_n15_m07_f04_ka03_18_multisensor,paderborn_n15_m07_f04_ka03_18,train,KA03,multisensor,current|force|speed|temperature|torque|vibration,N15,M07_F04,n15_m07_f04,bearing_artificial_damage,03,fault,artificial,18,data/raw/paderborn/KA03/N15_M07_F04_KA03_18.mat,False,paderborn_channels_verified
paderborn_artificial_to_natural,artificial_to_real_damage,paderborn,paderborn_n15_m07_f04_ka03_19_multisensor,paderborn_n15_m07_f04_ka03_19,train,KA03,multisensor,current|force|speed|temperature|torque|vibration,N15,M07_F04,n15_m07_f04,bearing_artificial_damage,03,fault,artificial,19,data/raw/paderborn/KA03/N15_M07_F04_KA03_19.mat,False,paderborn_channels_verified
paderborn_artificial_to_natural,artificial_to_real_damage,paderborn,paderborn_n15_m07_f04_ka03_1_multisensor,paderborn_n15_m07_f04_ka03_1,train,KA03,multisensor,current|force|speed|temperature|torque|vibration,N15,M07_F04,n15_m07_f04,bearing_artificial_damage,03,fault,artificial,1,data/raw/paderborn/KA03/N15_M07_F04_KA03_1.mat,False,paderborn_channels_verified
paderborn_artificial_to_natural,artificial_to_real_damage,paderborn,paderborn_n15_m07_f04_ka03_20_multisensor,paderborn_n15_m07_f04_ka03_20,train,KA03,multisensor,current|force|speed|temperature|torque|vibration,N15,M07_F04,n15_m07_f04,bearing_artificial_damage,03,fault,artificial,20,data/raw/paderborn/KA03/N15_M07_F04_KA03_20.mat,False,paderborn_channels_verified
paderborn_artificial_to_natural,artificial_to_real_damage,paderborn,paderborn_n15_m07_f04_ka03_2_multisensor,paderborn_n15_m07_f04_ka03_2,train,KA03,multisensor,current|force|speed|temperature|torque|vibration,N15,M07_F04,n15_m07_f04,bearing_artificial_damage,03,fault,artificial,2,data/raw/paderborn/KA03/N15_M07_F04_KA03_2.mat,False,paderborn_channels_verified
paderborn_artificial_to_natural,artificial_to_real_damage,paderborn,paderborn_n15_m07_f04_ka03_3_multisensor,paderborn_n15_m07_f04_ka03_3,train,KA03,multisensor,current|force|speed|temperature|torque|vibration,N15,M07_F04,n15_m07_f04,bearing_artificial_damage,03,fault,artificial,3,data/raw/paderborn/KA03/N15_M07_F04_KA03_3.mat,False,paderborn_channels_verified
paderborn_artificial_to_natural,artificial_to_real_damage,paderborn,paderborn_n15_m07_f04_ka03_4_multisensor,paderborn_n15_m07_f04_ka03_4,train,KA03,multisensor,current|force|speed|temperature|torque|vibration,N15,M07_F04,n15_m07_f04,bearing_artificial_damage,03,fault,artificial,4,data/raw/paderborn/KA03/N15_M07_F04_KA03_4.mat,False,paderborn_channels_verified
paderborn_artificial_to_natural,artificial_to_real_damage,paderborn,paderborn_n15_m07_f04_ka03_5_multisensor,paderborn_n15_m07_f04_ka03_5,train,KA03,multisensor,current|force|speed|temperature|torque|vibration,N15,M07_F04,n15_m07_f04,bearing_artificial_damage,03,fault,artificial,5,data/raw/paderborn/KA03/N15_M07_F04_KA03_5.mat,False,paderborn_channels_verified
paderborn_artificial_to_natural,artificial_to_real_damage,paderborn,paderborn_n15_m07_f04_ka03_6_multisensor,paderborn_n15_m07_f04_ka03_6,train,KA03,multisensor,current|force|speed|temperature|torque|vibration,N15,M07_F04,n15_m07_f04,bearing_artificial_damage,03,fault,artificial,6,data/raw/paderborn/KA03/N15_M07_F04_KA03_6.mat,False,paderborn_channels_verified
paderborn_artificial_to_natural,artificial_to_real_damage,paderborn,paderborn_n15_m07_f04_ka03_7_multisensor,paderborn_n15_m07_f04_ka03_7,train,KA03,multisensor,current|force|speed|temperature|torque|vibration,N15,M07_F04,n15_m07_f04,bearing_artificial_damage,03,fault,artificial,7,data/raw/paderborn/KA03/N15_M07_F04_KA03_7.mat,False,paderborn_channels_verified
paderborn_artificial_to_natural,artificial_to_real_damage,paderborn,paderborn_n15_m07_f04_ka03_8_multisensor,paderborn_n15_m07_f04_ka03_8,train,KA03,multisensor,current|force|speed|temperature|torque|vibration,N15,M07_F04,n15_m07_f04,bearing_artificial_damage,03,fault,artificial,8,data/raw/paderborn/KA03/N15_M07_F04_KA03_8.mat,False,paderborn_channels_verified
paderborn_artificial_to_natural,artificial_to_real_damage,paderborn,paderborn_n15_m07_f04_ka03_9_multisensor,paderborn_n15_m07_f04_ka03_9,train,KA03,multisensor,current|force|speed|temperature|torque|vibration,N15,M07_F04,n15_m07_f04,bearing_artificial_damage,03,fault,artificial,9,data/raw/paderborn/KA03/N15_M07_F04_KA03_9.mat,False,paderborn_channels_verified
paderborn_artificial_to_natural,artificial_to_real_damage,paderborn,paderborn_n15_m07_f10_ka03_10_multisensor,paderborn_n15_m07_f10_ka03_10,train,KA03,multisensor,current|force|speed|temperature|torque|vibration,N15,M07_F10,n15_m07_f10,bearing_artificial_damage,03,fault,artificial,10,data/raw/paderborn/KA03/N15_M07_F10_KA03_10.mat,False,paderborn_channels_verified
paderborn_artificial_to_natural,artificial_to_real_damage,paderborn,paderborn_n15_m07_f10_ka03_11_multisensor,paderborn_n15_m07_f10_ka03_11,train,KA03,multisensor,current|force|speed|temperature|torque|vibration,N15,M07_F10,n15_m07_f10,bearing_artificial_damage,03,fault,artificial,11,data/raw/paderborn/KA03/N15_M07_F10_KA03_11.mat,False,paderborn_channels_verified
paderborn_artificial_to_natural,artificial_to_real_damage,paderborn,paderborn_n15_m07_f10_ka03_12_multisensor,paderborn_n15_m07_f10_ka03_12,train,KA03,multisensor,current|force|speed|temperature|torque|vibration,N15,M07_F10,n15_m07_f10,bearing_artificial_damage,03,fault,artificial,12,data/raw/paderborn/KA03/N15_M07_F10_KA03_12.mat,False,paderborn_channels_verified
paderborn_artificial_to_natural,artificial_to_real_damage,paderborn,paderborn_n15_m07_f10_ka03_13_multisensor,paderborn_n15_m07_f10_ka03_13,val,KA03,multisensor,current|force|speed|temperature|torque|vibration,N15,M07_F10,n15_m07_f10,bearing_artificial_damage,03,fault,artificial,13,data/raw/paderborn/KA03/N15_M07_F10_KA03_13.mat,False,paderborn_channels_verified
paderborn_artificial_to_natural,artificial_to_real_damage,paderborn,paderborn_n15_m07_f10_ka03_14_multisensor,paderborn_n15_m07_f10_ka03_14,train,KA03,multisensor,current|force|speed|temperature|torque|vibration,N15,M07_F10,n15_m07_f10,bearing_artificial_damage,03,fault,artificial,14,data/raw/paderborn/KA03/N15_M07_F10_KA03_14.mat,False,paderborn_channels_verified
paderborn_artificial_to_natural,artificial_to_real_damage,paderborn,paderborn_n15_m07_f10_ka03_15_multisensor,paderborn_n15_m07_f10_ka03_15,train,KA03,multisensor,current|force|speed|temperature|torque|vibration,N15,M07_F10,n15_m07_f10,bearing_artificial_damage,03,fault,artificial,15,data/raw/paderborn/KA03/N15_M07_F10_KA03_15.mat,False,paderborn_channels_verified
paderborn_artificial_to_natural,artificial_to_real_damage,paderborn,paderborn_n15_m07_f10_ka03_16_multisensor,paderborn_n15_m07_f10_ka03_16,train,KA03,multisensor,current|force|speed|temperature|torque|vibration,N15,M07_F10,n15_m07_f10,bearing_artificial_damage,03,fault,artificial,16,data/raw/paderborn/KA03/N15_M07_F10_KA03_16.mat,False,paderborn_channels_verified
paderborn_artificial_to_natural,artificial_to_real_damage,paderborn,paderborn_n15_m07_f10_ka03_17_multisensor,paderborn_n15_m07_f10_ka03_17,train,KA03,multisensor,current|force|speed|temperature|torque|vibration,N15,M07_F10,n15_m07_f10,bearing_artificial_damage,03,fault,artificial,17,data/raw/paderborn/KA03/N15_M07_F10_KA03_17.mat,False,paderborn_channels_verified
paderborn_artificial_to_natural,artificial_to_real_damage,paderborn,paderborn_n15_m07_f10_ka03_18_multisensor,paderborn_n15_m07_f10_ka03_18,val,KA03,multisensor,current|force|speed|temperature|torque|vibration,N15,M07_F10,n15_m07_f10,bearing_artificial_damage,03,fault,artificial,18,data/raw/paderborn/KA03/N15_M07_F10_KA03_18.mat,False,paderborn_channels_verified
paderborn_artificial_to_natural,artificial_to_real_damage,paderborn,paderborn_n15_m07_f10_ka03_19_multisensor,paderborn_n15_m07_f10_ka03_19,train,KA03,multisensor,current|force|speed|temperature|torque|vibration,N15,M07_F10,n15_m07_f10,bearing_artificial_damage,03,fault,artificial,19,data/raw/paderborn/KA03/N15_M07_F10_KA03_19.mat,False,paderborn_channels_verified
paderborn_artificial_to_natural,artificial_to_real_damage,paderborn,paderborn_n15_m07_f10_ka03_1_multisensor,paderborn_n15_m07_f10_ka03_1,train,KA03,multisensor,current|force|speed|temperature|torque|vibration,N15,M07_F10,n15_m07_f10,bearing_artificial_damage,03,fault,artificial,1,data/raw/paderborn/KA03/N15_M07_F10_KA03_1.mat,False,paderborn_channels_verified
paderborn_artificial_to_natural,artificial_to_real_damage,paderborn,paderborn_n15_m07_f10_ka03_20_multisensor,paderborn_n15_m07_f10_ka03_20,train,KA03,multisensor,current|force|speed|temperature|torque|vibration,N15,M07_F10,n15_m07_f10,bearing_artificial_damage,03,fault,artificial,20,data/raw/paderborn/KA03/N15_M07_F10_KA03_20.mat,False,paderborn_channels_verified
paderborn_artificial_to_natural,artificial_to_real_damage,paderborn,paderborn_n15_m07_f10_ka03_2_multisensor,paderborn_n15_m07_f10_ka03_2,train,KA03,multisensor,current|force|speed|temperature|torque|vibration,N15,M07_F10,n15_m07_f10,bearing_artificial_damage,03,fault,artificial,2,data/raw/paderborn/KA03/N15_M07_F10_KA03_2.mat,False,paderborn_channels_verified
paderborn_artificial_to_natural,artificial_to_real_damage,paderborn,paderborn_n15_m07_f10_ka03_3_multisensor,paderborn_n15_m07_f10_ka03_3,train,KA03,multisensor,current|force|speed|temperature|torque|vibration,N15,M07_F10,n15_m07_f10,bearing_artificial_damage,03,fault,artificial,3,data/raw/paderborn/KA03/N15_M07_F10_KA03_3.mat,False,paderborn_channels_verified
paderborn_artificial_to_natural,artificial_to_real_damage,paderborn,paderborn_n15_m07_f10_ka03_4_multisensor,paderborn_n15_m07_f10_ka03_4,train,KA03,multisensor,current|force|speed|temperature|torque|vibration,N15,M07_F10,n15_m07_f10,bearing_artificial_damage,03,fault,artificial,4,data/raw/paderborn/KA03/N15_M07_F10_KA03_4.mat,False,paderborn_channels_verified
paderborn_artificial_to_natural,artificial_to_real_damage,paderborn,paderborn_n15_m07_f10_ka03_5_multisensor,paderborn_n15_m07_f10_ka03_5,train,KA03,multisensor,current|force|speed|temperature|torque|vibration,N15,M07_F10,n15_m07_f10,bearing_artificial_damage,03,fault,artificial,5,data/raw/paderborn/KA03/N15_M07_F10_KA03_5.mat,False,paderborn_channels_verified
paderborn_artificial_to_natural,artificial_to_real_damage,paderborn,paderborn_n15_m07_f10_ka03_6_multisensor,paderborn_n15_m07_f10_ka03_6,train,KA03,multisensor,current|force|speed|temperature|torque|vibration,N15,M07_F10,n15_m07_f10,bearing_artificial_damage,03,fault,artificial,6,data/raw/paderborn/KA03/N15_M07_F10_KA03_6.mat,False,paderborn_channels_verified
paderborn_artificial_to_natural,artificial_to_real_damage,paderborn,paderborn_n15_m07_f10_ka03_7_multisensor,paderborn_n15_m07_f10_ka03_7,train,KA03,multisensor,current|force|speed|temperature|torque|vibration,N15,M07_F10,n15_m07_f10,bearing_artificial_damage,03,fault,artificial,7,data/raw/paderborn/KA03/N15_M07_F10_KA03_7.mat,False,paderborn_channels_verified
paderborn_artificial_to_natural,artificial_to_real_damage,paderborn,paderborn_n15_m07_f10_ka03_8_multisensor,paderborn_n15_m07_f10_ka03_8,train,KA03,multisensor,current|force|speed|temperature|torque|vibration,N15,M07_F10,n15_m07_f10,bearing_artificial_damage,03,fault,artificial,8,data/raw/paderborn/KA03/N15_M07_F10_KA03_8.mat,False,paderborn_channels_verified
paderborn_artificial_to_natural,artificial_to_real_damage,paderborn,paderborn_n15_m07_f10_ka03_9_multisensor,paderborn_n15_m07_f10_ka03_9,val,KA03,multisensor,current|force|speed|temperature|torque|vibration,N15,M07_F10,n15_m07_f10,bearing_artificial_damage,03,fault,artificial,9,data/raw/paderborn/KA03/N15_M07_F10_KA03_9.mat,False,paderborn_channels_verified
paderborn_artificial_to_natural,artificial_to_real_damage,paderborn,paderborn_n09_m07_f10_ka04_10_multisensor,paderborn_n09_m07_f10_ka04_10,train,KA04,multisensor,current|force|speed|temperature|torque|vibration,N09,M07_F10,n09_m07_f10,bearing_artificial_damage,04,fault,artificial,10,data/raw/paderborn/KA04/N09_M07_F10_KA04_10.mat,False,paderborn_channels_verified
paderborn_artificial_to_natural,artificial_to_real_damage,paderborn,paderborn_n09_m07_f10_ka04_11_multisensor,paderborn_n09_m07_f10_ka04_11,train,KA04,multisensor,current|force|speed|temperature|torque|vibration,N09,M07_F10,n09_m07_f10,bearing_artificial_damage,04,fault,artificial,11,data/raw/paderborn/KA04/N09_M07_F10_KA04_11.mat,False,paderborn_channels_verified
paderborn_artificial_to_natural,artificial_to_real_damage,paderborn,paderborn_n09_m07_f10_ka04_12_multisensor,paderborn_n09_m07_f10_ka04_12,val,KA04,multisensor,current|force|speed|temperature|torque|vibration,N09,M07_F10,n09_m07_f10,bearing_artificial_damage,04,fault,artificial,12,data/raw/paderborn/KA04/N09_M07_F10_KA04_12.mat,False,paderborn_channels_verified
paderborn_artificial_to_natural,artificial_to_real_damage,paderborn,paderborn_n09_m07_f10_ka04_13_multisensor,paderborn_n09_m07_f10_ka04_13,train,KA04,multisensor,current|force|speed|temperature|torque|vibration,N09,M07_F10,n09_m07_f10,bearing_artificial_damage,04,fault,artificial,13,data/raw/paderborn/KA04/N09_M07_F10_KA04_13.mat,False,paderborn_channels_verified
paderborn_artificial_to_natural,artificial_to_real_damage,paderborn,paderborn_n09_m07_f10_ka04_14_multisensor,paderborn_n09_m07_f10_ka04_14,train,KA04,multisensor,current|force|speed|temperature|torque|vibration,N09,M07_F10,n09_m07_f10,bearing_artificial_damage,04,fault,artificial,14,data/raw/paderborn/KA04/N09_M07_F10_KA04_14.mat,False,paderborn_channels_verified
paderborn_artificial_to_natural,artificial_to_real_damage,paderborn,paderborn_n09_m07_f10_ka04_15_multisensor,paderborn_n09_m07_f10_ka04_15,train,KA04,multisensor,current|force|speed|temperature|torque|vibration,N09,M07_F10,n09_m07_f10,bearing_artificial_damage,04,fault,artificial,15,data/raw/paderborn/KA04/N09_M07_F10_KA04_15.mat,False,paderborn_channels_verified
paderborn_artificial_to_natural,artificial_to_real_damage,paderborn,paderborn_n09_m07_f10_ka04_16_multisensor,paderborn_n09_m07_f10_ka04_16,train,KA04,multisensor,current|force|speed|temperature|torque|vibration,N09,M07_F10,n09_m07_f10,bearing_artificial_damage,04,fault,artificial,16,data/raw/paderborn/KA04/N09_M07_F10_KA04_16.mat,False,paderborn_channels_verified
paderborn_artificial_to_natural,artificial_to_real_damage,paderborn,paderborn_n09_m07_f10_ka04_17_multisensor,paderborn_n09_m07_f10_ka04_17,val,KA04,multisensor,current|force|speed|temperature|torque|vibration,N09,M07_F10,n09_m07_f10,bearing_artificial_damage,04,fault,artificial,17,data/raw/paderborn/KA04/N09_M07_F10_KA04_17.mat,False,paderborn_channels_verified
paderborn_artificial_to_natural,artificial_to_real_damage,paderborn,paderborn_n09_m07_f10_ka04_18_multisensor,paderborn_n09_m07_f10_ka04_18,train,KA04,multisensor,current|force|speed|temperature|torque|vibration,N09,M07_F10,n09_m07_f10,bearing_artificial_damage,04,fault,artificial,18,data/raw/paderborn/KA04/N09_M07_F10_KA04_18.mat,False,paderborn_channels_verified
paderborn_artificial_to_natural,artificial_to_real_damage,paderborn,paderborn_n09_m07_f10_ka04_19_multisensor,paderborn_n09_m07_f10_ka04_19,train,KA04,multisensor,current|force|speed|temperature|torque|vibration,N09,M07_F10,n09_m07_f10,bearing_artificial_damage,04,fault,artificial,19,data/raw/paderborn/KA04/N09_M07_F10_KA04_19.mat,False,paderborn_channels_verified
paderborn_artificial_to_natural,artificial_to_real_damage,paderborn,paderborn_n09_m07_f10_ka04_1_multisensor,paderborn_n09_m07_f10_ka04_1,train,KA04,multisensor,current|force|speed|temperature|torque|vibration,N09,M07_F10,n09_m07_f10,bearing_artificial_damage,04,fault,artificial,1,data/raw/paderborn/KA04/N09_M07_F10_KA04_1.mat,False,paderborn_channels_verified
paderborn_artificial_to_natural,artificial_to_real_damage,paderborn,paderborn_n09_m07_f10_ka04_20_multisensor,paderborn_n09_m07_f10_ka04_20,train,KA04,multisensor,current|force|speed|temperature|torque|vibration,N09,M07_F10,n09_m07_f10,bearing_artificial_damage,04,fault,artificial,20,data/raw/paderborn/KA04/N09_M07_F10_KA04_20.mat,False,paderborn_channels_verified
paderborn_artificial_to_natural,artificial_to_real_damage,paderborn,paderborn_n09_m07_f10_ka04_2_multisensor,paderborn_n09_m07_f10_ka04_2,train,KA04,multisensor,current|force|speed|temperature|torque|vibration,N09,M07_F10,n09_m07_f10,bearing_artificial_damage,04,fault,artificial,2,data/raw/paderborn/KA04/N09_M07_F10_KA04_2.mat,False,paderborn_channels_verified
paderborn_artificial_to_natural,artificial_to_real_damage,paderborn,paderborn_n09_m07_f10_ka04_3_multisensor,paderborn_n09_m07_f10_ka04_3,train,KA04,multisensor,current|force|speed|temperature|torque|vibration,N09,M07_F10,n09_m07_f10,bearing_artificial_damage,04,fault,artificial,3,data/raw/paderborn/KA04/N09_M07_F10_KA04_3.mat,False,paderborn_channels_verified
paderborn_artificial_to_natural,artificial_to_real_damage,paderborn,paderborn_n09_m07_f10_ka04_4_multisensor,paderborn_n09_m07_f10_ka04_4,train,KA04,multisensor,current|force|speed|temperature|torque|vibration,N09,M07_F10,n09_m07_f10,bearing_artificial_damage,04,fault,artificial,4,data/raw/paderborn/KA04/N09_M07_F10_KA04_4.mat,False,paderborn_channels_verified
paderborn_artificial_to_natural,artificial_to_real_damage,paderborn,paderborn_n09_m07_f10_ka04_5_multisensor,paderborn_n09_m07_f10_ka04_5,train,KA04,multisensor,current|force|speed|temperature|torque|vibration,N09,M07_F10,n09_m07_f10,bearing_artificial_damage,04,fault,artificial,5,data/raw/paderborn/KA04/N09_M07_F10_KA04_5.mat,False,paderborn_channels_verified
paderborn_artificial_to_natural,artificial_to_real_damage,paderborn,paderborn_n09_m07_f10_ka04_6_multisensor,paderborn_n09_m07_f10_ka04_6,train,KA04,multisensor,current|force|speed|temperature|torque|vibration,N09,M07_F10,n09_m07_f10,bearing_artificial_damage,04,fault,artificial,6,data/raw/paderborn/KA04/N09_M07_F10_KA04_6.mat,False,paderborn_channels_verified
paderborn_artificial_to_natural,artificial_to_real_damage,paderborn,paderborn_n09_m07_f10_ka04_7_multisensor,paderborn_n09_m07_f10_ka04_7,train,KA04,multisensor,current|force|speed|temperature|torque|vibration,N09,M07_F10,n09_m07_f10,bearing_artificial_damage,04,fault,artificial,7,data/raw/paderborn/KA04/N09_M07_F10_KA04_7.mat,False,paderborn_channels_verified
paderborn_artificial_to_natural,artificial_to_real_damage,paderborn,paderborn_n09_m07_f10_ka04_8_multisensor,paderborn_n09_m07_f10_ka04_8,train,KA04,multisensor,current|force|speed|temperature|torque|vibration,N09,M07_F10,n09_m07_f10,bearing_artificial_damage,04,fault,artificial,8,data/raw/paderborn/KA04/N09_M07_F10_KA04_8.mat,False,paderborn_channels_verified
paderborn_artificial_to_natural,artificial_to_real_damage,paderborn,paderborn_n09_m07_f10_ka04_9_multisensor,paderborn_n09_m07_f10_ka04_9,train,KA04,multisensor,current|force|speed|temperature|torque|vibration,N09,M07_F10,n09_m07_f10,bearing_artificial_damage,04,fault,artificial,9,data/raw/paderborn/KA04/N09_M07_F10_KA04_9.mat,False,paderborn_channels_verified
paderborn_artificial_to_natural,artificial_to_real_damage,paderborn,paderborn_n15_m01_f10_ka04_10_multisensor,paderborn_n15_m01_f10_ka04_10,train,KA04,multisensor,current|force|speed|temperature|torque|vibration,N15,M01_F10,n15_m01_f10,bearing_artificial_damage,04,fault,artificial,10,data/raw/paderborn/KA04/N15_M01_F10_KA04_10.mat,False,paderborn_channels_verified
paderborn_artificial_to_natural,artificial_to_real_damage,paderborn,paderborn_n15_m01_f10_ka04_11_multisensor,paderborn_n15_m01_f10_ka04_11,val,KA04,multisensor,current|force|speed|temperature|torque|vibration,N15,M01_F10,n15_m01_f10,bearing_artificial_damage,04,fault,artificial,11,data/raw/paderborn/KA04/N15_M01_F10_KA04_11.mat,False,paderborn_channels_verified
paderborn_artificial_to_natural,artificial_to_real_damage,paderborn,paderborn_n15_m01_f10_ka04_12_multisensor,paderborn_n15_m01_f10_ka04_12,train,KA04,multisensor,current|force|speed|temperature|torque|vibration,N15,M01_F10,n15_m01_f10,bearing_artificial_damage,04,fault,artificial,12,data/raw/paderborn/KA04/N15_M01_F10_KA04_12.mat,False,paderborn_channels_verified
paderborn_artificial_to_natural,artificial_to_real_damage,paderborn,paderborn_n15_m01_f10_ka04_13_multisensor,paderborn_n15_m01_f10_ka04_13,train,KA04,multisensor,current|force|speed|temperature|torque|vibration,N15,M01_F10,n15_m01_f10,bearing_artificial_damage,04,fault,artificial,13,data/raw/paderborn/KA04/N15_M01_F10_KA04_13.mat,False,paderborn_channels_verified
paderborn_artificial_to_natural,artificial_to_real_damage,paderborn,paderborn_n15_m01_f10_ka04_14_multisensor,paderborn_n15_m01_f10_ka04_14,train,KA04,multisensor,current|force|speed|temperature|torque|vibration,N15,M01_F10,n15_m01_f10,bearing_artificial_damage,04,fault,artificial,14,data/raw/paderborn/KA04/N15_M01_F10_KA04_14.mat,False,paderborn_channels_verified
paderborn_artificial_to_natural,artificial_to_real_damage,paderborn,paderborn_n15_m01_f10_ka04_15_multisensor,paderborn_n15_m01_f10_ka04_15,train,KA04,multisensor,current|force|speed|temperature|torque|vibration,N15,M01_F10,n15_m01_f10,bearing_artificial_damage,04,fault,artificial,15,data/raw/paderborn/KA04/N15_M01_F10_KA04_15.mat,False,paderborn_channels_verified
paderborn_artificial_to_natural,artificial_to_real_damage,paderborn,paderborn_n15_m01_f10_ka04_16_multisensor,paderborn_n15_m01_f10_ka04_16,train,KA04,multisensor,current|force|speed|temperature|torque|vibration,N15,M01_F10,n15_m01_f10,bearing_artificial_damage,04,fault,artificial,16,data/raw/paderborn/KA04/N15_M01_F10_KA04_16.mat,False,paderborn_channels_verified
paderborn_artificial_to_natural,artificial_to_real_damage,paderborn,paderborn_n15_m01_f10_ka04_17_multisensor,paderborn_n15_m01_f10_ka04_17,train,KA04,multisensor,current|force|speed|temperature|torque|vibration,N15,M01_F10,n15_m01_f10,bearing_artificial_damage,04,fault,artificial,17,data/raw/paderborn/KA04/N15_M01_F10_KA04_17.mat,False,paderborn_channels_verified
paderborn_artificial_to_natural,artificial_to_real_damage,paderborn,paderborn_n15_m01_f10_ka04_18_multisensor,paderborn_n15_m01_f10_ka04_18,train,KA04,multisensor,current|force|speed|temperature|torque|vibration,N15,M01_F10,n15_m01_f10,bearing_artificial_damage,04,fault,artificial,18,data/raw/paderborn/KA04/N15_M01_F10_KA04_18.mat,False,paderborn_channels_verified
paderborn_artificial_to_natural,artificial_to_real_damage,paderborn,paderborn_n15_m01_f10_ka04_19_multisensor,paderborn_n15_m01_f10_ka04_19,train,KA04,multisensor,current|force|speed|temperature|torque|vibration,N15,M01_F10,n15_m01_f10,bearing_artificial_damage,04,fault,artificial,19,data/raw/paderborn/KA04/N15_M01_F10_KA04_19.mat,False,paderborn_channels_verified
paderborn_artificial_to_natural,artificial_to_real_damage,paderborn,paderborn_n15_m01_f10_ka04_1_multisensor,paderborn_n15_m01_f10_ka04_1,train,KA04,multisensor,current|force|speed|temperature|torque|vibration,N15,M01_F10,n15_m01_f10,bearing_artificial_damage,04,fault,artificial,1,data/raw/paderborn/KA04/N15_M01_F10_KA04_1.mat,False,paderborn_channels_verified
paderborn_artificial_to_natural,artificial_to_real_damage,paderborn,paderborn_n15_m01_f10_ka04_20_multisensor,paderborn_n15_m01_f10_ka04_20,train,KA04,multisensor,current|force|speed|temperature|torque|vibration,N15,M01_F10,n15_m01_f10,bearing_artificial_damage,04,fault,artificial,20,data/raw/paderborn/KA04/N15_M01_F10_KA04_20.mat,False,paderborn_channels_verified
paderborn_artificial_to_natural,artificial_to_real_damage,paderborn,paderborn_n15_m01_f10_ka04_2_multisensor,paderborn_n15_m01_f10_ka04_2,val,KA04,multisensor,current|force|speed|temperature|torque|vibration,N15,M01_F10,n15_m01_f10,bearing_artificial_damage,04,fault,artificial,2,data/raw/paderborn/KA04/N15_M01_F10_KA04_2.mat,False,paderborn_channels_verified
paderborn_artificial_to_natural,artificial_to_real_damage,paderborn,paderborn_n15_m01_f10_ka04_3_multisensor,paderborn_n15_m01_f10_ka04_3,val,KA04,multisensor,current|force|speed|temperature|torque|vibration,N15,M01_F10,n15_m01_f10,bearing_artificial_damage,04,fault,artificial,3,data/raw/paderborn/KA04/N15_M01_F10_KA04_3.mat,False,paderborn_channels_verified
paderborn_artificial_to_natural,artificial_to_real_damage,paderborn,paderborn_n15_m01_f10_ka04_4_multisensor,paderborn_n15_m01_f10_ka04_4,train,KA04,multisensor,current|force|speed|temperature|torque|vibration,N15,M01_F10,n15_m01_f10,bearing_artificial_damage,04,fault,artificial,4,data/raw/paderborn/KA04/N15_M01_F10_KA04_4.mat,False,paderborn_channels_verified
paderborn_artificial_to_natural,artificial_to_real_damage,paderborn,paderborn_n15_m01_f10_ka04_5_multisensor,paderborn_n15_m01_f10_ka04_5,train,KA04,multisensor,current|force|speed|temperature|torque|vibration,N15,M01_F10,n15_m01_f10,bearing_artificial_damage,04,fault,artificial,5,data/raw/paderborn/KA04/N15_M01_F10_KA04_5.mat,False,paderborn_channels_verified
paderborn_artificial_to_natural,artificial_to_real_damage,paderborn,paderborn_n15_m01_f10_ka04_6_multisensor,paderborn_n15_m01_f10_ka04_6,train,KA04,multisensor,current|force|speed|temperature|torque|vibration,N15,M01_F10,n15_m01_f10,bearing_artificial_damage,04,fault,artificial,6,data/raw/paderborn/KA04/N15_M01_F10_KA04_6.mat,False,paderborn_channels_verified
paderborn_artificial_to_natural,artificial_to_real_damage,paderborn,paderborn_n15_m01_f10_ka04_7_multisensor,paderborn_n15_m01_f10_ka04_7,train,KA04,multisensor,current|force|speed|temperature|torque|vibration,N15,M01_F10,n15_m01_f10,bearing_artificial_damage,04,fault,artificial,7,data/raw/paderborn/KA04/N15_M01_F10_KA04_7.mat,False,paderborn_channels_verified
paderborn_artificial_to_natural,artificial_to_real_damage,paderborn,paderborn_n15_m01_f10_ka04_8_multisensor,paderborn_n15_m01_f10_ka04_8,val,KA04,multisensor,current|force|speed|temperature|torque|vibration,N15,M01_F10,n15_m01_f10,bearing_artificial_damage,04,fault,artificial,8,data/raw/paderborn/KA04/N15_M01_F10_KA04_8.mat,False,paderborn_channels_verified
paderborn_artificial_to_natural,artificial_to_real_damage,paderborn,paderborn_n15_m01_f10_ka04_9_multisensor,paderborn_n15_m01_f10_ka04_9,train,KA04,multisensor,current|force|speed|temperature|torque|vibration,N15,M01_F10,n15_m01_f10,bearing_artificial_damage,04,fault,artificial,9,data/raw/paderborn/KA04/N15_M01_F10_KA04_9.mat,False,paderborn_channels_verified
paderborn_artificial_to_natural,artificial_to_real_damage,paderborn,paderborn_n15_m07_f04_ka04_10_multisensor,paderborn_n15_m07_f04_ka04_10,train,KA04,multisensor,current|force|speed|temperature|torque|vibration,N15,M07_F04,n15_m07_f04,bearing_artificial_damage,04,fault,artificial,10,data/raw/paderborn/KA04/N15_M07_F04_KA04_10.mat,False,paderborn_channels_verified
paderborn_artificial_to_natural,artificial_to_real_damage,paderborn,paderborn_n15_m07_f04_ka04_11_multisensor,paderborn_n15_m07_f04_ka04_11,train,KA04,multisensor,current|force|speed|temperature|torque|vibration,N15,M07_F04,n15_m07_f04,bearing_artificial_damage,04,fault,artificial,11,data/raw/paderborn/KA04/N15_M07_F04_KA04_11.mat,False,paderborn_channels_verified
paderborn_artificial_to_natural,artificial_to_real_damage,paderborn,paderborn_n15_m07_f04_ka04_12_multisensor,paderborn_n15_m07_f04_ka04_12,train,KA04,multisensor,current|force|speed|temperature|torque|vibration,N15,M07_F04,n15_m07_f04,bearing_artificial_damage,04,fault,artificial,12,data/raw/paderborn/KA04/N15_M07_F04_KA04_12.mat,False,paderborn_channels_verified
paderborn_artificial_to_natural,artificial_to_real_damage,paderborn,paderborn_n15_m07_f04_ka04_13_multisensor,paderborn_n15_m07_f04_ka04_13,train,KA04,multisensor,current|force|speed|temperature|torque|vibration,N15,M07_F04,n15_m07_f04,bearing_artificial_damage,04,fault,artificial,13,data/raw/paderborn/KA04/N15_M07_F04_KA04_13.mat,False,paderborn_channels_verified
paderborn_artificial_to_natural,artificial_to_real_damage,paderborn,paderborn_n15_m07_f04_ka04_14_multisensor,paderborn_n15_m07_f04_ka04_14,train,KA04,multisensor,current|force|speed|temperature|torque|vibration,N15,M07_F04,n15_m07_f04,bearing_artificial_damage,04,fault,artificial,14,data/raw/paderborn/KA04/N15_M07_F04_KA04_14.mat,False,paderborn_channels_verified
paderborn_artificial_to_natural,artificial_to_real_damage,paderborn,paderborn_n15_m07_f04_ka04_15_multisensor,paderborn_n15_m07_f04_ka04_15,train,KA04,multisensor,current|force|speed|temperature|torque|vibration,N15,M07_F04,n15_m07_f04,bearing_artificial_damage,04,fault,artificial,15,data/raw/paderborn/KA04/N15_M07_F04_KA04_15.mat,False,paderborn_channels_verified
paderborn_artificial_to_natural,artificial_to_real_damage,paderborn,paderborn_n15_m07_f04_ka04_16_multisensor,paderborn_n15_m07_f04_ka04_16,train,KA04,multisensor,current|force|speed|temperature|torque|vibration,N15,M07_F04,n15_m07_f04,bearing_artificial_damage,04,fault,artificial,16,data/raw/paderborn/KA04/N15_M07_F04_KA04_16.mat,False,paderborn_channels_verified
paderborn_artificial_to_natural,artificial_to_real_damage,paderborn,paderborn_n15_m07_f04_ka04_17_multisensor,paderborn_n15_m07_f04_ka04_17,val,KA04,multisensor,current|force|speed|temperature|torque|vibration,N15,M07_F04,n15_m07_f04,bearing_artificial_damage,04,fault,artificial,17,data/raw/paderborn/KA04/N15_M07_F04_KA04_17.mat,False,paderborn_channels_verified
paderborn_artificial_to_natural,artificial_to_real_damage,paderborn,paderborn_n15_m07_f04_ka04_18_multisensor,paderborn_n15_m07_f04_ka04_18,train,KA04,multisensor,current|force|speed|temperature|torque|vibration,N15,M07_F04,n15_m07_f04,bearing_artificial_damage,04,fault,artificial,18,data/raw/paderborn/KA04/N15_M07_F04_KA04_18.mat,False,paderborn_channels_verified
paderborn_artificial_to_natural,artificial_to_real_damage,paderborn,paderborn_n15_m07_f04_ka04_19_multisensor,paderborn_n15_m07_f04_ka04_19,train,KA04,multisensor,current|force|speed|temperature|torque|vibration,N15,M07_F04,n15_m07_f04,bearing_artificial_damage,04,fault,artificial,19,data/raw/paderborn/KA04/N15_M07_F04_KA04_19.mat,False,paderborn_channels_verified
paderborn_artificial_to_natural,artificial_to_real_damage,paderborn,paderborn_n15_m07_f04_ka04_1_multisensor,paderborn_n15_m07_f04_ka04_1,val,KA04,multisensor,current|force|speed|temperature|torque|vibration,N15,M07_F04,n15_m07_f04,bearing_artificial_damage,04,fault,artificial,1,data/raw/paderborn/KA04/N15_M07_F04_KA04_1.mat,False,paderborn_channels_verified
paderborn_artificial_to_natural,artificial_to_real_damage,paderborn,paderborn_n15_m07_f04_ka04_20_multisensor,paderborn_n15_m07_f04_ka04_20,train,KA04,multisensor,current|force|speed|temperature|torque|vibration,N15,M07_F04,n15_m07_f04,bearing_artificial_damage,04,fault,artificial,20,data/raw/paderborn/KA04/N15_M07_F04_KA04_20.mat,False,paderborn_channels_verified
paderborn_artificial_to_natural,artificial_to_real_damage,paderborn,paderborn_n15_m07_f04_ka04_2_multisensor,paderborn_n15_m07_f04_ka04_2,val,KA04,multisensor,current|force|speed|temperature|torque|vibration,N15,M07_F04,n15_m07_f04,bearing_artificial_damage,04,fault,artificial,2,data/raw/paderborn/KA04/N15_M07_F04_KA04_2.mat,False,paderborn_channels_verified
paderborn_artificial_to_natural,artificial_to_real_damage,paderborn,paderborn_n15_m07_f04_ka04_3_multisensor,paderborn_n15_m07_f04_ka04_3,train,KA04,multisensor,current|force|speed|temperature|torque|vibration,N15,M07_F04,n15_m07_f04,bearing_artificial_damage,04,fault,artificial,3,data/raw/paderborn/KA04/N15_M07_F04_KA04_3.mat,False,paderborn_channels_verified
paderborn_artificial_to_natural,artificial_to_real_damage,paderborn,paderborn_n15_m07_f04_ka04_4_multisensor,paderborn_n15_m07_f04_ka04_4,train,KA04,multisensor,current|force|speed|temperature|torque|vibration,N15,M07_F04,n15_m07_f04,bearing_artificial_damage,04,fault,artificial,4,data/raw/paderborn/KA04/N15_M07_F04_KA04_4.mat,False,paderborn_channels_verified
paderborn_artificial_to_natural,artificial_to_real_damage,paderborn,paderborn_n15_m07_f04_ka04_5_multisensor,paderborn_n15_m07_f04_ka04_5,train,KA04,multisensor,current|force|speed|temperature|torque|vibration,N15,M07_F04,n15_m07_f04,bearing_artificial_damage,04,fault,artificial,5,data/raw/paderborn/KA04/N15_M07_F04_KA04_5.mat,False,paderborn_channels_verified
paderborn_artificial_to_natural,artificial_to_real_damage,paderborn,paderborn_n15_m07_f04_ka04_6_multisensor,paderborn_n15_m07_f04_ka04_6,train,KA04,multisensor,current|force|speed|temperature|torque|vibration,N15,M07_F04,n15_m07_f04,bearing_artificial_damage,04,fault,artificial,6,data/raw/paderborn/KA04/N15_M07_F04_KA04_6.mat,False,paderborn_channels_verified
paderborn_artificial_to_natural,artificial_to_real_damage,paderborn,paderborn_n15_m07_f04_ka04_7_multisensor,paderborn_n15_m07_f04_ka04_7,train,KA04,multisensor,current|force|speed|temperature|torque|vibration,N15,M07_F04,n15_m07_f04,bearing_artificial_damage,04,fault,artificial,7,data/raw/paderborn/KA04/N15_M07_F04_KA04_7.mat,False,paderborn_channels_verified
paderborn_artificial_to_natural,artificial_to_real_damage,paderborn,paderborn_n15_m07_f04_ka04_8_multisensor,paderborn_n15_m07_f04_ka04_8,train,KA04,multisensor,current|force|speed|temperature|torque|vibration,N15,M07_F04,n15_m07_f04,bearing_artificial_damage,04,fault,artificial,8,data/raw/paderborn/KA04/N15_M07_F04_KA04_8.mat,False,paderborn_channels_verified
paderborn_artificial_to_natural,artificial_to_real_damage,paderborn,paderborn_n15_m07_f04_ka04_9_multisensor,paderborn_n15_m07_f04_ka04_9,train,KA04,multisensor,current|force|speed|temperature|torque|vibration,N15,M07_F04,n15_m07_f04,bearing_artificial_damage,04,fault,artificial,9,data/raw/paderborn/KA04/N15_M07_F04_KA04_9.mat,False,paderborn_channels_verified
paderborn_artificial_to_natural,artificial_to_real_damage,paderborn,paderborn_n15_m07_f10_ka04_10_multisensor,paderborn_n15_m07_f10_ka04_10,train,KA04,multisensor,current|force|speed|temperature|torque|vibration,N15,M07_F10,n15_m07_f10,bearing_artificial_damage,04,fault,artificial,10,data/raw/paderborn/KA04/N15_M07_F10_KA04_10.mat,False,paderborn_channels_verified
paderborn_artificial_to_natural,artificial_to_real_damage,paderborn,paderborn_n15_m07_f10_ka04_11_multisensor,paderborn_n15_m07_f10_ka04_11,train,KA04,multisensor,current|force|speed|temperature|torque|vibration,N15,M07_F10,n15_m07_f10,bearing_artificial_damage,04,fault,artificial,11,data/raw/paderborn/KA04/N15_M07_F10_KA04_11.mat,False,paderborn_channels_verified
paderborn_artificial_to_natural,artificial_to_real_damage,paderborn,paderborn_n15_m07_f10_ka04_12_multisensor,paderborn_n15_m07_f10_ka04_12,train,KA04,multisensor,current|force|speed|temperature|torque|vibration,N15,M07_F10,n15_m07_f10,bearing_artificial_damage,04,fault,artificial,12,data/raw/paderborn/KA04/N15_M07_F10_KA04_12.mat,False,paderborn_channels_verified
paderborn_artificial_to_natural,artificial_to_real_damage,paderborn,paderborn_n15_m07_f10_ka04_13_multisensor,paderborn_n15_m07_f10_ka04_13,train,KA04,multisensor,current|force|speed|temperature|torque|vibration,N15,M07_F10,n15_m07_f10,bearing_artificial_damage,04,fault,artificial,13,data/raw/paderborn/KA04/N15_M07_F10_KA04_13.mat,False,paderborn_channels_verified
paderborn_artificial_to_natural,artificial_to_real_damage,paderborn,paderborn_n15_m07_f10_ka04_14_multisensor,paderborn_n15_m07_f10_ka04_14,val,KA04,multisensor,current|force|speed|temperature|torque|vibration,N15,M07_F10,n15_m07_f10,bearing_artificial_damage,04,fault,artificial,14,data/raw/paderborn/KA04/N15_M07_F10_KA04_14.mat,False,paderborn_channels_verified
paderborn_artificial_to_natural,artificial_to_real_damage,paderborn,paderborn_n15_m07_f10_ka04_15_multisensor,paderborn_n15_m07_f10_ka04_15,train,KA04,multisensor,current|force|speed|temperature|torque|vibration,N15,M07_F10,n15_m07_f10,bearing_artificial_damage,04,fault,artificial,15,data/raw/paderborn/KA04/N15_M07_F10_KA04_15.mat,False,paderborn_channels_verified
paderborn_artificial_to_natural,artificial_to_real_damage,paderborn,paderborn_n15_m07_f10_ka04_16_multisensor,paderborn_n15_m07_f10_ka04_16,train,KA04,multisensor,current|force|speed|temperature|torque|vibration,N15,M07_F10,n15_m07_f10,bearing_artificial_damage,04,fault,artificial,16,data/raw/paderborn/KA04/N15_M07_F10_KA04_16.mat,False,paderborn_channels_verified
paderborn_artificial_to_natural,artificial_to_real_damage,paderborn,paderborn_n15_m07_f10_ka04_17_multisensor,paderborn_n15_m07_f10_ka04_17,train,KA04,multisensor,current|force|speed|temperature|torque|vibration,N15,M07_F10,n15_m07_f10,bearing_artificial_damage,04,fault,artificial,17,data/raw/paderborn/KA04/N15_M07_F10_KA04_17.mat,False,paderborn_channels_verified
paderborn_artificial_to_natural,artificial_to_real_damage,paderborn,paderborn_n15_m07_f10_ka04_18_multisensor,paderborn_n15_m07_f10_ka04_18,train,KA04,multisensor,current|force|speed|temperature|torque|vibration,N15,M07_F10,n15_m07_f10,bearing_artificial_damage,04,fault,artificial,18,data/raw/paderborn/KA04/N15_M07_F10_KA04_18.mat,False,paderborn_channels_verified
paderborn_artificial_to_natural,artificial_to_real_damage,paderborn,paderborn_n15_m07_f10_ka04_19_multisensor,paderborn_n15_m07_f10_ka04_19,train,KA04,multisensor,current|force|speed|temperature|torque|vibration,N15,M07_F10,n15_m07_f10,bearing_artificial_damage,04,fault,artificial,19,data/raw/paderborn/KA04/N15_M07_F10_KA04_19.mat,False,paderborn_channels_verified
paderborn_artificial_to_natural,artificial_to_real_damage,paderborn,paderborn_n15_m07_f10_ka04_1_multisensor,paderborn_n15_m07_f10_ka04_1,val,KA04,multisensor,current|force|speed|temperature|torque|vibration,N15,M07_F10,n15_m07_f10,bearing_artificial_damage,04,fault,artificial,1,data/raw/paderborn/KA04/N15_M07_F10_KA04_1.mat,False,paderborn_channels_verified
paderborn_artificial_to_natural,artificial_to_real_damage,paderborn,paderborn_n15_m07_f10_ka04_20_multisensor,paderborn_n15_m07_f10_ka04_20,val,KA04,multisensor,current|force|speed|temperature|torque|vibration,N15,M07_F10,n15_m07_f10,bearing_artificial_damage,04,fault,artificial,20,data/raw/paderborn/KA04/N15_M07_F10_KA04_20.mat,False,paderborn_channels_verified
paderborn_artificial_to_natural,artificial_to_real_damage,paderborn,paderborn_n15_m07_f10_ka04_2_multisensor,paderborn_n15_m07_f10_ka04_2,train,KA04,multisensor,current|force|speed|temperature|torque|vibration,N15,M07_F10,n15_m07_f10,bearing_artificial_damage,04,fault,artificial,2,data/raw/paderborn/KA04/N15_M07_F10_KA04_2.mat,False,paderborn_channels_verified
paderborn_artificial_to_natural,artificial_to_real_damage,paderborn,paderborn_n15_m07_f10_ka04_3_multisensor,paderborn_n15_m07_f10_ka04_3,val,KA04,multisensor,current|force|speed|temperature|torque|vibration,N15,M07_F10,n15_m07_f10,bearing_artificial_damage,04,fault,artificial,3,data/raw/paderborn/KA04/N15_M07_F10_KA04_3.mat,False,paderborn_channels_verified
paderborn_artificial_to_natural,artificial_to_real_damage,paderborn,paderborn_n15_m07_f10_ka04_4_multisensor,paderborn_n15_m07_f10_ka04_4,train,KA04,multisensor,current|force|speed|temperature|torque|vibration,N15,M07_F10,n15_m07_f10,bearing_artificial_damage,04,fault,artificial,4,data/raw/paderborn/KA04/N15_M07_F10_KA04_4.mat,False,paderborn_channels_verified
paderborn_artificial_to_natural,artificial_to_real_damage,paderborn,paderborn_n15_m07_f10_ka04_5_multisensor,paderborn_n15_m07_f10_ka04_5,train,KA04,multisensor,current|force|speed|temperature|torque|vibration,N15,M07_F10,n15_m07_f10,bearing_artificial_damage,04,fault,artificial,5,data/raw/paderborn/KA04/N15_M07_F10_KA04_5.mat,False,paderborn_channels_verified
paderborn_artificial_to_natural,artificial_to_real_damage,paderborn,paderborn_n15_m07_f10_ka04_6_multisensor,paderborn_n15_m07_f10_ka04_6,train,KA04,multisensor,current|force|speed|temperature|torque|vibration,N15,M07_F10,n15_m07_f10,bearing_artificial_damage,04,fault,artificial,6,data/raw/paderborn/KA04/N15_M07_F10_KA04_6.mat,False,paderborn_channels_verified
paderborn_artificial_to_natural,artificial_to_real_damage,paderborn,paderborn_n15_m07_f10_ka04_7_multisensor,paderborn_n15_m07_f10_ka04_7,train,KA04,multisensor,current|force|speed|temperature|torque|vibration,N15,M07_F10,n15_m07_f10,bearing_artificial_damage,04,fault,artificial,7,data/raw/paderborn/KA04/N15_M07_F10_KA04_7.mat,False,paderborn_channels_verified
paderborn_artificial_to_natural,artificial_to_real_damage,paderborn,paderborn_n15_m07_f10_ka04_8_multisensor,paderborn_n15_m07_f10_ka04_8,train,KA04,multisensor,current|force|speed|temperature|torque|vibration,N15,M07_F10,n15_m07_f10,bearing_artificial_damage,04,fault,artificial,8,data/raw/paderborn/KA04/N15_M07_F10_KA04_8.mat,False,paderborn_channels_verified
paderborn_artificial_to_natural,artificial_to_real_damage,paderborn,paderborn_n15_m07_f10_ka04_9_multisensor,paderborn_n15_m07_f10_ka04_9,train,KA04,multisensor,current|force|speed|temperature|torque|vibration,N15,M07_F10,n15_m07_f10,bearing_artificial_damage,04,fault,artificial,9,data/raw/paderborn/KA04/N15_M07_F10_KA04_9.mat,False,paderborn_channels_verified
paderborn_artificial_to_natural,artificial_to_real_damage,paderborn,paderborn_n09_m07_f10_ka05_10_multisensor,paderborn_n09_m07_f10_ka05_10,train,KA05,multisensor,current|force|speed|temperature|torque|vibration,N09,M07_F10,n09_m07_f10,bearing_artificial_damage,05,fault,artificial,10,data/raw/paderborn/KA05/N09_M07_F10_KA05_10.mat,False,paderborn_channels_verified
paderborn_artificial_to_natural,artificial_to_real_damage,paderborn,paderborn_n09_m07_f10_ka05_11_multisensor,paderborn_n09_m07_f10_ka05_11,train,KA05,multisensor,current|force|speed|temperature|torque|vibration,N09,M07_F10,n09_m07_f10,bearing_artificial_damage,05,fault,artificial,11,data/raw/paderborn/KA05/N09_M07_F10_KA05_11.mat,False,paderborn_channels_verified
paderborn_artificial_to_natural,artificial_to_real_damage,paderborn,paderborn_n09_m07_f10_ka05_12_multisensor,paderborn_n09_m07_f10_ka05_12,train,KA05,multisensor,current|force|speed|temperature|torque|vibration,N09,M07_F10,n09_m07_f10,bearing_artificial_damage,05,fault,artificial,12,data/raw/paderborn/KA05/N09_M07_F10_KA05_12.mat,False,paderborn_channels_verified
paderborn_artificial_to_natural,artificial_to_real_damage,paderborn,paderborn_n09_m07_f10_ka05_13_multisensor,paderborn_n09_m07_f10_ka05_13,train,KA05,multisensor,current|force|speed|temperature|torque|vibration,N09,M07_F10,n09_m07_f10,bearing_artificial_damage,05,fault,artificial,13,data/raw/paderborn/KA05/N09_M07_F10_KA05_13.mat,False,paderborn_channels_verified
paderborn_artificial_to_natural,artificial_to_real_damage,paderborn,paderborn_n09_m07_f10_ka05_14_multisensor,paderborn_n09_m07_f10_ka05_14,train,KA05,multisensor,current|force|speed|temperature|torque|vibration,N09,M07_F10,n09_m07_f10,bearing_artificial_damage,05,fault,artificial,14,data/raw/paderborn/KA05/N09_M07_F10_KA05_14.mat,False,paderborn_channels_verified
paderborn_artificial_to_natural,artificial_to_real_damage,paderborn,paderborn_n09_m07_f10_ka05_15_multisensor,paderborn_n09_m07_f10_ka05_15,train,KA05,multisensor,current|force|speed|temperature|torque|vibration,N09,M07_F10,n09_m07_f10,bearing_artificial_damage,05,fault,artificial,15,data/raw/paderborn/KA05/N09_M07_F10_KA05_15.mat,False,paderborn_channels_verified
paderborn_artificial_to_natural,artificial_to_real_damage,paderborn,paderborn_n09_m07_f10_ka05_16_multisensor,paderborn_n09_m07_f10_ka05_16,train,KA05,multisensor,current|force|speed|temperature|torque|vibration,N09,M07_F10,n09_m07_f10,bearing_artificial_damage,05,fault,artificial,16,data/raw/paderborn/KA05/N09_M07_F10_KA05_16.mat,False,paderborn_channels_verified
paderborn_artificial_to_natural,artificial_to_real_damage,paderborn,paderborn_n09_m07_f10_ka05_17_multisensor,paderborn_n09_m07_f10_ka05_17,train,KA05,multisensor,current|force|speed|temperature|torque|vibration,N09,M07_F10,n09_m07_f10,bearing_artificial_damage,05,fault,artificial,17,data/raw/paderborn/KA05/N09_M07_F10_KA05_17.mat,False,paderborn_channels_verified
paderborn_artificial_to_natural,artificial_to_real_damage,paderborn,paderborn_n09_m07_f10_ka05_18_multisensor,paderborn_n09_m07_f10_ka05_18,train,KA05,multisensor,current|force|speed|temperature|torque|vibration,N09,M07_F10,n09_m07_f10,bearing_artificial_damage,05,fault,artificial,18,data/raw/paderborn/KA05/N09_M07_F10_KA05_18.mat,False,paderborn_channels_verified
paderborn_artificial_to_natural,artificial_to_real_damage,paderborn,paderborn_n09_m07_f10_ka05_19_multisensor,paderborn_n09_m07_f10_ka05_19,train,KA05,multisensor,current|force|speed|temperature|torque|vibration,N09,M07_F10,n09_m07_f10,bearing_artificial_damage,05,fault,artificial,19,data/raw/paderborn/KA05/N09_M07_F10_KA05_19.mat,False,paderborn_channels_verified
paderborn_artificial_to_natural,artificial_to_real_damage,paderborn,paderborn_n09_m07_f10_ka05_1_multisensor,paderborn_n09_m07_f10_ka05_1,train,KA05,multisensor,current|force|speed|temperature|torque|vibration,N09,M07_F10,n09_m07_f10,bearing_artificial_damage,05,fault,artificial,1,data/raw/paderborn/KA05/N09_M07_F10_KA05_1.mat,False,paderborn_channels_verified
paderborn_artificial_to_natural,artificial_to_real_damage,paderborn,paderborn_n09_m07_f10_ka05_20_multisensor,paderborn_n09_m07_f10_ka05_20,train,KA05,multisensor,current|force|speed|temperature|torque|vibration,N09,M07_F10,n09_m07_f10,bearing_artificial_damage,05,fault,artificial,20,data/raw/paderborn/KA05/N09_M07_F10_KA05_20.mat,False,paderborn_channels_verified
paderborn_artificial_to_natural,artificial_to_real_damage,paderborn,paderborn_n09_m07_f10_ka05_2_multisensor,paderborn_n09_m07_f10_ka05_2,train,KA05,multisensor,current|force|speed|temperature|torque|vibration,N09,M07_F10,n09_m07_f10,bearing_artificial_damage,05,fault,artificial,2,data/raw/paderborn/KA05/N09_M07_F10_KA05_2.mat,False,paderborn_channels_verified
paderborn_artificial_to_natural,artificial_to_real_damage,paderborn,paderborn_n09_m07_f10_ka05_3_multisensor,paderborn_n09_m07_f10_ka05_3,train,KA05,multisensor,current|force|speed|temperature|torque|vibration,N09,M07_F10,n09_m07_f10,bearing_artificial_damage,05,fault,artificial,3,data/raw/paderborn/KA05/N09_M07_F10_KA05_3.mat,False,paderborn_channels_verified
paderborn_artificial_to_natural,artificial_to_real_damage,paderborn,paderborn_n09_m07_f10_ka05_4_multisensor,paderborn_n09_m07_f10_ka05_4,train,KA05,multisensor,current|force|speed|temperature|torque|vibration,N09,M07_F10,n09_m07_f10,bearing_artificial_damage,05,fault,artificial,4,data/raw/paderborn/KA05/N09_M07_F10_KA05_4.mat,False,paderborn_channels_verified
paderborn_artificial_to_natural,artificial_to_real_damage,paderborn,paderborn_n09_m07_f10_ka05_5_multisensor,paderborn_n09_m07_f10_ka05_5,val,KA05,multisensor,current|force|speed|temperature|torque|vibration,N09,M07_F10,n09_m07_f10,bearing_artificial_damage,05,fault,artificial,5,data/raw/paderborn/KA05/N09_M07_F10_KA05_5.mat,False,paderborn_channels_verified
paderborn_artificial_to_natural,artificial_to_real_damage,paderborn,paderborn_n09_m07_f10_ka05_6_multisensor,paderborn_n09_m07_f10_ka05_6,train,KA05,multisensor,current|force|speed|temperature|torque|vibration,N09,M07_F10,n09_m07_f10,bearing_artificial_damage,05,fault,artificial,6,data/raw/paderborn/KA05/N09_M07_F10_KA05_6.mat,False,paderborn_channels_verified
paderborn_artificial_to_natural,artificial_to_real_damage,paderborn,paderborn_n09_m07_f10_ka05_7_multisensor,paderborn_n09_m07_f10_ka05_7,train,KA05,multisensor,current|force|speed|temperature|torque|vibration,N09,M07_F10,n09_m07_f10,bearing_artificial_damage,05,fault,artificial,7,data/raw/paderborn/KA05/N09_M07_F10_KA05_7.mat,False,paderborn_channels_verified
paderborn_artificial_to_natural,artificial_to_real_damage,paderborn,paderborn_n09_m07_f10_ka05_8_multisensor,paderborn_n09_m07_f10_ka05_8,train,KA05,multisensor,current|force|speed|temperature|torque|vibration,N09,M07_F10,n09_m07_f10,bearing_artificial_damage,05,fault,artificial,8,data/raw/paderborn/KA05/N09_M07_F10_KA05_8.mat,False,paderborn_channels_verified
paderborn_artificial_to_natural,artificial_to_real_damage,paderborn,paderborn_n09_m07_f10_ka05_9_multisensor,paderborn_n09_m07_f10_ka05_9,train,KA05,multisensor,current|force|speed|temperature|torque|vibration,N09,M07_F10,n09_m07_f10,bearing_artificial_damage,05,fault,artificial,9,data/raw/paderborn/KA05/N09_M07_F10_KA05_9.mat,False,paderborn_channels_verified
paderborn_artificial_to_natural,artificial_to_real_damage,paderborn,paderborn_n15_m01_f10_ka05_10_multisensor,paderborn_n15_m01_f10_ka05_10,val,KA05,multisensor,current|force|speed|temperature|torque|vibration,N15,M01_F10,n15_m01_f10,bearing_artificial_damage,05,fault,artificial,10,data/raw/paderborn/KA05/N15_M01_F10_KA05_10.mat,False,paderborn_channels_verified
paderborn_artificial_to_natural,artificial_to_real_damage,paderborn,paderborn_n15_m01_f10_ka05_11_multisensor,paderborn_n15_m01_f10_ka05_11,val,KA05,multisensor,current|force|speed|temperature|torque|vibration,N15,M01_F10,n15_m01_f10,bearing_artificial_damage,05,fault,artificial,11,data/raw/paderborn/KA05/N15_M01_F10_KA05_11.mat,False,paderborn_channels_verified
paderborn_artificial_to_natural,artificial_to_real_damage,paderborn,paderborn_n15_m01_f10_ka05_12_multisensor,paderborn_n15_m01_f10_ka05_12,train,KA05,multisensor,current|force|speed|temperature|torque|vibration,N15,M01_F10,n15_m01_f10,bearing_artificial_damage,05,fault,artificial,12,data/raw/paderborn/KA05/N15_M01_F10_KA05_12.mat,False,paderborn_channels_verified
paderborn_artificial_to_natural,artificial_to_real_damage,paderborn,paderborn_n15_m01_f10_ka05_13_multisensor,paderborn_n15_m01_f10_ka05_13,val,KA05,multisensor,current|force|speed|temperature|torque|vibration,N15,M01_F10,n15_m01_f10,bearing_artificial_damage,05,fault,artificial,13,data/raw/paderborn/KA05/N15_M01_F10_KA05_13.mat,False,paderborn_channels_verified
paderborn_artificial_to_natural,artificial_to_real_damage,paderborn,paderborn_n15_m01_f10_ka05_14_multisensor,paderborn_n15_m01_f10_ka05_14,train,KA05,multisensor,current|force|speed|temperature|torque|vibration,N15,M01_F10,n15_m01_f10,bearing_artificial_damage,05,fault,artificial,14,data/raw/paderborn/KA05/N15_M01_F10_KA05_14.mat,False,paderborn_channels_verified
paderborn_artificial_to_natural,artificial_to_real_damage,paderborn,paderborn_n15_m01_f10_ka05_15_multisensor,paderborn_n15_m01_f10_ka05_15,train,KA05,multisensor,current|force|speed|temperature|torque|vibration,N15,M01_F10,n15_m01_f10,bearing_artificial_damage,05,fault,artificial,15,data/raw/paderborn/KA05/N15_M01_F10_KA05_15.mat,False,paderborn_channels_verified
paderborn_artificial_to_natural,artificial_to_real_damage,paderborn,paderborn_n15_m01_f10_ka05_16_multisensor,paderborn_n15_m01_f10_ka05_16,val,KA05,multisensor,current|force|speed|temperature|torque|vibration,N15,M01_F10,n15_m01_f10,bearing_artificial_damage,05,fault,artificial,16,data/raw/paderborn/KA05/N15_M01_F10_KA05_16.mat,False,paderborn_channels_verified
paderborn_artificial_to_natural,artificial_to_real_damage,paderborn,paderborn_n15_m01_f10_ka05_17_multisensor,paderborn_n15_m01_f10_ka05_17,train,KA05,multisensor,current|force|speed|temperature|torque|vibration,N15,M01_F10,n15_m01_f10,bearing_artificial_damage,05,fault,artificial,17,data/raw/paderborn/KA05/N15_M01_F10_KA05_17.mat,False,paderborn_channels_verified
paderborn_artificial_to_natural,artificial_to_real_damage,paderborn,paderborn_n15_m01_f10_ka05_18_multisensor,paderborn_n15_m01_f10_ka05_18,train,KA05,multisensor,current|force|speed|temperature|torque|vibration,N15,M01_F10,n15_m01_f10,bearing_artificial_damage,05,fault,artificial,18,data/raw/paderborn/KA05/N15_M01_F10_KA05_18.mat,False,paderborn_channels_verified
paderborn_artificial_to_natural,artificial_to_real_damage,paderborn,paderborn_n15_m01_f10_ka05_19_multisensor,paderborn_n15_m01_f10_ka05_19,train,KA05,multisensor,current|force|speed|temperature|torque|vibration,N15,M01_F10,n15_m01_f10,bearing_artificial_damage,05,fault,artificial,19,data/raw/paderborn/KA05/N15_M01_F10_KA05_19.mat,False,paderborn_channels_verified
paderborn_artificial_to_natural,artificial_to_real_damage,paderborn,paderborn_n15_m01_f10_ka05_1_multisensor,paderborn_n15_m01_f10_ka05_1,train,KA05,multisensor,current|force|speed|temperature|torque|vibration,N15,M01_F10,n15_m01_f10,bearing_artificial_damage,05,fault,artificial,1,data/raw/paderborn/KA05/N15_M01_F10_KA05_1.mat,False,paderborn_channels_verified
paderborn_artificial_to_natural,artificial_to_real_damage,paderborn,paderborn_n15_m01_f10_ka05_20_multisensor,paderborn_n15_m01_f10_ka05_20,train,KA05,multisensor,current|force|speed|temperature|torque|vibration,N15,M01_F10,n15_m01_f10,bearing_artificial_damage,05,fault,artificial,20,data/raw/paderborn/KA05/N15_M01_F10_KA05_20.mat,False,paderborn_channels_verified
paderborn_artificial_to_natural,artificial_to_real_damage,paderborn,paderborn_n15_m01_f10_ka05_2_multisensor,paderborn_n15_m01_f10_ka05_2,val,KA05,multisensor,current|force|speed|temperature|torque|vibration,N15,M01_F10,n15_m01_f10,bearing_artificial_damage,05,fault,artificial,2,data/raw/paderborn/KA05/N15_M01_F10_KA05_2.mat,False,paderborn_channels_verified
paderborn_artificial_to_natural,artificial_to_real_damage,paderborn,paderborn_n15_m01_f10_ka05_3_multisensor,paderborn_n15_m01_f10_ka05_3,train,KA05,multisensor,current|force|speed|temperature|torque|vibration,N15,M01_F10,n15_m01_f10,bearing_artificial_damage,05,fault,artificial,3,data/raw/paderborn/KA05/N15_M01_F10_KA05_3.mat,False,paderborn_channels_verified
paderborn_artificial_to_natural,artificial_to_real_damage,paderborn,paderborn_n15_m01_f10_ka05_4_multisensor,paderborn_n15_m01_f10_ka05_4,train,KA05,multisensor,current|force|speed|temperature|torque|vibration,N15,M01_F10,n15_m01_f10,bearing_artificial_damage,05,fault,artificial,4,data/raw/paderborn/KA05/N15_M01_F10_KA05_4.mat,False,paderborn_channels_verified
paderborn_artificial_to_natural,artificial_to_real_damage,paderborn,paderborn_n15_m01_f10_ka05_5_multisensor,paderborn_n15_m01_f10_ka05_5,train,KA05,multisensor,current|force|speed|temperature|torque|vibration,N15,M01_F10,n15_m01_f10,bearing_artificial_damage,05,fault,artificial,5,data/raw/paderborn/KA05/N15_M01_F10_KA05_5.mat,False,paderborn_channels_verified
paderborn_artificial_to_natural,artificial_to_real_damage,paderborn,paderborn_n15_m01_f10_ka05_6_multisensor,paderborn_n15_m01_f10_ka05_6,train,KA05,multisensor,current|force|speed|temperature|torque|vibration,N15,M01_F10,n15_m01_f10,bearing_artificial_damage,05,fault,artificial,6,data/raw/paderborn/KA05/N15_M01_F10_KA05_6.mat,False,paderborn_channels_verified
paderborn_artificial_to_natural,artificial_to_real_damage,paderborn,paderborn_n15_m01_f10_ka05_7_multisensor,paderborn_n15_m01_f10_ka05_7,train,KA05,multisensor,current|force|speed|temperature|torque|vibration,N15,M01_F10,n15_m01_f10,bearing_artificial_damage,05,fault,artificial,7,data/raw/paderborn/KA05/N15_M01_F10_KA05_7.mat,False,paderborn_channels_verified
paderborn_artificial_to_natural,artificial_to_real_damage,paderborn,paderborn_n15_m01_f10_ka05_8_multisensor,paderborn_n15_m01_f10_ka05_8,train,KA05,multisensor,current|force|speed|temperature|torque|vibration,N15,M01_F10,n15_m01_f10,bearing_artificial_damage,05,fault,artificial,8,data/raw/paderborn/KA05/N15_M01_F10_KA05_8.mat,False,paderborn_channels_verified
paderborn_artificial_to_natural,artificial_to_real_damage,paderborn,paderborn_n15_m01_f10_ka05_9_multisensor,paderborn_n15_m01_f10_ka05_9,train,KA05,multisensor,current|force|speed|temperature|torque|vibration,N15,M01_F10,n15_m01_f10,bearing_artificial_damage,05,fault,artificial,9,data/raw/paderborn/KA05/N15_M01_F10_KA05_9.mat,False,paderborn_channels_verified
paderborn_artificial_to_natural,artificial_to_real_damage,paderborn,paderborn_n15_m07_f04_ka05_10_multisensor,paderborn_n15_m07_f04_ka05_10,train,KA05,multisensor,current|force|speed|temperature|torque|vibration,N15,M07_F04,n15_m07_f04,bearing_artificial_damage,05,fault,artificial,10,data/raw/paderborn/KA05/N15_M07_F04_KA05_10.mat,False,paderborn_channels_verified
paderborn_artificial_to_natural,artificial_to_real_damage,paderborn,paderborn_n15_m07_f04_ka05_11_multisensor,paderborn_n15_m07_f04_ka05_11,train,KA05,multisensor,current|force|speed|temperature|torque|vibration,N15,M07_F04,n15_m07_f04,bearing_artificial_damage,05,fault,artificial,11,data/raw/paderborn/KA05/N15_M07_F04_KA05_11.mat,False,paderborn_channels_verified
paderborn_artificial_to_natural,artificial_to_real_damage,paderborn,paderborn_n15_m07_f04_ka05_12_multisensor,paderborn_n15_m07_f04_ka05_12,train,KA05,multisensor,current|force|speed|temperature|torque|vibration,N15,M07_F04,n15_m07_f04,bearing_artificial_damage,05,fault,artificial,12,data/raw/paderborn/KA05/N15_M07_F04_KA05_12.mat,False,paderborn_channels_verified
paderborn_artificial_to_natural,artificial_to_real_damage,paderborn,paderborn_n15_m07_f04_ka05_13_multisensor,paderborn_n15_m07_f04_ka05_13,train,KA05,multisensor,current|force|speed|temperature|torque|vibration,N15,M07_F04,n15_m07_f04,bearing_artificial_damage,05,fault,artificial,13,data/raw/paderborn/KA05/N15_M07_F04_KA05_13.mat,False,paderborn_channels_verified
paderborn_artificial_to_natural,artificial_to_real_damage,paderborn,paderborn_n15_m07_f04_ka05_14_multisensor,paderborn_n15_m07_f04_ka05_14,train,KA05,multisensor,current|force|speed|temperature|torque|vibration,N15,M07_F04,n15_m07_f04,bearing_artificial_damage,05,fault,artificial,14,data/raw/paderborn/KA05/N15_M07_F04_KA05_14.mat,False,paderborn_channels_verified
paderborn_artificial_to_natural,artificial_to_real_damage,paderborn,paderborn_n15_m07_f04_ka05_15_multisensor,paderborn_n15_m07_f04_ka05_15,train,KA05,multisensor,current|force|speed|temperature|torque|vibration,N15,M07_F04,n15_m07_f04,bearing_artificial_damage,05,fault,artificial,15,data/raw/paderborn/KA05/N15_M07_F04_KA05_15.mat,False,paderborn_channels_verified
paderborn_artificial_to_natural,artificial_to_real_damage,paderborn,paderborn_n15_m07_f04_ka05_16_multisensor,paderborn_n15_m07_f04_ka05_16,train,KA05,multisensor,current|force|speed|temperature|torque|vibration,N15,M07_F04,n15_m07_f04,bearing_artificial_damage,05,fault,artificial,16,data/raw/paderborn/KA05/N15_M07_F04_KA05_16.mat,False,paderborn_channels_verified
paderborn_artificial_to_natural,artificial_to_real_damage,paderborn,paderborn_n15_m07_f04_ka05_17_multisensor,paderborn_n15_m07_f04_ka05_17,train,KA05,multisensor,current|force|speed|temperature|torque|vibration,N15,M07_F04,n15_m07_f04,bearing_artificial_damage,05,fault,artificial,17,data/raw/paderborn/KA05/N15_M07_F04_KA05_17.mat,False,paderborn_channels_verified
paderborn_artificial_to_natural,artificial_to_real_damage,paderborn,paderborn_n15_m07_f04_ka05_18_multisensor,paderborn_n15_m07_f04_ka05_18,train,KA05,multisensor,current|force|speed|temperature|torque|vibration,N15,M07_F04,n15_m07_f04,bearing_artificial_damage,05,fault,artificial,18,data/raw/paderborn/KA05/N15_M07_F04_KA05_18.mat,False,paderborn_channels_verified
paderborn_artificial_to_natural,artificial_to_real_damage,paderborn,paderborn_n15_m07_f04_ka05_19_multisensor,paderborn_n15_m07_f04_ka05_19,train,KA05,multisensor,current|force|speed|temperature|torque|vibration,N15,M07_F04,n15_m07_f04,bearing_artificial_damage,05,fault,artificial,19,data/raw/paderborn/KA05/N15_M07_F04_KA05_19.mat,False,paderborn_channels_verified
paderborn_artificial_to_natural,artificial_to_real_damage,paderborn,paderborn_n15_m07_f04_ka05_1_multisensor,paderborn_n15_m07_f04_ka05_1,train,KA05,multisensor,current|force|speed|temperature|torque|vibration,N15,M07_F04,n15_m07_f04,bearing_artificial_damage,05,fault,artificial,1,data/raw/paderborn/KA05/N15_M07_F04_KA05_1.mat,False,paderborn_channels_verified
paderborn_artificial_to_natural,artificial_to_real_damage,paderborn,paderborn_n15_m07_f04_ka05_20_multisensor,paderborn_n15_m07_f04_ka05_20,train,KA05,multisensor,current|force|speed|temperature|torque|vibration,N15,M07_F04,n15_m07_f04,bearing_artificial_damage,05,fault,artificial,20,data/raw/paderborn/KA05/N15_M07_F04_KA05_20.mat,False,paderborn_channels_verified
paderborn_artificial_to_natural,artificial_to_real_damage,paderborn,paderborn_n15_m07_f04_ka05_2_multisensor,paderborn_n15_m07_f04_ka05_2,train,KA05,multisensor,current|force|speed|temperature|torque|vibration,N15,M07_F04,n15_m07_f04,bearing_artificial_damage,05,fault,artificial,2,data/raw/paderborn/KA05/N15_M07_F04_KA05_2.mat,False,paderborn_channels_verified
paderborn_artificial_to_natural,artificial_to_real_damage,paderborn,paderborn_n15_m07_f04_ka05_3_multisensor,paderborn_n15_m07_f04_ka05_3,train,KA05,multisensor,current|force|speed|temperature|torque|vibration,N15,M07_F04,n15_m07_f04,bearing_artificial_damage,05,fault,artificial,3,data/raw/paderborn/KA05/N15_M07_F04_KA05_3.mat,False,paderborn_channels_verified
paderborn_artificial_to_natural,artificial_to_real_damage,paderborn,paderborn_n15_m07_f04_ka05_4_multisensor,paderborn_n15_m07_f04_ka05_4,train,KA05,multisensor,current|force|speed|temperature|torque|vibration,N15,M07_F04,n15_m07_f04,bearing_artificial_damage,05,fault,artificial,4,data/raw/paderborn/KA05/N15_M07_F04_KA05_4.mat,False,paderborn_channels_verified
paderborn_artificial_to_natural,artificial_to_real_damage,paderborn,paderborn_n15_m07_f04_ka05_5_multisensor,paderborn_n15_m07_f04_ka05_5,train,KA05,multisensor,current|force|speed|temperature|torque|vibration,N15,M07_F04,n15_m07_f04,bearing_artificial_damage,05,fault,artificial,5,data/raw/paderborn/KA05/N15_M07_F04_KA05_5.mat,False,paderborn_channels_verified
paderborn_artificial_to_natural,artificial_to_real_damage,paderborn,paderborn_n15_m07_f04_ka05_6_multisensor,paderborn_n15_m07_f04_ka05_6,train,KA05,multisensor,current|force|speed|temperature|torque|vibration,N15,M07_F04,n15_m07_f04,bearing_artificial_damage,05,fault,artificial,6,data/raw/paderborn/KA05/N15_M07_F04_KA05_6.mat,False,paderborn_channels_verified
paderborn_artificial_to_natural,artificial_to_real_damage,paderborn,paderborn_n15_m07_f04_ka05_7_multisensor,paderborn_n15_m07_f04_ka05_7,train,KA05,multisensor,current|force|speed|temperature|torque|vibration,N15,M07_F04,n15_m07_f04,bearing_artificial_damage,05,fault,artificial,7,data/raw/paderborn/KA05/N15_M07_F04_KA05_7.mat,False,paderborn_channels_verified
paderborn_artificial_to_natural,artificial_to_real_damage,paderborn,paderborn_n15_m07_f04_ka05_8_multisensor,paderborn_n15_m07_f04_ka05_8,train,KA05,multisensor,current|force|speed|temperature|torque|vibration,N15,M07_F04,n15_m07_f04,bearing_artificial_damage,05,fault,artificial,8,data/raw/paderborn/KA05/N15_M07_F04_KA05_8.mat,False,paderborn_channels_verified
paderborn_artificial_to_natural,artificial_to_real_damage,paderborn,paderborn_n15_m07_f04_ka05_9_multisensor,paderborn_n15_m07_f04_ka05_9,train,KA05,multisensor,current|force|speed|temperature|torque|vibration,N15,M07_F04,n15_m07_f04,bearing_artificial_damage,05,fault,artificial,9,data/raw/paderborn/KA05/N15_M07_F04_KA05_9.mat,False,paderborn_channels_verified
paderborn_artificial_to_natural,artificial_to_real_damage,paderborn,paderborn_n15_m07_f10_ka05_10_multisensor,paderborn_n15_m07_f10_ka05_10,train,KA05,multisensor,current|force|speed|temperature|torque|vibration,N15,M07_F10,n15_m07_f10,bearing_artificial_damage,05,fault,artificial,10,data/raw/paderborn/KA05/N15_M07_F10_KA05_10.mat,False,paderborn_channels_verified
paderborn_artificial_to_natural,artificial_to_real_damage,paderborn,paderborn_n15_m07_f10_ka05_11_multisensor,paderborn_n15_m07_f10_ka05_11,train,KA05,multisensor,current|force|speed|temperature|torque|vibration,N15,M07_F10,n15_m07_f10,bearing_artificial_damage,05,fault,artificial,11,data/raw/paderborn/KA05/N15_M07_F10_KA05_11.mat,False,paderborn_channels_verified
paderborn_artificial_to_natural,artificial_to_real_damage,paderborn,paderborn_n15_m07_f10_ka05_12_multisensor,paderborn_n15_m07_f10_ka05_12,train,KA05,multisensor,current|force|speed|temperature|torque|vibration,N15,M07_F10,n15_m07_f10,bearing_artificial_damage,05,fault,artificial,12,data/raw/paderborn/KA05/N15_M07_F10_KA05_12.mat,False,paderborn_channels_verified
paderborn_artificial_to_natural,artificial_to_real_damage,paderborn,paderborn_n15_m07_f10_ka05_13_multisensor,paderborn_n15_m07_f10_ka05_13,train,KA05,multisensor,current|force|speed|temperature|torque|vibration,N15,M07_F10,n15_m07_f10,bearing_artificial_damage,05,fault,artificial,13,data/raw/paderborn/KA05/N15_M07_F10_KA05_13.mat,False,paderborn_channels_verified
paderborn_artificial_to_natural,artificial_to_real_damage,paderborn,paderborn_n15_m07_f10_ka05_14_multisensor,paderborn_n15_m07_f10_ka05_14,train,KA05,multisensor,current|force|speed|temperature|torque|vibration,N15,M07_F10,n15_m07_f10,bearing_artificial_damage,05,fault,artificial,14,data/raw/paderborn/KA05/N15_M07_F10_KA05_14.mat,False,paderborn_channels_verified
paderborn_artificial_to_natural,artificial_to_real_damage,paderborn,paderborn_n15_m07_f10_ka05_15_multisensor,paderborn_n15_m07_f10_ka05_15,train,KA05,multisensor,current|force|speed|temperature|torque|vibration,N15,M07_F10,n15_m07_f10,bearing_artificial_damage,05,fault,artificial,15,data/raw/paderborn/KA05/N15_M07_F10_KA05_15.mat,False,paderborn_channels_verified
paderborn_artificial_to_natural,artificial_to_real_damage,paderborn,paderborn_n15_m07_f10_ka05_16_multisensor,paderborn_n15_m07_f10_ka05_16,train,KA05,multisensor,current|force|speed|temperature|torque|vibration,N15,M07_F10,n15_m07_f10,bearing_artificial_damage,05,fault,artificial,16,data/raw/paderborn/KA05/N15_M07_F10_KA05_16.mat,False,paderborn_channels_verified
paderborn_artificial_to_natural,artificial_to_real_damage,paderborn,paderborn_n15_m07_f10_ka05_17_multisensor,paderborn_n15_m07_f10_ka05_17,train,KA05,multisensor,current|force|speed|temperature|torque|vibration,N15,M07_F10,n15_m07_f10,bearing_artificial_damage,05,fault,artificial,17,data/raw/paderborn/KA05/N15_M07_F10_KA05_17.mat,False,paderborn_channels_verified
paderborn_artificial_to_natural,artificial_to_real_damage,paderborn,paderborn_n15_m07_f10_ka05_18_multisensor,paderborn_n15_m07_f10_ka05_18,train,KA05,multisensor,current|force|speed|temperature|torque|vibration,N15,M07_F10,n15_m07_f10,bearing_artificial_damage,05,fault,artificial,18,data/raw/paderborn/KA05/N15_M07_F10_KA05_18.mat,False,paderborn_channels_verified
paderborn_artificial_to_natural,artificial_to_real_damage,paderborn,paderborn_n15_m07_f10_ka05_19_multisensor,paderborn_n15_m07_f10_ka05_19,train,KA05,multisensor,current|force|speed|temperature|torque|vibration,N15,M07_F10,n15_m07_f10,bearing_artificial_damage,05,fault,artificial,19,data/raw/paderborn/KA05/N15_M07_F10_KA05_19.mat,False,paderborn_channels_verified
paderborn_artificial_to_natural,artificial_to_real_damage,paderborn,paderborn_n15_m07_f10_ka05_1_multisensor,paderborn_n15_m07_f10_ka05_1,val,KA05,multisensor,current|force|speed|temperature|torque|vibration,N15,M07_F10,n15_m07_f10,bearing_artificial_damage,05,fault,artificial,1,data/raw/paderborn/KA05/N15_M07_F10_KA05_1.mat,False,paderborn_channels_verified
paderborn_artificial_to_natural,artificial_to_real_damage,paderborn,paderborn_n15_m07_f10_ka05_20_multisensor,paderborn_n15_m07_f10_ka05_20,train,KA05,multisensor,current|force|speed|temperature|torque|vibration,N15,M07_F10,n15_m07_f10,bearing_artificial_damage,05,fault,artificial,20,data/raw/paderborn/KA05/N15_M07_F10_KA05_20.mat,False,paderborn_channels_verified
paderborn_artificial_to_natural,artificial_to_real_damage,paderborn,paderborn_n15_m07_f10_ka05_2_multisensor,paderborn_n15_m07_f10_ka05_2,train,KA05,multisensor,current|force|speed|temperature|torque|vibration,N15,M07_F10,n15_m07_f10,bearing_artificial_damage,05,fault,artificial,2,data/raw/paderborn/KA05/N15_M07_F10_KA05_2.mat,False,paderborn_channels_verified
paderborn_artificial_to_natural,artificial_to_real_damage,paderborn,paderborn_n15_m07_f10_ka05_3_multisensor,paderborn_n15_m07_f10_ka05_3,train,KA05,multisensor,current|force|speed|temperature|torque|vibration,N15,M07_F10,n15_m07_f10,bearing_artificial_damage,05,fault,artificial,3,data/raw/paderborn/KA05/N15_M07_F10_KA05_3.mat,False,paderborn_channels_verified
paderborn_artificial_to_natural,artificial_to_real_damage,paderborn,paderborn_n15_m07_f10_ka05_4_multisensor,paderborn_n15_m07_f10_ka05_4,val,KA05,multisensor,current|force|speed|temperature|torque|vibration,N15,M07_F10,n15_m07_f10,bearing_artificial_damage,05,fault,artificial,4,data/raw/paderborn/KA05/N15_M07_F10_KA05_4.mat,False,paderborn_channels_verified
paderborn_artificial_to_natural,artificial_to_real_damage,paderborn,paderborn_n15_m07_f10_ka05_5_multisensor,paderborn_n15_m07_f10_ka05_5,val,KA05,multisensor,current|force|speed|temperature|torque|vibration,N15,M07_F10,n15_m07_f10,bearing_artificial_damage,05,fault,artificial,5,data/raw/paderborn/KA05/N15_M07_F10_KA05_5.mat,False,paderborn_channels_verified
paderborn_artificial_to_natural,artificial_to_real_damage,paderborn,paderborn_n15_m07_f10_ka05_6_multisensor,paderborn_n15_m07_f10_ka05_6,train,KA05,multisensor,current|force|speed|temperature|torque|vibration,N15,M07_F10,n15_m07_f10,bearing_artificial_damage,05,fault,artificial,6,data/raw/paderborn/KA05/N15_M07_F10_KA05_6.mat,False,paderborn_channels_verified
paderborn_artificial_to_natural,artificial_to_real_damage,paderborn,paderborn_n15_m07_f10_ka05_7_multisensor,paderborn_n15_m07_f10_ka05_7,val,KA05,multisensor,current|force|speed|temperature|torque|vibration,N15,M07_F10,n15_m07_f10,bearing_artificial_damage,05,fault,artificial,7,data/raw/paderborn/KA05/N15_M07_F10_KA05_7.mat,False,paderborn_channels_verified
paderborn_artificial_to_natural,artificial_to_real_damage,paderborn,paderborn_n15_m07_f10_ka05_8_multisensor,paderborn_n15_m07_f10_ka05_8,train,KA05,multisensor,current|force|speed|temperature|torque|vibration,N15,M07_F10,n15_m07_f10,bearing_artificial_damage,05,fault,artificial,8,data/raw/paderborn/KA05/N15_M07_F10_KA05_8.mat,False,paderborn_channels_verified
paderborn_artificial_to_natural,artificial_to_real_damage,paderborn,paderborn_n15_m07_f10_ka05_9_multisensor,paderborn_n15_m07_f10_ka05_9,train,KA05,multisensor,current|force|speed|temperature|torque|vibration,N15,M07_F10,n15_m07_f10,bearing_artificial_damage,05,fault,artificial,9,data/raw/paderborn/KA05/N15_M07_F10_KA05_9.mat,False,paderborn_channels_verified
paderborn_artificial_to_natural,artificial_to_real_damage,paderborn,paderborn_n09_m07_f10_ka06_10_multisensor,paderborn_n09_m07_f10_ka06_10,train,KA06,multisensor,current|force|speed|temperature|torque|vibration,N09,M07_F10,n09_m07_f10,bearing_artificial_damage,06,fault,artificial,10,data/raw/paderborn/KA06/N09_M07_F10_KA06_10.mat,False,paderborn_channels_verified
paderborn_artificial_to_natural,artificial_to_real_damage,paderborn,paderborn_n09_m07_f10_ka06_11_multisensor,paderborn_n09_m07_f10_ka06_11,train,KA06,multisensor,current|force|speed|temperature|torque|vibration,N09,M07_F10,n09_m07_f10,bearing_artificial_damage,06,fault,artificial,11,data/raw/paderborn/KA06/N09_M07_F10_KA06_11.mat,False,paderborn_channels_verified
paderborn_artificial_to_natural,artificial_to_real_damage,paderborn,paderborn_n09_m07_f10_ka06_12_multisensor,paderborn_n09_m07_f10_ka06_12,train,KA06,multisensor,current|force|speed|temperature|torque|vibration,N09,M07_F10,n09_m07_f10,bearing_artificial_damage,06,fault,artificial,12,data/raw/paderborn/KA06/N09_M07_F10_KA06_12.mat,False,paderborn_channels_verified
paderborn_artificial_to_natural,artificial_to_real_damage,paderborn,paderborn_n09_m07_f10_ka06_13_multisensor,paderborn_n09_m07_f10_ka06_13,train,KA06,multisensor,current|force|speed|temperature|torque|vibration,N09,M07_F10,n09_m07_f10,bearing_artificial_damage,06,fault,artificial,13,data/raw/paderborn/KA06/N09_M07_F10_KA06_13.mat,False,paderborn_channels_verified
paderborn_artificial_to_natural,artificial_to_real_damage,paderborn,paderborn_n09_m07_f10_ka06_14_multisensor,paderborn_n09_m07_f10_ka06_14,train,KA06,multisensor,current|force|speed|temperature|torque|vibration,N09,M07_F10,n09_m07_f10,bearing_artificial_damage,06,fault,artificial,14,data/raw/paderborn/KA06/N09_M07_F10_KA06_14.mat,False,paderborn_channels_verified
paderborn_artificial_to_natural,artificial_to_real_damage,paderborn,paderborn_n09_m07_f10_ka06_15_multisensor,paderborn_n09_m07_f10_ka06_15,train,KA06,multisensor,current|force|speed|temperature|torque|vibration,N09,M07_F10,n09_m07_f10,bearing_artificial_damage,06,fault,artificial,15,data/raw/paderborn/KA06/N09_M07_F10_KA06_15.mat,False,paderborn_channels_verified
paderborn_artificial_to_natural,artificial_to_real_damage,paderborn,paderborn_n09_m07_f10_ka06_16_multisensor,paderborn_n09_m07_f10_ka06_16,train,KA06,multisensor,current|force|speed|temperature|torque|vibration,N09,M07_F10,n09_m07_f10,bearing_artificial_damage,06,fault,artificial,16,data/raw/paderborn/KA06/N09_M07_F10_KA06_16.mat,False,paderborn_channels_verified
paderborn_artificial_to_natural,artificial_to_real_damage,paderborn,paderborn_n09_m07_f10_ka06_17_multisensor,paderborn_n09_m07_f10_ka06_17,val,KA06,multisensor,current|force|speed|temperature|torque|vibration,N09,M07_F10,n09_m07_f10,bearing_artificial_damage,06,fault,artificial,17,data/raw/paderborn/KA06/N09_M07_F10_KA06_17.mat,False,paderborn_channels_verified
paderborn_artificial_to_natural,artificial_to_real_damage,paderborn,paderborn_n09_m07_f10_ka06_18_multisensor,paderborn_n09_m07_f10_ka06_18,train,KA06,multisensor,current|force|speed|temperature|torque|vibration,N09,M07_F10,n09_m07_f10,bearing_artificial_damage,06,fault,artificial,18,data/raw/paderborn/KA06/N09_M07_F10_KA06_18.mat,False,paderborn_channels_verified
paderborn_artificial_to_natural,artificial_to_real_damage,paderborn,paderborn_n09_m07_f10_ka06_19_multisensor,paderborn_n09_m07_f10_ka06_19,train,KA06,multisensor,current|force|speed|temperature|torque|vibration,N09,M07_F10,n09_m07_f10,bearing_artificial_damage,06,fault,artificial,19,data/raw/paderborn/KA06/N09_M07_F10_KA06_19.mat,False,paderborn_channels_verified
paderborn_artificial_to_natural,artificial_to_real_damage,paderborn,paderborn_n09_m07_f10_ka06_1_multisensor,paderborn_n09_m07_f10_ka06_1,train,KA06,multisensor,current|force|speed|temperature|torque|vibration,N09,M07_F10,n09_m07_f10,bearing_artificial_damage,06,fault,artificial,1,data/raw/paderborn/KA06/N09_M07_F10_KA06_1.mat,False,paderborn_channels_verified
paderborn_artificial_to_natural,artificial_to_real_damage,paderborn,paderborn_n09_m07_f10_ka06_20_multisensor,paderborn_n09_m07_f10_ka06_20,train,KA06,multisensor,current|force|speed|temperature|torque|vibration,N09,M07_F10,n09_m07_f10,bearing_artificial_damage,06,fault,artificial,20,data/raw/paderborn/KA06/N09_M07_F10_KA06_20.mat,False,paderborn_channels_verified
paderborn_artificial_to_natural,artificial_to_real_damage,paderborn,paderborn_n09_m07_f10_ka06_2_multisensor,paderborn_n09_m07_f10_ka06_2,train,KA06,multisensor,current|force|speed|temperature|torque|vibration,N09,M07_F10,n09_m07_f10,bearing_artificial_damage,06,fault,artificial,2,data/raw/paderborn/KA06/N09_M07_F10_KA06_2.mat,False,paderborn_channels_verified
paderborn_artificial_to_natural,artificial_to_real_damage,paderborn,paderborn_n09_m07_f10_ka06_3_multisensor,paderborn_n09_m07_f10_ka06_3,train,KA06,multisensor,current|force|speed|temperature|torque|vibration,N09,M07_F10,n09_m07_f10,bearing_artificial_damage,06,fault,artificial,3,data/raw/paderborn/KA06/N09_M07_F10_KA06_3.mat,False,paderborn_channels_verified
paderborn_artificial_to_natural,artificial_to_real_damage,paderborn,paderborn_n09_m07_f10_ka06_4_multisensor,paderborn_n09_m07_f10_ka06_4,val,KA06,multisensor,current|force|speed|temperature|torque|vibration,N09,M07_F10,n09_m07_f10,bearing_artificial_damage,06,fault,artificial,4,data/raw/paderborn/KA06/N09_M07_F10_KA06_4.mat,False,paderborn_channels_verified
paderborn_artificial_to_natural,artificial_to_real_damage,paderborn,paderborn_n09_m07_f10_ka06_5_multisensor,paderborn_n09_m07_f10_ka06_5,train,KA06,multisensor,current|force|speed|temperature|torque|vibration,N09,M07_F10,n09_m07_f10,bearing_artificial_damage,06,fault,artificial,5,data/raw/paderborn/KA06/N09_M07_F10_KA06_5.mat,False,paderborn_channels_verified
paderborn_artificial_to_natural,artificial_to_real_damage,paderborn,paderborn_n09_m07_f10_ka06_6_multisensor,paderborn_n09_m07_f10_ka06_6,train,KA06,multisensor,current|force|speed|temperature|torque|vibration,N09,M07_F10,n09_m07_f10,bearing_artificial_damage,06,fault,artificial,6,data/raw/paderborn/KA06/N09_M07_F10_KA06_6.mat,False,paderborn_channels_verified
paderborn_artificial_to_natural,artificial_to_real_damage,paderborn,paderborn_n09_m07_f10_ka06_7_multisensor,paderborn_n09_m07_f10_ka06_7,train,KA06,multisensor,current|force|speed|temperature|torque|vibration,N09,M07_F10,n09_m07_f10,bearing_artificial_damage,06,fault,artificial,7,data/raw/paderborn/KA06/N09_M07_F10_KA06_7.mat,False,paderborn_channels_verified
paderborn_artificial_to_natural,artificial_to_real_damage,paderborn,paderborn_n09_m07_f10_ka06_8_multisensor,paderborn_n09_m07_f10_ka06_8,train,KA06,multisensor,current|force|speed|temperature|torque|vibration,N09,M07_F10,n09_m07_f10,bearing_artificial_damage,06,fault,artificial,8,data/raw/paderborn/KA06/N09_M07_F10_KA06_8.mat,False,paderborn_channels_verified
paderborn_artificial_to_natural,artificial_to_real_damage,paderborn,paderborn_n09_m07_f10_ka06_9_multisensor,paderborn_n09_m07_f10_ka06_9,train,KA06,multisensor,current|force|speed|temperature|torque|vibration,N09,M07_F10,n09_m07_f10,bearing_artificial_damage,06,fault,artificial,9,data/raw/paderborn/KA06/N09_M07_F10_KA06_9.mat,False,paderborn_channels_verified
paderborn_artificial_to_natural,artificial_to_real_damage,paderborn,paderborn_n15_m01_f10_ka06_10_multisensor,paderborn_n15_m01_f10_ka06_10,train,KA06,multisensor,current|force|speed|temperature|torque|vibration,N15,M01_F10,n15_m01_f10,bearing_artificial_damage,06,fault,artificial,10,data/raw/paderborn/KA06/N15_M01_F10_KA06_10.mat,False,paderborn_channels_verified
paderborn_artificial_to_natural,artificial_to_real_damage,paderborn,paderborn_n15_m01_f10_ka06_11_multisensor,paderborn_n15_m01_f10_ka06_11,val,KA06,multisensor,current|force|speed|temperature|torque|vibration,N15,M01_F10,n15_m01_f10,bearing_artificial_damage,06,fault,artificial,11,data/raw/paderborn/KA06/N15_M01_F10_KA06_11.mat,False,paderborn_channels_verified
paderborn_artificial_to_natural,artificial_to_real_damage,paderborn,paderborn_n15_m01_f10_ka06_12_multisensor,paderborn_n15_m01_f10_ka06_12,train,KA06,multisensor,current|force|speed|temperature|torque|vibration,N15,M01_F10,n15_m01_f10,bearing_artificial_damage,06,fault,artificial,12,data/raw/paderborn/KA06/N15_M01_F10_KA06_12.mat,False,paderborn_channels_verified
paderborn_artificial_to_natural,artificial_to_real_damage,paderborn,paderborn_n15_m01_f10_ka06_13_multisensor,paderborn_n15_m01_f10_ka06_13,train,KA06,multisensor,current|force|speed|temperature|torque|vibration,N15,M01_F10,n15_m01_f10,bearing_artificial_damage,06,fault,artificial,13,data/raw/paderborn/KA06/N15_M01_F10_KA06_13.mat,False,paderborn_channels_verified
paderborn_artificial_to_natural,artificial_to_real_damage,paderborn,paderborn_n15_m01_f10_ka06_14_multisensor,paderborn_n15_m01_f10_ka06_14,val,KA06,multisensor,current|force|speed|temperature|torque|vibration,N15,M01_F10,n15_m01_f10,bearing_artificial_damage,06,fault,artificial,14,data/raw/paderborn/KA06/N15_M01_F10_KA06_14.mat,False,paderborn_channels_verified
paderborn_artificial_to_natural,artificial_to_real_damage,paderborn,paderborn_n15_m01_f10_ka06_15_multisensor,paderborn_n15_m01_f10_ka06_15,val,KA06,multisensor,current|force|speed|temperature|torque|vibration,N15,M01_F10,n15_m01_f10,bearing_artificial_damage,06,fault,artificial,15,data/raw/paderborn/KA06/N15_M01_F10_KA06_15.mat,False,paderborn_channels_verified
paderborn_artificial_to_natural,artificial_to_real_damage,paderborn,paderborn_n15_m01_f10_ka06_16_multisensor,paderborn_n15_m01_f10_ka06_16,train,KA06,multisensor,current|force|speed|temperature|torque|vibration,N15,M01_F10,n15_m01_f10,bearing_artificial_damage,06,fault,artificial,16,data/raw/paderborn/KA06/N15_M01_F10_KA06_16.mat,False,paderborn_channels_verified
paderborn_artificial_to_natural,artificial_to_real_damage,paderborn,paderborn_n15_m01_f10_ka06_17_multisensor,paderborn_n15_m01_f10_ka06_17,train,KA06,multisensor,current|force|speed|temperature|torque|vibration,N15,M01_F10,n15_m01_f10,bearing_artificial_damage,06,fault,artificial,17,data/raw/paderborn/KA06/N15_M01_F10_KA06_17.mat,False,paderborn_channels_verified
paderborn_artificial_to_natural,artificial_to_real_damage,paderborn,paderborn_n15_m01_f10_ka06_18_multisensor,paderborn_n15_m01_f10_ka06_18,train,KA06,multisensor,current|force|speed|temperature|torque|vibration,N15,M01_F10,n15_m01_f10,bearing_artificial_damage,06,fault,artificial,18,data/raw/paderborn/KA06/N15_M01_F10_KA06_18.mat,False,paderborn_channels_verified
paderborn_artificial_to_natural,artificial_to_real_damage,paderborn,paderborn_n15_m01_f10_ka06_19_multisensor,paderborn_n15_m01_f10_ka06_19,train,KA06,multisensor,current|force|speed|temperature|torque|vibration,N15,M01_F10,n15_m01_f10,bearing_artificial_damage,06,fault,artificial,19,data/raw/paderborn/KA06/N15_M01_F10_KA06_19.mat,False,paderborn_channels_verified
paderborn_artificial_to_natural,artificial_to_real_damage,paderborn,paderborn_n15_m01_f10_ka06_1_multisensor,paderborn_n15_m01_f10_ka06_1,train,KA06,multisensor,current|force|speed|temperature|torque|vibration,N15,M01_F10,n15_m01_f10,bearing_artificial_damage,06,fault,artificial,1,data/raw/paderborn/KA06/N15_M01_F10_KA06_1.mat,False,paderborn_channels_verified
paderborn_artificial_to_natural,artificial_to_real_damage,paderborn,paderborn_n15_m01_f10_ka06_20_multisensor,paderborn_n15_m01_f10_ka06_20,train,KA06,multisensor,current|force|speed|temperature|torque|vibration,N15,M01_F10,n15_m01_f10,bearing_artificial_damage,06,fault,artificial,20,data/raw/paderborn/KA06/N15_M01_F10_KA06_20.mat,False,paderborn_channels_verified
paderborn_artificial_to_natural,artificial_to_real_damage,paderborn,paderborn_n15_m01_f10_ka06_2_multisensor,paderborn_n15_m01_f10_ka06_2,train,KA06,multisensor,current|force|speed|temperature|torque|vibration,N15,M01_F10,n15_m01_f10,bearing_artificial_damage,06,fault,artificial,2,data/raw/paderborn/KA06/N15_M01_F10_KA06_2.mat,False,paderborn_channels_verified
paderborn_artificial_to_natural,artificial_to_real_damage,paderborn,paderborn_n15_m01_f10_ka06_3_multisensor,paderborn_n15_m01_f10_ka06_3,val,KA06,multisensor,current|force|speed|temperature|torque|vibration,N15,M01_F10,n15_m01_f10,bearing_artificial_damage,06,fault,artificial,3,data/raw/paderborn/KA06/N15_M01_F10_KA06_3.mat,False,paderborn_channels_verified
paderborn_artificial_to_natural,artificial_to_real_damage,paderborn,paderborn_n15_m01_f10_ka06_4_multisensor,paderborn_n15_m01_f10_ka06_4,train,KA06,multisensor,current|force|speed|temperature|torque|vibration,N15,M01_F10,n15_m01_f10,bearing_artificial_damage,06,fault,artificial,4,data/raw/paderborn/KA06/N15_M01_F10_KA06_4.mat,False,paderborn_channels_verified
paderborn_artificial_to_natural,artificial_to_real_damage,paderborn,paderborn_n15_m01_f10_ka06_5_multisensor,paderborn_n15_m01_f10_ka06_5,train,KA06,multisensor,current|force|speed|temperature|torque|vibration,N15,M01_F10,n15_m01_f10,bearing_artificial_damage,06,fault,artificial,5,data/raw/paderborn/KA06/N15_M01_F10_KA06_5.mat,False,paderborn_channels_verified
paderborn_artificial_to_natural,artificial_to_real_damage,paderborn,paderborn_n15_m01_f10_ka06_6_multisensor,paderborn_n15_m01_f10_ka06_6,train,KA06,multisensor,current|force|speed|temperature|torque|vibration,N15,M01_F10,n15_m01_f10,bearing_artificial_damage,06,fault,artificial,6,data/raw/paderborn/KA06/N15_M01_F10_KA06_6.mat,False,paderborn_channels_verified
paderborn_artificial_to_natural,artificial_to_real_damage,paderborn,paderborn_n15_m01_f10_ka06_7_multisensor,paderborn_n15_m01_f10_ka06_7,train,KA06,multisensor,current|force|speed|temperature|torque|vibration,N15,M01_F10,n15_m01_f10,bearing_artificial_damage,06,fault,artificial,7,data/raw/paderborn/KA06/N15_M01_F10_KA06_7.mat,False,paderborn_channels_verified
paderborn_artificial_to_natural,artificial_to_real_damage,paderborn,paderborn_n15_m01_f10_ka06_8_multisensor,paderborn_n15_m01_f10_ka06_8,train,KA06,multisensor,current|force|speed|temperature|torque|vibration,N15,M01_F10,n15_m01_f10,bearing_artificial_damage,06,fault,artificial,8,data/raw/paderborn/KA06/N15_M01_F10_KA06_8.mat,False,paderborn_channels_verified
paderborn_artificial_to_natural,artificial_to_real_damage,paderborn,paderborn_n15_m01_f10_ka06_9_multisensor,paderborn_n15_m01_f10_ka06_9,train,KA06,multisensor,current|force|speed|temperature|torque|vibration,N15,M01_F10,n15_m01_f10,bearing_artificial_damage,06,fault,artificial,9,data/raw/paderborn/KA06/N15_M01_F10_KA06_9.mat,False,paderborn_channels_verified
paderborn_artificial_to_natural,artificial_to_real_damage,paderborn,paderborn_n15_m07_f04_ka06_10_multisensor,paderborn_n15_m07_f04_ka06_10,train,KA06,multisensor,current|force|speed|temperature|torque|vibration,N15,M07_F04,n15_m07_f04,bearing_artificial_damage,06,fault,artificial,10,data/raw/paderborn/KA06/N15_M07_F04_KA06_10.mat,False,paderborn_channels_verified
paderborn_artificial_to_natural,artificial_to_real_damage,paderborn,paderborn_n15_m07_f04_ka06_11_multisensor,paderborn_n15_m07_f04_ka06_11,train,KA06,multisensor,current|force|speed|temperature|torque|vibration,N15,M07_F04,n15_m07_f04,bearing_artificial_damage,06,fault,artificial,11,data/raw/paderborn/KA06/N15_M07_F04_KA06_11.mat,False,paderborn_channels_verified
paderborn_artificial_to_natural,artificial_to_real_damage,paderborn,paderborn_n15_m07_f04_ka06_12_multisensor,paderborn_n15_m07_f04_ka06_12,train,KA06,multisensor,current|force|speed|temperature|torque|vibration,N15,M07_F04,n15_m07_f04,bearing_artificial_damage,06,fault,artificial,12,data/raw/paderborn/KA06/N15_M07_F04_KA06_12.mat,False,paderborn_channels_verified
paderborn_artificial_to_natural,artificial_to_real_damage,paderborn,paderborn_n15_m07_f04_ka06_13_multisensor,paderborn_n15_m07_f04_ka06_13,val,KA06,multisensor,current|force|speed|temperature|torque|vibration,N15,M07_F04,n15_m07_f04,bearing_artificial_damage,06,fault,artificial,13,data/raw/paderborn/KA06/N15_M07_F04_KA06_13.mat,False,paderborn_channels_verified
paderborn_artificial_to_natural,artificial_to_real_damage,paderborn,paderborn_n15_m07_f04_ka06_14_multisensor,paderborn_n15_m07_f04_ka06_14,train,KA06,multisensor,current|force|speed|temperature|torque|vibration,N15,M07_F04,n15_m07_f04,bearing_artificial_damage,06,fault,artificial,14,data/raw/paderborn/KA06/N15_M07_F04_KA06_14.mat,False,paderborn_channels_verified
paderborn_artificial_to_natural,artificial_to_real_damage,paderborn,paderborn_n15_m07_f04_ka06_15_multisensor,paderborn_n15_m07_f04_ka06_15,train,KA06,multisensor,current|force|speed|temperature|torque|vibration,N15,M07_F04,n15_m07_f04,bearing_artificial_damage,06,fault,artificial,15,data/raw/paderborn/KA06/N15_M07_F04_KA06_15.mat,False,paderborn_channels_verified
paderborn_artificial_to_natural,artificial_to_real_damage,paderborn,paderborn_n15_m07_f04_ka06_16_multisensor,paderborn_n15_m07_f04_ka06_16,train,KA06,multisensor,current|force|speed|temperature|torque|vibration,N15,M07_F04,n15_m07_f04,bearing_artificial_damage,06,fault,artificial,16,data/raw/paderborn/KA06/N15_M07_F04_KA06_16.mat,False,paderborn_channels_verified
paderborn_artificial_to_natural,artificial_to_real_damage,paderborn,paderborn_n15_m07_f04_ka06_17_multisensor,paderborn_n15_m07_f04_ka06_17,val,KA06,multisensor,current|force|speed|temperature|torque|vibration,N15,M07_F04,n15_m07_f04,bearing_artificial_damage,06,fault,artificial,17,data/raw/paderborn/KA06/N15_M07_F04_KA06_17.mat,False,paderborn_channels_verified
paderborn_artificial_to_natural,artificial_to_real_damage,paderborn,paderborn_n15_m07_f04_ka06_18_multisensor,paderborn_n15_m07_f04_ka06_18,train,KA06,multisensor,current|force|speed|temperature|torque|vibration,N15,M07_F04,n15_m07_f04,bearing_artificial_damage,06,fault,artificial,18,data/raw/paderborn/KA06/N15_M07_F04_KA06_18.mat,False,paderborn_channels_verified
paderborn_artificial_to_natural,artificial_to_real_damage,paderborn,paderborn_n15_m07_f04_ka06_19_multisensor,paderborn_n15_m07_f04_ka06_19,train,KA06,multisensor,current|force|speed|temperature|torque|vibration,N15,M07_F04,n15_m07_f04,bearing_artificial_damage,06,fault,artificial,19,data/raw/paderborn/KA06/N15_M07_F04_KA06_19.mat,False,paderborn_channels_verified
paderborn_artificial_to_natural,artificial_to_real_damage,paderborn,paderborn_n15_m07_f04_ka06_1_multisensor,paderborn_n15_m07_f04_ka06_1,train,KA06,multisensor,current|force|speed|temperature|torque|vibration,N15,M07_F04,n15_m07_f04,bearing_artificial_damage,06,fault,artificial,1,data/raw/paderborn/KA06/N15_M07_F04_KA06_1.mat,False,paderborn_channels_verified
paderborn_artificial_to_natural,artificial_to_real_damage,paderborn,paderborn_n15_m07_f04_ka06_20_multisensor,paderborn_n15_m07_f04_ka06_20,val,KA06,multisensor,current|force|speed|temperature|torque|vibration,N15,M07_F04,n15_m07_f04,bearing_artificial_damage,06,fault,artificial,20,data/raw/paderborn/KA06/N15_M07_F04_KA06_20.mat,False,paderborn_channels_verified
paderborn_artificial_to_natural,artificial_to_real_damage,paderborn,paderborn_n15_m07_f04_ka06_2_multisensor,paderborn_n15_m07_f04_ka06_2,train,KA06,multisensor,current|force|speed|temperature|torque|vibration,N15,M07_F04,n15_m07_f04,bearing_artificial_damage,06,fault,artificial,2,data/raw/paderborn/KA06/N15_M07_F04_KA06_2.mat,False,paderborn_channels_verified
paderborn_artificial_to_natural,artificial_to_real_damage,paderborn,paderborn_n15_m07_f04_ka06_3_multisensor,paderborn_n15_m07_f04_ka06_3,train,KA06,multisensor,current|force|speed|temperature|torque|vibration,N15,M07_F04,n15_m07_f04,bearing_artificial_damage,06,fault,artificial,3,data/raw/paderborn/KA06/N15_M07_F04_KA06_3.mat,False,paderborn_channels_verified
paderborn_artificial_to_natural,artificial_to_real_damage,paderborn,paderborn_n15_m07_f04_ka06_4_multisensor,paderborn_n15_m07_f04_ka06_4,val,KA06,multisensor,current|force|speed|temperature|torque|vibration,N15,M07_F04,n15_m07_f04,bearing_artificial_damage,06,fault,artificial,4,data/raw/paderborn/KA06/N15_M07_F04_KA06_4.mat,False,paderborn_channels_verified
paderborn_artificial_to_natural,artificial_to_real_damage,paderborn,paderborn_n15_m07_f04_ka06_5_multisensor,paderborn_n15_m07_f04_ka06_5,train,KA06,multisensor,current|force|speed|temperature|torque|vibration,N15,M07_F04,n15_m07_f04,bearing_artificial_damage,06,fault,artificial,5,data/raw/paderborn/KA06/N15_M07_F04_KA06_5.mat,False,paderborn_channels_verified
paderborn_artificial_to_natural,artificial_to_real_damage,paderborn,paderborn_n15_m07_f04_ka06_6_multisensor,paderborn_n15_m07_f04_ka06_6,train,KA06,multisensor,current|force|speed|temperature|torque|vibration,N15,M07_F04,n15_m07_f04,bearing_artificial_damage,06,fault,artificial,6,data/raw/paderborn/KA06/N15_M07_F04_KA06_6.mat,False,paderborn_channels_verified
paderborn_artificial_to_natural,artificial_to_real_damage,paderborn,paderborn_n15_m07_f04_ka06_7_multisensor,paderborn_n15_m07_f04_ka06_7,train,KA06,multisensor,current|force|speed|temperature|torque|vibration,N15,M07_F04,n15_m07_f04,bearing_artificial_damage,06,fault,artificial,7,data/raw/paderborn/KA06/N15_M07_F04_KA06_7.mat,False,paderborn_channels_verified
paderborn_artificial_to_natural,artificial_to_real_damage,paderborn,paderborn_n15_m07_f04_ka06_8_multisensor,paderborn_n15_m07_f04_ka06_8,train,KA06,multisensor,current|force|speed|temperature|torque|vibration,N15,M07_F04,n15_m07_f04,bearing_artificial_damage,06,fault,artificial,8,data/raw/paderborn/KA06/N15_M07_F04_KA06_8.mat,False,paderborn_channels_verified
paderborn_artificial_to_natural,artificial_to_real_damage,paderborn,paderborn_n15_m07_f04_ka06_9_multisensor,paderborn_n15_m07_f04_ka06_9,train,KA06,multisensor,current|force|speed|temperature|torque|vibration,N15,M07_F04,n15_m07_f04,bearing_artificial_damage,06,fault,artificial,9,data/raw/paderborn/KA06/N15_M07_F04_KA06_9.mat,False,paderborn_channels_verified
paderborn_artificial_to_natural,artificial_to_real_damage,paderborn,paderborn_n15_m07_f10_ka06_10_multisensor,paderborn_n15_m07_f10_ka06_10,train,KA06,multisensor,current|force|speed|temperature|torque|vibration,N15,M07_F10,n15_m07_f10,bearing_artificial_damage,06,fault,artificial,10,data/raw/paderborn/KA06/N15_M07_F10_KA06_10.mat,False,paderborn_channels_verified
paderborn_artificial_to_natural,artificial_to_real_damage,paderborn,paderborn_n15_m07_f10_ka06_11_multisensor,paderborn_n15_m07_f10_ka06_11,train,KA06,multisensor,current|force|speed|temperature|torque|vibration,N15,M07_F10,n15_m07_f10,bearing_artificial_damage,06,fault,artificial,11,data/raw/paderborn/KA06/N15_M07_F10_KA06_11.mat,False,paderborn_channels_verified
paderborn_artificial_to_natural,artificial_to_real_damage,paderborn,paderborn_n15_m07_f10_ka06_12_multisensor,paderborn_n15_m07_f10_ka06_12,train,KA06,multisensor,current|force|speed|temperature|torque|vibration,N15,M07_F10,n15_m07_f10,bearing_artificial_damage,06,fault,artificial,12,data/raw/paderborn/KA06/N15_M07_F10_KA06_12.mat,False,paderborn_channels_verified
paderborn_artificial_to_natural,artificial_to_real_damage,paderborn,paderborn_n15_m07_f10_ka06_13_multisensor,paderborn_n15_m07_f10_ka06_13,train,KA06,multisensor,current|force|speed|temperature|torque|vibration,N15,M07_F10,n15_m07_f10,bearing_artificial_damage,06,fault,artificial,13,data/raw/paderborn/KA06/N15_M07_F10_KA06_13.mat,False,paderborn_channels_verified
paderborn_artificial_to_natural,artificial_to_real_damage,paderborn,paderborn_n15_m07_f10_ka06_14_multisensor,paderborn_n15_m07_f10_ka06_14,train,KA06,multisensor,current|force|speed|temperature|torque|vibration,N15,M07_F10,n15_m07_f10,bearing_artificial_damage,06,fault,artificial,14,data/raw/paderborn/KA06/N15_M07_F10_KA06_14.mat,False,paderborn_channels_verified
paderborn_artificial_to_natural,artificial_to_real_damage,paderborn,paderborn_n15_m07_f10_ka06_15_multisensor,paderborn_n15_m07_f10_ka06_15,train,KA06,multisensor,current|force|speed|temperature|torque|vibration,N15,M07_F10,n15_m07_f10,bearing_artificial_damage,06,fault,artificial,15,data/raw/paderborn/KA06/N15_M07_F10_KA06_15.mat,False,paderborn_channels_verified
paderborn_artificial_to_natural,artificial_to_real_damage,paderborn,paderborn_n15_m07_f10_ka06_16_multisensor,paderborn_n15_m07_f10_ka06_16,train,KA06,multisensor,current|force|speed|temperature|torque|vibration,N15,M07_F10,n15_m07_f10,bearing_artificial_damage,06,fault,artificial,16,data/raw/paderborn/KA06/N15_M07_F10_KA06_16.mat,False,paderborn_channels_verified
paderborn_artificial_to_natural,artificial_to_real_damage,paderborn,paderborn_n15_m07_f10_ka06_17_multisensor,paderborn_n15_m07_f10_ka06_17,train,KA06,multisensor,current|force|speed|temperature|torque|vibration,N15,M07_F10,n15_m07_f10,bearing_artificial_damage,06,fault,artificial,17,data/raw/paderborn/KA06/N15_M07_F10_KA06_17.mat,False,paderborn_channels_verified
paderborn_artificial_to_natural,artificial_to_real_damage,paderborn,paderborn_n15_m07_f10_ka06_18_multisensor,paderborn_n15_m07_f10_ka06_18,train,KA06,multisensor,current|force|speed|temperature|torque|vibration,N15,M07_F10,n15_m07_f10,bearing_artificial_damage,06,fault,artificial,18,data/raw/paderborn/KA06/N15_M07_F10_KA06_18.mat,False,paderborn_channels_verified
paderborn_artificial_to_natural,artificial_to_real_damage,paderborn,paderborn_n15_m07_f10_ka06_19_multisensor,paderborn_n15_m07_f10_ka06_19,train,KA06,multisensor,current|force|speed|temperature|torque|vibration,N15,M07_F10,n15_m07_f10,bearing_artificial_damage,06,fault,artificial,19,data/raw/paderborn/KA06/N15_M07_F10_KA06_19.mat,False,paderborn_channels_verified
paderborn_artificial_to_natural,artificial_to_real_damage,paderborn,paderborn_n15_m07_f10_ka06_1_multisensor,paderborn_n15_m07_f10_ka06_1,train,KA06,multisensor,current|force|speed|temperature|torque|vibration,N15,M07_F10,n15_m07_f10,bearing_artificial_damage,06,fault,artificial,1,data/raw/paderborn/KA06/N15_M07_F10_KA06_1.mat,False,paderborn_channels_verified
paderborn_artificial_to_natural,artificial_to_real_damage,paderborn,paderborn_n15_m07_f10_ka06_20_multisensor,paderborn_n15_m07_f10_ka06_20,val,KA06,multisensor,current|force|speed|temperature|torque|vibration,N15,M07_F10,n15_m07_f10,bearing_artificial_damage,06,fault,artificial,20,data/raw/paderborn/KA06/N15_M07_F10_KA06_20.mat,False,paderborn_channels_verified
paderborn_artificial_to_natural,artificial_to_real_damage,paderborn,paderborn_n15_m07_f10_ka06_2_multisensor,paderborn_n15_m07_f10_ka06_2,train,KA06,multisensor,current|force|speed|temperature|torque|vibration,N15,M07_F10,n15_m07_f10,bearing_artificial_damage,06,fault,artificial,2,data/raw/paderborn/KA06/N15_M07_F10_KA06_2.mat,False,paderborn_channels_verified
paderborn_artificial_to_natural,artificial_to_real_damage,paderborn,paderborn_n15_m07_f10_ka06_3_multisensor,paderborn_n15_m07_f10_ka06_3,train,KA06,multisensor,current|force|speed|temperature|torque|vibration,N15,M07_F10,n15_m07_f10,bearing_artificial_damage,06,fault,artificial,3,data/raw/paderborn/KA06/N15_M07_F10_KA06_3.mat,False,paderborn_channels_verified
paderborn_artificial_to_natural,artificial_to_real_damage,paderborn,paderborn_n15_m07_f10_ka06_4_multisensor,paderborn_n15_m07_f10_ka06_4,val,KA06,multisensor,current|force|speed|temperature|torque|vibration,N15,M07_F10,n15_m07_f10,bearing_artificial_damage,06,fault,artificial,4,data/raw/paderborn/KA06/N15_M07_F10_KA06_4.mat,False,paderborn_channels_verified
paderborn_artificial_to_natural,artificial_to_real_damage,paderborn,paderborn_n15_m07_f10_ka06_5_multisensor,paderborn_n15_m07_f10_ka06_5,train,KA06,multisensor,current|force|speed|temperature|torque|vibration,N15,M07_F10,n15_m07_f10,bearing_artificial_damage,06,fault,artificial,5,data/raw/paderborn/KA06/N15_M07_F10_KA06_5.mat,False,paderborn_channels_verified
paderborn_artificial_to_natural,artificial_to_real_damage,paderborn,paderborn_n15_m07_f10_ka06_6_multisensor,paderborn_n15_m07_f10_ka06_6,val,KA06,multisensor,current|force|speed|temperature|torque|vibration,N15,M07_F10,n15_m07_f10,bearing_artificial_damage,06,fault,artificial,6,data/raw/paderborn/KA06/N15_M07_F10_KA06_6.mat,False,paderborn_channels_verified
paderborn_artificial_to_natural,artificial_to_real_damage,paderborn,paderborn_n15_m07_f10_ka06_7_multisensor,paderborn_n15_m07_f10_ka06_7,train,KA06,multisensor,current|force|speed|temperature|torque|vibration,N15,M07_F10,n15_m07_f10,bearing_artificial_damage,06,fault,artificial,7,data/raw/paderborn/KA06/N15_M07_F10_KA06_7.mat,False,paderborn_channels_verified
paderborn_artificial_to_natural,artificial_to_real_damage,paderborn,paderborn_n15_m07_f10_ka06_8_multisensor,paderborn_n15_m07_f10_ka06_8,val,KA06,multisensor,current|force|speed|temperature|torque|vibration,N15,M07_F10,n15_m07_f10,bearing_artificial_damage,06,fault,artificial,8,data/raw/paderborn/KA06/N15_M07_F10_KA06_8.mat,False,paderborn_channels_verified
paderborn_artificial_to_natural,artificial_to_real_damage,paderborn,paderborn_n15_m07_f10_ka06_9_multisensor,paderborn_n15_m07_f10_ka06_9,val,KA06,multisensor,current|force|speed|temperature|torque|vibration,N15,M07_F10,n15_m07_f10,bearing_artificial_damage,06,fault,artificial,9,data/raw/paderborn/KA06/N15_M07_F10_KA06_9.mat,False,paderborn_channels_verified
paderborn_artificial_to_natural,artificial_to_real_damage,paderborn,paderborn_n09_m07_f10_ka07_10_multisensor,paderborn_n09_m07_f10_ka07_10,train,KA07,multisensor,current|force|speed|temperature|torque|vibration,N09,M07_F10,n09_m07_f10,bearing_artificial_damage,07,fault,artificial,10,data/raw/paderborn/KA07/N09_M07_F10_KA07_10.mat,False,paderborn_channels_verified
paderborn_artificial_to_natural,artificial_to_real_damage,paderborn,paderborn_n09_m07_f10_ka07_11_multisensor,paderborn_n09_m07_f10_ka07_11,train,KA07,multisensor,current|force|speed|temperature|torque|vibration,N09,M07_F10,n09_m07_f10,bearing_artificial_damage,07,fault,artificial,11,data/raw/paderborn/KA07/N09_M07_F10_KA07_11.mat,False,paderborn_channels_verified
paderborn_artificial_to_natural,artificial_to_real_damage,paderborn,paderborn_n09_m07_f10_ka07_12_multisensor,paderborn_n09_m07_f10_ka07_12,train,KA07,multisensor,current|force|speed|temperature|torque|vibration,N09,M07_F10,n09_m07_f10,bearing_artificial_damage,07,fault,artificial,12,data/raw/paderborn/KA07/N09_M07_F10_KA07_12.mat,False,paderborn_channels_verified
paderborn_artificial_to_natural,artificial_to_real_damage,paderborn,paderborn_n09_m07_f10_ka07_13_multisensor,paderborn_n09_m07_f10_ka07_13,val,KA07,multisensor,current|force|speed|temperature|torque|vibration,N09,M07_F10,n09_m07_f10,bearing_artificial_damage,07,fault,artificial,13,data/raw/paderborn/KA07/N09_M07_F10_KA07_13.mat,False,paderborn_channels_verified
paderborn_artificial_to_natural,artificial_to_real_damage,paderborn,paderborn_n09_m07_f10_ka07_14_multisensor,paderborn_n09_m07_f10_ka07_14,train,KA07,multisensor,current|force|speed|temperature|torque|vibration,N09,M07_F10,n09_m07_f10,bearing_artificial_damage,07,fault,artificial,14,data/raw/paderborn/KA07/N09_M07_F10_KA07_14.mat,False,paderborn_channels_verified
paderborn_artificial_to_natural,artificial_to_real_damage,paderborn,paderborn_n09_m07_f10_ka07_15_multisensor,paderborn_n09_m07_f10_ka07_15,train,KA07,multisensor,current|force|speed|temperature|torque|vibration,N09,M07_F10,n09_m07_f10,bearing_artificial_damage,07,fault,artificial,15,data/raw/paderborn/KA07/N09_M07_F10_KA07_15.mat,False,paderborn_channels_verified
paderborn_artificial_to_natural,artificial_to_real_damage,paderborn,paderborn_n09_m07_f10_ka07_16_multisensor,paderborn_n09_m07_f10_ka07_16,train,KA07,multisensor,current|force|speed|temperature|torque|vibration,N09,M07_F10,n09_m07_f10,bearing_artificial_damage,07,fault,artificial,16,data/raw/paderborn/KA07/N09_M07_F10_KA07_16.mat,False,paderborn_channels_verified
paderborn_artificial_to_natural,artificial_to_real_damage,paderborn,paderborn_n09_m07_f10_ka07_17_multisensor,paderborn_n09_m07_f10_ka07_17,train,KA07,multisensor,current|force|speed|temperature|torque|vibration,N09,M07_F10,n09_m07_f10,bearing_artificial_damage,07,fault,artificial,17,data/raw/paderborn/KA07/N09_M07_F10_KA07_17.mat,False,paderborn_channels_verified
paderborn_artificial_to_natural,artificial_to_real_damage,paderborn,paderborn_n09_m07_f10_ka07_18_multisensor,paderborn_n09_m07_f10_ka07_18,train,KA07,multisensor,current|force|speed|temperature|torque|vibration,N09,M07_F10,n09_m07_f10,bearing_artificial_damage,07,fault,artificial,18,data/raw/paderborn/KA07/N09_M07_F10_KA07_18.mat,False,paderborn_channels_verified
paderborn_artificial_to_natural,artificial_to_real_damage,paderborn,paderborn_n09_m07_f10_ka07_19_multisensor,paderborn_n09_m07_f10_ka07_19,train,KA07,multisensor,current|force|speed|temperature|torque|vibration,N09,M07_F10,n09_m07_f10,bearing_artificial_damage,07,fault,artificial,19,data/raw/paderborn/KA07/N09_M07_F10_KA07_19.mat,False,paderborn_channels_verified
paderborn_artificial_to_natural,artificial_to_real_damage,paderborn,paderborn_n09_m07_f10_ka07_1_multisensor,paderborn_n09_m07_f10_ka07_1,train,KA07,multisensor,current|force|speed|temperature|torque|vibration,N09,M07_F10,n09_m07_f10,bearing_artificial_damage,07,fault,artificial,1,data/raw/paderborn/KA07/N09_M07_F10_KA07_1.mat,False,paderborn_channels_verified
paderborn_artificial_to_natural,artificial_to_real_damage,paderborn,paderborn_n09_m07_f10_ka07_20_multisensor,paderborn_n09_m07_f10_ka07_20,val,KA07,multisensor,current|force|speed|temperature|torque|vibration,N09,M07_F10,n09_m07_f10,bearing_artificial_damage,07,fault,artificial,20,data/raw/paderborn/KA07/N09_M07_F10_KA07_20.mat,False,paderborn_channels_verified
paderborn_artificial_to_natural,artificial_to_real_damage,paderborn,paderborn_n09_m07_f10_ka07_2_multisensor,paderborn_n09_m07_f10_ka07_2,train,KA07,multisensor,current|force|speed|temperature|torque|vibration,N09,M07_F10,n09_m07_f10,bearing_artificial_damage,07,fault,artificial,2,data/raw/paderborn/KA07/N09_M07_F10_KA07_2.mat,False,paderborn_channels_verified
paderborn_artificial_to_natural,artificial_to_real_damage,paderborn,paderborn_n09_m07_f10_ka07_3_multisensor,paderborn_n09_m07_f10_ka07_3,train,KA07,multisensor,current|force|speed|temperature|torque|vibration,N09,M07_F10,n09_m07_f10,bearing_artificial_damage,07,fault,artificial,3,data/raw/paderborn/KA07/N09_M07_F10_KA07_3.mat,False,paderborn_channels_verified
paderborn_artificial_to_natural,artificial_to_real_damage,paderborn,paderborn_n09_m07_f10_ka07_4_multisensor,paderborn_n09_m07_f10_ka07_4,train,KA07,multisensor,current|force|speed|temperature|torque|vibration,N09,M07_F10,n09_m07_f10,bearing_artificial_damage,07,fault,artificial,4,data/raw/paderborn/KA07/N09_M07_F10_KA07_4.mat,False,paderborn_channels_verified
paderborn_artificial_to_natural,artificial_to_real_damage,paderborn,paderborn_n09_m07_f10_ka07_5_multisensor,paderborn_n09_m07_f10_ka07_5,train,KA07,multisensor,current|force|speed|temperature|torque|vibration,N09,M07_F10,n09_m07_f10,bearing_artificial_damage,07,fault,artificial,5,data/raw/paderborn/KA07/N09_M07_F10_KA07_5.mat,False,paderborn_channels_verified
paderborn_artificial_to_natural,artificial_to_real_damage,paderborn,paderborn_n09_m07_f10_ka07_6_multisensor,paderborn_n09_m07_f10_ka07_6,val,KA07,multisensor,current|force|speed|temperature|torque|vibration,N09,M07_F10,n09_m07_f10,bearing_artificial_damage,07,fault,artificial,6,data/raw/paderborn/KA07/N09_M07_F10_KA07_6.mat,False,paderborn_channels_verified
paderborn_artificial_to_natural,artificial_to_real_damage,paderborn,paderborn_n09_m07_f10_ka07_7_multisensor,paderborn_n09_m07_f10_ka07_7,train,KA07,multisensor,current|force|speed|temperature|torque|vibration,N09,M07_F10,n09_m07_f10,bearing_artificial_damage,07,fault,artificial,7,data/raw/paderborn/KA07/N09_M07_F10_KA07_7.mat,False,paderborn_channels_verified
paderborn_artificial_to_natural,artificial_to_real_damage,paderborn,paderborn_n09_m07_f10_ka07_8_multisensor,paderborn_n09_m07_f10_ka07_8,val,KA07,multisensor,current|force|speed|temperature|torque|vibration,N09,M07_F10,n09_m07_f10,bearing_artificial_damage,07,fault,artificial,8,data/raw/paderborn/KA07/N09_M07_F10_KA07_8.mat,False,paderborn_channels_verified
paderborn_artificial_to_natural,artificial_to_real_damage,paderborn,paderborn_n09_m07_f10_ka07_9_multisensor,paderborn_n09_m07_f10_ka07_9,train,KA07,multisensor,current|force|speed|temperature|torque|vibration,N09,M07_F10,n09_m07_f10,bearing_artificial_damage,07,fault,artificial,9,data/raw/paderborn/KA07/N09_M07_F10_KA07_9.mat,False,paderborn_channels_verified
paderborn_artificial_to_natural,artificial_to_real_damage,paderborn,paderborn_n15_m01_f10_ka07_10_multisensor,paderborn_n15_m01_f10_ka07_10,train,KA07,multisensor,current|force|speed|temperature|torque|vibration,N15,M01_F10,n15_m01_f10,bearing_artificial_damage,07,fault,artificial,10,data/raw/paderborn/KA07/N15_M01_F10_KA07_10.mat,False,paderborn_channels_verified
paderborn_artificial_to_natural,artificial_to_real_damage,paderborn,paderborn_n15_m01_f10_ka07_11_multisensor,paderborn_n15_m01_f10_ka07_11,train,KA07,multisensor,current|force|speed|temperature|torque|vibration,N15,M01_F10,n15_m01_f10,bearing_artificial_damage,07,fault,artificial,11,data/raw/paderborn/KA07/N15_M01_F10_KA07_11.mat,False,paderborn_channels_verified
paderborn_artificial_to_natural,artificial_to_real_damage,paderborn,paderborn_n15_m01_f10_ka07_12_multisensor,paderborn_n15_m01_f10_ka07_12,train,KA07,multisensor,current|force|speed|temperature|torque|vibration,N15,M01_F10,n15_m01_f10,bearing_artificial_damage,07,fault,artificial,12,data/raw/paderborn/KA07/N15_M01_F10_KA07_12.mat,False,paderborn_channels_verified
paderborn_artificial_to_natural,artificial_to_real_damage,paderborn,paderborn_n15_m01_f10_ka07_13_multisensor,paderborn_n15_m01_f10_ka07_13,train,KA07,multisensor,current|force|speed|temperature|torque|vibration,N15,M01_F10,n15_m01_f10,bearing_artificial_damage,07,fault,artificial,13,data/raw/paderborn/KA07/N15_M01_F10_KA07_13.mat,False,paderborn_channels_verified
paderborn_artificial_to_natural,artificial_to_real_damage,paderborn,paderborn_n15_m01_f10_ka07_14_multisensor,paderborn_n15_m01_f10_ka07_14,train,KA07,multisensor,current|force|speed|temperature|torque|vibration,N15,M01_F10,n15_m01_f10,bearing_artificial_damage,07,fault,artificial,14,data/raw/paderborn/KA07/N15_M01_F10_KA07_14.mat,False,paderborn_channels_verified
paderborn_artificial_to_natural,artificial_to_real_damage,paderborn,paderborn_n15_m01_f10_ka07_15_multisensor,paderborn_n15_m01_f10_ka07_15,train,KA07,multisensor,current|force|speed|temperature|torque|vibration,N15,M01_F10,n15_m01_f10,bearing_artificial_damage,07,fault,artificial,15,data/raw/paderborn/KA07/N15_M01_F10_KA07_15.mat,False,paderborn_channels_verified
paderborn_artificial_to_natural,artificial_to_real_damage,paderborn,paderborn_n15_m01_f10_ka07_16_multisensor,paderborn_n15_m01_f10_ka07_16,train,KA07,multisensor,current|force|speed|temperature|torque|vibration,N15,M01_F10,n15_m01_f10,bearing_artificial_damage,07,fault,artificial,16,data/raw/paderborn/KA07/N15_M01_F10_KA07_16.mat,False,paderborn_channels_verified
paderborn_artificial_to_natural,artificial_to_real_damage,paderborn,paderborn_n15_m01_f10_ka07_17_multisensor,paderborn_n15_m01_f10_ka07_17,train,KA07,multisensor,current|force|speed|temperature|torque|vibration,N15,M01_F10,n15_m01_f10,bearing_artificial_damage,07,fault,artificial,17,data/raw/paderborn/KA07/N15_M01_F10_KA07_17.mat,False,paderborn_channels_verified
paderborn_artificial_to_natural,artificial_to_real_damage,paderborn,paderborn_n15_m01_f10_ka07_18_multisensor,paderborn_n15_m01_f10_ka07_18,train,KA07,multisensor,current|force|speed|temperature|torque|vibration,N15,M01_F10,n15_m01_f10,bearing_artificial_damage,07,fault,artificial,18,data/raw/paderborn/KA07/N15_M01_F10_KA07_18.mat,False,paderborn_channels_verified
paderborn_artificial_to_natural,artificial_to_real_damage,paderborn,paderborn_n15_m01_f10_ka07_19_multisensor,paderborn_n15_m01_f10_ka07_19,train,KA07,multisensor,current|force|speed|temperature|torque|vibration,N15,M01_F10,n15_m01_f10,bearing_artificial_damage,07,fault,artificial,19,data/raw/paderborn/KA07/N15_M01_F10_KA07_19.mat,False,paderborn_channels_verified
paderborn_artificial_to_natural,artificial_to_real_damage,paderborn,paderborn_n15_m01_f10_ka07_1_multisensor,paderborn_n15_m01_f10_ka07_1,train,KA07,multisensor,current|force|speed|temperature|torque|vibration,N15,M01_F10,n15_m01_f10,bearing_artificial_damage,07,fault,artificial,1,data/raw/paderborn/KA07/N15_M01_F10_KA07_1.mat,False,paderborn_channels_verified
paderborn_artificial_to_natural,artificial_to_real_damage,paderborn,paderborn_n15_m01_f10_ka07_20_multisensor,paderborn_n15_m01_f10_ka07_20,train,KA07,multisensor,current|force|speed|temperature|torque|vibration,N15,M01_F10,n15_m01_f10,bearing_artificial_damage,07,fault,artificial,20,data/raw/paderborn/KA07/N15_M01_F10_KA07_20.mat,False,paderborn_channels_verified
paderborn_artificial_to_natural,artificial_to_real_damage,paderborn,paderborn_n15_m01_f10_ka07_2_multisensor,paderborn_n15_m01_f10_ka07_2,train,KA07,multisensor,current|force|speed|temperature|torque|vibration,N15,M01_F10,n15_m01_f10,bearing_artificial_damage,07,fault,artificial,2,data/raw/paderborn/KA07/N15_M01_F10_KA07_2.mat,False,paderborn_channels_verified
paderborn_artificial_to_natural,artificial_to_real_damage,paderborn,paderborn_n15_m01_f10_ka07_3_multisensor,paderborn_n15_m01_f10_ka07_3,val,KA07,multisensor,current|force|speed|temperature|torque|vibration,N15,M01_F10,n15_m01_f10,bearing_artificial_damage,07,fault,artificial,3,data/raw/paderborn/KA07/N15_M01_F10_KA07_3.mat,False,paderborn_channels_verified
paderborn_artificial_to_natural,artificial_to_real_damage,paderborn,paderborn_n15_m01_f10_ka07_4_multisensor,paderborn_n15_m01_f10_ka07_4,train,KA07,multisensor,current|force|speed|temperature|torque|vibration,N15,M01_F10,n15_m01_f10,bearing_artificial_damage,07,fault,artificial,4,data/raw/paderborn/KA07/N15_M01_F10_KA07_4.mat,False,paderborn_channels_verified
paderborn_artificial_to_natural,artificial_to_real_damage,paderborn,paderborn_n15_m01_f10_ka07_5_multisensor,paderborn_n15_m01_f10_ka07_5,train,KA07,multisensor,current|force|speed|temperature|torque|vibration,N15,M01_F10,n15_m01_f10,bearing_artificial_damage,07,fault,artificial,5,data/raw/paderborn/KA07/N15_M01_F10_KA07_5.mat,False,paderborn_channels_verified
paderborn_artificial_to_natural,artificial_to_real_damage,paderborn,paderborn_n15_m01_f10_ka07_6_multisensor,paderborn_n15_m01_f10_ka07_6,train,KA07,multisensor,current|force|speed|temperature|torque|vibration,N15,M01_F10,n15_m01_f10,bearing_artificial_damage,07,fault,artificial,6,data/raw/paderborn/KA07/N15_M01_F10_KA07_6.mat,False,paderborn_channels_verified
paderborn_artificial_to_natural,artificial_to_real_damage,paderborn,paderborn_n15_m01_f10_ka07_7_multisensor,paderborn_n15_m01_f10_ka07_7,train,KA07,multisensor,current|force|speed|temperature|torque|vibration,N15,M01_F10,n15_m01_f10,bearing_artificial_damage,07,fault,artificial,7,data/raw/paderborn/KA07/N15_M01_F10_KA07_7.mat,False,paderborn_channels_verified
paderborn_artificial_to_natural,artificial_to_real_damage,paderborn,paderborn_n15_m01_f10_ka07_8_multisensor,paderborn_n15_m01_f10_ka07_8,train,KA07,multisensor,current|force|speed|temperature|torque|vibration,N15,M01_F10,n15_m01_f10,bearing_artificial_damage,07,fault,artificial,8,data/raw/paderborn/KA07/N15_M01_F10_KA07_8.mat,False,paderborn_channels_verified
paderborn_artificial_to_natural,artificial_to_real_damage,paderborn,paderborn_n15_m01_f10_ka07_9_multisensor,paderborn_n15_m01_f10_ka07_9,val,KA07,multisensor,current|force|speed|temperature|torque|vibration,N15,M01_F10,n15_m01_f10,bearing_artificial_damage,07,fault,artificial,9,data/raw/paderborn/KA07/N15_M01_F10_KA07_9.mat,False,paderborn_channels_verified
paderborn_artificial_to_natural,artificial_to_real_damage,paderborn,paderborn_n15_m07_f04_ka07_10_multisensor,paderborn_n15_m07_f04_ka07_10,train,KA07,multisensor,current|force|speed|temperature|torque|vibration,N15,M07_F04,n15_m07_f04,bearing_artificial_damage,07,fault,artificial,10,data/raw/paderborn/KA07/N15_M07_F04_KA07_10.mat,False,paderborn_channels_verified
paderborn_artificial_to_natural,artificial_to_real_damage,paderborn,paderborn_n15_m07_f04_ka07_11_multisensor,paderborn_n15_m07_f04_ka07_11,train,KA07,multisensor,current|force|speed|temperature|torque|vibration,N15,M07_F04,n15_m07_f04,bearing_artificial_damage,07,fault,artificial,11,data/raw/paderborn/KA07/N15_M07_F04_KA07_11.mat,False,paderborn_channels_verified
paderborn_artificial_to_natural,artificial_to_real_damage,paderborn,paderborn_n15_m07_f04_ka07_12_multisensor,paderborn_n15_m07_f04_ka07_12,train,KA07,multisensor,current|force|speed|temperature|torque|vibration,N15,M07_F04,n15_m07_f04,bearing_artificial_damage,07,fault,artificial,12,data/raw/paderborn/KA07/N15_M07_F04_KA07_12.mat,False,paderborn_channels_verified
paderborn_artificial_to_natural,artificial_to_real_damage,paderborn,paderborn_n15_m07_f04_ka07_13_multisensor,paderborn_n15_m07_f04_ka07_13,val,KA07,multisensor,current|force|speed|temperature|torque|vibration,N15,M07_F04,n15_m07_f04,bearing_artificial_damage,07,fault,artificial,13,data/raw/paderborn/KA07/N15_M07_F04_KA07_13.mat,False,paderborn_channels_verified
paderborn_artificial_to_natural,artificial_to_real_damage,paderborn,paderborn_n15_m07_f04_ka07_14_multisensor,paderborn_n15_m07_f04_ka07_14,train,KA07,multisensor,current|force|speed|temperature|torque|vibration,N15,M07_F04,n15_m07_f04,bearing_artificial_damage,07,fault,artificial,14,data/raw/paderborn/KA07/N15_M07_F04_KA07_14.mat,False,paderborn_channels_verified
paderborn_artificial_to_natural,artificial_to_real_damage,paderborn,paderborn_n15_m07_f04_ka07_15_multisensor,paderborn_n15_m07_f04_ka07_15,val,KA07,multisensor,current|force|speed|temperature|torque|vibration,N15,M07_F04,n15_m07_f04,bearing_artificial_damage,07,fault,artificial,15,data/raw/paderborn/KA07/N15_M07_F04_KA07_15.mat,False,paderborn_channels_verified
paderborn_artificial_to_natural,artificial_to_real_damage,paderborn,paderborn_n15_m07_f04_ka07_16_multisensor,paderborn_n15_m07_f04_ka07_16,val,KA07,multisensor,current|force|speed|temperature|torque|vibration,N15,M07_F04,n15_m07_f04,bearing_artificial_damage,07,fault,artificial,16,data/raw/paderborn/KA07/N15_M07_F04_KA07_16.mat,False,paderborn_channels_verified
paderborn_artificial_to_natural,artificial_to_real_damage,paderborn,paderborn_n15_m07_f04_ka07_17_multisensor,paderborn_n15_m07_f04_ka07_17,train,KA07,multisensor,current|force|speed|temperature|torque|vibration,N15,M07_F04,n15_m07_f04,bearing_artificial_damage,07,fault,artificial,17,data/raw/paderborn/KA07/N15_M07_F04_KA07_17.mat,False,paderborn_channels_verified
paderborn_artificial_to_natural,artificial_to_real_damage,paderborn,paderborn_n15_m07_f04_ka07_18_multisensor,paderborn_n15_m07_f04_ka07_18,train,KA07,multisensor,current|force|speed|temperature|torque|vibration,N15,M07_F04,n15_m07_f04,bearing_artificial_damage,07,fault,artificial,18,data/raw/paderborn/KA07/N15_M07_F04_KA07_18.mat,False,paderborn_channels_verified
paderborn_artificial_to_natural,artificial_to_real_damage,paderborn,paderborn_n15_m07_f04_ka07_19_multisensor,paderborn_n15_m07_f04_ka07_19,train,KA07,multisensor,current|force|speed|temperature|torque|vibration,N15,M07_F04,n15_m07_f04,bearing_artificial_damage,07,fault,artificial,19,data/raw/paderborn/KA07/N15_M07_F04_KA07_19.mat,False,paderborn_channels_verified
paderborn_artificial_to_natural,artificial_to_real_damage,paderborn,paderborn_n15_m07_f04_ka07_1_multisensor,paderborn_n15_m07_f04_ka07_1,train,KA07,multisensor,current|force|speed|temperature|torque|vibration,N15,M07_F04,n15_m07_f04,bearing_artificial_damage,07,fault,artificial,1,data/raw/paderborn/KA07/N15_M07_F04_KA07_1.mat,False,paderborn_channels_verified
paderborn_artificial_to_natural,artificial_to_real_damage,paderborn,paderborn_n15_m07_f04_ka07_20_multisensor,paderborn_n15_m07_f04_ka07_20,train,KA07,multisensor,current|force|speed|temperature|torque|vibration,N15,M07_F04,n15_m07_f04,bearing_artificial_damage,07,fault,artificial,20,data/raw/paderborn/KA07/N15_M07_F04_KA07_20.mat,False,paderborn_channels_verified
paderborn_artificial_to_natural,artificial_to_real_damage,paderborn,paderborn_n15_m07_f04_ka07_2_multisensor,paderborn_n15_m07_f04_ka07_2,train,KA07,multisensor,current|force|speed|temperature|torque|vibration,N15,M07_F04,n15_m07_f04,bearing_artificial_damage,07,fault,artificial,2,data/raw/paderborn/KA07/N15_M07_F04_KA07_2.mat,False,paderborn_channels_verified
paderborn_artificial_to_natural,artificial_to_real_damage,paderborn,paderborn_n15_m07_f04_ka07_3_multisensor,paderborn_n15_m07_f04_ka07_3,train,KA07,multisensor,current|force|speed|temperature|torque|vibration,N15,M07_F04,n15_m07_f04,bearing_artificial_damage,07,fault,artificial,3,data/raw/paderborn/KA07/N15_M07_F04_KA07_3.mat,False,paderborn_channels_verified
paderborn_artificial_to_natural,artificial_to_real_damage,paderborn,paderborn_n15_m07_f04_ka07_4_multisensor,paderborn_n15_m07_f04_ka07_4,train,KA07,multisensor,current|force|speed|temperature|torque|vibration,N15,M07_F04,n15_m07_f04,bearing_artificial_damage,07,fault,artificial,4,data/raw/paderborn/KA07/N15_M07_F04_KA07_4.mat,False,paderborn_channels_verified
paderborn_artificial_to_natural,artificial_to_real_damage,paderborn,paderborn_n15_m07_f04_ka07_5_multisensor,paderborn_n15_m07_f04_ka07_5,train,KA07,multisensor,current|force|speed|temperature|torque|vibration,N15,M07_F04,n15_m07_f04,bearing_artificial_damage,07,fault,artificial,5,data/raw/paderborn/KA07/N15_M07_F04_KA07_5.mat,False,paderborn_channels_verified
paderborn_artificial_to_natural,artificial_to_real_damage,paderborn,paderborn_n15_m07_f04_ka07_6_multisensor,paderborn_n15_m07_f04_ka07_6,train,KA07,multisensor,current|force|speed|temperature|torque|vibration,N15,M07_F04,n15_m07_f04,bearing_artificial_damage,07,fault,artificial,6,data/raw/paderborn/KA07/N15_M07_F04_KA07_6.mat,False,paderborn_channels_verified
paderborn_artificial_to_natural,artificial_to_real_damage,paderborn,paderborn_n15_m07_f04_ka07_7_multisensor,paderborn_n15_m07_f04_ka07_7,train,KA07,multisensor,current|force|speed|temperature|torque|vibration,N15,M07_F04,n15_m07_f04,bearing_artificial_damage,07,fault,artificial,7,data/raw/paderborn/KA07/N15_M07_F04_KA07_7.mat,False,paderborn_channels_verified
paderborn_artificial_to_natural,artificial_to_real_damage,paderborn,paderborn_n15_m07_f04_ka07_8_multisensor,paderborn_n15_m07_f04_ka07_8,train,KA07,multisensor,current|force|speed|temperature|torque|vibration,N15,M07_F04,n15_m07_f04,bearing_artificial_damage,07,fault,artificial,8,data/raw/paderborn/KA07/N15_M07_F04_KA07_8.mat,False,paderborn_channels_verified
paderborn_artificial_to_natural,artificial_to_real_damage,paderborn,paderborn_n15_m07_f04_ka07_9_multisensor,paderborn_n15_m07_f04_ka07_9,train,KA07,multisensor,current|force|speed|temperature|torque|vibration,N15,M07_F04,n15_m07_f04,bearing_artificial_damage,07,fault,artificial,9,data/raw/paderborn/KA07/N15_M07_F04_KA07_9.mat,False,paderborn_channels_verified
paderborn_artificial_to_natural,artificial_to_real_damage,paderborn,paderborn_n15_m07_f10_ka07_10_multisensor,paderborn_n15_m07_f10_ka07_10,train,KA07,multisensor,current|force|speed|temperature|torque|vibration,N15,M07_F10,n15_m07_f10,bearing_artificial_damage,07,fault,artificial,10,data/raw/paderborn/KA07/N15_M07_F10_KA07_10.mat,False,paderborn_channels_verified
paderborn_artificial_to_natural,artificial_to_real_damage,paderborn,paderborn_n15_m07_f10_ka07_11_multisensor,paderborn_n15_m07_f10_ka07_11,train,KA07,multisensor,current|force|speed|temperature|torque|vibration,N15,M07_F10,n15_m07_f10,bearing_artificial_damage,07,fault,artificial,11,data/raw/paderborn/KA07/N15_M07_F10_KA07_11.mat,False,paderborn_channels_verified
paderborn_artificial_to_natural,artificial_to_real_damage,paderborn,paderborn_n15_m07_f10_ka07_12_multisensor,paderborn_n15_m07_f10_ka07_12,train,KA07,multisensor,current|force|speed|temperature|torque|vibration,N15,M07_F10,n15_m07_f10,bearing_artificial_damage,07,fault,artificial,12,data/raw/paderborn/KA07/N15_M07_F10_KA07_12.mat,False,paderborn_channels_verified
paderborn_artificial_to_natural,artificial_to_real_damage,paderborn,paderborn_n15_m07_f10_ka07_13_multisensor,paderborn_n15_m07_f10_ka07_13,train,KA07,multisensor,current|force|speed|temperature|torque|vibration,N15,M07_F10,n15_m07_f10,bearing_artificial_damage,07,fault,artificial,13,data/raw/paderborn/KA07/N15_M07_F10_KA07_13.mat,False,paderborn_channels_verified
paderborn_artificial_to_natural,artificial_to_real_damage,paderborn,paderborn_n15_m07_f10_ka07_14_multisensor,paderborn_n15_m07_f10_ka07_14,train,KA07,multisensor,current|force|speed|temperature|torque|vibration,N15,M07_F10,n15_m07_f10,bearing_artificial_damage,07,fault,artificial,14,data/raw/paderborn/KA07/N15_M07_F10_KA07_14.mat,False,paderborn_channels_verified
paderborn_artificial_to_natural,artificial_to_real_damage,paderborn,paderborn_n15_m07_f10_ka07_15_multisensor,paderborn_n15_m07_f10_ka07_15,val,KA07,multisensor,current|force|speed|temperature|torque|vibration,N15,M07_F10,n15_m07_f10,bearing_artificial_damage,07,fault,artificial,15,data/raw/paderborn/KA07/N15_M07_F10_KA07_15.mat,False,paderborn_channels_verified
paderborn_artificial_to_natural,artificial_to_real_damage,paderborn,paderborn_n15_m07_f10_ka07_16_multisensor,paderborn_n15_m07_f10_ka07_16,train,KA07,multisensor,current|force|speed|temperature|torque|vibration,N15,M07_F10,n15_m07_f10,bearing_artificial_damage,07,fault,artificial,16,data/raw/paderborn/KA07/N15_M07_F10_KA07_16.mat,False,paderborn_channels_verified
paderborn_artificial_to_natural,artificial_to_real_damage,paderborn,paderborn_n15_m07_f10_ka07_17_multisensor,paderborn_n15_m07_f10_ka07_17,train,KA07,multisensor,current|force|speed|temperature|torque|vibration,N15,M07_F10,n15_m07_f10,bearing_artificial_damage,07,fault,artificial,17,data/raw/paderborn/KA07/N15_M07_F10_KA07_17.mat,False,paderborn_channels_verified
paderborn_artificial_to_natural,artificial_to_real_damage,paderborn,paderborn_n15_m07_f10_ka07_18_multisensor,paderborn_n15_m07_f10_ka07_18,val,KA07,multisensor,current|force|speed|temperature|torque|vibration,N15,M07_F10,n15_m07_f10,bearing_artificial_damage,07,fault,artificial,18,data/raw/paderborn/KA07/N15_M07_F10_KA07_18.mat,False,paderborn_channels_verified
paderborn_artificial_to_natural,artificial_to_real_damage,paderborn,paderborn_n15_m07_f10_ka07_19_multisensor,paderborn_n15_m07_f10_ka07_19,train,KA07,multisensor,current|force|speed|temperature|torque|vibration,N15,M07_F10,n15_m07_f10,bearing_artificial_damage,07,fault,artificial,19,data/raw/paderborn/KA07/N15_M07_F10_KA07_19.mat,False,paderborn_channels_verified
paderborn_artificial_to_natural,artificial_to_real_damage,paderborn,paderborn_n15_m07_f10_ka07_1_multisensor,paderborn_n15_m07_f10_ka07_1,val,KA07,multisensor,current|force|speed|temperature|torque|vibration,N15,M07_F10,n15_m07_f10,bearing_artificial_damage,07,fault,artificial,1,data/raw/paderborn/KA07/N15_M07_F10_KA07_1.mat,False,paderborn_channels_verified
paderborn_artificial_to_natural,artificial_to_real_damage,paderborn,paderborn_n15_m07_f10_ka07_20_multisensor,paderborn_n15_m07_f10_ka07_20,train,KA07,multisensor,current|force|speed|temperature|torque|vibration,N15,M07_F10,n15_m07_f10,bearing_artificial_damage,07,fault,artificial,20,data/raw/paderborn/KA07/N15_M07_F10_KA07_20.mat,False,paderborn_channels_verified
paderborn_artificial_to_natural,artificial_to_real_damage,paderborn,paderborn_n15_m07_f10_ka07_2_multisensor,paderborn_n15_m07_f10_ka07_2,train,KA07,multisensor,current|force|speed|temperature|torque|vibration,N15,M07_F10,n15_m07_f10,bearing_artificial_damage,07,fault,artificial,2,data/raw/paderborn/KA07/N15_M07_F10_KA07_2.mat,False,paderborn_channels_verified
paderborn_artificial_to_natural,artificial_to_real_damage,paderborn,paderborn_n15_m07_f10_ka07_3_multisensor,paderborn_n15_m07_f10_ka07_3,train,KA07,multisensor,current|force|speed|temperature|torque|vibration,N15,M07_F10,n15_m07_f10,bearing_artificial_damage,07,fault,artificial,3,data/raw/paderborn/KA07/N15_M07_F10_KA07_3.mat,False,paderborn_channels_verified
paderborn_artificial_to_natural,artificial_to_real_damage,paderborn,paderborn_n15_m07_f10_ka07_4_multisensor,paderborn_n15_m07_f10_ka07_4,train,KA07,multisensor,current|force|speed|temperature|torque|vibration,N15,M07_F10,n15_m07_f10,bearing_artificial_damage,07,fault,artificial,4,data/raw/paderborn/KA07/N15_M07_F10_KA07_4.mat,False,paderborn_channels_verified
paderborn_artificial_to_natural,artificial_to_real_damage,paderborn,paderborn_n15_m07_f10_ka07_5_multisensor,paderborn_n15_m07_f10_ka07_5,train,KA07,multisensor,current|force|speed|temperature|torque|vibration,N15,M07_F10,n15_m07_f10,bearing_artificial_damage,07,fault,artificial,5,data/raw/paderborn/KA07/N15_M07_F10_KA07_5.mat,False,paderborn_channels_verified
paderborn_artificial_to_natural,artificial_to_real_damage,paderborn,paderborn_n15_m07_f10_ka07_6_multisensor,paderborn_n15_m07_f10_ka07_6,train,KA07,multisensor,current|force|speed|temperature|torque|vibration,N15,M07_F10,n15_m07_f10,bearing_artificial_damage,07,fault,artificial,6,data/raw/paderborn/KA07/N15_M07_F10_KA07_6.mat,False,paderborn_channels_verified
paderborn_artificial_to_natural,artificial_to_real_damage,paderborn,paderborn_n15_m07_f10_ka07_7_multisensor,paderborn_n15_m07_f10_ka07_7,train,KA07,multisensor,current|force|speed|temperature|torque|vibration,N15,M07_F10,n15_m07_f10,bearing_artificial_damage,07,fault,artificial,7,data/raw/paderborn/KA07/N15_M07_F10_KA07_7.mat,False,paderborn_channels_verified
paderborn_artificial_to_natural,artificial_to_real_damage,paderborn,paderborn_n15_m07_f10_ka07_8_multisensor,paderborn_n15_m07_f10_ka07_8,train,KA07,multisensor,current|force|speed|temperature|torque|vibration,N15,M07_F10,n15_m07_f10,bearing_artificial_damage,07,fault,artificial,8,data/raw/paderborn/KA07/N15_M07_F10_KA07_8.mat,False,paderborn_channels_verified
paderborn_artificial_to_natural,artificial_to_real_damage,paderborn,paderborn_n15_m07_f10_ka07_9_multisensor,paderborn_n15_m07_f10_ka07_9,train,KA07,multisensor,current|force|speed|temperature|torque|vibration,N15,M07_F10,n15_m07_f10,bearing_artificial_damage,07,fault,artificial,9,data/raw/paderborn/KA07/N15_M07_F10_KA07_9.mat,False,paderborn_channels_verified
paderborn_artificial_to_natural,artificial_to_real_damage,paderborn,paderborn_n09_m07_f10_ka08_10_multisensor,paderborn_n09_m07_f10_ka08_10,train,KA08,multisensor,current|force|speed|temperature|torque|vibration,N09,M07_F10,n09_m07_f10,bearing_artificial_damage,08,fault,artificial,10,data/raw/paderborn/KA08/N09_M07_F10_KA08_10.mat,False,paderborn_channels_verified
paderborn_artificial_to_natural,artificial_to_real_damage,paderborn,paderborn_n09_m07_f10_ka08_11_multisensor,paderborn_n09_m07_f10_ka08_11,train,KA08,multisensor,current|force|speed|temperature|torque|vibration,N09,M07_F10,n09_m07_f10,bearing_artificial_damage,08,fault,artificial,11,data/raw/paderborn/KA08/N09_M07_F10_KA08_11.mat,False,paderborn_channels_verified
paderborn_artificial_to_natural,artificial_to_real_damage,paderborn,paderborn_n09_m07_f10_ka08_12_multisensor,paderborn_n09_m07_f10_ka08_12,train,KA08,multisensor,current|force|speed|temperature|torque|vibration,N09,M07_F10,n09_m07_f10,bearing_artificial_damage,08,fault,artificial,12,data/raw/paderborn/KA08/N09_M07_F10_KA08_12.mat,False,paderborn_channels_verified
paderborn_artificial_to_natural,artificial_to_real_damage,paderborn,paderborn_n09_m07_f10_ka08_13_multisensor,paderborn_n09_m07_f10_ka08_13,train,KA08,multisensor,current|force|speed|temperature|torque|vibration,N09,M07_F10,n09_m07_f10,bearing_artificial_damage,08,fault,artificial,13,data/raw/paderborn/KA08/N09_M07_F10_KA08_13.mat,False,paderborn_channels_verified
paderborn_artificial_to_natural,artificial_to_real_damage,paderborn,paderborn_n09_m07_f10_ka08_14_multisensor,paderborn_n09_m07_f10_ka08_14,train,KA08,multisensor,current|force|speed|temperature|torque|vibration,N09,M07_F10,n09_m07_f10,bearing_artificial_damage,08,fault,artificial,14,data/raw/paderborn/KA08/N09_M07_F10_KA08_14.mat,False,paderborn_channels_verified
paderborn_artificial_to_natural,artificial_to_real_damage,paderborn,paderborn_n09_m07_f10_ka08_15_multisensor,paderborn_n09_m07_f10_ka08_15,train,KA08,multisensor,current|force|speed|temperature|torque|vibration,N09,M07_F10,n09_m07_f10,bearing_artificial_damage,08,fault,artificial,15,data/raw/paderborn/KA08/N09_M07_F10_KA08_15.mat,False,paderborn_channels_verified
paderborn_artificial_to_natural,artificial_to_real_damage,paderborn,paderborn_n09_m07_f10_ka08_16_multisensor,paderborn_n09_m07_f10_ka08_16,train,KA08,multisensor,current|force|speed|temperature|torque|vibration,N09,M07_F10,n09_m07_f10,bearing_artificial_damage,08,fault,artificial,16,data/raw/paderborn/KA08/N09_M07_F10_KA08_16.mat,False,paderborn_channels_verified
paderborn_artificial_to_natural,artificial_to_real_damage,paderborn,paderborn_n09_m07_f10_ka08_17_multisensor,paderborn_n09_m07_f10_ka08_17,val,KA08,multisensor,current|force|speed|temperature|torque|vibration,N09,M07_F10,n09_m07_f10,bearing_artificial_damage,08,fault,artificial,17,data/raw/paderborn/KA08/N09_M07_F10_KA08_17.mat,False,paderborn_channels_verified
paderborn_artificial_to_natural,artificial_to_real_damage,paderborn,paderborn_n09_m07_f10_ka08_18_multisensor,paderborn_n09_m07_f10_ka08_18,train,KA08,multisensor,current|force|speed|temperature|torque|vibration,N09,M07_F10,n09_m07_f10,bearing_artificial_damage,08,fault,artificial,18,data/raw/paderborn/KA08/N09_M07_F10_KA08_18.mat,False,paderborn_channels_verified
paderborn_artificial_to_natural,artificial_to_real_damage,paderborn,paderborn_n09_m07_f10_ka08_19_multisensor,paderborn_n09_m07_f10_ka08_19,val,KA08,multisensor,current|force|speed|temperature|torque|vibration,N09,M07_F10,n09_m07_f10,bearing_artificial_damage,08,fault,artificial,19,data/raw/paderborn/KA08/N09_M07_F10_KA08_19.mat,False,paderborn_channels_verified
paderborn_artificial_to_natural,artificial_to_real_damage,paderborn,paderborn_n09_m07_f10_ka08_1_multisensor,paderborn_n09_m07_f10_ka08_1,train,KA08,multisensor,current|force|speed|temperature|torque|vibration,N09,M07_F10,n09_m07_f10,bearing_artificial_damage,08,fault,artificial,1,data/raw/paderborn/KA08/N09_M07_F10_KA08_1.mat,False,paderborn_channels_verified
paderborn_artificial_to_natural,artificial_to_real_damage,paderborn,paderborn_n09_m07_f10_ka08_20_multisensor,paderborn_n09_m07_f10_ka08_20,train,KA08,multisensor,current|force|speed|temperature|torque|vibration,N09,M07_F10,n09_m07_f10,bearing_artificial_damage,08,fault,artificial,20,data/raw/paderborn/KA08/N09_M07_F10_KA08_20.mat,False,paderborn_channels_verified
paderborn_artificial_to_natural,artificial_to_real_damage,paderborn,paderborn_n09_m07_f10_ka08_2_multisensor,paderborn_n09_m07_f10_ka08_2,train,KA08,multisensor,current|force|speed|temperature|torque|vibration,N09,M07_F10,n09_m07_f10,bearing_artificial_damage,08,fault,artificial,2,data/raw/paderborn/KA08/N09_M07_F10_KA08_2.mat,False,paderborn_channels_verified
paderborn_artificial_to_natural,artificial_to_real_damage,paderborn,paderborn_n09_m07_f10_ka08_3_multisensor,paderborn_n09_m07_f10_ka08_3,train,KA08,multisensor,current|force|speed|temperature|torque|vibration,N09,M07_F10,n09_m07_f10,bearing_artificial_damage,08,fault,artificial,3,data/raw/paderborn/KA08/N09_M07_F10_KA08_3.mat,False,paderborn_channels_verified
paderborn_artificial_to_natural,artificial_to_real_damage,paderborn,paderborn_n09_m07_f10_ka08_4_multisensor,paderborn_n09_m07_f10_ka08_4,train,KA08,multisensor,current|force|speed|temperature|torque|vibration,N09,M07_F10,n09_m07_f10,bearing_artificial_damage,08,fault,artificial,4,data/raw/paderborn/KA08/N09_M07_F10_KA08_4.mat,False,paderborn_channels_verified
paderborn_artificial_to_natural,artificial_to_real_damage,paderborn,paderborn_n09_m07_f10_ka08_5_multisensor,paderborn_n09_m07_f10_ka08_5,train,KA08,multisensor,current|force|speed|temperature|torque|vibration,N09,M07_F10,n09_m07_f10,bearing_artificial_damage,08,fault,artificial,5,data/raw/paderborn/KA08/N09_M07_F10_KA08_5.mat,False,paderborn_channels_verified
paderborn_artificial_to_natural,artificial_to_real_damage,paderborn,paderborn_n09_m07_f10_ka08_6_multisensor,paderborn_n09_m07_f10_ka08_6,train,KA08,multisensor,current|force|speed|temperature|torque|vibration,N09,M07_F10,n09_m07_f10,bearing_artificial_damage,08,fault,artificial,6,data/raw/paderborn/KA08/N09_M07_F10_KA08_6.mat,False,paderborn_channels_verified
paderborn_artificial_to_natural,artificial_to_real_damage,paderborn,paderborn_n09_m07_f10_ka08_7_multisensor,paderborn_n09_m07_f10_ka08_7,train,KA08,multisensor,current|force|speed|temperature|torque|vibration,N09,M07_F10,n09_m07_f10,bearing_artificial_damage,08,fault,artificial,7,data/raw/paderborn/KA08/N09_M07_F10_KA08_7.mat,False,paderborn_channels_verified
paderborn_artificial_to_natural,artificial_to_real_damage,paderborn,paderborn_n09_m07_f10_ka08_8_multisensor,paderborn_n09_m07_f10_ka08_8,val,KA08,multisensor,current|force|speed|temperature|torque|vibration,N09,M07_F10,n09_m07_f10,bearing_artificial_damage,08,fault,artificial,8,data/raw/paderborn/KA08/N09_M07_F10_KA08_8.mat,False,paderborn_channels_verified
paderborn_artificial_to_natural,artificial_to_real_damage,paderborn,paderborn_n09_m07_f10_ka08_9_multisensor,paderborn_n09_m07_f10_ka08_9,train,KA08,multisensor,current|force|speed|temperature|torque|vibration,N09,M07_F10,n09_m07_f10,bearing_artificial_damage,08,fault,artificial,9,data/raw/paderborn/KA08/N09_M07_F10_KA08_9.mat,False,paderborn_channels_verified
paderborn_artificial_to_natural,artificial_to_real_damage,paderborn,paderborn_n15_m01_f10_ka08_10_multisensor,paderborn_n15_m01_f10_ka08_10,train,KA08,multisensor,current|force|speed|temperature|torque|vibration,N15,M01_F10,n15_m01_f10,bearing_artificial_damage,08,fault,artificial,10,data/raw/paderborn/KA08/N15_M01_F10_KA08_10.mat,False,paderborn_channels_verified
paderborn_artificial_to_natural,artificial_to_real_damage,paderborn,paderborn_n15_m01_f10_ka08_11_multisensor,paderborn_n15_m01_f10_ka08_11,train,KA08,multisensor,current|force|speed|temperature|torque|vibration,N15,M01_F10,n15_m01_f10,bearing_artificial_damage,08,fault,artificial,11,data/raw/paderborn/KA08/N15_M01_F10_KA08_11.mat,False,paderborn_channels_verified
paderborn_artificial_to_natural,artificial_to_real_damage,paderborn,paderborn_n15_m01_f10_ka08_12_multisensor,paderborn_n15_m01_f10_ka08_12,val,KA08,multisensor,current|force|speed|temperature|torque|vibration,N15,M01_F10,n15_m01_f10,bearing_artificial_damage,08,fault,artificial,12,data/raw/paderborn/KA08/N15_M01_F10_KA08_12.mat,False,paderborn_channels_verified
paderborn_artificial_to_natural,artificial_to_real_damage,paderborn,paderborn_n15_m01_f10_ka08_13_multisensor,paderborn_n15_m01_f10_ka08_13,train,KA08,multisensor,current|force|speed|temperature|torque|vibration,N15,M01_F10,n15_m01_f10,bearing_artificial_damage,08,fault,artificial,13,data/raw/paderborn/KA08/N15_M01_F10_KA08_13.mat,False,paderborn_channels_verified
paderborn_artificial_to_natural,artificial_to_real_damage,paderborn,paderborn_n15_m01_f10_ka08_14_multisensor,paderborn_n15_m01_f10_ka08_14,train,KA08,multisensor,current|force|speed|temperature|torque|vibration,N15,M01_F10,n15_m01_f10,bearing_artificial_damage,08,fault,artificial,14,data/raw/paderborn/KA08/N15_M01_F10_KA08_14.mat,False,paderborn_channels_verified
paderborn_artificial_to_natural,artificial_to_real_damage,paderborn,paderborn_n15_m01_f10_ka08_15_multisensor,paderborn_n15_m01_f10_ka08_15,train,KA08,multisensor,current|force|speed|temperature|torque|vibration,N15,M01_F10,n15_m01_f10,bearing_artificial_damage,08,fault,artificial,15,data/raw/paderborn/KA08/N15_M01_F10_KA08_15.mat,False,paderborn_channels_verified
paderborn_artificial_to_natural,artificial_to_real_damage,paderborn,paderborn_n15_m01_f10_ka08_16_multisensor,paderborn_n15_m01_f10_ka08_16,train,KA08,multisensor,current|force|speed|temperature|torque|vibration,N15,M01_F10,n15_m01_f10,bearing_artificial_damage,08,fault,artificial,16,data/raw/paderborn/KA08/N15_M01_F10_KA08_16.mat,False,paderborn_channels_verified
paderborn_artificial_to_natural,artificial_to_real_damage,paderborn,paderborn_n15_m01_f10_ka08_17_multisensor,paderborn_n15_m01_f10_ka08_17,val,KA08,multisensor,current|force|speed|temperature|torque|vibration,N15,M01_F10,n15_m01_f10,bearing_artificial_damage,08,fault,artificial,17,data/raw/paderborn/KA08/N15_M01_F10_KA08_17.mat,False,paderborn_channels_verified
paderborn_artificial_to_natural,artificial_to_real_damage,paderborn,paderborn_n15_m01_f10_ka08_18_multisensor,paderborn_n15_m01_f10_ka08_18,train,KA08,multisensor,current|force|speed|temperature|torque|vibration,N15,M01_F10,n15_m01_f10,bearing_artificial_damage,08,fault,artificial,18,data/raw/paderborn/KA08/N15_M01_F10_KA08_18.mat,False,paderborn_channels_verified
paderborn_artificial_to_natural,artificial_to_real_damage,paderborn,paderborn_n15_m01_f10_ka08_19_multisensor,paderborn_n15_m01_f10_ka08_19,train,KA08,multisensor,current|force|speed|temperature|torque|vibration,N15,M01_F10,n15_m01_f10,bearing_artificial_damage,08,fault,artificial,19,data/raw/paderborn/KA08/N15_M01_F10_KA08_19.mat,False,paderborn_channels_verified
paderborn_artificial_to_natural,artificial_to_real_damage,paderborn,paderborn_n15_m01_f10_ka08_1_multisensor,paderborn_n15_m01_f10_ka08_1,train,KA08,multisensor,current|force|speed|temperature|torque|vibration,N15,M01_F10,n15_m01_f10,bearing_artificial_damage,08,fault,artificial,1,data/raw/paderborn/KA08/N15_M01_F10_KA08_1.mat,False,paderborn_channels_verified
paderborn_artificial_to_natural,artificial_to_real_damage,paderborn,paderborn_n15_m01_f10_ka08_20_multisensor,paderborn_n15_m01_f10_ka08_20,train,KA08,multisensor,current|force|speed|temperature|torque|vibration,N15,M01_F10,n15_m01_f10,bearing_artificial_damage,08,fault,artificial,20,data/raw/paderborn/KA08/N15_M01_F10_KA08_20.mat,False,paderborn_channels_verified
paderborn_artificial_to_natural,artificial_to_real_damage,paderborn,paderborn_n15_m01_f10_ka08_3_multisensor,paderborn_n15_m01_f10_ka08_3,train,KA08,multisensor,current|force|speed|temperature|torque|vibration,N15,M01_F10,n15_m01_f10,bearing_artificial_damage,08,fault,artificial,3,data/raw/paderborn/KA08/N15_M01_F10_KA08_3.mat,False,paderborn_channels_verified
paderborn_artificial_to_natural,artificial_to_real_damage,paderborn,paderborn_n15_m01_f10_ka08_4_multisensor,paderborn_n15_m01_f10_ka08_4,val,KA08,multisensor,current|force|speed|temperature|torque|vibration,N15,M01_F10,n15_m01_f10,bearing_artificial_damage,08,fault,artificial,4,data/raw/paderborn/KA08/N15_M01_F10_KA08_4.mat,False,paderborn_channels_verified
paderborn_artificial_to_natural,artificial_to_real_damage,paderborn,paderborn_n15_m01_f10_ka08_5_multisensor,paderborn_n15_m01_f10_ka08_5,train,KA08,multisensor,current|force|speed|temperature|torque|vibration,N15,M01_F10,n15_m01_f10,bearing_artificial_damage,08,fault,artificial,5,data/raw/paderborn/KA08/N15_M01_F10_KA08_5.mat,False,paderborn_channels_verified
paderborn_artificial_to_natural,artificial_to_real_damage,paderborn,paderborn_n15_m01_f10_ka08_6_multisensor,paderborn_n15_m01_f10_ka08_6,train,KA08,multisensor,current|force|speed|temperature|torque|vibration,N15,M01_F10,n15_m01_f10,bearing_artificial_damage,08,fault,artificial,6,data/raw/paderborn/KA08/N15_M01_F10_KA08_6.mat,False,paderborn_channels_verified
paderborn_artificial_to_natural,artificial_to_real_damage,paderborn,paderborn_n15_m01_f10_ka08_7_multisensor,paderborn_n15_m01_f10_ka08_7,val,KA08,multisensor,current|force|speed|temperature|torque|vibration,N15,M01_F10,n15_m01_f10,bearing_artificial_damage,08,fault,artificial,7,data/raw/paderborn/KA08/N15_M01_F10_KA08_7.mat,False,paderborn_channels_verified
paderborn_artificial_to_natural,artificial_to_real_damage,paderborn,paderborn_n15_m01_f10_ka08_8_multisensor,paderborn_n15_m01_f10_ka08_8,train,KA08,multisensor,current|force|speed|temperature|torque|vibration,N15,M01_F10,n15_m01_f10,bearing_artificial_damage,08,fault,artificial,8,data/raw/paderborn/KA08/N15_M01_F10_KA08_8.mat,False,paderborn_channels_verified
paderborn_artificial_to_natural,artificial_to_real_damage,paderborn,paderborn_n15_m01_f10_ka08_9_multisensor,paderborn_n15_m01_f10_ka08_9,train,KA08,multisensor,current|force|speed|temperature|torque|vibration,N15,M01_F10,n15_m01_f10,bearing_artificial_damage,08,fault,artificial,9,data/raw/paderborn/KA08/N15_M01_F10_KA08_9.mat,False,paderborn_channels_verified
paderborn_artificial_to_natural,artificial_to_real_damage,paderborn,paderborn_n15_m07_f04_ka08_10_multisensor,paderborn_n15_m07_f04_ka08_10,train,KA08,multisensor,current|force|speed|temperature|torque|vibration,N15,M07_F04,n15_m07_f04,bearing_artificial_damage,08,fault,artificial,10,data/raw/paderborn/KA08/N15_M07_F04_KA08_10.mat,False,paderborn_channels_verified
paderborn_artificial_to_natural,artificial_to_real_damage,paderborn,paderborn_n15_m07_f04_ka08_11_multisensor,paderborn_n15_m07_f04_ka08_11,train,KA08,multisensor,current|force|speed|temperature|torque|vibration,N15,M07_F04,n15_m07_f04,bearing_artificial_damage,08,fault,artificial,11,data/raw/paderborn/KA08/N15_M07_F04_KA08_11.mat,False,paderborn_channels_verified
paderborn_artificial_to_natural,artificial_to_real_damage,paderborn,paderborn_n15_m07_f04_ka08_12_multisensor,paderborn_n15_m07_f04_ka08_12,val,KA08,multisensor,current|force|speed|temperature|torque|vibration,N15,M07_F04,n15_m07_f04,bearing_artificial_damage,08,fault,artificial,12,data/raw/paderborn/KA08/N15_M07_F04_KA08_12.mat,False,paderborn_channels_verified
paderborn_artificial_to_natural,artificial_to_real_damage,paderborn,paderborn_n15_m07_f04_ka08_13_multisensor,paderborn_n15_m07_f04_ka08_13,train,KA08,multisensor,current|force|speed|temperature|torque|vibration,N15,M07_F04,n15_m07_f04,bearing_artificial_damage,08,fault,artificial,13,data/raw/paderborn/KA08/N15_M07_F04_KA08_13.mat,False,paderborn_channels_verified
paderborn_artificial_to_natural,artificial_to_real_damage,paderborn,paderborn_n15_m07_f04_ka08_14_multisensor,paderborn_n15_m07_f04_ka08_14,train,KA08,multisensor,current|force|speed|temperature|torque|vibration,N15,M07_F04,n15_m07_f04,bearing_artificial_damage,08,fault,artificial,14,data/raw/paderborn/KA08/N15_M07_F04_KA08_14.mat,False,paderborn_channels_verified
paderborn_artificial_to_natural,artificial_to_real_damage,paderborn,paderborn_n15_m07_f04_ka08_15_multisensor,paderborn_n15_m07_f04_ka08_15,train,KA08,multisensor,current|force|speed|temperature|torque|vibration,N15,M07_F04,n15_m07_f04,bearing_artificial_damage,08,fault,artificial,15,data/raw/paderborn/KA08/N15_M07_F04_KA08_15.mat,False,paderborn_channels_verified
paderborn_artificial_to_natural,artificial_to_real_damage,paderborn,paderborn_n15_m07_f04_ka08_16_multisensor,paderborn_n15_m07_f04_ka08_16,train,KA08,multisensor,current|force|speed|temperature|torque|vibration,N15,M07_F04,n15_m07_f04,bearing_artificial_damage,08,fault,artificial,16,data/raw/paderborn/KA08/N15_M07_F04_KA08_16.mat,False,paderborn_channels_verified
paderborn_artificial_to_natural,artificial_to_real_damage,paderborn,paderborn_n15_m07_f04_ka08_17_multisensor,paderborn_n15_m07_f04_ka08_17,train,KA08,multisensor,current|force|speed|temperature|torque|vibration,N15,M07_F04,n15_m07_f04,bearing_artificial_damage,08,fault,artificial,17,data/raw/paderborn/KA08/N15_M07_F04_KA08_17.mat,False,paderborn_channels_verified
paderborn_artificial_to_natural,artificial_to_real_damage,paderborn,paderborn_n15_m07_f04_ka08_18_multisensor,paderborn_n15_m07_f04_ka08_18,train,KA08,multisensor,current|force|speed|temperature|torque|vibration,N15,M07_F04,n15_m07_f04,bearing_artificial_damage,08,fault,artificial,18,data/raw/paderborn/KA08/N15_M07_F04_KA08_18.mat,False,paderborn_channels_verified
paderborn_artificial_to_natural,artificial_to_real_damage,paderborn,paderborn_n15_m07_f04_ka08_19_multisensor,paderborn_n15_m07_f04_ka08_19,val,KA08,multisensor,current|force|speed|temperature|torque|vibration,N15,M07_F04,n15_m07_f04,bearing_artificial_damage,08,fault,artificial,19,data/raw/paderborn/KA08/N15_M07_F04_KA08_19.mat,False,paderborn_channels_verified
paderborn_artificial_to_natural,artificial_to_real_damage,paderborn,paderborn_n15_m07_f04_ka08_1_multisensor,paderborn_n15_m07_f04_ka08_1,train,KA08,multisensor,current|force|speed|temperature|torque|vibration,N15,M07_F04,n15_m07_f04,bearing_artificial_damage,08,fault,artificial,1,data/raw/paderborn/KA08/N15_M07_F04_KA08_1.mat,False,paderborn_channels_verified
paderborn_artificial_to_natural,artificial_to_real_damage,paderborn,paderborn_n15_m07_f04_ka08_20_multisensor,paderborn_n15_m07_f04_ka08_20,train,KA08,multisensor,current|force|speed|temperature|torque|vibration,N15,M07_F04,n15_m07_f04,bearing_artificial_damage,08,fault,artificial,20,data/raw/paderborn/KA08/N15_M07_F04_KA08_20.mat,False,paderborn_channels_verified
paderborn_artificial_to_natural,artificial_to_real_damage,paderborn,paderborn_n15_m07_f04_ka08_2_multisensor,paderborn_n15_m07_f04_ka08_2,val,KA08,multisensor,current|force|speed|temperature|torque|vibration,N15,M07_F04,n15_m07_f04,bearing_artificial_damage,08,fault,artificial,2,data/raw/paderborn/KA08/N15_M07_F04_KA08_2.mat,False,paderborn_channels_verified
paderborn_artificial_to_natural,artificial_to_real_damage,paderborn,paderborn_n15_m07_f04_ka08_3_multisensor,paderborn_n15_m07_f04_ka08_3,train,KA08,multisensor,current|force|speed|temperature|torque|vibration,N15,M07_F04,n15_m07_f04,bearing_artificial_damage,08,fault,artificial,3,data/raw/paderborn/KA08/N15_M07_F04_KA08_3.mat,False,paderborn_channels_verified
paderborn_artificial_to_natural,artificial_to_real_damage,paderborn,paderborn_n15_m07_f04_ka08_4_multisensor,paderborn_n15_m07_f04_ka08_4,train,KA08,multisensor,current|force|speed|temperature|torque|vibration,N15,M07_F04,n15_m07_f04,bearing_artificial_damage,08,fault,artificial,4,data/raw/paderborn/KA08/N15_M07_F04_KA08_4.mat,False,paderborn_channels_verified
paderborn_artificial_to_natural,artificial_to_real_damage,paderborn,paderborn_n15_m07_f04_ka08_5_multisensor,paderborn_n15_m07_f04_ka08_5,train,KA08,multisensor,current|force|speed|temperature|torque|vibration,N15,M07_F04,n15_m07_f04,bearing_artificial_damage,08,fault,artificial,5,data/raw/paderborn/KA08/N15_M07_F04_KA08_5.mat,False,paderborn_channels_verified
paderborn_artificial_to_natural,artificial_to_real_damage,paderborn,paderborn_n15_m07_f04_ka08_6_multisensor,paderborn_n15_m07_f04_ka08_6,train,KA08,multisensor,current|force|speed|temperature|torque|vibration,N15,M07_F04,n15_m07_f04,bearing_artificial_damage,08,fault,artificial,6,data/raw/paderborn/KA08/N15_M07_F04_KA08_6.mat,False,paderborn_channels_verified
paderborn_artificial_to_natural,artificial_to_real_damage,paderborn,paderborn_n15_m07_f04_ka08_7_multisensor,paderborn_n15_m07_f04_ka08_7,train,KA08,multisensor,current|force|speed|temperature|torque|vibration,N15,M07_F04,n15_m07_f04,bearing_artificial_damage,08,fault,artificial,7,data/raw/paderborn/KA08/N15_M07_F04_KA08_7.mat,False,paderborn_channels_verified
paderborn_artificial_to_natural,artificial_to_real_damage,paderborn,paderborn_n15_m07_f04_ka08_8_multisensor,paderborn_n15_m07_f04_ka08_8,train,KA08,multisensor,current|force|speed|temperature|torque|vibration,N15,M07_F04,n15_m07_f04,bearing_artificial_damage,08,fault,artificial,8,data/raw/paderborn/KA08/N15_M07_F04_KA08_8.mat,False,paderborn_channels_verified
paderborn_artificial_to_natural,artificial_to_real_damage,paderborn,paderborn_n15_m07_f04_ka08_9_multisensor,paderborn_n15_m07_f04_ka08_9,train,KA08,multisensor,current|force|speed|temperature|torque|vibration,N15,M07_F04,n15_m07_f04,bearing_artificial_damage,08,fault,artificial,9,data/raw/paderborn/KA08/N15_M07_F04_KA08_9.mat,False,paderborn_channels_verified
paderborn_artificial_to_natural,artificial_to_real_damage,paderborn,paderborn_n15_m07_f10_ka08_10_multisensor,paderborn_n15_m07_f10_ka08_10,train,KA08,multisensor,current|force|speed|temperature|torque|vibration,N15,M07_F10,n15_m07_f10,bearing_artificial_damage,08,fault,artificial,10,data/raw/paderborn/KA08/N15_M07_F10_KA08_10.mat,False,paderborn_channels_verified
paderborn_artificial_to_natural,artificial_to_real_damage,paderborn,paderborn_n15_m07_f10_ka08_11_multisensor,paderborn_n15_m07_f10_ka08_11,train,KA08,multisensor,current|force|speed|temperature|torque|vibration,N15,M07_F10,n15_m07_f10,bearing_artificial_damage,08,fault,artificial,11,data/raw/paderborn/KA08/N15_M07_F10_KA08_11.mat,False,paderborn_channels_verified
paderborn_artificial_to_natural,artificial_to_real_damage,paderborn,paderborn_n15_m07_f10_ka08_12_multisensor,paderborn_n15_m07_f10_ka08_12,train,KA08,multisensor,current|force|speed|temperature|torque|vibration,N15,M07_F10,n15_m07_f10,bearing_artificial_damage,08,fault,artificial,12,data/raw/paderborn/KA08/N15_M07_F10_KA08_12.mat,False,paderborn_channels_verified
paderborn_artificial_to_natural,artificial_to_real_damage,paderborn,paderborn_n15_m07_f10_ka08_13_multisensor,paderborn_n15_m07_f10_ka08_13,train,KA08,multisensor,current|force|speed|temperature|torque|vibration,N15,M07_F10,n15_m07_f10,bearing_artificial_damage,08,fault,artificial,13,data/raw/paderborn/KA08/N15_M07_F10_KA08_13.mat,False,paderborn_channels_verified
paderborn_artificial_to_natural,artificial_to_real_damage,paderborn,paderborn_n15_m07_f10_ka08_14_multisensor,paderborn_n15_m07_f10_ka08_14,train,KA08,multisensor,current|force|speed|temperature|torque|vibration,N15,M07_F10,n15_m07_f10,bearing_artificial_damage,08,fault,artificial,14,data/raw/paderborn/KA08/N15_M07_F10_KA08_14.mat,False,paderborn_channels_verified
paderborn_artificial_to_natural,artificial_to_real_damage,paderborn,paderborn_n15_m07_f10_ka08_15_multisensor,paderborn_n15_m07_f10_ka08_15,train,KA08,multisensor,current|force|speed|temperature|torque|vibration,N15,M07_F10,n15_m07_f10,bearing_artificial_damage,08,fault,artificial,15,data/raw/paderborn/KA08/N15_M07_F10_KA08_15.mat,False,paderborn_channels_verified
paderborn_artificial_to_natural,artificial_to_real_damage,paderborn,paderborn_n15_m07_f10_ka08_16_multisensor,paderborn_n15_m07_f10_ka08_16,train,KA08,multisensor,current|force|speed|temperature|torque|vibration,N15,M07_F10,n15_m07_f10,bearing_artificial_damage,08,fault,artificial,16,data/raw/paderborn/KA08/N15_M07_F10_KA08_16.mat,False,paderborn_channels_verified
paderborn_artificial_to_natural,artificial_to_real_damage,paderborn,paderborn_n15_m07_f10_ka08_17_multisensor,paderborn_n15_m07_f10_ka08_17,val,KA08,multisensor,current|force|speed|temperature|torque|vibration,N15,M07_F10,n15_m07_f10,bearing_artificial_damage,08,fault,artificial,17,data/raw/paderborn/KA08/N15_M07_F10_KA08_17.mat,False,paderborn_channels_verified
paderborn_artificial_to_natural,artificial_to_real_damage,paderborn,paderborn_n15_m07_f10_ka08_18_multisensor,paderborn_n15_m07_f10_ka08_18,train,KA08,multisensor,current|force|speed|temperature|torque|vibration,N15,M07_F10,n15_m07_f10,bearing_artificial_damage,08,fault,artificial,18,data/raw/paderborn/KA08/N15_M07_F10_KA08_18.mat,False,paderborn_channels_verified
paderborn_artificial_to_natural,artificial_to_real_damage,paderborn,paderborn_n15_m07_f10_ka08_19_multisensor,paderborn_n15_m07_f10_ka08_19,train,KA08,multisensor,current|force|speed|temperature|torque|vibration,N15,M07_F10,n15_m07_f10,bearing_artificial_damage,08,fault,artificial,19,data/raw/paderborn/KA08/N15_M07_F10_KA08_19.mat,False,paderborn_channels_verified
paderborn_artificial_to_natural,artificial_to_real_damage,paderborn,paderborn_n15_m07_f10_ka08_1_multisensor,paderborn_n15_m07_f10_ka08_1,train,KA08,multisensor,current|force|speed|temperature|torque|vibration,N15,M07_F10,n15_m07_f10,bearing_artificial_damage,08,fault,artificial,1,data/raw/paderborn/KA08/N15_M07_F10_KA08_1.mat,False,paderborn_channels_verified
paderborn_artificial_to_natural,artificial_to_real_damage,paderborn,paderborn_n15_m07_f10_ka08_20_multisensor,paderborn_n15_m07_f10_ka08_20,train,KA08,multisensor,current|force|speed|temperature|torque|vibration,N15,M07_F10,n15_m07_f10,bearing_artificial_damage,08,fault,artificial,20,data/raw/paderborn/KA08/N15_M07_F10_KA08_20.mat,False,paderborn_channels_verified
paderborn_artificial_to_natural,artificial_to_real_damage,paderborn,paderborn_n15_m07_f10_ka08_2_multisensor,paderborn_n15_m07_f10_ka08_2,train,KA08,multisensor,current|force|speed|temperature|torque|vibration,N15,M07_F10,n15_m07_f10,bearing_artificial_damage,08,fault,artificial,2,data/raw/paderborn/KA08/N15_M07_F10_KA08_2.mat,False,paderborn_channels_verified
paderborn_artificial_to_natural,artificial_to_real_damage,paderborn,paderborn_n15_m07_f10_ka08_3_multisensor,paderborn_n15_m07_f10_ka08_3,train,KA08,multisensor,current|force|speed|temperature|torque|vibration,N15,M07_F10,n15_m07_f10,bearing_artificial_damage,08,fault,artificial,3,data/raw/paderborn/KA08/N15_M07_F10_KA08_3.mat,False,paderborn_channels_verified
paderborn_artificial_to_natural,artificial_to_real_damage,paderborn,paderborn_n15_m07_f10_ka08_4_multisensor,paderborn_n15_m07_f10_ka08_4,train,KA08,multisensor,current|force|speed|temperature|torque|vibration,N15,M07_F10,n15_m07_f10,bearing_artificial_damage,08,fault,artificial,4,data/raw/paderborn/KA08/N15_M07_F10_KA08_4.mat,False,paderborn_channels_verified
paderborn_artificial_to_natural,artificial_to_real_damage,paderborn,paderborn_n15_m07_f10_ka08_5_multisensor,paderborn_n15_m07_f10_ka08_5,train,KA08,multisensor,current|force|speed|temperature|torque|vibration,N15,M07_F10,n15_m07_f10,bearing_artificial_damage,08,fault,artificial,5,data/raw/paderborn/KA08/N15_M07_F10_KA08_5.mat,False,paderborn_channels_verified
paderborn_artificial_to_natural,artificial_to_real_damage,paderborn,paderborn_n15_m07_f10_ka08_6_multisensor,paderborn_n15_m07_f10_ka08_6,train,KA08,multisensor,current|force|speed|temperature|torque|vibration,N15,M07_F10,n15_m07_f10,bearing_artificial_damage,08,fault,artificial,6,data/raw/paderborn/KA08/N15_M07_F10_KA08_6.mat,False,paderborn_channels_verified
paderborn_artificial_to_natural,artificial_to_real_damage,paderborn,paderborn_n15_m07_f10_ka08_7_multisensor,paderborn_n15_m07_f10_ka08_7,train,KA08,multisensor,current|force|speed|temperature|torque|vibration,N15,M07_F10,n15_m07_f10,bearing_artificial_damage,08,fault,artificial,7,data/raw/paderborn/KA08/N15_M07_F10_KA08_7.mat,False,paderborn_channels_verified
paderborn_artificial_to_natural,artificial_to_real_damage,paderborn,paderborn_n15_m07_f10_ka08_8_multisensor,paderborn_n15_m07_f10_ka08_8,train,KA08,multisensor,current|force|speed|temperature|torque|vibration,N15,M07_F10,n15_m07_f10,bearing_artificial_damage,08,fault,artificial,8,data/raw/paderborn/KA08/N15_M07_F10_KA08_8.mat,False,paderborn_channels_verified
paderborn_artificial_to_natural,artificial_to_real_damage,paderborn,paderborn_n15_m07_f10_ka08_9_multisensor,paderborn_n15_m07_f10_ka08_9,val,KA08,multisensor,current|force|speed|temperature|torque|vibration,N15,M07_F10,n15_m07_f10,bearing_artificial_damage,08,fault,artificial,9,data/raw/paderborn/KA08/N15_M07_F10_KA08_9.mat,False,paderborn_channels_verified
paderborn_artificial_to_natural,artificial_to_real_damage,paderborn,paderborn_n09_m07_f10_ka09_10_multisensor,paderborn_n09_m07_f10_ka09_10,train,KA09,multisensor,current|force|speed|temperature|torque|vibration,N09,M07_F10,n09_m07_f10,bearing_artificial_damage,09,fault,artificial,10,data/raw/paderborn/KA09/N09_M07_F10_KA09_10.mat,False,paderborn_channels_verified
paderborn_artificial_to_natural,artificial_to_real_damage,paderborn,paderborn_n09_m07_f10_ka09_11_multisensor,paderborn_n09_m07_f10_ka09_11,train,KA09,multisensor,current|force|speed|temperature|torque|vibration,N09,M07_F10,n09_m07_f10,bearing_artificial_damage,09,fault,artificial,11,data/raw/paderborn/KA09/N09_M07_F10_KA09_11.mat,False,paderborn_channels_verified
paderborn_artificial_to_natural,artificial_to_real_damage,paderborn,paderborn_n09_m07_f10_ka09_12_multisensor,paderborn_n09_m07_f10_ka09_12,train,KA09,multisensor,current|force|speed|temperature|torque|vibration,N09,M07_F10,n09_m07_f10,bearing_artificial_damage,09,fault,artificial,12,data/raw/paderborn/KA09/N09_M07_F10_KA09_12.mat,False,paderborn_channels_verified
paderborn_artificial_to_natural,artificial_to_real_damage,paderborn,paderborn_n09_m07_f10_ka09_13_multisensor,paderborn_n09_m07_f10_ka09_13,train,KA09,multisensor,current|force|speed|temperature|torque|vibration,N09,M07_F10,n09_m07_f10,bearing_artificial_damage,09,fault,artificial,13,data/raw/paderborn/KA09/N09_M07_F10_KA09_13.mat,False,paderborn_channels_verified
paderborn_artificial_to_natural,artificial_to_real_damage,paderborn,paderborn_n09_m07_f10_ka09_14_multisensor,paderborn_n09_m07_f10_ka09_14,train,KA09,multisensor,current|force|speed|temperature|torque|vibration,N09,M07_F10,n09_m07_f10,bearing_artificial_damage,09,fault,artificial,14,data/raw/paderborn/KA09/N09_M07_F10_KA09_14.mat,False,paderborn_channels_verified
paderborn_artificial_to_natural,artificial_to_real_damage,paderborn,paderborn_n09_m07_f10_ka09_15_multisensor,paderborn_n09_m07_f10_ka09_15,train,KA09,multisensor,current|force|speed|temperature|torque|vibration,N09,M07_F10,n09_m07_f10,bearing_artificial_damage,09,fault,artificial,15,data/raw/paderborn/KA09/N09_M07_F10_KA09_15.mat,False,paderborn_channels_verified
paderborn_artificial_to_natural,artificial_to_real_damage,paderborn,paderborn_n09_m07_f10_ka09_16_multisensor,paderborn_n09_m07_f10_ka09_16,train,KA09,multisensor,current|force|speed|temperature|torque|vibration,N09,M07_F10,n09_m07_f10,bearing_artificial_damage,09,fault,artificial,16,data/raw/paderborn/KA09/N09_M07_F10_KA09_16.mat,False,paderborn_channels_verified
paderborn_artificial_to_natural,artificial_to_real_damage,paderborn,paderborn_n09_m07_f10_ka09_17_multisensor,paderborn_n09_m07_f10_ka09_17,train,KA09,multisensor,current|force|speed|temperature|torque|vibration,N09,M07_F10,n09_m07_f10,bearing_artificial_damage,09,fault,artificial,17,data/raw/paderborn/KA09/N09_M07_F10_KA09_17.mat,False,paderborn_channels_verified
paderborn_artificial_to_natural,artificial_to_real_damage,paderborn,paderborn_n09_m07_f10_ka09_18_multisensor,paderborn_n09_m07_f10_ka09_18,train,KA09,multisensor,current|force|speed|temperature|torque|vibration,N09,M07_F10,n09_m07_f10,bearing_artificial_damage,09,fault,artificial,18,data/raw/paderborn/KA09/N09_M07_F10_KA09_18.mat,False,paderborn_channels_verified
paderborn_artificial_to_natural,artificial_to_real_damage,paderborn,paderborn_n09_m07_f10_ka09_19_multisensor,paderborn_n09_m07_f10_ka09_19,train,KA09,multisensor,current|force|speed|temperature|torque|vibration,N09,M07_F10,n09_m07_f10,bearing_artificial_damage,09,fault,artificial,19,data/raw/paderborn/KA09/N09_M07_F10_KA09_19.mat,False,paderborn_channels_verified
paderborn_artificial_to_natural,artificial_to_real_damage,paderborn,paderborn_n09_m07_f10_ka09_1_multisensor,paderborn_n09_m07_f10_ka09_1,val,KA09,multisensor,current|force|speed|temperature|torque|vibration,N09,M07_F10,n09_m07_f10,bearing_artificial_damage,09,fault,artificial,1,data/raw/paderborn/KA09/N09_M07_F10_KA09_1.mat,False,paderborn_channels_verified
paderborn_artificial_to_natural,artificial_to_real_damage,paderborn,paderborn_n09_m07_f10_ka09_20_multisensor,paderborn_n09_m07_f10_ka09_20,train,KA09,multisensor,current|force|speed|temperature|torque|vibration,N09,M07_F10,n09_m07_f10,bearing_artificial_damage,09,fault,artificial,20,data/raw/paderborn/KA09/N09_M07_F10_KA09_20.mat,False,paderborn_channels_verified
paderborn_artificial_to_natural,artificial_to_real_damage,paderborn,paderborn_n09_m07_f10_ka09_2_multisensor,paderborn_n09_m07_f10_ka09_2,val,KA09,multisensor,current|force|speed|temperature|torque|vibration,N09,M07_F10,n09_m07_f10,bearing_artificial_damage,09,fault,artificial,2,data/raw/paderborn/KA09/N09_M07_F10_KA09_2.mat,False,paderborn_channels_verified
paderborn_artificial_to_natural,artificial_to_real_damage,paderborn,paderborn_n09_m07_f10_ka09_3_multisensor,paderborn_n09_m07_f10_ka09_3,train,KA09,multisensor,current|force|speed|temperature|torque|vibration,N09,M07_F10,n09_m07_f10,bearing_artificial_damage,09,fault,artificial,3,data/raw/paderborn/KA09/N09_M07_F10_KA09_3.mat,False,paderborn_channels_verified
paderborn_artificial_to_natural,artificial_to_real_damage,paderborn,paderborn_n09_m07_f10_ka09_4_multisensor,paderborn_n09_m07_f10_ka09_4,train,KA09,multisensor,current|force|speed|temperature|torque|vibration,N09,M07_F10,n09_m07_f10,bearing_artificial_damage,09,fault,artificial,4,data/raw/paderborn/KA09/N09_M07_F10_KA09_4.mat,False,paderborn_channels_verified
paderborn_artificial_to_natural,artificial_to_real_damage,paderborn,paderborn_n09_m07_f10_ka09_5_multisensor,paderborn_n09_m07_f10_ka09_5,train,KA09,multisensor,current|force|speed|temperature|torque|vibration,N09,M07_F10,n09_m07_f10,bearing_artificial_damage,09,fault,artificial,5,data/raw/paderborn/KA09/N09_M07_F10_KA09_5.mat,False,paderborn_channels_verified
paderborn_artificial_to_natural,artificial_to_real_damage,paderborn,paderborn_n09_m07_f10_ka09_6_multisensor,paderborn_n09_m07_f10_ka09_6,train,KA09,multisensor,current|force|speed|temperature|torque|vibration,N09,M07_F10,n09_m07_f10,bearing_artificial_damage,09,fault,artificial,6,data/raw/paderborn/KA09/N09_M07_F10_KA09_6.mat,False,paderborn_channels_verified
paderborn_artificial_to_natural,artificial_to_real_damage,paderborn,paderborn_n09_m07_f10_ka09_7_multisensor,paderborn_n09_m07_f10_ka09_7,train,KA09,multisensor,current|force|speed|temperature|torque|vibration,N09,M07_F10,n09_m07_f10,bearing_artificial_damage,09,fault,artificial,7,data/raw/paderborn/KA09/N09_M07_F10_KA09_7.mat,False,paderborn_channels_verified
paderborn_artificial_to_natural,artificial_to_real_damage,paderborn,paderborn_n09_m07_f10_ka09_8_multisensor,paderborn_n09_m07_f10_ka09_8,train,KA09,multisensor,current|force|speed|temperature|torque|vibration,N09,M07_F10,n09_m07_f10,bearing_artificial_damage,09,fault,artificial,8,data/raw/paderborn/KA09/N09_M07_F10_KA09_8.mat,False,paderborn_channels_verified
paderborn_artificial_to_natural,artificial_to_real_damage,paderborn,paderborn_n09_m07_f10_ka09_9_multisensor,paderborn_n09_m07_f10_ka09_9,val,KA09,multisensor,current|force|speed|temperature|torque|vibration,N09,M07_F10,n09_m07_f10,bearing_artificial_damage,09,fault,artificial,9,data/raw/paderborn/KA09/N09_M07_F10_KA09_9.mat,False,paderborn_channels_verified
paderborn_artificial_to_natural,artificial_to_real_damage,paderborn,paderborn_n15_m01_f10_ka09_10_multisensor,paderborn_n15_m01_f10_ka09_10,train,KA09,multisensor,current|force|speed|temperature|torque|vibration,N15,M01_F10,n15_m01_f10,bearing_artificial_damage,09,fault,artificial,10,data/raw/paderborn/KA09/N15_M01_F10_KA09_10.mat,False,paderborn_channels_verified
paderborn_artificial_to_natural,artificial_to_real_damage,paderborn,paderborn_n15_m01_f10_ka09_11_multisensor,paderborn_n15_m01_f10_ka09_11,val,KA09,multisensor,current|force|speed|temperature|torque|vibration,N15,M01_F10,n15_m01_f10,bearing_artificial_damage,09,fault,artificial,11,data/raw/paderborn/KA09/N15_M01_F10_KA09_11.mat,False,paderborn_channels_verified
paderborn_artificial_to_natural,artificial_to_real_damage,paderborn,paderborn_n15_m01_f10_ka09_12_multisensor,paderborn_n15_m01_f10_ka09_12,train,KA09,multisensor,current|force|speed|temperature|torque|vibration,N15,M01_F10,n15_m01_f10,bearing_artificial_damage,09,fault,artificial,12,data/raw/paderborn/KA09/N15_M01_F10_KA09_12.mat,False,paderborn_channels_verified
paderborn_artificial_to_natural,artificial_to_real_damage,paderborn,paderborn_n15_m01_f10_ka09_13_multisensor,paderborn_n15_m01_f10_ka09_13,val,KA09,multisensor,current|force|speed|temperature|torque|vibration,N15,M01_F10,n15_m01_f10,bearing_artificial_damage,09,fault,artificial,13,data/raw/paderborn/KA09/N15_M01_F10_KA09_13.mat,False,paderborn_channels_verified
paderborn_artificial_to_natural,artificial_to_real_damage,paderborn,paderborn_n15_m01_f10_ka09_14_multisensor,paderborn_n15_m01_f10_ka09_14,train,KA09,multisensor,current|force|speed|temperature|torque|vibration,N15,M01_F10,n15_m01_f10,bearing_artificial_damage,09,fault,artificial,14,data/raw/paderborn/KA09/N15_M01_F10_KA09_14.mat,False,paderborn_channels_verified
paderborn_artificial_to_natural,artificial_to_real_damage,paderborn,paderborn_n15_m01_f10_ka09_15_multisensor,paderborn_n15_m01_f10_ka09_15,train,KA09,multisensor,current|force|speed|temperature|torque|vibration,N15,M01_F10,n15_m01_f10,bearing_artificial_damage,09,fault,artificial,15,data/raw/paderborn/KA09/N15_M01_F10_KA09_15.mat,False,paderborn_channels_verified
paderborn_artificial_to_natural,artificial_to_real_damage,paderborn,paderborn_n15_m01_f10_ka09_16_multisensor,paderborn_n15_m01_f10_ka09_16,train,KA09,multisensor,current|force|speed|temperature|torque|vibration,N15,M01_F10,n15_m01_f10,bearing_artificial_damage,09,fault,artificial,16,data/raw/paderborn/KA09/N15_M01_F10_KA09_16.mat,False,paderborn_channels_verified
paderborn_artificial_to_natural,artificial_to_real_damage,paderborn,paderborn_n15_m01_f10_ka09_17_multisensor,paderborn_n15_m01_f10_ka09_17,train,KA09,multisensor,current|force|speed|temperature|torque|vibration,N15,M01_F10,n15_m01_f10,bearing_artificial_damage,09,fault,artificial,17,data/raw/paderborn/KA09/N15_M01_F10_KA09_17.mat,False,paderborn_channels_verified
paderborn_artificial_to_natural,artificial_to_real_damage,paderborn,paderborn_n15_m01_f10_ka09_18_multisensor,paderborn_n15_m01_f10_ka09_18,train,KA09,multisensor,current|force|speed|temperature|torque|vibration,N15,M01_F10,n15_m01_f10,bearing_artificial_damage,09,fault,artificial,18,data/raw/paderborn/KA09/N15_M01_F10_KA09_18.mat,False,paderborn_channels_verified
paderborn_artificial_to_natural,artificial_to_real_damage,paderborn,paderborn_n15_m01_f10_ka09_19_multisensor,paderborn_n15_m01_f10_ka09_19,train,KA09,multisensor,current|force|speed|temperature|torque|vibration,N15,M01_F10,n15_m01_f10,bearing_artificial_damage,09,fault,artificial,19,data/raw/paderborn/KA09/N15_M01_F10_KA09_19.mat,False,paderborn_channels_verified
paderborn_artificial_to_natural,artificial_to_real_damage,paderborn,paderborn_n15_m01_f10_ka09_1_multisensor,paderborn_n15_m01_f10_ka09_1,train,KA09,multisensor,current|force|speed|temperature|torque|vibration,N15,M01_F10,n15_m01_f10,bearing_artificial_damage,09,fault,artificial,1,data/raw/paderborn/KA09/N15_M01_F10_KA09_1.mat,False,paderborn_channels_verified
paderborn_artificial_to_natural,artificial_to_real_damage,paderborn,paderborn_n15_m01_f10_ka09_20_multisensor,paderborn_n15_m01_f10_ka09_20,train,KA09,multisensor,current|force|speed|temperature|torque|vibration,N15,M01_F10,n15_m01_f10,bearing_artificial_damage,09,fault,artificial,20,data/raw/paderborn/KA09/N15_M01_F10_KA09_20.mat,False,paderborn_channels_verified
paderborn_artificial_to_natural,artificial_to_real_damage,paderborn,paderborn_n15_m01_f10_ka09_2_multisensor,paderborn_n15_m01_f10_ka09_2,train,KA09,multisensor,current|force|speed|temperature|torque|vibration,N15,M01_F10,n15_m01_f10,bearing_artificial_damage,09,fault,artificial,2,data/raw/paderborn/KA09/N15_M01_F10_KA09_2.mat,False,paderborn_channels_verified
paderborn_artificial_to_natural,artificial_to_real_damage,paderborn,paderborn_n15_m01_f10_ka09_3_multisensor,paderborn_n15_m01_f10_ka09_3,train,KA09,multisensor,current|force|speed|temperature|torque|vibration,N15,M01_F10,n15_m01_f10,bearing_artificial_damage,09,fault,artificial,3,data/raw/paderborn/KA09/N15_M01_F10_KA09_3.mat,False,paderborn_channels_verified
paderborn_artificial_to_natural,artificial_to_real_damage,paderborn,paderborn_n15_m01_f10_ka09_4_multisensor,paderborn_n15_m01_f10_ka09_4,val,KA09,multisensor,current|force|speed|temperature|torque|vibration,N15,M01_F10,n15_m01_f10,bearing_artificial_damage,09,fault,artificial,4,data/raw/paderborn/KA09/N15_M01_F10_KA09_4.mat,False,paderborn_channels_verified
paderborn_artificial_to_natural,artificial_to_real_damage,paderborn,paderborn_n15_m01_f10_ka09_5_multisensor,paderborn_n15_m01_f10_ka09_5,train,KA09,multisensor,current|force|speed|temperature|torque|vibration,N15,M01_F10,n15_m01_f10,bearing_artificial_damage,09,fault,artificial,5,data/raw/paderborn/KA09/N15_M01_F10_KA09_5.mat,False,paderborn_channels_verified
paderborn_artificial_to_natural,artificial_to_real_damage,paderborn,paderborn_n15_m01_f10_ka09_6_multisensor,paderborn_n15_m01_f10_ka09_6,train,KA09,multisensor,current|force|speed|temperature|torque|vibration,N15,M01_F10,n15_m01_f10,bearing_artificial_damage,09,fault,artificial,6,data/raw/paderborn/KA09/N15_M01_F10_KA09_6.mat,False,paderborn_channels_verified
paderborn_artificial_to_natural,artificial_to_real_damage,paderborn,paderborn_n15_m01_f10_ka09_7_multisensor,paderborn_n15_m01_f10_ka09_7,train,KA09,multisensor,current|force|speed|temperature|torque|vibration,N15,M01_F10,n15_m01_f10,bearing_artificial_damage,09,fault,artificial,7,data/raw/paderborn/KA09/N15_M01_F10_KA09_7.mat,False,paderborn_channels_verified
paderborn_artificial_to_natural,artificial_to_real_damage,paderborn,paderborn_n15_m01_f10_ka09_8_multisensor,paderborn_n15_m01_f10_ka09_8,train,KA09,multisensor,current|force|speed|temperature|torque|vibration,N15,M01_F10,n15_m01_f10,bearing_artificial_damage,09,fault,artificial,8,data/raw/paderborn/KA09/N15_M01_F10_KA09_8.mat,False,paderborn_channels_verified
paderborn_artificial_to_natural,artificial_to_real_damage,paderborn,paderborn_n15_m01_f10_ka09_9_multisensor,paderborn_n15_m01_f10_ka09_9,train,KA09,multisensor,current|force|speed|temperature|torque|vibration,N15,M01_F10,n15_m01_f10,bearing_artificial_damage,09,fault,artificial,9,data/raw/paderborn/KA09/N15_M01_F10_KA09_9.mat,False,paderborn_channels_verified
paderborn_artificial_to_natural,artificial_to_real_damage,paderborn,paderborn_n15_m07_f04_ka09_10_multisensor,paderborn_n15_m07_f04_ka09_10,train,KA09,multisensor,current|force|speed|temperature|torque|vibration,N15,M07_F04,n15_m07_f04,bearing_artificial_damage,09,fault,artificial,10,data/raw/paderborn/KA09/N15_M07_F04_KA09_10.mat,False,paderborn_channels_verified
paderborn_artificial_to_natural,artificial_to_real_damage,paderborn,paderborn_n15_m07_f04_ka09_11_multisensor,paderborn_n15_m07_f04_ka09_11,train,KA09,multisensor,current|force|speed|temperature|torque|vibration,N15,M07_F04,n15_m07_f04,bearing_artificial_damage,09,fault,artificial,11,data/raw/paderborn/KA09/N15_M07_F04_KA09_11.mat,False,paderborn_channels_verified
paderborn_artificial_to_natural,artificial_to_real_damage,paderborn,paderborn_n15_m07_f04_ka09_12_multisensor,paderborn_n15_m07_f04_ka09_12,train,KA09,multisensor,current|force|speed|temperature|torque|vibration,N15,M07_F04,n15_m07_f04,bearing_artificial_damage,09,fault,artificial,12,data/raw/paderborn/KA09/N15_M07_F04_KA09_12.mat,False,paderborn_channels_verified
paderborn_artificial_to_natural,artificial_to_real_damage,paderborn,paderborn_n15_m07_f04_ka09_13_multisensor,paderborn_n15_m07_f04_ka09_13,train,KA09,multisensor,current|force|speed|temperature|torque|vibration,N15,M07_F04,n15_m07_f04,bearing_artificial_damage,09,fault,artificial,13,data/raw/paderborn/KA09/N15_M07_F04_KA09_13.mat,False,paderborn_channels_verified
paderborn_artificial_to_natural,artificial_to_real_damage,paderborn,paderborn_n15_m07_f04_ka09_14_multisensor,paderborn_n15_m07_f04_ka09_14,train,KA09,multisensor,current|force|speed|temperature|torque|vibration,N15,M07_F04,n15_m07_f04,bearing_artificial_damage,09,fault,artificial,14,data/raw/paderborn/KA09/N15_M07_F04_KA09_14.mat,False,paderborn_channels_verified
paderborn_artificial_to_natural,artificial_to_real_damage,paderborn,paderborn_n15_m07_f04_ka09_15_multisensor,paderborn_n15_m07_f04_ka09_15,train,KA09,multisensor,current|force|speed|temperature|torque|vibration,N15,M07_F04,n15_m07_f04,bearing_artificial_damage,09,fault,artificial,15,data/raw/paderborn/KA09/N15_M07_F04_KA09_15.mat,False,paderborn_channels_verified
paderborn_artificial_to_natural,artificial_to_real_damage,paderborn,paderborn_n15_m07_f04_ka09_16_multisensor,paderborn_n15_m07_f04_ka09_16,train,KA09,multisensor,current|force|speed|temperature|torque|vibration,N15,M07_F04,n15_m07_f04,bearing_artificial_damage,09,fault,artificial,16,data/raw/paderborn/KA09/N15_M07_F04_KA09_16.mat,False,paderborn_channels_verified
paderborn_artificial_to_natural,artificial_to_real_damage,paderborn,paderborn_n15_m07_f04_ka09_17_multisensor,paderborn_n15_m07_f04_ka09_17,val,KA09,multisensor,current|force|speed|temperature|torque|vibration,N15,M07_F04,n15_m07_f04,bearing_artificial_damage,09,fault,artificial,17,data/raw/paderborn/KA09/N15_M07_F04_KA09_17.mat,False,paderborn_channels_verified
paderborn_artificial_to_natural,artificial_to_real_damage,paderborn,paderborn_n15_m07_f04_ka09_18_multisensor,paderborn_n15_m07_f04_ka09_18,train,KA09,multisensor,current|force|speed|temperature|torque|vibration,N15,M07_F04,n15_m07_f04,bearing_artificial_damage,09,fault,artificial,18,data/raw/paderborn/KA09/N15_M07_F04_KA09_18.mat,False,paderborn_channels_verified
paderborn_artificial_to_natural,artificial_to_real_damage,paderborn,paderborn_n15_m07_f04_ka09_19_multisensor,paderborn_n15_m07_f04_ka09_19,val,KA09,multisensor,current|force|speed|temperature|torque|vibration,N15,M07_F04,n15_m07_f04,bearing_artificial_damage,09,fault,artificial,19,data/raw/paderborn/KA09/N15_M07_F04_KA09_19.mat,False,paderborn_channels_verified
paderborn_artificial_to_natural,artificial_to_real_damage,paderborn,paderborn_n15_m07_f04_ka09_1_multisensor,paderborn_n15_m07_f04_ka09_1,train,KA09,multisensor,current|force|speed|temperature|torque|vibration,N15,M07_F04,n15_m07_f04,bearing_artificial_damage,09,fault,artificial,1,data/raw/paderborn/KA09/N15_M07_F04_KA09_1.mat,False,paderborn_channels_verified
paderborn_artificial_to_natural,artificial_to_real_damage,paderborn,paderborn_n15_m07_f04_ka09_20_multisensor,paderborn_n15_m07_f04_ka09_20,train,KA09,multisensor,current|force|speed|temperature|torque|vibration,N15,M07_F04,n15_m07_f04,bearing_artificial_damage,09,fault,artificial,20,data/raw/paderborn/KA09/N15_M07_F04_KA09_20.mat,False,paderborn_channels_verified
paderborn_artificial_to_natural,artificial_to_real_damage,paderborn,paderborn_n15_m07_f04_ka09_2_multisensor,paderborn_n15_m07_f04_ka09_2,train,KA09,multisensor,current|force|speed|temperature|torque|vibration,N15,M07_F04,n15_m07_f04,bearing_artificial_damage,09,fault,artificial,2,data/raw/paderborn/KA09/N15_M07_F04_KA09_2.mat,False,paderborn_channels_verified
paderborn_artificial_to_natural,artificial_to_real_damage,paderborn,paderborn_n15_m07_f04_ka09_3_multisensor,paderborn_n15_m07_f04_ka09_3,val,KA09,multisensor,current|force|speed|temperature|torque|vibration,N15,M07_F04,n15_m07_f04,bearing_artificial_damage,09,fault,artificial,3,data/raw/paderborn/KA09/N15_M07_F04_KA09_3.mat,False,paderborn_channels_verified
paderborn_artificial_to_natural,artificial_to_real_damage,paderborn,paderborn_n15_m07_f04_ka09_4_multisensor,paderborn_n15_m07_f04_ka09_4,val,KA09,multisensor,current|force|speed|temperature|torque|vibration,N15,M07_F04,n15_m07_f04,bearing_artificial_damage,09,fault,artificial,4,data/raw/paderborn/KA09/N15_M07_F04_KA09_4.mat,False,paderborn_channels_verified
paderborn_artificial_to_natural,artificial_to_real_damage,paderborn,paderborn_n15_m07_f04_ka09_5_multisensor,paderborn_n15_m07_f04_ka09_5,train,KA09,multisensor,current|force|speed|temperature|torque|vibration,N15,M07_F04,n15_m07_f04,bearing_artificial_damage,09,fault,artificial,5,data/raw/paderborn/KA09/N15_M07_F04_KA09_5.mat,False,paderborn_channels_verified
paderborn_artificial_to_natural,artificial_to_real_damage,paderborn,paderborn_n15_m07_f04_ka09_6_multisensor,paderborn_n15_m07_f04_ka09_6,train,KA09,multisensor,current|force|speed|temperature|torque|vibration,N15,M07_F04,n15_m07_f04,bearing_artificial_damage,09,fault,artificial,6,data/raw/paderborn/KA09/N15_M07_F04_KA09_6.mat,False,paderborn_channels_verified
paderborn_artificial_to_natural,artificial_to_real_damage,paderborn,paderborn_n15_m07_f04_ka09_7_multisensor,paderborn_n15_m07_f04_ka09_7,train,KA09,multisensor,current|force|speed|temperature|torque|vibration,N15,M07_F04,n15_m07_f04,bearing_artificial_damage,09,fault,artificial,7,data/raw/paderborn/KA09/N15_M07_F04_KA09_7.mat,False,paderborn_channels_verified
paderborn_artificial_to_natural,artificial_to_real_damage,paderborn,paderborn_n15_m07_f04_ka09_8_multisensor,paderborn_n15_m07_f04_ka09_8,train,KA09,multisensor,current|force|speed|temperature|torque|vibration,N15,M07_F04,n15_m07_f04,bearing_artificial_damage,09,fault,artificial,8,data/raw/paderborn/KA09/N15_M07_F04_KA09_8.mat,False,paderborn_channels_verified
paderborn_artificial_to_natural,artificial_to_real_damage,paderborn,paderborn_n15_m07_f04_ka09_9_multisensor,paderborn_n15_m07_f04_ka09_9,train,KA09,multisensor,current|force|speed|temperature|torque|vibration,N15,M07_F04,n15_m07_f04,bearing_artificial_damage,09,fault,artificial,9,data/raw/paderborn/KA09/N15_M07_F04_KA09_9.mat,False,paderborn_channels_verified
paderborn_artificial_to_natural,artificial_to_real_damage,paderborn,paderborn_n15_m07_f10_ka09_10_multisensor,paderborn_n15_m07_f10_ka09_10,train,KA09,multisensor,current|force|speed|temperature|torque|vibration,N15,M07_F10,n15_m07_f10,bearing_artificial_damage,09,fault,artificial,10,data/raw/paderborn/KA09/N15_M07_F10_KA09_10.mat,False,paderborn_channels_verified
paderborn_artificial_to_natural,artificial_to_real_damage,paderborn,paderborn_n15_m07_f10_ka09_11_multisensor,paderborn_n15_m07_f10_ka09_11,train,KA09,multisensor,current|force|speed|temperature|torque|vibration,N15,M07_F10,n15_m07_f10,bearing_artificial_damage,09,fault,artificial,11,data/raw/paderborn/KA09/N15_M07_F10_KA09_11.mat,False,paderborn_channels_verified
paderborn_artificial_to_natural,artificial_to_real_damage,paderborn,paderborn_n15_m07_f10_ka09_12_multisensor,paderborn_n15_m07_f10_ka09_12,train,KA09,multisensor,current|force|speed|temperature|torque|vibration,N15,M07_F10,n15_m07_f10,bearing_artificial_damage,09,fault,artificial,12,data/raw/paderborn/KA09/N15_M07_F10_KA09_12.mat,False,paderborn_channels_verified
paderborn_artificial_to_natural,artificial_to_real_damage,paderborn,paderborn_n15_m07_f10_ka09_13_multisensor,paderborn_n15_m07_f10_ka09_13,val,KA09,multisensor,current|force|speed|temperature|torque|vibration,N15,M07_F10,n15_m07_f10,bearing_artificial_damage,09,fault,artificial,13,data/raw/paderborn/KA09/N15_M07_F10_KA09_13.mat,False,paderborn_channels_verified
paderborn_artificial_to_natural,artificial_to_real_damage,paderborn,paderborn_n15_m07_f10_ka09_14_multisensor,paderborn_n15_m07_f10_ka09_14,train,KA09,multisensor,current|force|speed|temperature|torque|vibration,N15,M07_F10,n15_m07_f10,bearing_artificial_damage,09,fault,artificial,14,data/raw/paderborn/KA09/N15_M07_F10_KA09_14.mat,False,paderborn_channels_verified
paderborn_artificial_to_natural,artificial_to_real_damage,paderborn,paderborn_n15_m07_f10_ka09_15_multisensor,paderborn_n15_m07_f10_ka09_15,train,KA09,multisensor,current|force|speed|temperature|torque|vibration,N15,M07_F10,n15_m07_f10,bearing_artificial_damage,09,fault,artificial,15,data/raw/paderborn/KA09/N15_M07_F10_KA09_15.mat,False,paderborn_channels_verified
paderborn_artificial_to_natural,artificial_to_real_damage,paderborn,paderborn_n15_m07_f10_ka09_16_multisensor,paderborn_n15_m07_f10_ka09_16,val,KA09,multisensor,current|force|speed|temperature|torque|vibration,N15,M07_F10,n15_m07_f10,bearing_artificial_damage,09,fault,artificial,16,data/raw/paderborn/KA09/N15_M07_F10_KA09_16.mat,False,paderborn_channels_verified
paderborn_artificial_to_natural,artificial_to_real_damage,paderborn,paderborn_n15_m07_f10_ka09_17_multisensor,paderborn_n15_m07_f10_ka09_17,val,KA09,multisensor,current|force|speed|temperature|torque|vibration,N15,M07_F10,n15_m07_f10,bearing_artificial_damage,09,fault,artificial,17,data/raw/paderborn/KA09/N15_M07_F10_KA09_17.mat,False,paderborn_channels_verified
paderborn_artificial_to_natural,artificial_to_real_damage,paderborn,paderborn_n15_m07_f10_ka09_18_multisensor,paderborn_n15_m07_f10_ka09_18,train,KA09,multisensor,current|force|speed|temperature|torque|vibration,N15,M07_F10,n15_m07_f10,bearing_artificial_damage,09,fault,artificial,18,data/raw/paderborn/KA09/N15_M07_F10_KA09_18.mat,False,paderborn_channels_verified
paderborn_artificial_to_natural,artificial_to_real_damage,paderborn,paderborn_n15_m07_f10_ka09_19_multisensor,paderborn_n15_m07_f10_ka09_19,train,KA09,multisensor,current|force|speed|temperature|torque|vibration,N15,M07_F10,n15_m07_f10,bearing_artificial_damage,09,fault,artificial,19,data/raw/paderborn/KA09/N15_M07_F10_KA09_19.mat,False,paderborn_channels_verified
paderborn_artificial_to_natural,artificial_to_real_damage,paderborn,paderborn_n15_m07_f10_ka09_1_multisensor,paderborn_n15_m07_f10_ka09_1,train,KA09,multisensor,current|force|speed|temperature|torque|vibration,N15,M07_F10,n15_m07_f10,bearing_artificial_damage,09,fault,artificial,1,data/raw/paderborn/KA09/N15_M07_F10_KA09_1.mat,False,paderborn_channels_verified
paderborn_artificial_to_natural,artificial_to_real_damage,paderborn,paderborn_n15_m07_f10_ka09_20_multisensor,paderborn_n15_m07_f10_ka09_20,train,KA09,multisensor,current|force|speed|temperature|torque|vibration,N15,M07_F10,n15_m07_f10,bearing_artificial_damage,09,fault,artificial,20,data/raw/paderborn/KA09/N15_M07_F10_KA09_20.mat,False,paderborn_channels_verified
paderborn_artificial_to_natural,artificial_to_real_damage,paderborn,paderborn_n15_m07_f10_ka09_2_multisensor,paderborn_n15_m07_f10_ka09_2,train,KA09,multisensor,current|force|speed|temperature|torque|vibration,N15,M07_F10,n15_m07_f10,bearing_artificial_damage,09,fault,artificial,2,data/raw/paderborn/KA09/N15_M07_F10_KA09_2.mat,False,paderborn_channels_verified
paderborn_artificial_to_natural,artificial_to_real_damage,paderborn,paderborn_n15_m07_f10_ka09_3_multisensor,paderborn_n15_m07_f10_ka09_3,train,KA09,multisensor,current|force|speed|temperature|torque|vibration,N15,M07_F10,n15_m07_f10,bearing_artificial_damage,09,fault,artificial,3,data/raw/paderborn/KA09/N15_M07_F10_KA09_3.mat,False,paderborn_channels_verified
paderborn_artificial_to_natural,artificial_to_real_damage,paderborn,paderborn_n15_m07_f10_ka09_4_multisensor,paderborn_n15_m07_f10_ka09_4,train,KA09,multisensor,current|force|speed|temperature|torque|vibration,N15,M07_F10,n15_m07_f10,bearing_artificial_damage,09,fault,artificial,4,data/raw/paderborn/KA09/N15_M07_F10_KA09_4.mat,False,paderborn_channels_verified
paderborn_artificial_to_natural,artificial_to_real_damage,paderborn,paderborn_n15_m07_f10_ka09_5_multisensor,paderborn_n15_m07_f10_ka09_5,train,KA09,multisensor,current|force|speed|temperature|torque|vibration,N15,M07_F10,n15_m07_f10,bearing_artificial_damage,09,fault,artificial,5,data/raw/paderborn/KA09/N15_M07_F10_KA09_5.mat,False,paderborn_channels_verified
paderborn_artificial_to_natural,artificial_to_real_damage,paderborn,paderborn_n15_m07_f10_ka09_6_multisensor,paderborn_n15_m07_f10_ka09_6,train,KA09,multisensor,current|force|speed|temperature|torque|vibration,N15,M07_F10,n15_m07_f10,bearing_artificial_damage,09,fault,artificial,6,data/raw/paderborn/KA09/N15_M07_F10_KA09_6.mat,False,paderborn_channels_verified
paderborn_artificial_to_natural,artificial_to_real_damage,paderborn,paderborn_n15_m07_f10_ka09_7_multisensor,paderborn_n15_m07_f10_ka09_7,train,KA09,multisensor,current|force|speed|temperature|torque|vibration,N15,M07_F10,n15_m07_f10,bearing_artificial_damage,09,fault,artificial,7,data/raw/paderborn/KA09/N15_M07_F10_KA09_7.mat,False,paderborn_channels_verified
paderborn_artificial_to_natural,artificial_to_real_damage,paderborn,paderborn_n15_m07_f10_ka09_8_multisensor,paderborn_n15_m07_f10_ka09_8,train,KA09,multisensor,current|force|speed|temperature|torque|vibration,N15,M07_F10,n15_m07_f10,bearing_artificial_damage,09,fault,artificial,8,data/raw/paderborn/KA09/N15_M07_F10_KA09_8.mat,False,paderborn_channels_verified
paderborn_artificial_to_natural,artificial_to_real_damage,paderborn,paderborn_n15_m07_f10_ka09_9_multisensor,paderborn_n15_m07_f10_ka09_9,train,KA09,multisensor,current|force|speed|temperature|torque|vibration,N15,M07_F10,n15_m07_f10,bearing_artificial_damage,09,fault,artificial,9,data/raw/paderborn/KA09/N15_M07_F10_KA09_9.mat,False,paderborn_channels_verified
paderborn_artificial_to_natural,artificial_to_real_damage,paderborn,paderborn_n09_m07_f10_ka15_10_multisensor,paderborn_n09_m07_f10_ka15_10,train,KA15,multisensor,current|force|speed|temperature|torque|vibration,N09,M07_F10,n09_m07_f10,bearing_artificial_damage,15,fault,artificial,10,data/raw/paderborn/KA15/N09_M07_F10_KA15_10.mat,False,paderborn_channels_verified
paderborn_artificial_to_natural,artificial_to_real_damage,paderborn,paderborn_n09_m07_f10_ka15_11_multisensor,paderborn_n09_m07_f10_ka15_11,train,KA15,multisensor,current|force|speed|temperature|torque|vibration,N09,M07_F10,n09_m07_f10,bearing_artificial_damage,15,fault,artificial,11,data/raw/paderborn/KA15/N09_M07_F10_KA15_11.mat,False,paderborn_channels_verified
paderborn_artificial_to_natural,artificial_to_real_damage,paderborn,paderborn_n09_m07_f10_ka15_12_multisensor,paderborn_n09_m07_f10_ka15_12,val,KA15,multisensor,current|force|speed|temperature|torque|vibration,N09,M07_F10,n09_m07_f10,bearing_artificial_damage,15,fault,artificial,12,data/raw/paderborn/KA15/N09_M07_F10_KA15_12.mat,False,paderborn_channels_verified
paderborn_artificial_to_natural,artificial_to_real_damage,paderborn,paderborn_n09_m07_f10_ka15_13_multisensor,paderborn_n09_m07_f10_ka15_13,val,KA15,multisensor,current|force|speed|temperature|torque|vibration,N09,M07_F10,n09_m07_f10,bearing_artificial_damage,15,fault,artificial,13,data/raw/paderborn/KA15/N09_M07_F10_KA15_13.mat,False,paderborn_channels_verified
paderborn_artificial_to_natural,artificial_to_real_damage,paderborn,paderborn_n09_m07_f10_ka15_14_multisensor,paderborn_n09_m07_f10_ka15_14,train,KA15,multisensor,current|force|speed|temperature|torque|vibration,N09,M07_F10,n09_m07_f10,bearing_artificial_damage,15,fault,artificial,14,data/raw/paderborn/KA15/N09_M07_F10_KA15_14.mat,False,paderborn_channels_verified
paderborn_artificial_to_natural,artificial_to_real_damage,paderborn,paderborn_n09_m07_f10_ka15_15_multisensor,paderborn_n09_m07_f10_ka15_15,train,KA15,multisensor,current|force|speed|temperature|torque|vibration,N09,M07_F10,n09_m07_f10,bearing_artificial_damage,15,fault,artificial,15,data/raw/paderborn/KA15/N09_M07_F10_KA15_15.mat,False,paderborn_channels_verified
paderborn_artificial_to_natural,artificial_to_real_damage,paderborn,paderborn_n09_m07_f10_ka15_16_multisensor,paderborn_n09_m07_f10_ka15_16,val,KA15,multisensor,current|force|speed|temperature|torque|vibration,N09,M07_F10,n09_m07_f10,bearing_artificial_damage,15,fault,artificial,16,data/raw/paderborn/KA15/N09_M07_F10_KA15_16.mat,False,paderborn_channels_verified
paderborn_artificial_to_natural,artificial_to_real_damage,paderborn,paderborn_n09_m07_f10_ka15_17_multisensor,paderborn_n09_m07_f10_ka15_17,train,KA15,multisensor,current|force|speed|temperature|torque|vibration,N09,M07_F10,n09_m07_f10,bearing_artificial_damage,15,fault,artificial,17,data/raw/paderborn/KA15/N09_M07_F10_KA15_17.mat,False,paderborn_channels_verified
paderborn_artificial_to_natural,artificial_to_real_damage,paderborn,paderborn_n09_m07_f10_ka15_18_multisensor,paderborn_n09_m07_f10_ka15_18,train,KA15,multisensor,current|force|speed|temperature|torque|vibration,N09,M07_F10,n09_m07_f10,bearing_artificial_damage,15,fault,artificial,18,data/raw/paderborn/KA15/N09_M07_F10_KA15_18.mat,False,paderborn_channels_verified
paderborn_artificial_to_natural,artificial_to_real_damage,paderborn,paderborn_n09_m07_f10_ka15_19_multisensor,paderborn_n09_m07_f10_ka15_19,train,KA15,multisensor,current|force|speed|temperature|torque|vibration,N09,M07_F10,n09_m07_f10,bearing_artificial_damage,15,fault,artificial,19,data/raw/paderborn/KA15/N09_M07_F10_KA15_19.mat,False,paderborn_channels_verified
paderborn_artificial_to_natural,artificial_to_real_damage,paderborn,paderborn_n09_m07_f10_ka15_1_multisensor,paderborn_n09_m07_f10_ka15_1,val,KA15,multisensor,current|force|speed|temperature|torque|vibration,N09,M07_F10,n09_m07_f10,bearing_artificial_damage,15,fault,artificial,1,data/raw/paderborn/KA15/N09_M07_F10_KA15_1.mat,False,paderborn_channels_verified
paderborn_artificial_to_natural,artificial_to_real_damage,paderborn,paderborn_n09_m07_f10_ka15_20_multisensor,paderborn_n09_m07_f10_ka15_20,train,KA15,multisensor,current|force|speed|temperature|torque|vibration,N09,M07_F10,n09_m07_f10,bearing_artificial_damage,15,fault,artificial,20,data/raw/paderborn/KA15/N09_M07_F10_KA15_20.mat,False,paderborn_channels_verified
paderborn_artificial_to_natural,artificial_to_real_damage,paderborn,paderborn_n09_m07_f10_ka15_2_multisensor,paderborn_n09_m07_f10_ka15_2,train,KA15,multisensor,current|force|speed|temperature|torque|vibration,N09,M07_F10,n09_m07_f10,bearing_artificial_damage,15,fault,artificial,2,data/raw/paderborn/KA15/N09_M07_F10_KA15_2.mat,False,paderborn_channels_verified
paderborn_artificial_to_natural,artificial_to_real_damage,paderborn,paderborn_n09_m07_f10_ka15_3_multisensor,paderborn_n09_m07_f10_ka15_3,train,KA15,multisensor,current|force|speed|temperature|torque|vibration,N09,M07_F10,n09_m07_f10,bearing_artificial_damage,15,fault,artificial,3,data/raw/paderborn/KA15/N09_M07_F10_KA15_3.mat,False,paderborn_channels_verified
paderborn_artificial_to_natural,artificial_to_real_damage,paderborn,paderborn_n09_m07_f10_ka15_4_multisensor,paderborn_n09_m07_f10_ka15_4,val,KA15,multisensor,current|force|speed|temperature|torque|vibration,N09,M07_F10,n09_m07_f10,bearing_artificial_damage,15,fault,artificial,4,data/raw/paderborn/KA15/N09_M07_F10_KA15_4.mat,False,paderborn_channels_verified
paderborn_artificial_to_natural,artificial_to_real_damage,paderborn,paderborn_n09_m07_f10_ka15_5_multisensor,paderborn_n09_m07_f10_ka15_5,train,KA15,multisensor,current|force|speed|temperature|torque|vibration,N09,M07_F10,n09_m07_f10,bearing_artificial_damage,15,fault,artificial,5,data/raw/paderborn/KA15/N09_M07_F10_KA15_5.mat,False,paderborn_channels_verified
paderborn_artificial_to_natural,artificial_to_real_damage,paderborn,paderborn_n09_m07_f10_ka15_6_multisensor,paderborn_n09_m07_f10_ka15_6,train,KA15,multisensor,current|force|speed|temperature|torque|vibration,N09,M07_F10,n09_m07_f10,bearing_artificial_damage,15,fault,artificial,6,data/raw/paderborn/KA15/N09_M07_F10_KA15_6.mat,False,paderborn_channels_verified
paderborn_artificial_to_natural,artificial_to_real_damage,paderborn,paderborn_n09_m07_f10_ka15_7_multisensor,paderborn_n09_m07_f10_ka15_7,train,KA15,multisensor,current|force|speed|temperature|torque|vibration,N09,M07_F10,n09_m07_f10,bearing_artificial_damage,15,fault,artificial,7,data/raw/paderborn/KA15/N09_M07_F10_KA15_7.mat,False,paderborn_channels_verified
paderborn_artificial_to_natural,artificial_to_real_damage,paderborn,paderborn_n09_m07_f10_ka15_8_multisensor,paderborn_n09_m07_f10_ka15_8,train,KA15,multisensor,current|force|speed|temperature|torque|vibration,N09,M07_F10,n09_m07_f10,bearing_artificial_damage,15,fault,artificial,8,data/raw/paderborn/KA15/N09_M07_F10_KA15_8.mat,False,paderborn_channels_verified
paderborn_artificial_to_natural,artificial_to_real_damage,paderborn,paderborn_n09_m07_f10_ka15_9_multisensor,paderborn_n09_m07_f10_ka15_9,val,KA15,multisensor,current|force|speed|temperature|torque|vibration,N09,M07_F10,n09_m07_f10,bearing_artificial_damage,15,fault,artificial,9,data/raw/paderborn/KA15/N09_M07_F10_KA15_9.mat,False,paderborn_channels_verified
paderborn_artificial_to_natural,artificial_to_real_damage,paderborn,paderborn_n15_m01_f10_ka15_10_multisensor,paderborn_n15_m01_f10_ka15_10,val,KA15,multisensor,current|force|speed|temperature|torque|vibration,N15,M01_F10,n15_m01_f10,bearing_artificial_damage,15,fault,artificial,10,data/raw/paderborn/KA15/N15_M01_F10_KA15_10.mat,False,paderborn_channels_verified
paderborn_artificial_to_natural,artificial_to_real_damage,paderborn,paderborn_n15_m01_f10_ka15_11_multisensor,paderborn_n15_m01_f10_ka15_11,train,KA15,multisensor,current|force|speed|temperature|torque|vibration,N15,M01_F10,n15_m01_f10,bearing_artificial_damage,15,fault,artificial,11,data/raw/paderborn/KA15/N15_M01_F10_KA15_11.mat,False,paderborn_channels_verified
paderborn_artificial_to_natural,artificial_to_real_damage,paderborn,paderborn_n15_m01_f10_ka15_12_multisensor,paderborn_n15_m01_f10_ka15_12,train,KA15,multisensor,current|force|speed|temperature|torque|vibration,N15,M01_F10,n15_m01_f10,bearing_artificial_damage,15,fault,artificial,12,data/raw/paderborn/KA15/N15_M01_F10_KA15_12.mat,False,paderborn_channels_verified
paderborn_artificial_to_natural,artificial_to_real_damage,paderborn,paderborn_n15_m01_f10_ka15_13_multisensor,paderborn_n15_m01_f10_ka15_13,train,KA15,multisensor,current|force|speed|temperature|torque|vibration,N15,M01_F10,n15_m01_f10,bearing_artificial_damage,15,fault,artificial,13,data/raw/paderborn/KA15/N15_M01_F10_KA15_13.mat,False,paderborn_channels_verified
paderborn_artificial_to_natural,artificial_to_real_damage,paderborn,paderborn_n15_m01_f10_ka15_14_multisensor,paderborn_n15_m01_f10_ka15_14,train,KA15,multisensor,current|force|speed|temperature|torque|vibration,N15,M01_F10,n15_m01_f10,bearing_artificial_damage,15,fault,artificial,14,data/raw/paderborn/KA15/N15_M01_F10_KA15_14.mat,False,paderborn_channels_verified
paderborn_artificial_to_natural,artificial_to_real_damage,paderborn,paderborn_n15_m01_f10_ka15_15_multisensor,paderborn_n15_m01_f10_ka15_15,train,KA15,multisensor,current|force|speed|temperature|torque|vibration,N15,M01_F10,n15_m01_f10,bearing_artificial_damage,15,fault,artificial,15,data/raw/paderborn/KA15/N15_M01_F10_KA15_15.mat,False,paderborn_channels_verified
paderborn_artificial_to_natural,artificial_to_real_damage,paderborn,paderborn_n15_m01_f10_ka15_16_multisensor,paderborn_n15_m01_f10_ka15_16,train,KA15,multisensor,current|force|speed|temperature|torque|vibration,N15,M01_F10,n15_m01_f10,bearing_artificial_damage,15,fault,artificial,16,data/raw/paderborn/KA15/N15_M01_F10_KA15_16.mat,False,paderborn_channels_verified
paderborn_artificial_to_natural,artificial_to_real_damage,paderborn,paderborn_n15_m01_f10_ka15_17_multisensor,paderborn_n15_m01_f10_ka15_17,train,KA15,multisensor,current|force|speed|temperature|torque|vibration,N15,M01_F10,n15_m01_f10,bearing_artificial_damage,15,fault,artificial,17,data/raw/paderborn/KA15/N15_M01_F10_KA15_17.mat,False,paderborn_channels_verified
paderborn_artificial_to_natural,artificial_to_real_damage,paderborn,paderborn_n15_m01_f10_ka15_18_multisensor,paderborn_n15_m01_f10_ka15_18,train,KA15,multisensor,current|force|speed|temperature|torque|vibration,N15,M01_F10,n15_m01_f10,bearing_artificial_damage,15,fault,artificial,18,data/raw/paderborn/KA15/N15_M01_F10_KA15_18.mat,False,paderborn_channels_verified
paderborn_artificial_to_natural,artificial_to_real_damage,paderborn,paderborn_n15_m01_f10_ka15_19_multisensor,paderborn_n15_m01_f10_ka15_19,train,KA15,multisensor,current|force|speed|temperature|torque|vibration,N15,M01_F10,n15_m01_f10,bearing_artificial_damage,15,fault,artificial,19,data/raw/paderborn/KA15/N15_M01_F10_KA15_19.mat,False,paderborn_channels_verified
paderborn_artificial_to_natural,artificial_to_real_damage,paderborn,paderborn_n15_m01_f10_ka15_1_multisensor,paderborn_n15_m01_f10_ka15_1,train,KA15,multisensor,current|force|speed|temperature|torque|vibration,N15,M01_F10,n15_m01_f10,bearing_artificial_damage,15,fault,artificial,1,data/raw/paderborn/KA15/N15_M01_F10_KA15_1.mat,False,paderborn_channels_verified
paderborn_artificial_to_natural,artificial_to_real_damage,paderborn,paderborn_n15_m01_f10_ka15_20_multisensor,paderborn_n15_m01_f10_ka15_20,train,KA15,multisensor,current|force|speed|temperature|torque|vibration,N15,M01_F10,n15_m01_f10,bearing_artificial_damage,15,fault,artificial,20,data/raw/paderborn/KA15/N15_M01_F10_KA15_20.mat,False,paderborn_channels_verified
paderborn_artificial_to_natural,artificial_to_real_damage,paderborn,paderborn_n15_m01_f10_ka15_2_multisensor,paderborn_n15_m01_f10_ka15_2,train,KA15,multisensor,current|force|speed|temperature|torque|vibration,N15,M01_F10,n15_m01_f10,bearing_artificial_damage,15,fault,artificial,2,data/raw/paderborn/KA15/N15_M01_F10_KA15_2.mat,False,paderborn_channels_verified
paderborn_artificial_to_natural,artificial_to_real_damage,paderborn,paderborn_n15_m01_f10_ka15_3_multisensor,paderborn_n15_m01_f10_ka15_3,train,KA15,multisensor,current|force|speed|temperature|torque|vibration,N15,M01_F10,n15_m01_f10,bearing_artificial_damage,15,fault,artificial,3,data/raw/paderborn/KA15/N15_M01_F10_KA15_3.mat,False,paderborn_channels_verified
paderborn_artificial_to_natural,artificial_to_real_damage,paderborn,paderborn_n15_m01_f10_ka15_4_multisensor,paderborn_n15_m01_f10_ka15_4,train,KA15,multisensor,current|force|speed|temperature|torque|vibration,N15,M01_F10,n15_m01_f10,bearing_artificial_damage,15,fault,artificial,4,data/raw/paderborn/KA15/N15_M01_F10_KA15_4.mat,False,paderborn_channels_verified
paderborn_artificial_to_natural,artificial_to_real_damage,paderborn,paderborn_n15_m01_f10_ka15_5_multisensor,paderborn_n15_m01_f10_ka15_5,train,KA15,multisensor,current|force|speed|temperature|torque|vibration,N15,M01_F10,n15_m01_f10,bearing_artificial_damage,15,fault,artificial,5,data/raw/paderborn/KA15/N15_M01_F10_KA15_5.mat,False,paderborn_channels_verified
paderborn_artificial_to_natural,artificial_to_real_damage,paderborn,paderborn_n15_m01_f10_ka15_6_multisensor,paderborn_n15_m01_f10_ka15_6,train,KA15,multisensor,current|force|speed|temperature|torque|vibration,N15,M01_F10,n15_m01_f10,bearing_artificial_damage,15,fault,artificial,6,data/raw/paderborn/KA15/N15_M01_F10_KA15_6.mat,False,paderborn_channels_verified
paderborn_artificial_to_natural,artificial_to_real_damage,paderborn,paderborn_n15_m01_f10_ka15_7_multisensor,paderborn_n15_m01_f10_ka15_7,train,KA15,multisensor,current|force|speed|temperature|torque|vibration,N15,M01_F10,n15_m01_f10,bearing_artificial_damage,15,fault,artificial,7,data/raw/paderborn/KA15/N15_M01_F10_KA15_7.mat,False,paderborn_channels_verified
paderborn_artificial_to_natural,artificial_to_real_damage,paderborn,paderborn_n15_m01_f10_ka15_8_multisensor,paderborn_n15_m01_f10_ka15_8,train,KA15,multisensor,current|force|speed|temperature|torque|vibration,N15,M01_F10,n15_m01_f10,bearing_artificial_damage,15,fault,artificial,8,data/raw/paderborn/KA15/N15_M01_F10_KA15_8.mat,False,paderborn_channels_verified
paderborn_artificial_to_natural,artificial_to_real_damage,paderborn,paderborn_n15_m01_f10_ka15_9_multisensor,paderborn_n15_m01_f10_ka15_9,train,KA15,multisensor,current|force|speed|temperature|torque|vibration,N15,M01_F10,n15_m01_f10,bearing_artificial_damage,15,fault,artificial,9,data/raw/paderborn/KA15/N15_M01_F10_KA15_9.mat,False,paderborn_channels_verified
paderborn_artificial_to_natural,artificial_to_real_damage,paderborn,paderborn_n15_m07_f04_ka15_10_multisensor,paderborn_n15_m07_f04_ka15_10,train,KA15,multisensor,current|force|speed|temperature|torque|vibration,N15,M07_F04,n15_m07_f04,bearing_artificial_damage,15,fault,artificial,10,data/raw/paderborn/KA15/N15_M07_F04_KA15_10.mat,False,paderborn_channels_verified
paderborn_artificial_to_natural,artificial_to_real_damage,paderborn,paderborn_n15_m07_f04_ka15_11_multisensor,paderborn_n15_m07_f04_ka15_11,train,KA15,multisensor,current|force|speed|temperature|torque|vibration,N15,M07_F04,n15_m07_f04,bearing_artificial_damage,15,fault,artificial,11,data/raw/paderborn/KA15/N15_M07_F04_KA15_11.mat,False,paderborn_channels_verified
paderborn_artificial_to_natural,artificial_to_real_damage,paderborn,paderborn_n15_m07_f04_ka15_12_multisensor,paderborn_n15_m07_f04_ka15_12,train,KA15,multisensor,current|force|speed|temperature|torque|vibration,N15,M07_F04,n15_m07_f04,bearing_artificial_damage,15,fault,artificial,12,data/raw/paderborn/KA15/N15_M07_F04_KA15_12.mat,False,paderborn_channels_verified
paderborn_artificial_to_natural,artificial_to_real_damage,paderborn,paderborn_n15_m07_f04_ka15_13_multisensor,paderborn_n15_m07_f04_ka15_13,train,KA15,multisensor,current|force|speed|temperature|torque|vibration,N15,M07_F04,n15_m07_f04,bearing_artificial_damage,15,fault,artificial,13,data/raw/paderborn/KA15/N15_M07_F04_KA15_13.mat,False,paderborn_channels_verified
paderborn_artificial_to_natural,artificial_to_real_damage,paderborn,paderborn_n15_m07_f04_ka15_14_multisensor,paderborn_n15_m07_f04_ka15_14,train,KA15,multisensor,current|force|speed|temperature|torque|vibration,N15,M07_F04,n15_m07_f04,bearing_artificial_damage,15,fault,artificial,14,data/raw/paderborn/KA15/N15_M07_F04_KA15_14.mat,False,paderborn_channels_verified
paderborn_artificial_to_natural,artificial_to_real_damage,paderborn,paderborn_n15_m07_f04_ka15_15_multisensor,paderborn_n15_m07_f04_ka15_15,train,KA15,multisensor,current|force|speed|temperature|torque|vibration,N15,M07_F04,n15_m07_f04,bearing_artificial_damage,15,fault,artificial,15,data/raw/paderborn/KA15/N15_M07_F04_KA15_15.mat,False,paderborn_channels_verified
paderborn_artificial_to_natural,artificial_to_real_damage,paderborn,paderborn_n15_m07_f04_ka15_16_multisensor,paderborn_n15_m07_f04_ka15_16,train,KA15,multisensor,current|force|speed|temperature|torque|vibration,N15,M07_F04,n15_m07_f04,bearing_artificial_damage,15,fault,artificial,16,data/raw/paderborn/KA15/N15_M07_F04_KA15_16.mat,False,paderborn_channels_verified
paderborn_artificial_to_natural,artificial_to_real_damage,paderborn,paderborn_n15_m07_f04_ka15_17_multisensor,paderborn_n15_m07_f04_ka15_17,train,KA15,multisensor,current|force|speed|temperature|torque|vibration,N15,M07_F04,n15_m07_f04,bearing_artificial_damage,15,fault,artificial,17,data/raw/paderborn/KA15/N15_M07_F04_KA15_17.mat,False,paderborn_channels_verified
paderborn_artificial_to_natural,artificial_to_real_damage,paderborn,paderborn_n15_m07_f04_ka15_18_multisensor,paderborn_n15_m07_f04_ka15_18,train,KA15,multisensor,current|force|speed|temperature|torque|vibration,N15,M07_F04,n15_m07_f04,bearing_artificial_damage,15,fault,artificial,18,data/raw/paderborn/KA15/N15_M07_F04_KA15_18.mat,False,paderborn_channels_verified
paderborn_artificial_to_natural,artificial_to_real_damage,paderborn,paderborn_n15_m07_f04_ka15_19_multisensor,paderborn_n15_m07_f04_ka15_19,val,KA15,multisensor,current|force|speed|temperature|torque|vibration,N15,M07_F04,n15_m07_f04,bearing_artificial_damage,15,fault,artificial,19,data/raw/paderborn/KA15/N15_M07_F04_KA15_19.mat,False,paderborn_channels_verified
paderborn_artificial_to_natural,artificial_to_real_damage,paderborn,paderborn_n15_m07_f04_ka15_1_multisensor,paderborn_n15_m07_f04_ka15_1,train,KA15,multisensor,current|force|speed|temperature|torque|vibration,N15,M07_F04,n15_m07_f04,bearing_artificial_damage,15,fault,artificial,1,data/raw/paderborn/KA15/N15_M07_F04_KA15_1.mat,False,paderborn_channels_verified
paderborn_artificial_to_natural,artificial_to_real_damage,paderborn,paderborn_n15_m07_f04_ka15_20_multisensor,paderborn_n15_m07_f04_ka15_20,train,KA15,multisensor,current|force|speed|temperature|torque|vibration,N15,M07_F04,n15_m07_f04,bearing_artificial_damage,15,fault,artificial,20,data/raw/paderborn/KA15/N15_M07_F04_KA15_20.mat,False,paderborn_channels_verified
paderborn_artificial_to_natural,artificial_to_real_damage,paderborn,paderborn_n15_m07_f04_ka15_2_multisensor,paderborn_n15_m07_f04_ka15_2,train,KA15,multisensor,current|force|speed|temperature|torque|vibration,N15,M07_F04,n15_m07_f04,bearing_artificial_damage,15,fault,artificial,2,data/raw/paderborn/KA15/N15_M07_F04_KA15_2.mat,False,paderborn_channels_verified
paderborn_artificial_to_natural,artificial_to_real_damage,paderborn,paderborn_n15_m07_f04_ka15_3_multisensor,paderborn_n15_m07_f04_ka15_3,train,KA15,multisensor,current|force|speed|temperature|torque|vibration,N15,M07_F04,n15_m07_f04,bearing_artificial_damage,15,fault,artificial,3,data/raw/paderborn/KA15/N15_M07_F04_KA15_3.mat,False,paderborn_channels_verified
paderborn_artificial_to_natural,artificial_to_real_damage,paderborn,paderborn_n15_m07_f04_ka15_4_multisensor,paderborn_n15_m07_f04_ka15_4,train,KA15,multisensor,current|force|speed|temperature|torque|vibration,N15,M07_F04,n15_m07_f04,bearing_artificial_damage,15,fault,artificial,4,data/raw/paderborn/KA15/N15_M07_F04_KA15_4.mat,False,paderborn_channels_verified
paderborn_artificial_to_natural,artificial_to_real_damage,paderborn,paderborn_n15_m07_f04_ka15_5_multisensor,paderborn_n15_m07_f04_ka15_5,train,KA15,multisensor,current|force|speed|temperature|torque|vibration,N15,M07_F04,n15_m07_f04,bearing_artificial_damage,15,fault,artificial,5,data/raw/paderborn/KA15/N15_M07_F04_KA15_5.mat,False,paderborn_channels_verified
paderborn_artificial_to_natural,artificial_to_real_damage,paderborn,paderborn_n15_m07_f04_ka15_6_multisensor,paderborn_n15_m07_f04_ka15_6,train,KA15,multisensor,current|force|speed|temperature|torque|vibration,N15,M07_F04,n15_m07_f04,bearing_artificial_damage,15,fault,artificial,6,data/raw/paderborn/KA15/N15_M07_F04_KA15_6.mat,False,paderborn_channels_verified
paderborn_artificial_to_natural,artificial_to_real_damage,paderborn,paderborn_n15_m07_f04_ka15_7_multisensor,paderborn_n15_m07_f04_ka15_7,train,KA15,multisensor,current|force|speed|temperature|torque|vibration,N15,M07_F04,n15_m07_f04,bearing_artificial_damage,15,fault,artificial,7,data/raw/paderborn/KA15/N15_M07_F04_KA15_7.mat,False,paderborn_channels_verified
paderborn_artificial_to_natural,artificial_to_real_damage,paderborn,paderborn_n15_m07_f04_ka15_8_multisensor,paderborn_n15_m07_f04_ka15_8,train,KA15,multisensor,current|force|speed|temperature|torque|vibration,N15,M07_F04,n15_m07_f04,bearing_artificial_damage,15,fault,artificial,8,data/raw/paderborn/KA15/N15_M07_F04_KA15_8.mat,False,paderborn_channels_verified
paderborn_artificial_to_natural,artificial_to_real_damage,paderborn,paderborn_n15_m07_f04_ka15_9_multisensor,paderborn_n15_m07_f04_ka15_9,train,KA15,multisensor,current|force|speed|temperature|torque|vibration,N15,M07_F04,n15_m07_f04,bearing_artificial_damage,15,fault,artificial,9,data/raw/paderborn/KA15/N15_M07_F04_KA15_9.mat,False,paderborn_channels_verified
paderborn_artificial_to_natural,artificial_to_real_damage,paderborn,paderborn_n15_m07_f10_ka15_10_multisensor,paderborn_n15_m07_f10_ka15_10,train,KA15,multisensor,current|force|speed|temperature|torque|vibration,N15,M07_F10,n15_m07_f10,bearing_artificial_damage,15,fault,artificial,10,data/raw/paderborn/KA15/N15_M07_F10_KA15_10.mat,False,paderborn_channels_verified
paderborn_artificial_to_natural,artificial_to_real_damage,paderborn,paderborn_n15_m07_f10_ka15_11_multisensor,paderborn_n15_m07_f10_ka15_11,train,KA15,multisensor,current|force|speed|temperature|torque|vibration,N15,M07_F10,n15_m07_f10,bearing_artificial_damage,15,fault,artificial,11,data/raw/paderborn/KA15/N15_M07_F10_KA15_11.mat,False,paderborn_channels_verified
paderborn_artificial_to_natural,artificial_to_real_damage,paderborn,paderborn_n15_m07_f10_ka15_12_multisensor,paderborn_n15_m07_f10_ka15_12,train,KA15,multisensor,current|force|speed|temperature|torque|vibration,N15,M07_F10,n15_m07_f10,bearing_artificial_damage,15,fault,artificial,12,data/raw/paderborn/KA15/N15_M07_F10_KA15_12.mat,False,paderborn_channels_verified
paderborn_artificial_to_natural,artificial_to_real_damage,paderborn,paderborn_n15_m07_f10_ka15_13_multisensor,paderborn_n15_m07_f10_ka15_13,train,KA15,multisensor,current|force|speed|temperature|torque|vibration,N15,M07_F10,n15_m07_f10,bearing_artificial_damage,15,fault,artificial,13,data/raw/paderborn/KA15/N15_M07_F10_KA15_13.mat,False,paderborn_channels_verified
paderborn_artificial_to_natural,artificial_to_real_damage,paderborn,paderborn_n15_m07_f10_ka15_14_multisensor,paderborn_n15_m07_f10_ka15_14,train,KA15,multisensor,current|force|speed|temperature|torque|vibration,N15,M07_F10,n15_m07_f10,bearing_artificial_damage,15,fault,artificial,14,data/raw/paderborn/KA15/N15_M07_F10_KA15_14.mat,False,paderborn_channels_verified
paderborn_artificial_to_natural,artificial_to_real_damage,paderborn,paderborn_n15_m07_f10_ka15_15_multisensor,paderborn_n15_m07_f10_ka15_15,train,KA15,multisensor,current|force|speed|temperature|torque|vibration,N15,M07_F10,n15_m07_f10,bearing_artificial_damage,15,fault,artificial,15,data/raw/paderborn/KA15/N15_M07_F10_KA15_15.mat,False,paderborn_channels_verified
paderborn_artificial_to_natural,artificial_to_real_damage,paderborn,paderborn_n15_m07_f10_ka15_16_multisensor,paderborn_n15_m07_f10_ka15_16,val,KA15,multisensor,current|force|speed|temperature|torque|vibration,N15,M07_F10,n15_m07_f10,bearing_artificial_damage,15,fault,artificial,16,data/raw/paderborn/KA15/N15_M07_F10_KA15_16.mat,False,paderborn_channels_verified
paderborn_artificial_to_natural,artificial_to_real_damage,paderborn,paderborn_n15_m07_f10_ka15_17_multisensor,paderborn_n15_m07_f10_ka15_17,train,KA15,multisensor,current|force|speed|temperature|torque|vibration,N15,M07_F10,n15_m07_f10,bearing_artificial_damage,15,fault,artificial,17,data/raw/paderborn/KA15/N15_M07_F10_KA15_17.mat,False,paderborn_channels_verified
paderborn_artificial_to_natural,artificial_to_real_damage,paderborn,paderborn_n15_m07_f10_ka15_18_multisensor,paderborn_n15_m07_f10_ka15_18,train,KA15,multisensor,current|force|speed|temperature|torque|vibration,N15,M07_F10,n15_m07_f10,bearing_artificial_damage,15,fault,artificial,18,data/raw/paderborn/KA15/N15_M07_F10_KA15_18.mat,False,paderborn_channels_verified
paderborn_artificial_to_natural,artificial_to_real_damage,paderborn,paderborn_n15_m07_f10_ka15_19_multisensor,paderborn_n15_m07_f10_ka15_19,train,KA15,multisensor,current|force|speed|temperature|torque|vibration,N15,M07_F10,n15_m07_f10,bearing_artificial_damage,15,fault,artificial,19,data/raw/paderborn/KA15/N15_M07_F10_KA15_19.mat,False,paderborn_channels_verified
paderborn_artificial_to_natural,artificial_to_real_damage,paderborn,paderborn_n15_m07_f10_ka15_1_multisensor,paderborn_n15_m07_f10_ka15_1,val,KA15,multisensor,current|force|speed|temperature|torque|vibration,N15,M07_F10,n15_m07_f10,bearing_artificial_damage,15,fault,artificial,1,data/raw/paderborn/KA15/N15_M07_F10_KA15_1.mat,False,paderborn_channels_verified
paderborn_artificial_to_natural,artificial_to_real_damage,paderborn,paderborn_n15_m07_f10_ka15_20_multisensor,paderborn_n15_m07_f10_ka15_20,train,KA15,multisensor,current|force|speed|temperature|torque|vibration,N15,M07_F10,n15_m07_f10,bearing_artificial_damage,15,fault,artificial,20,data/raw/paderborn/KA15/N15_M07_F10_KA15_20.mat,False,paderborn_channels_verified
paderborn_artificial_to_natural,artificial_to_real_damage,paderborn,paderborn_n15_m07_f10_ka15_2_multisensor,paderborn_n15_m07_f10_ka15_2,train,KA15,multisensor,current|force|speed|temperature|torque|vibration,N15,M07_F10,n15_m07_f10,bearing_artificial_damage,15,fault,artificial,2,data/raw/paderborn/KA15/N15_M07_F10_KA15_2.mat,False,paderborn_channels_verified
paderborn_artificial_to_natural,artificial_to_real_damage,paderborn,paderborn_n15_m07_f10_ka15_3_multisensor,paderborn_n15_m07_f10_ka15_3,train,KA15,multisensor,current|force|speed|temperature|torque|vibration,N15,M07_F10,n15_m07_f10,bearing_artificial_damage,15,fault,artificial,3,data/raw/paderborn/KA15/N15_M07_F10_KA15_3.mat,False,paderborn_channels_verified
paderborn_artificial_to_natural,artificial_to_real_damage,paderborn,paderborn_n15_m07_f10_ka15_4_multisensor,paderborn_n15_m07_f10_ka15_4,train,KA15,multisensor,current|force|speed|temperature|torque|vibration,N15,M07_F10,n15_m07_f10,bearing_artificial_damage,15,fault,artificial,4,data/raw/paderborn/KA15/N15_M07_F10_KA15_4.mat,False,paderborn_channels_verified
paderborn_artificial_to_natural,artificial_to_real_damage,paderborn,paderborn_n15_m07_f10_ka15_5_multisensor,paderborn_n15_m07_f10_ka15_5,val,KA15,multisensor,current|force|speed|temperature|torque|vibration,N15,M07_F10,n15_m07_f10,bearing_artificial_damage,15,fault,artificial,5,data/raw/paderborn/KA15/N15_M07_F10_KA15_5.mat,False,paderborn_channels_verified
paderborn_artificial_to_natural,artificial_to_real_damage,paderborn,paderborn_n15_m07_f10_ka15_6_multisensor,paderborn_n15_m07_f10_ka15_6,train,KA15,multisensor,current|force|speed|temperature|torque|vibration,N15,M07_F10,n15_m07_f10,bearing_artificial_damage,15,fault,artificial,6,data/raw/paderborn/KA15/N15_M07_F10_KA15_6.mat,False,paderborn_channels_verified
paderborn_artificial_to_natural,artificial_to_real_damage,paderborn,paderborn_n15_m07_f10_ka15_7_multisensor,paderborn_n15_m07_f10_ka15_7,train,KA15,multisensor,current|force|speed|temperature|torque|vibration,N15,M07_F10,n15_m07_f10,bearing_artificial_damage,15,fault,artificial,7,data/raw/paderborn/KA15/N15_M07_F10_KA15_7.mat,False,paderborn_channels_verified
paderborn_artificial_to_natural,artificial_to_real_damage,paderborn,paderborn_n15_m07_f10_ka15_8_multisensor,paderborn_n15_m07_f10_ka15_8,train,KA15,multisensor,current|force|speed|temperature|torque|vibration,N15,M07_F10,n15_m07_f10,bearing_artificial_damage,15,fault,artificial,8,data/raw/paderborn/KA15/N15_M07_F10_KA15_8.mat,False,paderborn_channels_verified
paderborn_artificial_to_natural,artificial_to_real_damage,paderborn,paderborn_n15_m07_f10_ka15_9_multisensor,paderborn_n15_m07_f10_ka15_9,val,KA15,multisensor,current|force|speed|temperature|torque|vibration,N15,M07_F10,n15_m07_f10,bearing_artificial_damage,15,fault,artificial,9,data/raw/paderborn/KA15/N15_M07_F10_KA15_9.mat,False,paderborn_channels_verified
paderborn_artificial_to_natural,artificial_to_real_damage,paderborn,paderborn_n09_m07_f10_ka16_10_multisensor,paderborn_n09_m07_f10_ka16_10,val,KA16,multisensor,current|force|speed|temperature|torque|vibration,N09,M07_F10,n09_m07_f10,bearing_artificial_damage,16,fault,artificial,10,data/raw/paderborn/KA16/N09_M07_F10_KA16_10.mat,False,paderborn_channels_verified
paderborn_artificial_to_natural,artificial_to_real_damage,paderborn,paderborn_n09_m07_f10_ka16_11_multisensor,paderborn_n09_m07_f10_ka16_11,train,KA16,multisensor,current|force|speed|temperature|torque|vibration,N09,M07_F10,n09_m07_f10,bearing_artificial_damage,16,fault,artificial,11,data/raw/paderborn/KA16/N09_M07_F10_KA16_11.mat,False,paderborn_channels_verified
paderborn_artificial_to_natural,artificial_to_real_damage,paderborn,paderborn_n09_m07_f10_ka16_12_multisensor,paderborn_n09_m07_f10_ka16_12,train,KA16,multisensor,current|force|speed|temperature|torque|vibration,N09,M07_F10,n09_m07_f10,bearing_artificial_damage,16,fault,artificial,12,data/raw/paderborn/KA16/N09_M07_F10_KA16_12.mat,False,paderborn_channels_verified
paderborn_artificial_to_natural,artificial_to_real_damage,paderborn,paderborn_n09_m07_f10_ka16_13_multisensor,paderborn_n09_m07_f10_ka16_13,train,KA16,multisensor,current|force|speed|temperature|torque|vibration,N09,M07_F10,n09_m07_f10,bearing_artificial_damage,16,fault,artificial,13,data/raw/paderborn/KA16/N09_M07_F10_KA16_13.mat,False,paderborn_channels_verified
paderborn_artificial_to_natural,artificial_to_real_damage,paderborn,paderborn_n09_m07_f10_ka16_14_multisensor,paderborn_n09_m07_f10_ka16_14,val,KA16,multisensor,current|force|speed|temperature|torque|vibration,N09,M07_F10,n09_m07_f10,bearing_artificial_damage,16,fault,artificial,14,data/raw/paderborn/KA16/N09_M07_F10_KA16_14.mat,False,paderborn_channels_verified
paderborn_artificial_to_natural,artificial_to_real_damage,paderborn,paderborn_n09_m07_f10_ka16_15_multisensor,paderborn_n09_m07_f10_ka16_15,train,KA16,multisensor,current|force|speed|temperature|torque|vibration,N09,M07_F10,n09_m07_f10,bearing_artificial_damage,16,fault,artificial,15,data/raw/paderborn/KA16/N09_M07_F10_KA16_15.mat,False,paderborn_channels_verified
paderborn_artificial_to_natural,artificial_to_real_damage,paderborn,paderborn_n09_m07_f10_ka16_16_multisensor,paderborn_n09_m07_f10_ka16_16,train,KA16,multisensor,current|force|speed|temperature|torque|vibration,N09,M07_F10,n09_m07_f10,bearing_artificial_damage,16,fault,artificial,16,data/raw/paderborn/KA16/N09_M07_F10_KA16_16.mat,False,paderborn_channels_verified
paderborn_artificial_to_natural,artificial_to_real_damage,paderborn,paderborn_n09_m07_f10_ka16_17_multisensor,paderborn_n09_m07_f10_ka16_17,train,KA16,multisensor,current|force|speed|temperature|torque|vibration,N09,M07_F10,n09_m07_f10,bearing_artificial_damage,16,fault,artificial,17,data/raw/paderborn/KA16/N09_M07_F10_KA16_17.mat,False,paderborn_channels_verified
paderborn_artificial_to_natural,artificial_to_real_damage,paderborn,paderborn_n09_m07_f10_ka16_18_multisensor,paderborn_n09_m07_f10_ka16_18,train,KA16,multisensor,current|force|speed|temperature|torque|vibration,N09,M07_F10,n09_m07_f10,bearing_artificial_damage,16,fault,artificial,18,data/raw/paderborn/KA16/N09_M07_F10_KA16_18.mat,False,paderborn_channels_verified
paderborn_artificial_to_natural,artificial_to_real_damage,paderborn,paderborn_n09_m07_f10_ka16_19_multisensor,paderborn_n09_m07_f10_ka16_19,train,KA16,multisensor,current|force|speed|temperature|torque|vibration,N09,M07_F10,n09_m07_f10,bearing_artificial_damage,16,fault,artificial,19,data/raw/paderborn/KA16/N09_M07_F10_KA16_19.mat,False,paderborn_channels_verified
paderborn_artificial_to_natural,artificial_to_real_damage,paderborn,paderborn_n09_m07_f10_ka16_1_multisensor,paderborn_n09_m07_f10_ka16_1,train,KA16,multisensor,current|force|speed|temperature|torque|vibration,N09,M07_F10,n09_m07_f10,bearing_artificial_damage,16,fault,artificial,1,data/raw/paderborn/KA16/N09_M07_F10_KA16_1.mat,False,paderborn_channels_verified
paderborn_artificial_to_natural,artificial_to_real_damage,paderborn,paderborn_n09_m07_f10_ka16_20_multisensor,paderborn_n09_m07_f10_ka16_20,train,KA16,multisensor,current|force|speed|temperature|torque|vibration,N09,M07_F10,n09_m07_f10,bearing_artificial_damage,16,fault,artificial,20,data/raw/paderborn/KA16/N09_M07_F10_KA16_20.mat,False,paderborn_channels_verified
paderborn_artificial_to_natural,artificial_to_real_damage,paderborn,paderborn_n09_m07_f10_ka16_2_multisensor,paderborn_n09_m07_f10_ka16_2,train,KA16,multisensor,current|force|speed|temperature|torque|vibration,N09,M07_F10,n09_m07_f10,bearing_artificial_damage,16,fault,artificial,2,data/raw/paderborn/KA16/N09_M07_F10_KA16_2.mat,False,paderborn_channels_verified
paderborn_artificial_to_natural,artificial_to_real_damage,paderborn,paderborn_n09_m07_f10_ka16_3_multisensor,paderborn_n09_m07_f10_ka16_3,train,KA16,multisensor,current|force|speed|temperature|torque|vibration,N09,M07_F10,n09_m07_f10,bearing_artificial_damage,16,fault,artificial,3,data/raw/paderborn/KA16/N09_M07_F10_KA16_3.mat,False,paderborn_channels_verified
paderborn_artificial_to_natural,artificial_to_real_damage,paderborn,paderborn_n09_m07_f10_ka16_4_multisensor,paderborn_n09_m07_f10_ka16_4,train,KA16,multisensor,current|force|speed|temperature|torque|vibration,N09,M07_F10,n09_m07_f10,bearing_artificial_damage,16,fault,artificial,4,data/raw/paderborn/KA16/N09_M07_F10_KA16_4.mat,False,paderborn_channels_verified
paderborn_artificial_to_natural,artificial_to_real_damage,paderborn,paderborn_n09_m07_f10_ka16_5_multisensor,paderborn_n09_m07_f10_ka16_5,val,KA16,multisensor,current|force|speed|temperature|torque|vibration,N09,M07_F10,n09_m07_f10,bearing_artificial_damage,16,fault,artificial,5,data/raw/paderborn/KA16/N09_M07_F10_KA16_5.mat,False,paderborn_channels_verified
paderborn_artificial_to_natural,artificial_to_real_damage,paderborn,paderborn_n09_m07_f10_ka16_6_multisensor,paderborn_n09_m07_f10_ka16_6,train,KA16,multisensor,current|force|speed|temperature|torque|vibration,N09,M07_F10,n09_m07_f10,bearing_artificial_damage,16,fault,artificial,6,data/raw/paderborn/KA16/N09_M07_F10_KA16_6.mat,False,paderborn_channels_verified
paderborn_artificial_to_natural,artificial_to_real_damage,paderborn,paderborn_n09_m07_f10_ka16_7_multisensor,paderborn_n09_m07_f10_ka16_7,val,KA16,multisensor,current|force|speed|temperature|torque|vibration,N09,M07_F10,n09_m07_f10,bearing_artificial_damage,16,fault,artificial,7,data/raw/paderborn/KA16/N09_M07_F10_KA16_7.mat,False,paderborn_channels_verified
paderborn_artificial_to_natural,artificial_to_real_damage,paderborn,paderborn_n09_m07_f10_ka16_8_multisensor,paderborn_n09_m07_f10_ka16_8,train,KA16,multisensor,current|force|speed|temperature|torque|vibration,N09,M07_F10,n09_m07_f10,bearing_artificial_damage,16,fault,artificial,8,data/raw/paderborn/KA16/N09_M07_F10_KA16_8.mat,False,paderborn_channels_verified
paderborn_artificial_to_natural,artificial_to_real_damage,paderborn,paderborn_n09_m07_f10_ka16_9_multisensor,paderborn_n09_m07_f10_ka16_9,train,KA16,multisensor,current|force|speed|temperature|torque|vibration,N09,M07_F10,n09_m07_f10,bearing_artificial_damage,16,fault,artificial,9,data/raw/paderborn/KA16/N09_M07_F10_KA16_9.mat,False,paderborn_channels_verified
paderborn_artificial_to_natural,artificial_to_real_damage,paderborn,paderborn_n15_m01_f10_ka16_10_multisensor,paderborn_n15_m01_f10_ka16_10,train,KA16,multisensor,current|force|speed|temperature|torque|vibration,N15,M01_F10,n15_m01_f10,bearing_artificial_damage,16,fault,artificial,10,data/raw/paderborn/KA16/N15_M01_F10_KA16_10.mat,False,paderborn_channels_verified
paderborn_artificial_to_natural,artificial_to_real_damage,paderborn,paderborn_n15_m01_f10_ka16_11_multisensor,paderborn_n15_m01_f10_ka16_11,train,KA16,multisensor,current|force|speed|temperature|torque|vibration,N15,M01_F10,n15_m01_f10,bearing_artificial_damage,16,fault,artificial,11,data/raw/paderborn/KA16/N15_M01_F10_KA16_11.mat,False,paderborn_channels_verified
paderborn_artificial_to_natural,artificial_to_real_damage,paderborn,paderborn_n15_m01_f10_ka16_12_multisensor,paderborn_n15_m01_f10_ka16_12,train,KA16,multisensor,current|force|speed|temperature|torque|vibration,N15,M01_F10,n15_m01_f10,bearing_artificial_damage,16,fault,artificial,12,data/raw/paderborn/KA16/N15_M01_F10_KA16_12.mat,False,paderborn_channels_verified
paderborn_artificial_to_natural,artificial_to_real_damage,paderborn,paderborn_n15_m01_f10_ka16_13_multisensor,paderborn_n15_m01_f10_ka16_13,train,KA16,multisensor,current|force|speed|temperature|torque|vibration,N15,M01_F10,n15_m01_f10,bearing_artificial_damage,16,fault,artificial,13,data/raw/paderborn/KA16/N15_M01_F10_KA16_13.mat,False,paderborn_channels_verified
paderborn_artificial_to_natural,artificial_to_real_damage,paderborn,paderborn_n15_m01_f10_ka16_14_multisensor,paderborn_n15_m01_f10_ka16_14,train,KA16,multisensor,current|force|speed|temperature|torque|vibration,N15,M01_F10,n15_m01_f10,bearing_artificial_damage,16,fault,artificial,14,data/raw/paderborn/KA16/N15_M01_F10_KA16_14.mat,False,paderborn_channels_verified
paderborn_artificial_to_natural,artificial_to_real_damage,paderborn,paderborn_n15_m01_f10_ka16_15_multisensor,paderborn_n15_m01_f10_ka16_15,val,KA16,multisensor,current|force|speed|temperature|torque|vibration,N15,M01_F10,n15_m01_f10,bearing_artificial_damage,16,fault,artificial,15,data/raw/paderborn/KA16/N15_M01_F10_KA16_15.mat,False,paderborn_channels_verified
paderborn_artificial_to_natural,artificial_to_real_damage,paderborn,paderborn_n15_m01_f10_ka16_16_multisensor,paderborn_n15_m01_f10_ka16_16,train,KA16,multisensor,current|force|speed|temperature|torque|vibration,N15,M01_F10,n15_m01_f10,bearing_artificial_damage,16,fault,artificial,16,data/raw/paderborn/KA16/N15_M01_F10_KA16_16.mat,False,paderborn_channels_verified
paderborn_artificial_to_natural,artificial_to_real_damage,paderborn,paderborn_n15_m01_f10_ka16_17_multisensor,paderborn_n15_m01_f10_ka16_17,train,KA16,multisensor,current|force|speed|temperature|torque|vibration,N15,M01_F10,n15_m01_f10,bearing_artificial_damage,16,fault,artificial,17,data/raw/paderborn/KA16/N15_M01_F10_KA16_17.mat,False,paderborn_channels_verified
paderborn_artificial_to_natural,artificial_to_real_damage,paderborn,paderborn_n15_m01_f10_ka16_18_multisensor,paderborn_n15_m01_f10_ka16_18,train,KA16,multisensor,current|force|speed|temperature|torque|vibration,N15,M01_F10,n15_m01_f10,bearing_artificial_damage,16,fault,artificial,18,data/raw/paderborn/KA16/N15_M01_F10_KA16_18.mat,False,paderborn_channels_verified
paderborn_artificial_to_natural,artificial_to_real_damage,paderborn,paderborn_n15_m01_f10_ka16_19_multisensor,paderborn_n15_m01_f10_ka16_19,train,KA16,multisensor,current|force|speed|temperature|torque|vibration,N15,M01_F10,n15_m01_f10,bearing_artificial_damage,16,fault,artificial,19,data/raw/paderborn/KA16/N15_M01_F10_KA16_19.mat,False,paderborn_channels_verified
paderborn_artificial_to_natural,artificial_to_real_damage,paderborn,paderborn_n15_m01_f10_ka16_1_multisensor,paderborn_n15_m01_f10_ka16_1,train,KA16,multisensor,current|force|speed|temperature|torque|vibration,N15,M01_F10,n15_m01_f10,bearing_artificial_damage,16,fault,artificial,1,data/raw/paderborn/KA16/N15_M01_F10_KA16_1.mat,False,paderborn_channels_verified
paderborn_artificial_to_natural,artificial_to_real_damage,paderborn,paderborn_n15_m01_f10_ka16_20_multisensor,paderborn_n15_m01_f10_ka16_20,train,KA16,multisensor,current|force|speed|temperature|torque|vibration,N15,M01_F10,n15_m01_f10,bearing_artificial_damage,16,fault,artificial,20,data/raw/paderborn/KA16/N15_M01_F10_KA16_20.mat,False,paderborn_channels_verified
paderborn_artificial_to_natural,artificial_to_real_damage,paderborn,paderborn_n15_m01_f10_ka16_2_multisensor,paderborn_n15_m01_f10_ka16_2,train,KA16,multisensor,current|force|speed|temperature|torque|vibration,N15,M01_F10,n15_m01_f10,bearing_artificial_damage,16,fault,artificial,2,data/raw/paderborn/KA16/N15_M01_F10_KA16_2.mat,False,paderborn_channels_verified
paderborn_artificial_to_natural,artificial_to_real_damage,paderborn,paderborn_n15_m01_f10_ka16_3_multisensor,paderborn_n15_m01_f10_ka16_3,train,KA16,multisensor,current|force|speed|temperature|torque|vibration,N15,M01_F10,n15_m01_f10,bearing_artificial_damage,16,fault,artificial,3,data/raw/paderborn/KA16/N15_M01_F10_KA16_3.mat,False,paderborn_channels_verified
paderborn_artificial_to_natural,artificial_to_real_damage,paderborn,paderborn_n15_m01_f10_ka16_4_multisensor,paderborn_n15_m01_f10_ka16_4,train,KA16,multisensor,current|force|speed|temperature|torque|vibration,N15,M01_F10,n15_m01_f10,bearing_artificial_damage,16,fault,artificial,4,data/raw/paderborn/KA16/N15_M01_F10_KA16_4.mat,False,paderborn_channels_verified
paderborn_artificial_to_natural,artificial_to_real_damage,paderborn,paderborn_n15_m01_f10_ka16_5_multisensor,paderborn_n15_m01_f10_ka16_5,val,KA16,multisensor,current|force|speed|temperature|torque|vibration,N15,M01_F10,n15_m01_f10,bearing_artificial_damage,16,fault,artificial,5,data/raw/paderborn/KA16/N15_M01_F10_KA16_5.mat,False,paderborn_channels_verified
paderborn_artificial_to_natural,artificial_to_real_damage,paderborn,paderborn_n15_m01_f10_ka16_6_multisensor,paderborn_n15_m01_f10_ka16_6,train,KA16,multisensor,current|force|speed|temperature|torque|vibration,N15,M01_F10,n15_m01_f10,bearing_artificial_damage,16,fault,artificial,6,data/raw/paderborn/KA16/N15_M01_F10_KA16_6.mat,False,paderborn_channels_verified
paderborn_artificial_to_natural,artificial_to_real_damage,paderborn,paderborn_n15_m01_f10_ka16_7_multisensor,paderborn_n15_m01_f10_ka16_7,val,KA16,multisensor,current|force|speed|temperature|torque|vibration,N15,M01_F10,n15_m01_f10,bearing_artificial_damage,16,fault,artificial,7,data/raw/paderborn/KA16/N15_M01_F10_KA16_7.mat,False,paderborn_channels_verified
paderborn_artificial_to_natural,artificial_to_real_damage,paderborn,paderborn_n15_m01_f10_ka16_8_multisensor,paderborn_n15_m01_f10_ka16_8,train,KA16,multisensor,current|force|speed|temperature|torque|vibration,N15,M01_F10,n15_m01_f10,bearing_artificial_damage,16,fault,artificial,8,data/raw/paderborn/KA16/N15_M01_F10_KA16_8.mat,False,paderborn_channels_verified
paderborn_artificial_to_natural,artificial_to_real_damage,paderborn,paderborn_n15_m01_f10_ka16_9_multisensor,paderborn_n15_m01_f10_ka16_9,train,KA16,multisensor,current|force|speed|temperature|torque|vibration,N15,M01_F10,n15_m01_f10,bearing_artificial_damage,16,fault,artificial,9,data/raw/paderborn/KA16/N15_M01_F10_KA16_9.mat,False,paderborn_channels_verified
paderborn_artificial_to_natural,artificial_to_real_damage,paderborn,paderborn_n15_m07_f04_ka16_10_multisensor,paderborn_n15_m07_f04_ka16_10,train,KA16,multisensor,current|force|speed|temperature|torque|vibration,N15,M07_F04,n15_m07_f04,bearing_artificial_damage,16,fault,artificial,10,data/raw/paderborn/KA16/N15_M07_F04_KA16_10.mat,False,paderborn_channels_verified
paderborn_artificial_to_natural,artificial_to_real_damage,paderborn,paderborn_n15_m07_f04_ka16_11_multisensor,paderborn_n15_m07_f04_ka16_11,train,KA16,multisensor,current|force|speed|temperature|torque|vibration,N15,M07_F04,n15_m07_f04,bearing_artificial_damage,16,fault,artificial,11,data/raw/paderborn/KA16/N15_M07_F04_KA16_11.mat,False,paderborn_channels_verified
paderborn_artificial_to_natural,artificial_to_real_damage,paderborn,paderborn_n15_m07_f04_ka16_12_multisensor,paderborn_n15_m07_f04_ka16_12,train,KA16,multisensor,current|force|speed|temperature|torque|vibration,N15,M07_F04,n15_m07_f04,bearing_artificial_damage,16,fault,artificial,12,data/raw/paderborn/KA16/N15_M07_F04_KA16_12.mat,False,paderborn_channels_verified
paderborn_artificial_to_natural,artificial_to_real_damage,paderborn,paderborn_n15_m07_f04_ka16_13_multisensor,paderborn_n15_m07_f04_ka16_13,train,KA16,multisensor,current|force|speed|temperature|torque|vibration,N15,M07_F04,n15_m07_f04,bearing_artificial_damage,16,fault,artificial,13,data/raw/paderborn/KA16/N15_M07_F04_KA16_13.mat,False,paderborn_channels_verified
paderborn_artificial_to_natural,artificial_to_real_damage,paderborn,paderborn_n15_m07_f04_ka16_14_multisensor,paderborn_n15_m07_f04_ka16_14,train,KA16,multisensor,current|force|speed|temperature|torque|vibration,N15,M07_F04,n15_m07_f04,bearing_artificial_damage,16,fault,artificial,14,data/raw/paderborn/KA16/N15_M07_F04_KA16_14.mat,False,paderborn_channels_verified
paderborn_artificial_to_natural,artificial_to_real_damage,paderborn,paderborn_n15_m07_f04_ka16_15_multisensor,paderborn_n15_m07_f04_ka16_15,val,KA16,multisensor,current|force|speed|temperature|torque|vibration,N15,M07_F04,n15_m07_f04,bearing_artificial_damage,16,fault,artificial,15,data/raw/paderborn/KA16/N15_M07_F04_KA16_15.mat,False,paderborn_channels_verified
paderborn_artificial_to_natural,artificial_to_real_damage,paderborn,paderborn_n15_m07_f04_ka16_16_multisensor,paderborn_n15_m07_f04_ka16_16,val,KA16,multisensor,current|force|speed|temperature|torque|vibration,N15,M07_F04,n15_m07_f04,bearing_artificial_damage,16,fault,artificial,16,data/raw/paderborn/KA16/N15_M07_F04_KA16_16.mat,False,paderborn_channels_verified
paderborn_artificial_to_natural,artificial_to_real_damage,paderborn,paderborn_n15_m07_f04_ka16_17_multisensor,paderborn_n15_m07_f04_ka16_17,train,KA16,multisensor,current|force|speed|temperature|torque|vibration,N15,M07_F04,n15_m07_f04,bearing_artificial_damage,16,fault,artificial,17,data/raw/paderborn/KA16/N15_M07_F04_KA16_17.mat,False,paderborn_channels_verified
paderborn_artificial_to_natural,artificial_to_real_damage,paderborn,paderborn_n15_m07_f04_ka16_18_multisensor,paderborn_n15_m07_f04_ka16_18,train,KA16,multisensor,current|force|speed|temperature|torque|vibration,N15,M07_F04,n15_m07_f04,bearing_artificial_damage,16,fault,artificial,18,data/raw/paderborn/KA16/N15_M07_F04_KA16_18.mat,False,paderborn_channels_verified
paderborn_artificial_to_natural,artificial_to_real_damage,paderborn,paderborn_n15_m07_f04_ka16_19_multisensor,paderborn_n15_m07_f04_ka16_19,train,KA16,multisensor,current|force|speed|temperature|torque|vibration,N15,M07_F04,n15_m07_f04,bearing_artificial_damage,16,fault,artificial,19,data/raw/paderborn/KA16/N15_M07_F04_KA16_19.mat,False,paderborn_channels_verified
paderborn_artificial_to_natural,artificial_to_real_damage,paderborn,paderborn_n15_m07_f04_ka16_1_multisensor,paderborn_n15_m07_f04_ka16_1,train,KA16,multisensor,current|force|speed|temperature|torque|vibration,N15,M07_F04,n15_m07_f04,bearing_artificial_damage,16,fault,artificial,1,data/raw/paderborn/KA16/N15_M07_F04_KA16_1.mat,False,paderborn_channels_verified
paderborn_artificial_to_natural,artificial_to_real_damage,paderborn,paderborn_n15_m07_f04_ka16_20_multisensor,paderborn_n15_m07_f04_ka16_20,train,KA16,multisensor,current|force|speed|temperature|torque|vibration,N15,M07_F04,n15_m07_f04,bearing_artificial_damage,16,fault,artificial,20,data/raw/paderborn/KA16/N15_M07_F04_KA16_20.mat,False,paderborn_channels_verified
paderborn_artificial_to_natural,artificial_to_real_damage,paderborn,paderborn_n15_m07_f04_ka16_2_multisensor,paderborn_n15_m07_f04_ka16_2,train,KA16,multisensor,current|force|speed|temperature|torque|vibration,N15,M07_F04,n15_m07_f04,bearing_artificial_damage,16,fault,artificial,2,data/raw/paderborn/KA16/N15_M07_F04_KA16_2.mat,False,paderborn_channels_verified
paderborn_artificial_to_natural,artificial_to_real_damage,paderborn,paderborn_n15_m07_f04_ka16_3_multisensor,paderborn_n15_m07_f04_ka16_3,train,KA16,multisensor,current|force|speed|temperature|torque|vibration,N15,M07_F04,n15_m07_f04,bearing_artificial_damage,16,fault,artificial,3,data/raw/paderborn/KA16/N15_M07_F04_KA16_3.mat,False,paderborn_channels_verified
paderborn_artificial_to_natural,artificial_to_real_damage,paderborn,paderborn_n15_m07_f04_ka16_4_multisensor,paderborn_n15_m07_f04_ka16_4,train,KA16,multisensor,current|force|speed|temperature|torque|vibration,N15,M07_F04,n15_m07_f04,bearing_artificial_damage,16,fault,artificial,4,data/raw/paderborn/KA16/N15_M07_F04_KA16_4.mat,False,paderborn_channels_verified
paderborn_artificial_to_natural,artificial_to_real_damage,paderborn,paderborn_n15_m07_f04_ka16_5_multisensor,paderborn_n15_m07_f04_ka16_5,train,KA16,multisensor,current|force|speed|temperature|torque|vibration,N15,M07_F04,n15_m07_f04,bearing_artificial_damage,16,fault,artificial,5,data/raw/paderborn/KA16/N15_M07_F04_KA16_5.mat,False,paderborn_channels_verified
paderborn_artificial_to_natural,artificial_to_real_damage,paderborn,paderborn_n15_m07_f04_ka16_6_multisensor,paderborn_n15_m07_f04_ka16_6,train,KA16,multisensor,current|force|speed|temperature|torque|vibration,N15,M07_F04,n15_m07_f04,bearing_artificial_damage,16,fault,artificial,6,data/raw/paderborn/KA16/N15_M07_F04_KA16_6.mat,False,paderborn_channels_verified
paderborn_artificial_to_natural,artificial_to_real_damage,paderborn,paderborn_n15_m07_f04_ka16_7_multisensor,paderborn_n15_m07_f04_ka16_7,train,KA16,multisensor,current|force|speed|temperature|torque|vibration,N15,M07_F04,n15_m07_f04,bearing_artificial_damage,16,fault,artificial,7,data/raw/paderborn/KA16/N15_M07_F04_KA16_7.mat,False,paderborn_channels_verified
paderborn_artificial_to_natural,artificial_to_real_damage,paderborn,paderborn_n15_m07_f04_ka16_8_multisensor,paderborn_n15_m07_f04_ka16_8,train,KA16,multisensor,current|force|speed|temperature|torque|vibration,N15,M07_F04,n15_m07_f04,bearing_artificial_damage,16,fault,artificial,8,data/raw/paderborn/KA16/N15_M07_F04_KA16_8.mat,False,paderborn_channels_verified
paderborn_artificial_to_natural,artificial_to_real_damage,paderborn,paderborn_n15_m07_f04_ka16_9_multisensor,paderborn_n15_m07_f04_ka16_9,train,KA16,multisensor,current|force|speed|temperature|torque|vibration,N15,M07_F04,n15_m07_f04,bearing_artificial_damage,16,fault,artificial,9,data/raw/paderborn/KA16/N15_M07_F04_KA16_9.mat,False,paderborn_channels_verified
paderborn_artificial_to_natural,artificial_to_real_damage,paderborn,paderborn_n15_m07_f10_ka16_10_multisensor,paderborn_n15_m07_f10_ka16_10,train,KA16,multisensor,current|force|speed|temperature|torque|vibration,N15,M07_F10,n15_m07_f10,bearing_artificial_damage,16,fault,artificial,10,data/raw/paderborn/KA16/N15_M07_F10_KA16_10.mat,False,paderborn_channels_verified
paderborn_artificial_to_natural,artificial_to_real_damage,paderborn,paderborn_n15_m07_f10_ka16_11_multisensor,paderborn_n15_m07_f10_ka16_11,val,KA16,multisensor,current|force|speed|temperature|torque|vibration,N15,M07_F10,n15_m07_f10,bearing_artificial_damage,16,fault,artificial,11,data/raw/paderborn/KA16/N15_M07_F10_KA16_11.mat,False,paderborn_channels_verified
paderborn_artificial_to_natural,artificial_to_real_damage,paderborn,paderborn_n15_m07_f10_ka16_12_multisensor,paderborn_n15_m07_f10_ka16_12,train,KA16,multisensor,current|force|speed|temperature|torque|vibration,N15,M07_F10,n15_m07_f10,bearing_artificial_damage,16,fault,artificial,12,data/raw/paderborn/KA16/N15_M07_F10_KA16_12.mat,False,paderborn_channels_verified
paderborn_artificial_to_natural,artificial_to_real_damage,paderborn,paderborn_n15_m07_f10_ka16_13_multisensor,paderborn_n15_m07_f10_ka16_13,val,KA16,multisensor,current|force|speed|temperature|torque|vibration,N15,M07_F10,n15_m07_f10,bearing_artificial_damage,16,fault,artificial,13,data/raw/paderborn/KA16/N15_M07_F10_KA16_13.mat,False,paderborn_channels_verified
paderborn_artificial_to_natural,artificial_to_real_damage,paderborn,paderborn_n15_m07_f10_ka16_14_multisensor,paderborn_n15_m07_f10_ka16_14,train,KA16,multisensor,current|force|speed|temperature|torque|vibration,N15,M07_F10,n15_m07_f10,bearing_artificial_damage,16,fault,artificial,14,data/raw/paderborn/KA16/N15_M07_F10_KA16_14.mat,False,paderborn_channels_verified
paderborn_artificial_to_natural,artificial_to_real_damage,paderborn,paderborn_n15_m07_f10_ka16_15_multisensor,paderborn_n15_m07_f10_ka16_15,train,KA16,multisensor,current|force|speed|temperature|torque|vibration,N15,M07_F10,n15_m07_f10,bearing_artificial_damage,16,fault,artificial,15,data/raw/paderborn/KA16/N15_M07_F10_KA16_15.mat,False,paderborn_channels_verified
paderborn_artificial_to_natural,artificial_to_real_damage,paderborn,paderborn_n15_m07_f10_ka16_16_multisensor,paderborn_n15_m07_f10_ka16_16,train,KA16,multisensor,current|force|speed|temperature|torque|vibration,N15,M07_F10,n15_m07_f10,bearing_artificial_damage,16,fault,artificial,16,data/raw/paderborn/KA16/N15_M07_F10_KA16_16.mat,False,paderborn_channels_verified
paderborn_artificial_to_natural,artificial_to_real_damage,paderborn,paderborn_n15_m07_f10_ka16_17_multisensor,paderborn_n15_m07_f10_ka16_17,train,KA16,multisensor,current|force|speed|temperature|torque|vibration,N15,M07_F10,n15_m07_f10,bearing_artificial_damage,16,fault,artificial,17,data/raw/paderborn/KA16/N15_M07_F10_KA16_17.mat,False,paderborn_channels_verified
paderborn_artificial_to_natural,artificial_to_real_damage,paderborn,paderborn_n15_m07_f10_ka16_18_multisensor,paderborn_n15_m07_f10_ka16_18,train,KA16,multisensor,current|force|speed|temperature|torque|vibration,N15,M07_F10,n15_m07_f10,bearing_artificial_damage,16,fault,artificial,18,data/raw/paderborn/KA16/N15_M07_F10_KA16_18.mat,False,paderborn_channels_verified
paderborn_artificial_to_natural,artificial_to_real_damage,paderborn,paderborn_n15_m07_f10_ka16_19_multisensor,paderborn_n15_m07_f10_ka16_19,train,KA16,multisensor,current|force|speed|temperature|torque|vibration,N15,M07_F10,n15_m07_f10,bearing_artificial_damage,16,fault,artificial,19,data/raw/paderborn/KA16/N15_M07_F10_KA16_19.mat,False,paderborn_channels_verified
paderborn_artificial_to_natural,artificial_to_real_damage,paderborn,paderborn_n15_m07_f10_ka16_1_multisensor,paderborn_n15_m07_f10_ka16_1,train,KA16,multisensor,current|force|speed|temperature|torque|vibration,N15,M07_F10,n15_m07_f10,bearing_artificial_damage,16,fault,artificial,1,data/raw/paderborn/KA16/N15_M07_F10_KA16_1.mat,False,paderborn_channels_verified
paderborn_artificial_to_natural,artificial_to_real_damage,paderborn,paderborn_n15_m07_f10_ka16_20_multisensor,paderborn_n15_m07_f10_ka16_20,train,KA16,multisensor,current|force|speed|temperature|torque|vibration,N15,M07_F10,n15_m07_f10,bearing_artificial_damage,16,fault,artificial,20,data/raw/paderborn/KA16/N15_M07_F10_KA16_20.mat,False,paderborn_channels_verified
paderborn_artificial_to_natural,artificial_to_real_damage,paderborn,paderborn_n15_m07_f10_ka16_2_multisensor,paderborn_n15_m07_f10_ka16_2,train,KA16,multisensor,current|force|speed|temperature|torque|vibration,N15,M07_F10,n15_m07_f10,bearing_artificial_damage,16,fault,artificial,2,data/raw/paderborn/KA16/N15_M07_F10_KA16_2.mat,False,paderborn_channels_verified
paderborn_artificial_to_natural,artificial_to_real_damage,paderborn,paderborn_n15_m07_f10_ka16_3_multisensor,paderborn_n15_m07_f10_ka16_3,train,KA16,multisensor,current|force|speed|temperature|torque|vibration,N15,M07_F10,n15_m07_f10,bearing_artificial_damage,16,fault,artificial,3,data/raw/paderborn/KA16/N15_M07_F10_KA16_3.mat,False,paderborn_channels_verified
paderborn_artificial_to_natural,artificial_to_real_damage,paderborn,paderborn_n15_m07_f10_ka16_4_multisensor,paderborn_n15_m07_f10_ka16_4,train,KA16,multisensor,current|force|speed|temperature|torque|vibration,N15,M07_F10,n15_m07_f10,bearing_artificial_damage,16,fault,artificial,4,data/raw/paderborn/KA16/N15_M07_F10_KA16_4.mat,False,paderborn_channels_verified
paderborn_artificial_to_natural,artificial_to_real_damage,paderborn,paderborn_n15_m07_f10_ka16_5_multisensor,paderborn_n15_m07_f10_ka16_5,train,KA16,multisensor,current|force|speed|temperature|torque|vibration,N15,M07_F10,n15_m07_f10,bearing_artificial_damage,16,fault,artificial,5,data/raw/paderborn/KA16/N15_M07_F10_KA16_5.mat,False,paderborn_channels_verified
paderborn_artificial_to_natural,artificial_to_real_damage,paderborn,paderborn_n15_m07_f10_ka16_6_multisensor,paderborn_n15_m07_f10_ka16_6,train,KA16,multisensor,current|force|speed|temperature|torque|vibration,N15,M07_F10,n15_m07_f10,bearing_artificial_damage,16,fault,artificial,6,data/raw/paderborn/KA16/N15_M07_F10_KA16_6.mat,False,paderborn_channels_verified
paderborn_artificial_to_natural,artificial_to_real_damage,paderborn,paderborn_n15_m07_f10_ka16_7_multisensor,paderborn_n15_m07_f10_ka16_7,train,KA16,multisensor,current|force|speed|temperature|torque|vibration,N15,M07_F10,n15_m07_f10,bearing_artificial_damage,16,fault,artificial,7,data/raw/paderborn/KA16/N15_M07_F10_KA16_7.mat,False,paderborn_channels_verified
paderborn_artificial_to_natural,artificial_to_real_damage,paderborn,paderborn_n15_m07_f10_ka16_8_multisensor,paderborn_n15_m07_f10_ka16_8,train,KA16,multisensor,current|force|speed|temperature|torque|vibration,N15,M07_F10,n15_m07_f10,bearing_artificial_damage,16,fault,artificial,8,data/raw/paderborn/KA16/N15_M07_F10_KA16_8.mat,False,paderborn_channels_verified
paderborn_artificial_to_natural,artificial_to_real_damage,paderborn,paderborn_n15_m07_f10_ka16_9_multisensor,paderborn_n15_m07_f10_ka16_9,train,KA16,multisensor,current|force|speed|temperature|torque|vibration,N15,M07_F10,n15_m07_f10,bearing_artificial_damage,16,fault,artificial,9,data/raw/paderborn/KA16/N15_M07_F10_KA16_9.mat,False,paderborn_channels_verified
paderborn_artificial_to_natural,artificial_to_real_damage,paderborn,paderborn_n09_m07_f10_ka22_10_multisensor,paderborn_n09_m07_f10_ka22_10,train,KA22,multisensor,current|force|speed|temperature|torque|vibration,N09,M07_F10,n09_m07_f10,bearing_artificial_damage,22,fault,artificial,10,data/raw/paderborn/KA22/N09_M07_F10_KA22_10.mat,False,paderborn_channels_verified
paderborn_artificial_to_natural,artificial_to_real_damage,paderborn,paderborn_n09_m07_f10_ka22_11_multisensor,paderborn_n09_m07_f10_ka22_11,train,KA22,multisensor,current|force|speed|temperature|torque|vibration,N09,M07_F10,n09_m07_f10,bearing_artificial_damage,22,fault,artificial,11,data/raw/paderborn/KA22/N09_M07_F10_KA22_11.mat,False,paderborn_channels_verified
paderborn_artificial_to_natural,artificial_to_real_damage,paderborn,paderborn_n09_m07_f10_ka22_12_multisensor,paderborn_n09_m07_f10_ka22_12,train,KA22,multisensor,current|force|speed|temperature|torque|vibration,N09,M07_F10,n09_m07_f10,bearing_artificial_damage,22,fault,artificial,12,data/raw/paderborn/KA22/N09_M07_F10_KA22_12.mat,False,paderborn_channels_verified
paderborn_artificial_to_natural,artificial_to_real_damage,paderborn,paderborn_n09_m07_f10_ka22_13_multisensor,paderborn_n09_m07_f10_ka22_13,train,KA22,multisensor,current|force|speed|temperature|torque|vibration,N09,M07_F10,n09_m07_f10,bearing_artificial_damage,22,fault,artificial,13,data/raw/paderborn/KA22/N09_M07_F10_KA22_13.mat,False,paderborn_channels_verified
paderborn_artificial_to_natural,artificial_to_real_damage,paderborn,paderborn_n09_m07_f10_ka22_14_multisensor,paderborn_n09_m07_f10_ka22_14,train,KA22,multisensor,current|force|speed|temperature|torque|vibration,N09,M07_F10,n09_m07_f10,bearing_artificial_damage,22,fault,artificial,14,data/raw/paderborn/KA22/N09_M07_F10_KA22_14.mat,False,paderborn_channels_verified
paderborn_artificial_to_natural,artificial_to_real_damage,paderborn,paderborn_n09_m07_f10_ka22_15_multisensor,paderborn_n09_m07_f10_ka22_15,val,KA22,multisensor,current|force|speed|temperature|torque|vibration,N09,M07_F10,n09_m07_f10,bearing_artificial_damage,22,fault,artificial,15,data/raw/paderborn/KA22/N09_M07_F10_KA22_15.mat,False,paderborn_channels_verified
paderborn_artificial_to_natural,artificial_to_real_damage,paderborn,paderborn_n09_m07_f10_ka22_16_multisensor,paderborn_n09_m07_f10_ka22_16,train,KA22,multisensor,current|force|speed|temperature|torque|vibration,N09,M07_F10,n09_m07_f10,bearing_artificial_damage,22,fault,artificial,16,data/raw/paderborn/KA22/N09_M07_F10_KA22_16.mat,False,paderborn_channels_verified
paderborn_artificial_to_natural,artificial_to_real_damage,paderborn,paderborn_n09_m07_f10_ka22_17_multisensor,paderborn_n09_m07_f10_ka22_17,train,KA22,multisensor,current|force|speed|temperature|torque|vibration,N09,M07_F10,n09_m07_f10,bearing_artificial_damage,22,fault,artificial,17,data/raw/paderborn/KA22/N09_M07_F10_KA22_17.mat,False,paderborn_channels_verified
paderborn_artificial_to_natural,artificial_to_real_damage,paderborn,paderborn_n09_m07_f10_ka22_18_multisensor,paderborn_n09_m07_f10_ka22_18,val,KA22,multisensor,current|force|speed|temperature|torque|vibration,N09,M07_F10,n09_m07_f10,bearing_artificial_damage,22,fault,artificial,18,data/raw/paderborn/KA22/N09_M07_F10_KA22_18.mat,False,paderborn_channels_verified
paderborn_artificial_to_natural,artificial_to_real_damage,paderborn,paderborn_n09_m07_f10_ka22_19_multisensor,paderborn_n09_m07_f10_ka22_19,train,KA22,multisensor,current|force|speed|temperature|torque|vibration,N09,M07_F10,n09_m07_f10,bearing_artificial_damage,22,fault,artificial,19,data/raw/paderborn/KA22/N09_M07_F10_KA22_19.mat,False,paderborn_channels_verified
paderborn_artificial_to_natural,artificial_to_real_damage,paderborn,paderborn_n09_m07_f10_ka22_1_multisensor,paderborn_n09_m07_f10_ka22_1,train,KA22,multisensor,current|force|speed|temperature|torque|vibration,N09,M07_F10,n09_m07_f10,bearing_artificial_damage,22,fault,artificial,1,data/raw/paderborn/KA22/N09_M07_F10_KA22_1.mat,False,paderborn_channels_verified
paderborn_artificial_to_natural,artificial_to_real_damage,paderborn,paderborn_n09_m07_f10_ka22_20_multisensor,paderborn_n09_m07_f10_ka22_20,train,KA22,multisensor,current|force|speed|temperature|torque|vibration,N09,M07_F10,n09_m07_f10,bearing_artificial_damage,22,fault,artificial,20,data/raw/paderborn/KA22/N09_M07_F10_KA22_20.mat,False,paderborn_channels_verified
paderborn_artificial_to_natural,artificial_to_real_damage,paderborn,paderborn_n09_m07_f10_ka22_2_multisensor,paderborn_n09_m07_f10_ka22_2,train,KA22,multisensor,current|force|speed|temperature|torque|vibration,N09,M07_F10,n09_m07_f10,bearing_artificial_damage,22,fault,artificial,2,data/raw/paderborn/KA22/N09_M07_F10_KA22_2.mat,False,paderborn_channels_verified
paderborn_artificial_to_natural,artificial_to_real_damage,paderborn,paderborn_n09_m07_f10_ka22_3_multisensor,paderborn_n09_m07_f10_ka22_3,train,KA22,multisensor,current|force|speed|temperature|torque|vibration,N09,M07_F10,n09_m07_f10,bearing_artificial_damage,22,fault,artificial,3,data/raw/paderborn/KA22/N09_M07_F10_KA22_3.mat,False,paderborn_channels_verified
paderborn_artificial_to_natural,artificial_to_real_damage,paderborn,paderborn_n09_m07_f10_ka22_4_multisensor,paderborn_n09_m07_f10_ka22_4,val,KA22,multisensor,current|force|speed|temperature|torque|vibration,N09,M07_F10,n09_m07_f10,bearing_artificial_damage,22,fault,artificial,4,data/raw/paderborn/KA22/N09_M07_F10_KA22_4.mat,False,paderborn_channels_verified
paderborn_artificial_to_natural,artificial_to_real_damage,paderborn,paderborn_n09_m07_f10_ka22_5_multisensor,paderborn_n09_m07_f10_ka22_5,train,KA22,multisensor,current|force|speed|temperature|torque|vibration,N09,M07_F10,n09_m07_f10,bearing_artificial_damage,22,fault,artificial,5,data/raw/paderborn/KA22/N09_M07_F10_KA22_5.mat,False,paderborn_channels_verified
paderborn_artificial_to_natural,artificial_to_real_damage,paderborn,paderborn_n09_m07_f10_ka22_6_multisensor,paderborn_n09_m07_f10_ka22_6,val,KA22,multisensor,current|force|speed|temperature|torque|vibration,N09,M07_F10,n09_m07_f10,bearing_artificial_damage,22,fault,artificial,6,data/raw/paderborn/KA22/N09_M07_F10_KA22_6.mat,False,paderborn_channels_verified
paderborn_artificial_to_natural,artificial_to_real_damage,paderborn,paderborn_n09_m07_f10_ka22_7_multisensor,paderborn_n09_m07_f10_ka22_7,train,KA22,multisensor,current|force|speed|temperature|torque|vibration,N09,M07_F10,n09_m07_f10,bearing_artificial_damage,22,fault,artificial,7,data/raw/paderborn/KA22/N09_M07_F10_KA22_7.mat,False,paderborn_channels_verified
paderborn_artificial_to_natural,artificial_to_real_damage,paderborn,paderborn_n09_m07_f10_ka22_8_multisensor,paderborn_n09_m07_f10_ka22_8,val,KA22,multisensor,current|force|speed|temperature|torque|vibration,N09,M07_F10,n09_m07_f10,bearing_artificial_damage,22,fault,artificial,8,data/raw/paderborn/KA22/N09_M07_F10_KA22_8.mat,False,paderborn_channels_verified
paderborn_artificial_to_natural,artificial_to_real_damage,paderborn,paderborn_n09_m07_f10_ka22_9_multisensor,paderborn_n09_m07_f10_ka22_9,train,KA22,multisensor,current|force|speed|temperature|torque|vibration,N09,M07_F10,n09_m07_f10,bearing_artificial_damage,22,fault,artificial,9,data/raw/paderborn/KA22/N09_M07_F10_KA22_9.mat,False,paderborn_channels_verified
paderborn_artificial_to_natural,artificial_to_real_damage,paderborn,paderborn_n15_m01_f10_ka22_10_multisensor,paderborn_n15_m01_f10_ka22_10,train,KA22,multisensor,current|force|speed|temperature|torque|vibration,N15,M01_F10,n15_m01_f10,bearing_artificial_damage,22,fault,artificial,10,data/raw/paderborn/KA22/N15_M01_F10_KA22_10.mat,False,paderborn_channels_verified
paderborn_artificial_to_natural,artificial_to_real_damage,paderborn,paderborn_n15_m01_f10_ka22_11_multisensor,paderborn_n15_m01_f10_ka22_11,train,KA22,multisensor,current|force|speed|temperature|torque|vibration,N15,M01_F10,n15_m01_f10,bearing_artificial_damage,22,fault,artificial,11,data/raw/paderborn/KA22/N15_M01_F10_KA22_11.mat,False,paderborn_channels_verified
paderborn_artificial_to_natural,artificial_to_real_damage,paderborn,paderborn_n15_m01_f10_ka22_12_multisensor,paderborn_n15_m01_f10_ka22_12,train,KA22,multisensor,current|force|speed|temperature|torque|vibration,N15,M01_F10,n15_m01_f10,bearing_artificial_damage,22,fault,artificial,12,data/raw/paderborn/KA22/N15_M01_F10_KA22_12.mat,False,paderborn_channels_verified
paderborn_artificial_to_natural,artificial_to_real_damage,paderborn,paderborn_n15_m01_f10_ka22_13_multisensor,paderborn_n15_m01_f10_ka22_13,train,KA22,multisensor,current|force|speed|temperature|torque|vibration,N15,M01_F10,n15_m01_f10,bearing_artificial_damage,22,fault,artificial,13,data/raw/paderborn/KA22/N15_M01_F10_KA22_13.mat,False,paderborn_channels_verified
paderborn_artificial_to_natural,artificial_to_real_damage,paderborn,paderborn_n15_m01_f10_ka22_14_multisensor,paderborn_n15_m01_f10_ka22_14,train,KA22,multisensor,current|force|speed|temperature|torque|vibration,N15,M01_F10,n15_m01_f10,bearing_artificial_damage,22,fault,artificial,14,data/raw/paderborn/KA22/N15_M01_F10_KA22_14.mat,False,paderborn_channels_verified
paderborn_artificial_to_natural,artificial_to_real_damage,paderborn,paderborn_n15_m01_f10_ka22_15_multisensor,paderborn_n15_m01_f10_ka22_15,train,KA22,multisensor,current|force|speed|temperature|torque|vibration,N15,M01_F10,n15_m01_f10,bearing_artificial_damage,22,fault,artificial,15,data/raw/paderborn/KA22/N15_M01_F10_KA22_15.mat,False,paderborn_channels_verified
paderborn_artificial_to_natural,artificial_to_real_damage,paderborn,paderborn_n15_m01_f10_ka22_16_multisensor,paderborn_n15_m01_f10_ka22_16,train,KA22,multisensor,current|force|speed|temperature|torque|vibration,N15,M01_F10,n15_m01_f10,bearing_artificial_damage,22,fault,artificial,16,data/raw/paderborn/KA22/N15_M01_F10_KA22_16.mat,False,paderborn_channels_verified
paderborn_artificial_to_natural,artificial_to_real_damage,paderborn,paderborn_n15_m01_f10_ka22_17_multisensor,paderborn_n15_m01_f10_ka22_17,train,KA22,multisensor,current|force|speed|temperature|torque|vibration,N15,M01_F10,n15_m01_f10,bearing_artificial_damage,22,fault,artificial,17,data/raw/paderborn/KA22/N15_M01_F10_KA22_17.mat,False,paderborn_channels_verified
paderborn_artificial_to_natural,artificial_to_real_damage,paderborn,paderborn_n15_m01_f10_ka22_18_multisensor,paderborn_n15_m01_f10_ka22_18,train,KA22,multisensor,current|force|speed|temperature|torque|vibration,N15,M01_F10,n15_m01_f10,bearing_artificial_damage,22,fault,artificial,18,data/raw/paderborn/KA22/N15_M01_F10_KA22_18.mat,False,paderborn_channels_verified
paderborn_artificial_to_natural,artificial_to_real_damage,paderborn,paderborn_n15_m01_f10_ka22_19_multisensor,paderborn_n15_m01_f10_ka22_19,train,KA22,multisensor,current|force|speed|temperature|torque|vibration,N15,M01_F10,n15_m01_f10,bearing_artificial_damage,22,fault,artificial,19,data/raw/paderborn/KA22/N15_M01_F10_KA22_19.mat,False,paderborn_channels_verified
paderborn_artificial_to_natural,artificial_to_real_damage,paderborn,paderborn_n15_m01_f10_ka22_1_multisensor,paderborn_n15_m01_f10_ka22_1,train,KA22,multisensor,current|force|speed|temperature|torque|vibration,N15,M01_F10,n15_m01_f10,bearing_artificial_damage,22,fault,artificial,1,data/raw/paderborn/KA22/N15_M01_F10_KA22_1.mat,False,paderborn_channels_verified
paderborn_artificial_to_natural,artificial_to_real_damage,paderborn,paderborn_n15_m01_f10_ka22_20_multisensor,paderborn_n15_m01_f10_ka22_20,train,KA22,multisensor,current|force|speed|temperature|torque|vibration,N15,M01_F10,n15_m01_f10,bearing_artificial_damage,22,fault,artificial,20,data/raw/paderborn/KA22/N15_M01_F10_KA22_20.mat,False,paderborn_channels_verified
paderborn_artificial_to_natural,artificial_to_real_damage,paderborn,paderborn_n15_m01_f10_ka22_2_multisensor,paderborn_n15_m01_f10_ka22_2,train,KA22,multisensor,current|force|speed|temperature|torque|vibration,N15,M01_F10,n15_m01_f10,bearing_artificial_damage,22,fault,artificial,2,data/raw/paderborn/KA22/N15_M01_F10_KA22_2.mat,False,paderborn_channels_verified
paderborn_artificial_to_natural,artificial_to_real_damage,paderborn,paderborn_n15_m01_f10_ka22_3_multisensor,paderborn_n15_m01_f10_ka22_3,train,KA22,multisensor,current|force|speed|temperature|torque|vibration,N15,M01_F10,n15_m01_f10,bearing_artificial_damage,22,fault,artificial,3,data/raw/paderborn/KA22/N15_M01_F10_KA22_3.mat,False,paderborn_channels_verified
paderborn_artificial_to_natural,artificial_to_real_damage,paderborn,paderborn_n15_m01_f10_ka22_4_multisensor,paderborn_n15_m01_f10_ka22_4,val,KA22,multisensor,current|force|speed|temperature|torque|vibration,N15,M01_F10,n15_m01_f10,bearing_artificial_damage,22,fault,artificial,4,data/raw/paderborn/KA22/N15_M01_F10_KA22_4.mat,False,paderborn_channels_verified
paderborn_artificial_to_natural,artificial_to_real_damage,paderborn,paderborn_n15_m01_f10_ka22_5_multisensor,paderborn_n15_m01_f10_ka22_5,train,KA22,multisensor,current|force|speed|temperature|torque|vibration,N15,M01_F10,n15_m01_f10,bearing_artificial_damage,22,fault,artificial,5,data/raw/paderborn/KA22/N15_M01_F10_KA22_5.mat,False,paderborn_channels_verified
paderborn_artificial_to_natural,artificial_to_real_damage,paderborn,paderborn_n15_m01_f10_ka22_6_multisensor,paderborn_n15_m01_f10_ka22_6,val,KA22,multisensor,current|force|speed|temperature|torque|vibration,N15,M01_F10,n15_m01_f10,bearing_artificial_damage,22,fault,artificial,6,data/raw/paderborn/KA22/N15_M01_F10_KA22_6.mat,False,paderborn_channels_verified
paderborn_artificial_to_natural,artificial_to_real_damage,paderborn,paderborn_n15_m01_f10_ka22_7_multisensor,paderborn_n15_m01_f10_ka22_7,train,KA22,multisensor,current|force|speed|temperature|torque|vibration,N15,M01_F10,n15_m01_f10,bearing_artificial_damage,22,fault,artificial,7,data/raw/paderborn/KA22/N15_M01_F10_KA22_7.mat,False,paderborn_channels_verified
paderborn_artificial_to_natural,artificial_to_real_damage,paderborn,paderborn_n15_m01_f10_ka22_8_multisensor,paderborn_n15_m01_f10_ka22_8,train,KA22,multisensor,current|force|speed|temperature|torque|vibration,N15,M01_F10,n15_m01_f10,bearing_artificial_damage,22,fault,artificial,8,data/raw/paderborn/KA22/N15_M01_F10_KA22_8.mat,False,paderborn_channels_verified
paderborn_artificial_to_natural,artificial_to_real_damage,paderborn,paderborn_n15_m01_f10_ka22_9_multisensor,paderborn_n15_m01_f10_ka22_9,train,KA22,multisensor,current|force|speed|temperature|torque|vibration,N15,M01_F10,n15_m01_f10,bearing_artificial_damage,22,fault,artificial,9,data/raw/paderborn/KA22/N15_M01_F10_KA22_9.mat,False,paderborn_channels_verified
paderborn_artificial_to_natural,artificial_to_real_damage,paderborn,paderborn_n15_m07_f04_ka22_10_multisensor,paderborn_n15_m07_f04_ka22_10,train,KA22,multisensor,current|force|speed|temperature|torque|vibration,N15,M07_F04,n15_m07_f04,bearing_artificial_damage,22,fault,artificial,10,data/raw/paderborn/KA22/N15_M07_F04_KA22_10.mat,False,paderborn_channels_verified
paderborn_artificial_to_natural,artificial_to_real_damage,paderborn,paderborn_n15_m07_f04_ka22_11_multisensor,paderborn_n15_m07_f04_ka22_11,train,KA22,multisensor,current|force|speed|temperature|torque|vibration,N15,M07_F04,n15_m07_f04,bearing_artificial_damage,22,fault,artificial,11,data/raw/paderborn/KA22/N15_M07_F04_KA22_11.mat,False,paderborn_channels_verified
paderborn_artificial_to_natural,artificial_to_real_damage,paderborn,paderborn_n15_m07_f04_ka22_12_multisensor,paderborn_n15_m07_f04_ka22_12,train,KA22,multisensor,current|force|speed|temperature|torque|vibration,N15,M07_F04,n15_m07_f04,bearing_artificial_damage,22,fault,artificial,12,data/raw/paderborn/KA22/N15_M07_F04_KA22_12.mat,False,paderborn_channels_verified
paderborn_artificial_to_natural,artificial_to_real_damage,paderborn,paderborn_n15_m07_f04_ka22_13_multisensor,paderborn_n15_m07_f04_ka22_13,train,KA22,multisensor,current|force|speed|temperature|torque|vibration,N15,M07_F04,n15_m07_f04,bearing_artificial_damage,22,fault,artificial,13,data/raw/paderborn/KA22/N15_M07_F04_KA22_13.mat,False,paderborn_channels_verified
paderborn_artificial_to_natural,artificial_to_real_damage,paderborn,paderborn_n15_m07_f04_ka22_14_multisensor,paderborn_n15_m07_f04_ka22_14,train,KA22,multisensor,current|force|speed|temperature|torque|vibration,N15,M07_F04,n15_m07_f04,bearing_artificial_damage,22,fault,artificial,14,data/raw/paderborn/KA22/N15_M07_F04_KA22_14.mat,False,paderborn_channels_verified
paderborn_artificial_to_natural,artificial_to_real_damage,paderborn,paderborn_n15_m07_f04_ka22_15_multisensor,paderborn_n15_m07_f04_ka22_15,train,KA22,multisensor,current|force|speed|temperature|torque|vibration,N15,M07_F04,n15_m07_f04,bearing_artificial_damage,22,fault,artificial,15,data/raw/paderborn/KA22/N15_M07_F04_KA22_15.mat,False,paderborn_channels_verified
paderborn_artificial_to_natural,artificial_to_real_damage,paderborn,paderborn_n15_m07_f04_ka22_16_multisensor,paderborn_n15_m07_f04_ka22_16,train,KA22,multisensor,current|force|speed|temperature|torque|vibration,N15,M07_F04,n15_m07_f04,bearing_artificial_damage,22,fault,artificial,16,data/raw/paderborn/KA22/N15_M07_F04_KA22_16.mat,False,paderborn_channels_verified
paderborn_artificial_to_natural,artificial_to_real_damage,paderborn,paderborn_n15_m07_f04_ka22_17_multisensor,paderborn_n15_m07_f04_ka22_17,train,KA22,multisensor,current|force|speed|temperature|torque|vibration,N15,M07_F04,n15_m07_f04,bearing_artificial_damage,22,fault,artificial,17,data/raw/paderborn/KA22/N15_M07_F04_KA22_17.mat,False,paderborn_channels_verified
paderborn_artificial_to_natural,artificial_to_real_damage,paderborn,paderborn_n15_m07_f04_ka22_18_multisensor,paderborn_n15_m07_f04_ka22_18,train,KA22,multisensor,current|force|speed|temperature|torque|vibration,N15,M07_F04,n15_m07_f04,bearing_artificial_damage,22,fault,artificial,18,data/raw/paderborn/KA22/N15_M07_F04_KA22_18.mat,False,paderborn_channels_verified
paderborn_artificial_to_natural,artificial_to_real_damage,paderborn,paderborn_n15_m07_f04_ka22_19_multisensor,paderborn_n15_m07_f04_ka22_19,train,KA22,multisensor,current|force|speed|temperature|torque|vibration,N15,M07_F04,n15_m07_f04,bearing_artificial_damage,22,fault,artificial,19,data/raw/paderborn/KA22/N15_M07_F04_KA22_19.mat,False,paderborn_channels_verified
paderborn_artificial_to_natural,artificial_to_real_damage,paderborn,paderborn_n15_m07_f04_ka22_1_multisensor,paderborn_n15_m07_f04_ka22_1,train,KA22,multisensor,current|force|speed|temperature|torque|vibration,N15,M07_F04,n15_m07_f04,bearing_artificial_damage,22,fault,artificial,1,data/raw/paderborn/KA22/N15_M07_F04_KA22_1.mat,False,paderborn_channels_verified
paderborn_artificial_to_natural,artificial_to_real_damage,paderborn,paderborn_n15_m07_f04_ka22_20_multisensor,paderborn_n15_m07_f04_ka22_20,train,KA22,multisensor,current|force|speed|temperature|torque|vibration,N15,M07_F04,n15_m07_f04,bearing_artificial_damage,22,fault,artificial,20,data/raw/paderborn/KA22/N15_M07_F04_KA22_20.mat,False,paderborn_channels_verified
paderborn_artificial_to_natural,artificial_to_real_damage,paderborn,paderborn_n15_m07_f04_ka22_2_multisensor,paderborn_n15_m07_f04_ka22_2,train,KA22,multisensor,current|force|speed|temperature|torque|vibration,N15,M07_F04,n15_m07_f04,bearing_artificial_damage,22,fault,artificial,2,data/raw/paderborn/KA22/N15_M07_F04_KA22_2.mat,False,paderborn_channels_verified
paderborn_artificial_to_natural,artificial_to_real_damage,paderborn,paderborn_n15_m07_f04_ka22_3_multisensor,paderborn_n15_m07_f04_ka22_3,val,KA22,multisensor,current|force|speed|temperature|torque|vibration,N15,M07_F04,n15_m07_f04,bearing_artificial_damage,22,fault,artificial,3,data/raw/paderborn/KA22/N15_M07_F04_KA22_3.mat,False,paderborn_channels_verified
paderborn_artificial_to_natural,artificial_to_real_damage,paderborn,paderborn_n15_m07_f04_ka22_4_multisensor,paderborn_n15_m07_f04_ka22_4,train,KA22,multisensor,current|force|speed|temperature|torque|vibration,N15,M07_F04,n15_m07_f04,bearing_artificial_damage,22,fault,artificial,4,data/raw/paderborn/KA22/N15_M07_F04_KA22_4.mat,False,paderborn_channels_verified
paderborn_artificial_to_natural,artificial_to_real_damage,paderborn,paderborn_n15_m07_f04_ka22_5_multisensor,paderborn_n15_m07_f04_ka22_5,train,KA22,multisensor,current|force|speed|temperature|torque|vibration,N15,M07_F04,n15_m07_f04,bearing_artificial_damage,22,fault,artificial,5,data/raw/paderborn/KA22/N15_M07_F04_KA22_5.mat,False,paderborn_channels_verified
paderborn_artificial_to_natural,artificial_to_real_damage,paderborn,paderborn_n15_m07_f04_ka22_6_multisensor,paderborn_n15_m07_f04_ka22_6,train,KA22,multisensor,current|force|speed|temperature|torque|vibration,N15,M07_F04,n15_m07_f04,bearing_artificial_damage,22,fault,artificial,6,data/raw/paderborn/KA22/N15_M07_F04_KA22_6.mat,False,paderborn_channels_verified
paderborn_artificial_to_natural,artificial_to_real_damage,paderborn,paderborn_n15_m07_f04_ka22_7_multisensor,paderborn_n15_m07_f04_ka22_7,train,KA22,multisensor,current|force|speed|temperature|torque|vibration,N15,M07_F04,n15_m07_f04,bearing_artificial_damage,22,fault,artificial,7,data/raw/paderborn/KA22/N15_M07_F04_KA22_7.mat,False,paderborn_channels_verified
paderborn_artificial_to_natural,artificial_to_real_damage,paderborn,paderborn_n15_m07_f04_ka22_8_multisensor,paderborn_n15_m07_f04_ka22_8,val,KA22,multisensor,current|force|speed|temperature|torque|vibration,N15,M07_F04,n15_m07_f04,bearing_artificial_damage,22,fault,artificial,8,data/raw/paderborn/KA22/N15_M07_F04_KA22_8.mat,False,paderborn_channels_verified
paderborn_artificial_to_natural,artificial_to_real_damage,paderborn,paderborn_n15_m07_f04_ka22_9_multisensor,paderborn_n15_m07_f04_ka22_9,train,KA22,multisensor,current|force|speed|temperature|torque|vibration,N15,M07_F04,n15_m07_f04,bearing_artificial_damage,22,fault,artificial,9,data/raw/paderborn/KA22/N15_M07_F04_KA22_9.mat,False,paderborn_channels_verified
paderborn_artificial_to_natural,artificial_to_real_damage,paderborn,paderborn_n15_m07_f10_ka22_10_multisensor,paderborn_n15_m07_f10_ka22_10,val,KA22,multisensor,current|force|speed|temperature|torque|vibration,N15,M07_F10,n15_m07_f10,bearing_artificial_damage,22,fault,artificial,10,data/raw/paderborn/KA22/N15_M07_F10_KA22_10.mat,False,paderborn_channels_verified
paderborn_artificial_to_natural,artificial_to_real_damage,paderborn,paderborn_n15_m07_f10_ka22_11_multisensor,paderborn_n15_m07_f10_ka22_11,train,KA22,multisensor,current|force|speed|temperature|torque|vibration,N15,M07_F10,n15_m07_f10,bearing_artificial_damage,22,fault,artificial,11,data/raw/paderborn/KA22/N15_M07_F10_KA22_11.mat,False,paderborn_channels_verified
paderborn_artificial_to_natural,artificial_to_real_damage,paderborn,paderborn_n15_m07_f10_ka22_12_multisensor,paderborn_n15_m07_f10_ka22_12,train,KA22,multisensor,current|force|speed|temperature|torque|vibration,N15,M07_F10,n15_m07_f10,bearing_artificial_damage,22,fault,artificial,12,data/raw/paderborn/KA22/N15_M07_F10_KA22_12.mat,False,paderborn_channels_verified
paderborn_artificial_to_natural,artificial_to_real_damage,paderborn,paderborn_n15_m07_f10_ka22_13_multisensor,paderborn_n15_m07_f10_ka22_13,train,KA22,multisensor,current|force|speed|temperature|torque|vibration,N15,M07_F10,n15_m07_f10,bearing_artificial_damage,22,fault,artificial,13,data/raw/paderborn/KA22/N15_M07_F10_KA22_13.mat,False,paderborn_channels_verified
paderborn_artificial_to_natural,artificial_to_real_damage,paderborn,paderborn_n15_m07_f10_ka22_14_multisensor,paderborn_n15_m07_f10_ka22_14,train,KA22,multisensor,current|force|speed|temperature|torque|vibration,N15,M07_F10,n15_m07_f10,bearing_artificial_damage,22,fault,artificial,14,data/raw/paderborn/KA22/N15_M07_F10_KA22_14.mat,False,paderborn_channels_verified
paderborn_artificial_to_natural,artificial_to_real_damage,paderborn,paderborn_n15_m07_f10_ka22_15_multisensor,paderborn_n15_m07_f10_ka22_15,train,KA22,multisensor,current|force|speed|temperature|torque|vibration,N15,M07_F10,n15_m07_f10,bearing_artificial_damage,22,fault,artificial,15,data/raw/paderborn/KA22/N15_M07_F10_KA22_15.mat,False,paderborn_channels_verified
paderborn_artificial_to_natural,artificial_to_real_damage,paderborn,paderborn_n15_m07_f10_ka22_16_multisensor,paderborn_n15_m07_f10_ka22_16,train,KA22,multisensor,current|force|speed|temperature|torque|vibration,N15,M07_F10,n15_m07_f10,bearing_artificial_damage,22,fault,artificial,16,data/raw/paderborn/KA22/N15_M07_F10_KA22_16.mat,False,paderborn_channels_verified
paderborn_artificial_to_natural,artificial_to_real_damage,paderborn,paderborn_n15_m07_f10_ka22_17_multisensor,paderborn_n15_m07_f10_ka22_17,train,KA22,multisensor,current|force|speed|temperature|torque|vibration,N15,M07_F10,n15_m07_f10,bearing_artificial_damage,22,fault,artificial,17,data/raw/paderborn/KA22/N15_M07_F10_KA22_17.mat,False,paderborn_channels_verified
paderborn_artificial_to_natural,artificial_to_real_damage,paderborn,paderborn_n15_m07_f10_ka22_18_multisensor,paderborn_n15_m07_f10_ka22_18,train,KA22,multisensor,current|force|speed|temperature|torque|vibration,N15,M07_F10,n15_m07_f10,bearing_artificial_damage,22,fault,artificial,18,data/raw/paderborn/KA22/N15_M07_F10_KA22_18.mat,False,paderborn_channels_verified
paderborn_artificial_to_natural,artificial_to_real_damage,paderborn,paderborn_n15_m07_f10_ka22_19_multisensor,paderborn_n15_m07_f10_ka22_19,train,KA22,multisensor,current|force|speed|temperature|torque|vibration,N15,M07_F10,n15_m07_f10,bearing_artificial_damage,22,fault,artificial,19,data/raw/paderborn/KA22/N15_M07_F10_KA22_19.mat,False,paderborn_channels_verified
paderborn_artificial_to_natural,artificial_to_real_damage,paderborn,paderborn_n15_m07_f10_ka22_1_multisensor,paderborn_n15_m07_f10_ka22_1,val,KA22,multisensor,current|force|speed|temperature|torque|vibration,N15,M07_F10,n15_m07_f10,bearing_artificial_damage,22,fault,artificial,1,data/raw/paderborn/KA22/N15_M07_F10_KA22_1.mat,False,paderborn_channels_verified
paderborn_artificial_to_natural,artificial_to_real_damage,paderborn,paderborn_n15_m07_f10_ka22_20_multisensor,paderborn_n15_m07_f10_ka22_20,val,KA22,multisensor,current|force|speed|temperature|torque|vibration,N15,M07_F10,n15_m07_f10,bearing_artificial_damage,22,fault,artificial,20,data/raw/paderborn/KA22/N15_M07_F10_KA22_20.mat,False,paderborn_channels_verified
paderborn_artificial_to_natural,artificial_to_real_damage,paderborn,paderborn_n15_m07_f10_ka22_2_multisensor,paderborn_n15_m07_f10_ka22_2,train,KA22,multisensor,current|force|speed|temperature|torque|vibration,N15,M07_F10,n15_m07_f10,bearing_artificial_damage,22,fault,artificial,2,data/raw/paderborn/KA22/N15_M07_F10_KA22_2.mat,False,paderborn_channels_verified
paderborn_artificial_to_natural,artificial_to_real_damage,paderborn,paderborn_n15_m07_f10_ka22_3_multisensor,paderborn_n15_m07_f10_ka22_3,train,KA22,multisensor,current|force|speed|temperature|torque|vibration,N15,M07_F10,n15_m07_f10,bearing_artificial_damage,22,fault,artificial,3,data/raw/paderborn/KA22/N15_M07_F10_KA22_3.mat,False,paderborn_channels_verified
paderborn_artificial_to_natural,artificial_to_real_damage,paderborn,paderborn_n15_m07_f10_ka22_4_multisensor,paderborn_n15_m07_f10_ka22_4,train,KA22,multisensor,current|force|speed|temperature|torque|vibration,N15,M07_F10,n15_m07_f10,bearing_artificial_damage,22,fault,artificial,4,data/raw/paderborn/KA22/N15_M07_F10_KA22_4.mat,False,paderborn_channels_verified
paderborn_artificial_to_natural,artificial_to_real_damage,paderborn,paderborn_n15_m07_f10_ka22_5_multisensor,paderborn_n15_m07_f10_ka22_5,val,KA22,multisensor,current|force|speed|temperature|torque|vibration,N15,M07_F10,n15_m07_f10,bearing_artificial_damage,22,fault,artificial,5,data/raw/paderborn/KA22/N15_M07_F10_KA22_5.mat,False,paderborn_channels_verified
paderborn_artificial_to_natural,artificial_to_real_damage,paderborn,paderborn_n15_m07_f10_ka22_6_multisensor,paderborn_n15_m07_f10_ka22_6,train,KA22,multisensor,current|force|speed|temperature|torque|vibration,N15,M07_F10,n15_m07_f10,bearing_artificial_damage,22,fault,artificial,6,data/raw/paderborn/KA22/N15_M07_F10_KA22_6.mat,False,paderborn_channels_verified
paderborn_artificial_to_natural,artificial_to_real_damage,paderborn,paderborn_n15_m07_f10_ka22_7_multisensor,paderborn_n15_m07_f10_ka22_7,train,KA22,multisensor,current|force|speed|temperature|torque|vibration,N15,M07_F10,n15_m07_f10,bearing_artificial_damage,22,fault,artificial,7,data/raw/paderborn/KA22/N15_M07_F10_KA22_7.mat,False,paderborn_channels_verified
paderborn_artificial_to_natural,artificial_to_real_damage,paderborn,paderborn_n15_m07_f10_ka22_8_multisensor,paderborn_n15_m07_f10_ka22_8,train,KA22,multisensor,current|force|speed|temperature|torque|vibration,N15,M07_F10,n15_m07_f10,bearing_artificial_damage,22,fault,artificial,8,data/raw/paderborn/KA22/N15_M07_F10_KA22_8.mat,False,paderborn_channels_verified
paderborn_artificial_to_natural,artificial_to_real_damage,paderborn,paderborn_n15_m07_f10_ka22_9_multisensor,paderborn_n15_m07_f10_ka22_9,train,KA22,multisensor,current|force|speed|temperature|torque|vibration,N15,M07_F10,n15_m07_f10,bearing_artificial_damage,22,fault,artificial,9,data/raw/paderborn/KA22/N15_M07_F10_KA22_9.mat,False,paderborn_channels_verified
paderborn_artificial_to_natural,artificial_to_real_damage,paderborn,paderborn_n09_m07_f10_ka30_10_multisensor,paderborn_n09_m07_f10_ka30_10,train,KA30,multisensor,current|force|speed|temperature|torque|vibration,N09,M07_F10,n09_m07_f10,bearing_artificial_damage,30,fault,artificial,10,data/raw/paderborn/KA30/N09_M07_F10_KA30_10.mat,False,paderborn_channels_verified
paderborn_artificial_to_natural,artificial_to_real_damage,paderborn,paderborn_n09_m07_f10_ka30_11_multisensor,paderborn_n09_m07_f10_ka30_11,train,KA30,multisensor,current|force|speed|temperature|torque|vibration,N09,M07_F10,n09_m07_f10,bearing_artificial_damage,30,fault,artificial,11,data/raw/paderborn/KA30/N09_M07_F10_KA30_11.mat,False,paderborn_channels_verified
paderborn_artificial_to_natural,artificial_to_real_damage,paderborn,paderborn_n09_m07_f10_ka30_12_multisensor,paderborn_n09_m07_f10_ka30_12,val,KA30,multisensor,current|force|speed|temperature|torque|vibration,N09,M07_F10,n09_m07_f10,bearing_artificial_damage,30,fault,artificial,12,data/raw/paderborn/KA30/N09_M07_F10_KA30_12.mat,False,paderborn_channels_verified
paderborn_artificial_to_natural,artificial_to_real_damage,paderborn,paderborn_n09_m07_f10_ka30_13_multisensor,paderborn_n09_m07_f10_ka30_13,train,KA30,multisensor,current|force|speed|temperature|torque|vibration,N09,M07_F10,n09_m07_f10,bearing_artificial_damage,30,fault,artificial,13,data/raw/paderborn/KA30/N09_M07_F10_KA30_13.mat,False,paderborn_channels_verified
paderborn_artificial_to_natural,artificial_to_real_damage,paderborn,paderborn_n09_m07_f10_ka30_14_multisensor,paderborn_n09_m07_f10_ka30_14,train,KA30,multisensor,current|force|speed|temperature|torque|vibration,N09,M07_F10,n09_m07_f10,bearing_artificial_damage,30,fault,artificial,14,data/raw/paderborn/KA30/N09_M07_F10_KA30_14.mat,False,paderborn_channels_verified
paderborn_artificial_to_natural,artificial_to_real_damage,paderborn,paderborn_n09_m07_f10_ka30_15_multisensor,paderborn_n09_m07_f10_ka30_15,train,KA30,multisensor,current|force|speed|temperature|torque|vibration,N09,M07_F10,n09_m07_f10,bearing_artificial_damage,30,fault,artificial,15,data/raw/paderborn/KA30/N09_M07_F10_KA30_15.mat,False,paderborn_channels_verified
paderborn_artificial_to_natural,artificial_to_real_damage,paderborn,paderborn_n09_m07_f10_ka30_16_multisensor,paderborn_n09_m07_f10_ka30_16,train,KA30,multisensor,current|force|speed|temperature|torque|vibration,N09,M07_F10,n09_m07_f10,bearing_artificial_damage,30,fault,artificial,16,data/raw/paderborn/KA30/N09_M07_F10_KA30_16.mat,False,paderborn_channels_verified
paderborn_artificial_to_natural,artificial_to_real_damage,paderborn,paderborn_n09_m07_f10_ka30_17_multisensor,paderborn_n09_m07_f10_ka30_17,val,KA30,multisensor,current|force|speed|temperature|torque|vibration,N09,M07_F10,n09_m07_f10,bearing_artificial_damage,30,fault,artificial,17,data/raw/paderborn/KA30/N09_M07_F10_KA30_17.mat,False,paderborn_channels_verified
paderborn_artificial_to_natural,artificial_to_real_damage,paderborn,paderborn_n09_m07_f10_ka30_18_multisensor,paderborn_n09_m07_f10_ka30_18,train,KA30,multisensor,current|force|speed|temperature|torque|vibration,N09,M07_F10,n09_m07_f10,bearing_artificial_damage,30,fault,artificial,18,data/raw/paderborn/KA30/N09_M07_F10_KA30_18.mat,False,paderborn_channels_verified
paderborn_artificial_to_natural,artificial_to_real_damage,paderborn,paderborn_n09_m07_f10_ka30_19_multisensor,paderborn_n09_m07_f10_ka30_19,train,KA30,multisensor,current|force|speed|temperature|torque|vibration,N09,M07_F10,n09_m07_f10,bearing_artificial_damage,30,fault,artificial,19,data/raw/paderborn/KA30/N09_M07_F10_KA30_19.mat,False,paderborn_channels_verified
paderborn_artificial_to_natural,artificial_to_real_damage,paderborn,paderborn_n09_m07_f10_ka30_1_multisensor,paderborn_n09_m07_f10_ka30_1,train,KA30,multisensor,current|force|speed|temperature|torque|vibration,N09,M07_F10,n09_m07_f10,bearing_artificial_damage,30,fault,artificial,1,data/raw/paderborn/KA30/N09_M07_F10_KA30_1.mat,False,paderborn_channels_verified
paderborn_artificial_to_natural,artificial_to_real_damage,paderborn,paderborn_n09_m07_f10_ka30_20_multisensor,paderborn_n09_m07_f10_ka30_20,val,KA30,multisensor,current|force|speed|temperature|torque|vibration,N09,M07_F10,n09_m07_f10,bearing_artificial_damage,30,fault,artificial,20,data/raw/paderborn/KA30/N09_M07_F10_KA30_20.mat,False,paderborn_channels_verified
paderborn_artificial_to_natural,artificial_to_real_damage,paderborn,paderborn_n09_m07_f10_ka30_2_multisensor,paderborn_n09_m07_f10_ka30_2,train,KA30,multisensor,current|force|speed|temperature|torque|vibration,N09,M07_F10,n09_m07_f10,bearing_artificial_damage,30,fault,artificial,2,data/raw/paderborn/KA30/N09_M07_F10_KA30_2.mat,False,paderborn_channels_verified
paderborn_artificial_to_natural,artificial_to_real_damage,paderborn,paderborn_n09_m07_f10_ka30_3_multisensor,paderborn_n09_m07_f10_ka30_3,train,KA30,multisensor,current|force|speed|temperature|torque|vibration,N09,M07_F10,n09_m07_f10,bearing_artificial_damage,30,fault,artificial,3,data/raw/paderborn/KA30/N09_M07_F10_KA30_3.mat,False,paderborn_channels_verified
paderborn_artificial_to_natural,artificial_to_real_damage,paderborn,paderborn_n09_m07_f10_ka30_4_multisensor,paderborn_n09_m07_f10_ka30_4,train,KA30,multisensor,current|force|speed|temperature|torque|vibration,N09,M07_F10,n09_m07_f10,bearing_artificial_damage,30,fault,artificial,4,data/raw/paderborn/KA30/N09_M07_F10_KA30_4.mat,False,paderborn_channels_verified
paderborn_artificial_to_natural,artificial_to_real_damage,paderborn,paderborn_n09_m07_f10_ka30_5_multisensor,paderborn_n09_m07_f10_ka30_5,train,KA30,multisensor,current|force|speed|temperature|torque|vibration,N09,M07_F10,n09_m07_f10,bearing_artificial_damage,30,fault,artificial,5,data/raw/paderborn/KA30/N09_M07_F10_KA30_5.mat,False,paderborn_channels_verified
paderborn_artificial_to_natural,artificial_to_real_damage,paderborn,paderborn_n09_m07_f10_ka30_6_multisensor,paderborn_n09_m07_f10_ka30_6,train,KA30,multisensor,current|force|speed|temperature|torque|vibration,N09,M07_F10,n09_m07_f10,bearing_artificial_damage,30,fault,artificial,6,data/raw/paderborn/KA30/N09_M07_F10_KA30_6.mat,False,paderborn_channels_verified
paderborn_artificial_to_natural,artificial_to_real_damage,paderborn,paderborn_n09_m07_f10_ka30_7_multisensor,paderborn_n09_m07_f10_ka30_7,train,KA30,multisensor,current|force|speed|temperature|torque|vibration,N09,M07_F10,n09_m07_f10,bearing_artificial_damage,30,fault,artificial,7,data/raw/paderborn/KA30/N09_M07_F10_KA30_7.mat,False,paderborn_channels_verified
paderborn_artificial_to_natural,artificial_to_real_damage,paderborn,paderborn_n09_m07_f10_ka30_8_multisensor,paderborn_n09_m07_f10_ka30_8,train,KA30,multisensor,current|force|speed|temperature|torque|vibration,N09,M07_F10,n09_m07_f10,bearing_artificial_damage,30,fault,artificial,8,data/raw/paderborn/KA30/N09_M07_F10_KA30_8.mat,False,paderborn_channels_verified
paderborn_artificial_to_natural,artificial_to_real_damage,paderborn,paderborn_n09_m07_f10_ka30_9_multisensor,paderborn_n09_m07_f10_ka30_9,train,KA30,multisensor,current|force|speed|temperature|torque|vibration,N09,M07_F10,n09_m07_f10,bearing_artificial_damage,30,fault,artificial,9,data/raw/paderborn/KA30/N09_M07_F10_KA30_9.mat,False,paderborn_channels_verified
paderborn_artificial_to_natural,artificial_to_real_damage,paderborn,paderborn_n15_m01_f10_ka30_10_multisensor,paderborn_n15_m01_f10_ka30_10,train,KA30,multisensor,current|force|speed|temperature|torque|vibration,N15,M01_F10,n15_m01_f10,bearing_artificial_damage,30,fault,artificial,10,data/raw/paderborn/KA30/N15_M01_F10_KA30_10.mat,False,paderborn_channels_verified
paderborn_artificial_to_natural,artificial_to_real_damage,paderborn,paderborn_n15_m01_f10_ka30_11_multisensor,paderborn_n15_m01_f10_ka30_11,train,KA30,multisensor,current|force|speed|temperature|torque|vibration,N15,M01_F10,n15_m01_f10,bearing_artificial_damage,30,fault,artificial,11,data/raw/paderborn/KA30/N15_M01_F10_KA30_11.mat,False,paderborn_channels_verified
paderborn_artificial_to_natural,artificial_to_real_damage,paderborn,paderborn_n15_m01_f10_ka30_12_multisensor,paderborn_n15_m01_f10_ka30_12,val,KA30,multisensor,current|force|speed|temperature|torque|vibration,N15,M01_F10,n15_m01_f10,bearing_artificial_damage,30,fault,artificial,12,data/raw/paderborn/KA30/N15_M01_F10_KA30_12.mat,False,paderborn_channels_verified
paderborn_artificial_to_natural,artificial_to_real_damage,paderborn,paderborn_n15_m01_f10_ka30_13_multisensor,paderborn_n15_m01_f10_ka30_13,train,KA30,multisensor,current|force|speed|temperature|torque|vibration,N15,M01_F10,n15_m01_f10,bearing_artificial_damage,30,fault,artificial,13,data/raw/paderborn/KA30/N15_M01_F10_KA30_13.mat,False,paderborn_channels_verified
paderborn_artificial_to_natural,artificial_to_real_damage,paderborn,paderborn_n15_m01_f10_ka30_14_multisensor,paderborn_n15_m01_f10_ka30_14,train,KA30,multisensor,current|force|speed|temperature|torque|vibration,N15,M01_F10,n15_m01_f10,bearing_artificial_damage,30,fault,artificial,14,data/raw/paderborn/KA30/N15_M01_F10_KA30_14.mat,False,paderborn_channels_verified
paderborn_artificial_to_natural,artificial_to_real_damage,paderborn,paderborn_n15_m01_f10_ka30_15_multisensor,paderborn_n15_m01_f10_ka30_15,train,KA30,multisensor,current|force|speed|temperature|torque|vibration,N15,M01_F10,n15_m01_f10,bearing_artificial_damage,30,fault,artificial,15,data/raw/paderborn/KA30/N15_M01_F10_KA30_15.mat,False,paderborn_channels_verified
paderborn_artificial_to_natural,artificial_to_real_damage,paderborn,paderborn_n15_m01_f10_ka30_16_multisensor,paderborn_n15_m01_f10_ka30_16,train,KA30,multisensor,current|force|speed|temperature|torque|vibration,N15,M01_F10,n15_m01_f10,bearing_artificial_damage,30,fault,artificial,16,data/raw/paderborn/KA30/N15_M01_F10_KA30_16.mat,False,paderborn_channels_verified
paderborn_artificial_to_natural,artificial_to_real_damage,paderborn,paderborn_n15_m01_f10_ka30_17_multisensor,paderborn_n15_m01_f10_ka30_17,train,KA30,multisensor,current|force|speed|temperature|torque|vibration,N15,M01_F10,n15_m01_f10,bearing_artificial_damage,30,fault,artificial,17,data/raw/paderborn/KA30/N15_M01_F10_KA30_17.mat,False,paderborn_channels_verified
paderborn_artificial_to_natural,artificial_to_real_damage,paderborn,paderborn_n15_m01_f10_ka30_18_multisensor,paderborn_n15_m01_f10_ka30_18,train,KA30,multisensor,current|force|speed|temperature|torque|vibration,N15,M01_F10,n15_m01_f10,bearing_artificial_damage,30,fault,artificial,18,data/raw/paderborn/KA30/N15_M01_F10_KA30_18.mat,False,paderborn_channels_verified
paderborn_artificial_to_natural,artificial_to_real_damage,paderborn,paderborn_n15_m01_f10_ka30_19_multisensor,paderborn_n15_m01_f10_ka30_19,val,KA30,multisensor,current|force|speed|temperature|torque|vibration,N15,M01_F10,n15_m01_f10,bearing_artificial_damage,30,fault,artificial,19,data/raw/paderborn/KA30/N15_M01_F10_KA30_19.mat,False,paderborn_channels_verified
paderborn_artificial_to_natural,artificial_to_real_damage,paderborn,paderborn_n15_m01_f10_ka30_1_multisensor,paderborn_n15_m01_f10_ka30_1,train,KA30,multisensor,current|force|speed|temperature|torque|vibration,N15,M01_F10,n15_m01_f10,bearing_artificial_damage,30,fault,artificial,1,data/raw/paderborn/KA30/N15_M01_F10_KA30_1.mat,False,paderborn_channels_verified
paderborn_artificial_to_natural,artificial_to_real_damage,paderborn,paderborn_n15_m01_f10_ka30_20_multisensor,paderborn_n15_m01_f10_ka30_20,val,KA30,multisensor,current|force|speed|temperature|torque|vibration,N15,M01_F10,n15_m01_f10,bearing_artificial_damage,30,fault,artificial,20,data/raw/paderborn/KA30/N15_M01_F10_KA30_20.mat,False,paderborn_channels_verified
paderborn_artificial_to_natural,artificial_to_real_damage,paderborn,paderborn_n15_m01_f10_ka30_2_multisensor,paderborn_n15_m01_f10_ka30_2,train,KA30,multisensor,current|force|speed|temperature|torque|vibration,N15,M01_F10,n15_m01_f10,bearing_artificial_damage,30,fault,artificial,2,data/raw/paderborn/KA30/N15_M01_F10_KA30_2.mat,False,paderborn_channels_verified
paderborn_artificial_to_natural,artificial_to_real_damage,paderborn,paderborn_n15_m01_f10_ka30_3_multisensor,paderborn_n15_m01_f10_ka30_3,train,KA30,multisensor,current|force|speed|temperature|torque|vibration,N15,M01_F10,n15_m01_f10,bearing_artificial_damage,30,fault,artificial,3,data/raw/paderborn/KA30/N15_M01_F10_KA30_3.mat,False,paderborn_channels_verified
paderborn_artificial_to_natural,artificial_to_real_damage,paderborn,paderborn_n15_m01_f10_ka30_4_multisensor,paderborn_n15_m01_f10_ka30_4,train,KA30,multisensor,current|force|speed|temperature|torque|vibration,N15,M01_F10,n15_m01_f10,bearing_artificial_damage,30,fault,artificial,4,data/raw/paderborn/KA30/N15_M01_F10_KA30_4.mat,False,paderborn_channels_verified
paderborn_artificial_to_natural,artificial_to_real_damage,paderborn,paderborn_n15_m01_f10_ka30_5_multisensor,paderborn_n15_m01_f10_ka30_5,val,KA30,multisensor,current|force|speed|temperature|torque|vibration,N15,M01_F10,n15_m01_f10,bearing_artificial_damage,30,fault,artificial,5,data/raw/paderborn/KA30/N15_M01_F10_KA30_5.mat,False,paderborn_channels_verified
paderborn_artificial_to_natural,artificial_to_real_damage,paderborn,paderborn_n15_m01_f10_ka30_6_multisensor,paderborn_n15_m01_f10_ka30_6,train,KA30,multisensor,current|force|speed|temperature|torque|vibration,N15,M01_F10,n15_m01_f10,bearing_artificial_damage,30,fault,artificial,6,data/raw/paderborn/KA30/N15_M01_F10_KA30_6.mat,False,paderborn_channels_verified
paderborn_artificial_to_natural,artificial_to_real_damage,paderborn,paderborn_n15_m01_f10_ka30_7_multisensor,paderborn_n15_m01_f10_ka30_7,train,KA30,multisensor,current|force|speed|temperature|torque|vibration,N15,M01_F10,n15_m01_f10,bearing_artificial_damage,30,fault,artificial,7,data/raw/paderborn/KA30/N15_M01_F10_KA30_7.mat,False,paderborn_channels_verified
paderborn_artificial_to_natural,artificial_to_real_damage,paderborn,paderborn_n15_m01_f10_ka30_8_multisensor,paderborn_n15_m01_f10_ka30_8,train,KA30,multisensor,current|force|speed|temperature|torque|vibration,N15,M01_F10,n15_m01_f10,bearing_artificial_damage,30,fault,artificial,8,data/raw/paderborn/KA30/N15_M01_F10_KA30_8.mat,False,paderborn_channels_verified
paderborn_artificial_to_natural,artificial_to_real_damage,paderborn,paderborn_n15_m01_f10_ka30_9_multisensor,paderborn_n15_m01_f10_ka30_9,train,KA30,multisensor,current|force|speed|temperature|torque|vibration,N15,M01_F10,n15_m01_f10,bearing_artificial_damage,30,fault,artificial,9,data/raw/paderborn/KA30/N15_M01_F10_KA30_9.mat,False,paderborn_channels_verified
paderborn_artificial_to_natural,artificial_to_real_damage,paderborn,paderborn_n15_m07_f04_ka30_10_multisensor,paderborn_n15_m07_f04_ka30_10,train,KA30,multisensor,current|force|speed|temperature|torque|vibration,N15,M07_F04,n15_m07_f04,bearing_artificial_damage,30,fault,artificial,10,data/raw/paderborn/KA30/N15_M07_F04_KA30_10.mat,False,paderborn_channels_verified
paderborn_artificial_to_natural,artificial_to_real_damage,paderborn,paderborn_n15_m07_f04_ka30_11_multisensor,paderborn_n15_m07_f04_ka30_11,train,KA30,multisensor,current|force|speed|temperature|torque|vibration,N15,M07_F04,n15_m07_f04,bearing_artificial_damage,30,fault,artificial,11,data/raw/paderborn/KA30/N15_M07_F04_KA30_11.mat,False,paderborn_channels_verified
paderborn_artificial_to_natural,artificial_to_real_damage,paderborn,paderborn_n15_m07_f04_ka30_12_multisensor,paderborn_n15_m07_f04_ka30_12,train,KA30,multisensor,current|force|speed|temperature|torque|vibration,N15,M07_F04,n15_m07_f04,bearing_artificial_damage,30,fault,artificial,12,data/raw/paderborn/KA30/N15_M07_F04_KA30_12.mat,False,paderborn_channels_verified
paderborn_artificial_to_natural,artificial_to_real_damage,paderborn,paderborn_n15_m07_f04_ka30_13_multisensor,paderborn_n15_m07_f04_ka30_13,train,KA30,multisensor,current|force|speed|temperature|torque|vibration,N15,M07_F04,n15_m07_f04,bearing_artificial_damage,30,fault,artificial,13,data/raw/paderborn/KA30/N15_M07_F04_KA30_13.mat,False,paderborn_channels_verified
paderborn_artificial_to_natural,artificial_to_real_damage,paderborn,paderborn_n15_m07_f04_ka30_14_multisensor,paderborn_n15_m07_f04_ka30_14,train,KA30,multisensor,current|force|speed|temperature|torque|vibration,N15,M07_F04,n15_m07_f04,bearing_artificial_damage,30,fault,artificial,14,data/raw/paderborn/KA30/N15_M07_F04_KA30_14.mat,False,paderborn_channels_verified
paderborn_artificial_to_natural,artificial_to_real_damage,paderborn,paderborn_n15_m07_f04_ka30_15_multisensor,paderborn_n15_m07_f04_ka30_15,train,KA30,multisensor,current|force|speed|temperature|torque|vibration,N15,M07_F04,n15_m07_f04,bearing_artificial_damage,30,fault,artificial,15,data/raw/paderborn/KA30/N15_M07_F04_KA30_15.mat,False,paderborn_channels_verified
paderborn_artificial_to_natural,artificial_to_real_damage,paderborn,paderborn_n15_m07_f04_ka30_16_multisensor,paderborn_n15_m07_f04_ka30_16,train,KA30,multisensor,current|force|speed|temperature|torque|vibration,N15,M07_F04,n15_m07_f04,bearing_artificial_damage,30,fault,artificial,16,data/raw/paderborn/KA30/N15_M07_F04_KA30_16.mat,False,paderborn_channels_verified
paderborn_artificial_to_natural,artificial_to_real_damage,paderborn,paderborn_n15_m07_f04_ka30_17_multisensor,paderborn_n15_m07_f04_ka30_17,train,KA30,multisensor,current|force|speed|temperature|torque|vibration,N15,M07_F04,n15_m07_f04,bearing_artificial_damage,30,fault,artificial,17,data/raw/paderborn/KA30/N15_M07_F04_KA30_17.mat,False,paderborn_channels_verified
paderborn_artificial_to_natural,artificial_to_real_damage,paderborn,paderborn_n15_m07_f04_ka30_18_multisensor,paderborn_n15_m07_f04_ka30_18,train,KA30,multisensor,current|force|speed|temperature|torque|vibration,N15,M07_F04,n15_m07_f04,bearing_artificial_damage,30,fault,artificial,18,data/raw/paderborn/KA30/N15_M07_F04_KA30_18.mat,False,paderborn_channels_verified
paderborn_artificial_to_natural,artificial_to_real_damage,paderborn,paderborn_n15_m07_f04_ka30_19_multisensor,paderborn_n15_m07_f04_ka30_19,train,KA30,multisensor,current|force|speed|temperature|torque|vibration,N15,M07_F04,n15_m07_f04,bearing_artificial_damage,30,fault,artificial,19,data/raw/paderborn/KA30/N15_M07_F04_KA30_19.mat,False,paderborn_channels_verified
paderborn_artificial_to_natural,artificial_to_real_damage,paderborn,paderborn_n15_m07_f04_ka30_1_multisensor,paderborn_n15_m07_f04_ka30_1,train,KA30,multisensor,current|force|speed|temperature|torque|vibration,N15,M07_F04,n15_m07_f04,bearing_artificial_damage,30,fault,artificial,1,data/raw/paderborn/KA30/N15_M07_F04_KA30_1.mat,False,paderborn_channels_verified
paderborn_artificial_to_natural,artificial_to_real_damage,paderborn,paderborn_n15_m07_f04_ka30_20_multisensor,paderborn_n15_m07_f04_ka30_20,train,KA30,multisensor,current|force|speed|temperature|torque|vibration,N15,M07_F04,n15_m07_f04,bearing_artificial_damage,30,fault,artificial,20,data/raw/paderborn/KA30/N15_M07_F04_KA30_20.mat,False,paderborn_channels_verified
paderborn_artificial_to_natural,artificial_to_real_damage,paderborn,paderborn_n15_m07_f04_ka30_2_multisensor,paderborn_n15_m07_f04_ka30_2,train,KA30,multisensor,current|force|speed|temperature|torque|vibration,N15,M07_F04,n15_m07_f04,bearing_artificial_damage,30,fault,artificial,2,data/raw/paderborn/KA30/N15_M07_F04_KA30_2.mat,False,paderborn_channels_verified
paderborn_artificial_to_natural,artificial_to_real_damage,paderborn,paderborn_n15_m07_f04_ka30_3_multisensor,paderborn_n15_m07_f04_ka30_3,val,KA30,multisensor,current|force|speed|temperature|torque|vibration,N15,M07_F04,n15_m07_f04,bearing_artificial_damage,30,fault,artificial,3,data/raw/paderborn/KA30/N15_M07_F04_KA30_3.mat,False,paderborn_channels_verified
paderborn_artificial_to_natural,artificial_to_real_damage,paderborn,paderborn_n15_m07_f04_ka30_4_multisensor,paderborn_n15_m07_f04_ka30_4,train,KA30,multisensor,current|force|speed|temperature|torque|vibration,N15,M07_F04,n15_m07_f04,bearing_artificial_damage,30,fault,artificial,4,data/raw/paderborn/KA30/N15_M07_F04_KA30_4.mat,False,paderborn_channels_verified
paderborn_artificial_to_natural,artificial_to_real_damage,paderborn,paderborn_n15_m07_f04_ka30_5_multisensor,paderborn_n15_m07_f04_ka30_5,train,KA30,multisensor,current|force|speed|temperature|torque|vibration,N15,M07_F04,n15_m07_f04,bearing_artificial_damage,30,fault,artificial,5,data/raw/paderborn/KA30/N15_M07_F04_KA30_5.mat,False,paderborn_channels_verified
paderborn_artificial_to_natural,artificial_to_real_damage,paderborn,paderborn_n15_m07_f04_ka30_6_multisensor,paderborn_n15_m07_f04_ka30_6,train,KA30,multisensor,current|force|speed|temperature|torque|vibration,N15,M07_F04,n15_m07_f04,bearing_artificial_damage,30,fault,artificial,6,data/raw/paderborn/KA30/N15_M07_F04_KA30_6.mat,False,paderborn_channels_verified
paderborn_artificial_to_natural,artificial_to_real_damage,paderborn,paderborn_n15_m07_f04_ka30_7_multisensor,paderborn_n15_m07_f04_ka30_7,train,KA30,multisensor,current|force|speed|temperature|torque|vibration,N15,M07_F04,n15_m07_f04,bearing_artificial_damage,30,fault,artificial,7,data/raw/paderborn/KA30/N15_M07_F04_KA30_7.mat,False,paderborn_channels_verified
paderborn_artificial_to_natural,artificial_to_real_damage,paderborn,paderborn_n15_m07_f04_ka30_8_multisensor,paderborn_n15_m07_f04_ka30_8,train,KA30,multisensor,current|force|speed|temperature|torque|vibration,N15,M07_F04,n15_m07_f04,bearing_artificial_damage,30,fault,artificial,8,data/raw/paderborn/KA30/N15_M07_F04_KA30_8.mat,False,paderborn_channels_verified
paderborn_artificial_to_natural,artificial_to_real_damage,paderborn,paderborn_n15_m07_f04_ka30_9_multisensor,paderborn_n15_m07_f04_ka30_9,train,KA30,multisensor,current|force|speed|temperature|torque|vibration,N15,M07_F04,n15_m07_f04,bearing_artificial_damage,30,fault,artificial,9,data/raw/paderborn/KA30/N15_M07_F04_KA30_9.mat,False,paderborn_channels_verified
paderborn_artificial_to_natural,artificial_to_real_damage,paderborn,paderborn_n15_m07_f10_ka30_10_multisensor,paderborn_n15_m07_f10_ka30_10,train,KA30,multisensor,current|force|speed|temperature|torque|vibration,N15,M07_F10,n15_m07_f10,bearing_artificial_damage,30,fault,artificial,10,data/raw/paderborn/KA30/N15_M07_F10_KA30_10.mat,False,paderborn_channels_verified
paderborn_artificial_to_natural,artificial_to_real_damage,paderborn,paderborn_n15_m07_f10_ka30_11_multisensor,paderborn_n15_m07_f10_ka30_11,train,KA30,multisensor,current|force|speed|temperature|torque|vibration,N15,M07_F10,n15_m07_f10,bearing_artificial_damage,30,fault,artificial,11,data/raw/paderborn/KA30/N15_M07_F10_KA30_11.mat,False,paderborn_channels_verified
paderborn_artificial_to_natural,artificial_to_real_damage,paderborn,paderborn_n15_m07_f10_ka30_12_multisensor,paderborn_n15_m07_f10_ka30_12,train,KA30,multisensor,current|force|speed|temperature|torque|vibration,N15,M07_F10,n15_m07_f10,bearing_artificial_damage,30,fault,artificial,12,data/raw/paderborn/KA30/N15_M07_F10_KA30_12.mat,False,paderborn_channels_verified
paderborn_artificial_to_natural,artificial_to_real_damage,paderborn,paderborn_n15_m07_f10_ka30_13_multisensor,paderborn_n15_m07_f10_ka30_13,train,KA30,multisensor,current|force|speed|temperature|torque|vibration,N15,M07_F10,n15_m07_f10,bearing_artificial_damage,30,fault,artificial,13,data/raw/paderborn/KA30/N15_M07_F10_KA30_13.mat,False,paderborn_channels_verified
paderborn_artificial_to_natural,artificial_to_real_damage,paderborn,paderborn_n15_m07_f10_ka30_14_multisensor,paderborn_n15_m07_f10_ka30_14,train,KA30,multisensor,current|force|speed|temperature|torque|vibration,N15,M07_F10,n15_m07_f10,bearing_artificial_damage,30,fault,artificial,14,data/raw/paderborn/KA30/N15_M07_F10_KA30_14.mat,False,paderborn_channels_verified
paderborn_artificial_to_natural,artificial_to_real_damage,paderborn,paderborn_n15_m07_f10_ka30_15_multisensor,paderborn_n15_m07_f10_ka30_15,train,KA30,multisensor,current|force|speed|temperature|torque|vibration,N15,M07_F10,n15_m07_f10,bearing_artificial_damage,30,fault,artificial,15,data/raw/paderborn/KA30/N15_M07_F10_KA30_15.mat,False,paderborn_channels_verified
paderborn_artificial_to_natural,artificial_to_real_damage,paderborn,paderborn_n15_m07_f10_ka30_16_multisensor,paderborn_n15_m07_f10_ka30_16,val,KA30,multisensor,current|force|speed|temperature|torque|vibration,N15,M07_F10,n15_m07_f10,bearing_artificial_damage,30,fault,artificial,16,data/raw/paderborn/KA30/N15_M07_F10_KA30_16.mat,False,paderborn_channels_verified
paderborn_artificial_to_natural,artificial_to_real_damage,paderborn,paderborn_n15_m07_f10_ka30_17_multisensor,paderborn_n15_m07_f10_ka30_17,train,KA30,multisensor,current|force|speed|temperature|torque|vibration,N15,M07_F10,n15_m07_f10,bearing_artificial_damage,30,fault,artificial,17,data/raw/paderborn/KA30/N15_M07_F10_KA30_17.mat,False,paderborn_channels_verified
paderborn_artificial_to_natural,artificial_to_real_damage,paderborn,paderborn_n15_m07_f10_ka30_18_multisensor,paderborn_n15_m07_f10_ka30_18,train,KA30,multisensor,current|force|speed|temperature|torque|vibration,N15,M07_F10,n15_m07_f10,bearing_artificial_damage,30,fault,artificial,18,data/raw/paderborn/KA30/N15_M07_F10_KA30_18.mat,False,paderborn_channels_verified
paderborn_artificial_to_natural,artificial_to_real_damage,paderborn,paderborn_n15_m07_f10_ka30_19_multisensor,paderborn_n15_m07_f10_ka30_19,val,KA30,multisensor,current|force|speed|temperature|torque|vibration,N15,M07_F10,n15_m07_f10,bearing_artificial_damage,30,fault,artificial,19,data/raw/paderborn/KA30/N15_M07_F10_KA30_19.mat,False,paderborn_channels_verified
paderborn_artificial_to_natural,artificial_to_real_damage,paderborn,paderborn_n15_m07_f10_ka30_1_multisensor,paderborn_n15_m07_f10_ka30_1,train,KA30,multisensor,current|force|speed|temperature|torque|vibration,N15,M07_F10,n15_m07_f10,bearing_artificial_damage,30,fault,artificial,1,data/raw/paderborn/KA30/N15_M07_F10_KA30_1.mat,False,paderborn_channels_verified
paderborn_artificial_to_natural,artificial_to_real_damage,paderborn,paderborn_n15_m07_f10_ka30_20_multisensor,paderborn_n15_m07_f10_ka30_20,train,KA30,multisensor,current|force|speed|temperature|torque|vibration,N15,M07_F10,n15_m07_f10,bearing_artificial_damage,30,fault,artificial,20,data/raw/paderborn/KA30/N15_M07_F10_KA30_20.mat,False,paderborn_channels_verified
paderborn_artificial_to_natural,artificial_to_real_damage,paderborn,paderborn_n15_m07_f10_ka30_2_multisensor,paderborn_n15_m07_f10_ka30_2,train,KA30,multisensor,current|force|speed|temperature|torque|vibration,N15,M07_F10,n15_m07_f10,bearing_artificial_damage,30,fault,artificial,2,data/raw/paderborn/KA30/N15_M07_F10_KA30_2.mat,False,paderborn_channels_verified
paderborn_artificial_to_natural,artificial_to_real_damage,paderborn,paderborn_n15_m07_f10_ka30_3_multisensor,paderborn_n15_m07_f10_ka30_3,train,KA30,multisensor,current|force|speed|temperature|torque|vibration,N15,M07_F10,n15_m07_f10,bearing_artificial_damage,30,fault,artificial,3,data/raw/paderborn/KA30/N15_M07_F10_KA30_3.mat,False,paderborn_channels_verified
paderborn_artificial_to_natural,artificial_to_real_damage,paderborn,paderborn_n15_m07_f10_ka30_4_multisensor,paderborn_n15_m07_f10_ka30_4,train,KA30,multisensor,current|force|speed|temperature|torque|vibration,N15,M07_F10,n15_m07_f10,bearing_artificial_damage,30,fault,artificial,4,data/raw/paderborn/KA30/N15_M07_F10_KA30_4.mat,False,paderborn_channels_verified
paderborn_artificial_to_natural,artificial_to_real_damage,paderborn,paderborn_n15_m07_f10_ka30_5_multisensor,paderborn_n15_m07_f10_ka30_5,train,KA30,multisensor,current|force|speed|temperature|torque|vibration,N15,M07_F10,n15_m07_f10,bearing_artificial_damage,30,fault,artificial,5,data/raw/paderborn/KA30/N15_M07_F10_KA30_5.mat,False,paderborn_channels_verified
paderborn_artificial_to_natural,artificial_to_real_damage,paderborn,paderborn_n15_m07_f10_ka30_6_multisensor,paderborn_n15_m07_f10_ka30_6,train,KA30,multisensor,current|force|speed|temperature|torque|vibration,N15,M07_F10,n15_m07_f10,bearing_artificial_damage,30,fault,artificial,6,data/raw/paderborn/KA30/N15_M07_F10_KA30_6.mat,False,paderborn_channels_verified
paderborn_artificial_to_natural,artificial_to_real_damage,paderborn,paderborn_n15_m07_f10_ka30_7_multisensor,paderborn_n15_m07_f10_ka30_7,val,KA30,multisensor,current|force|speed|temperature|torque|vibration,N15,M07_F10,n15_m07_f10,bearing_artificial_damage,30,fault,artificial,7,data/raw/paderborn/KA30/N15_M07_F10_KA30_7.mat,False,paderborn_channels_verified
paderborn_artificial_to_natural,artificial_to_real_damage,paderborn,paderborn_n15_m07_f10_ka30_8_multisensor,paderborn_n15_m07_f10_ka30_8,train,KA30,multisensor,current|force|speed|temperature|torque|vibration,N15,M07_F10,n15_m07_f10,bearing_artificial_damage,30,fault,artificial,8,data/raw/paderborn/KA30/N15_M07_F10_KA30_8.mat,False,paderborn_channels_verified
paderborn_artificial_to_natural,artificial_to_real_damage,paderborn,paderborn_n15_m07_f10_ka30_9_multisensor,paderborn_n15_m07_f10_ka30_9,train,KA30,multisensor,current|force|speed|temperature|torque|vibration,N15,M07_F10,n15_m07_f10,bearing_artificial_damage,30,fault,artificial,9,data/raw/paderborn/KA30/N15_M07_F10_KA30_9.mat,False,paderborn_channels_verified
paderborn_artificial_to_natural,artificial_to_real_damage,paderborn,paderborn_n09_m07_f10_k001_10_multisensor,paderborn_n09_m07_f10_k001_10,test,K001,multisensor,current|force|speed|temperature|torque|vibration,N09,M07_F10,n09_m07_f10,healthy,0,healthy,healthy,10,data/raw/paderborn/K001/N09_M07_F10_K001_10.mat,False,paderborn_channels_verified
paderborn_artificial_to_natural,artificial_to_real_damage,paderborn,paderborn_n09_m07_f10_k001_11_multisensor,paderborn_n09_m07_f10_k001_11,test,K001,multisensor,current|force|speed|temperature|torque|vibration,N09,M07_F10,n09_m07_f10,healthy,0,healthy,healthy,11,data/raw/paderborn/K001/N09_M07_F10_K001_11.mat,False,paderborn_channels_verified
paderborn_artificial_to_natural,artificial_to_real_damage,paderborn,paderborn_n09_m07_f10_k001_12_multisensor,paderborn_n09_m07_f10_k001_12,test,K001,multisensor,current|force|speed|temperature|torque|vibration,N09,M07_F10,n09_m07_f10,healthy,0,healthy,healthy,12,data/raw/paderborn/K001/N09_M07_F10_K001_12.mat,False,paderborn_channels_verified
paderborn_artificial_to_natural,artificial_to_real_damage,paderborn,paderborn_n09_m07_f10_k001_13_multisensor,paderborn_n09_m07_f10_k001_13,test,K001,multisensor,current|force|speed|temperature|torque|vibration,N09,M07_F10,n09_m07_f10,healthy,0,healthy,healthy,13,data/raw/paderborn/K001/N09_M07_F10_K001_13.mat,False,paderborn_channels_verified
paderborn_artificial_to_natural,artificial_to_real_damage,paderborn,paderborn_n09_m07_f10_k001_14_multisensor,paderborn_n09_m07_f10_k001_14,test,K001,multisensor,current|force|speed|temperature|torque|vibration,N09,M07_F10,n09_m07_f10,healthy,0,healthy,healthy,14,data/raw/paderborn/K001/N09_M07_F10_K001_14.mat,False,paderborn_channels_verified
paderborn_artificial_to_natural,artificial_to_real_damage,paderborn,paderborn_n09_m07_f10_k001_15_multisensor,paderborn_n09_m07_f10_k001_15,test,K001,multisensor,current|force|speed|temperature|torque|vibration,N09,M07_F10,n09_m07_f10,healthy,0,healthy,healthy,15,data/raw/paderborn/K001/N09_M07_F10_K001_15.mat,False,paderborn_channels_verified
paderborn_artificial_to_natural,artificial_to_real_damage,paderborn,paderborn_n09_m07_f10_k001_16_multisensor,paderborn_n09_m07_f10_k001_16,test,K001,multisensor,current|force|speed|temperature|torque|vibration,N09,M07_F10,n09_m07_f10,healthy,0,healthy,healthy,16,data/raw/paderborn/K001/N09_M07_F10_K001_16.mat,False,paderborn_channels_verified
paderborn_artificial_to_natural,artificial_to_real_damage,paderborn,paderborn_n09_m07_f10_k001_17_multisensor,paderborn_n09_m07_f10_k001_17,test,K001,multisensor,current|force|speed|temperature|torque|vibration,N09,M07_F10,n09_m07_f10,healthy,0,healthy,healthy,17,data/raw/paderborn/K001/N09_M07_F10_K001_17.mat,False,paderborn_channels_verified
paderborn_artificial_to_natural,artificial_to_real_damage,paderborn,paderborn_n09_m07_f10_k001_18_multisensor,paderborn_n09_m07_f10_k001_18,test,K001,multisensor,current|force|speed|temperature|torque|vibration,N09,M07_F10,n09_m07_f10,healthy,0,healthy,healthy,18,data/raw/paderborn/K001/N09_M07_F10_K001_18.mat,False,paderborn_channels_verified
paderborn_artificial_to_natural,artificial_to_real_damage,paderborn,paderborn_n09_m07_f10_k001_19_multisensor,paderborn_n09_m07_f10_k001_19,test,K001,multisensor,current|force|speed|temperature|torque|vibration,N09,M07_F10,n09_m07_f10,healthy,0,healthy,healthy,19,data/raw/paderborn/K001/N09_M07_F10_K001_19.mat,False,paderborn_channels_verified
paderborn_artificial_to_natural,artificial_to_real_damage,paderborn,paderborn_n09_m07_f10_k001_1_multisensor,paderborn_n09_m07_f10_k001_1,test,K001,multisensor,current|force|speed|temperature|torque|vibration,N09,M07_F10,n09_m07_f10,healthy,0,healthy,healthy,1,data/raw/paderborn/K001/N09_M07_F10_K001_1.mat,False,paderborn_channels_verified
paderborn_artificial_to_natural,artificial_to_real_damage,paderborn,paderborn_n09_m07_f10_k001_20_multisensor,paderborn_n09_m07_f10_k001_20,test,K001,multisensor,current|force|speed|temperature|torque|vibration,N09,M07_F10,n09_m07_f10,healthy,0,healthy,healthy,20,data/raw/paderborn/K001/N09_M07_F10_K001_20.mat,False,paderborn_channels_verified
paderborn_artificial_to_natural,artificial_to_real_damage,paderborn,paderborn_n09_m07_f10_k001_2_multisensor,paderborn_n09_m07_f10_k001_2,test,K001,multisensor,current|force|speed|temperature|torque|vibration,N09,M07_F10,n09_m07_f10,healthy,0,healthy,healthy,2,data/raw/paderborn/K001/N09_M07_F10_K001_2.mat,False,paderborn_channels_verified
paderborn_artificial_to_natural,artificial_to_real_damage,paderborn,paderborn_n09_m07_f10_k001_3_multisensor,paderborn_n09_m07_f10_k001_3,test,K001,multisensor,current|force|speed|temperature|torque|vibration,N09,M07_F10,n09_m07_f10,healthy,0,healthy,healthy,3,data/raw/paderborn/K001/N09_M07_F10_K001_3.mat,False,paderborn_channels_verified
paderborn_artificial_to_natural,artificial_to_real_damage,paderborn,paderborn_n09_m07_f10_k001_4_multisensor,paderborn_n09_m07_f10_k001_4,test,K001,multisensor,current|force|speed|temperature|torque|vibration,N09,M07_F10,n09_m07_f10,healthy,0,healthy,healthy,4,data/raw/paderborn/K001/N09_M07_F10_K001_4.mat,False,paderborn_channels_verified
paderborn_artificial_to_natural,artificial_to_real_damage,paderborn,paderborn_n09_m07_f10_k001_5_multisensor,paderborn_n09_m07_f10_k001_5,test,K001,multisensor,current|force|speed|temperature|torque|vibration,N09,M07_F10,n09_m07_f10,healthy,0,healthy,healthy,5,data/raw/paderborn/K001/N09_M07_F10_K001_5.mat,False,paderborn_channels_verified
paderborn_artificial_to_natural,artificial_to_real_damage,paderborn,paderborn_n09_m07_f10_k001_6_multisensor,paderborn_n09_m07_f10_k001_6,test,K001,multisensor,current|force|speed|temperature|torque|vibration,N09,M07_F10,n09_m07_f10,healthy,0,healthy,healthy,6,data/raw/paderborn/K001/N09_M07_F10_K001_6.mat,False,paderborn_channels_verified
paderborn_artificial_to_natural,artificial_to_real_damage,paderborn,paderborn_n09_m07_f10_k001_7_multisensor,paderborn_n09_m07_f10_k001_7,test,K001,multisensor,current|force|speed|temperature|torque|vibration,N09,M07_F10,n09_m07_f10,healthy,0,healthy,healthy,7,data/raw/paderborn/K001/N09_M07_F10_K001_7.mat,False,paderborn_channels_verified
paderborn_artificial_to_natural,artificial_to_real_damage,paderborn,paderborn_n09_m07_f10_k001_8_multisensor,paderborn_n09_m07_f10_k001_8,test,K001,multisensor,current|force|speed|temperature|torque|vibration,N09,M07_F10,n09_m07_f10,healthy,0,healthy,healthy,8,data/raw/paderborn/K001/N09_M07_F10_K001_8.mat,False,paderborn_channels_verified
paderborn_artificial_to_natural,artificial_to_real_damage,paderborn,paderborn_n09_m07_f10_k001_9_multisensor,paderborn_n09_m07_f10_k001_9,test,K001,multisensor,current|force|speed|temperature|torque|vibration,N09,M07_F10,n09_m07_f10,healthy,0,healthy,healthy,9,data/raw/paderborn/K001/N09_M07_F10_K001_9.mat,False,paderborn_channels_verified
paderborn_artificial_to_natural,artificial_to_real_damage,paderborn,paderborn_n15_m01_f10_k001_10_multisensor,paderborn_n15_m01_f10_k001_10,test,K001,multisensor,current|force|speed|temperature|torque|vibration,N15,M01_F10,n15_m01_f10,healthy,0,healthy,healthy,10,data/raw/paderborn/K001/N15_M01_F10_K001_10.mat,False,paderborn_channels_verified
paderborn_artificial_to_natural,artificial_to_real_damage,paderborn,paderborn_n15_m01_f10_k001_11_multisensor,paderborn_n15_m01_f10_k001_11,test,K001,multisensor,current|force|speed|temperature|torque|vibration,N15,M01_F10,n15_m01_f10,healthy,0,healthy,healthy,11,data/raw/paderborn/K001/N15_M01_F10_K001_11.mat,False,paderborn_channels_verified
paderborn_artificial_to_natural,artificial_to_real_damage,paderborn,paderborn_n15_m01_f10_k001_12_multisensor,paderborn_n15_m01_f10_k001_12,test,K001,multisensor,current|force|speed|temperature|torque|vibration,N15,M01_F10,n15_m01_f10,healthy,0,healthy,healthy,12,data/raw/paderborn/K001/N15_M01_F10_K001_12.mat,False,paderborn_channels_verified
paderborn_artificial_to_natural,artificial_to_real_damage,paderborn,paderborn_n15_m01_f10_k001_13_multisensor,paderborn_n15_m01_f10_k001_13,test,K001,multisensor,current|force|speed|temperature|torque|vibration,N15,M01_F10,n15_m01_f10,healthy,0,healthy,healthy,13,data/raw/paderborn/K001/N15_M01_F10_K001_13.mat,False,paderborn_channels_verified
paderborn_artificial_to_natural,artificial_to_real_damage,paderborn,paderborn_n15_m01_f10_k001_14_multisensor,paderborn_n15_m01_f10_k001_14,test,K001,multisensor,current|force|speed|temperature|torque|vibration,N15,M01_F10,n15_m01_f10,healthy,0,healthy,healthy,14,data/raw/paderborn/K001/N15_M01_F10_K001_14.mat,False,paderborn_channels_verified
paderborn_artificial_to_natural,artificial_to_real_damage,paderborn,paderborn_n15_m01_f10_k001_15_multisensor,paderborn_n15_m01_f10_k001_15,test,K001,multisensor,current|force|speed|temperature|torque|vibration,N15,M01_F10,n15_m01_f10,healthy,0,healthy,healthy,15,data/raw/paderborn/K001/N15_M01_F10_K001_15.mat,False,paderborn_channels_verified
paderborn_artificial_to_natural,artificial_to_real_damage,paderborn,paderborn_n15_m01_f10_k001_16_multisensor,paderborn_n15_m01_f10_k001_16,test,K001,multisensor,current|force|speed|temperature|torque|vibration,N15,M01_F10,n15_m01_f10,healthy,0,healthy,healthy,16,data/raw/paderborn/K001/N15_M01_F10_K001_16.mat,False,paderborn_channels_verified
paderborn_artificial_to_natural,artificial_to_real_damage,paderborn,paderborn_n15_m01_f10_k001_17_multisensor,paderborn_n15_m01_f10_k001_17,test,K001,multisensor,current|force|speed|temperature|torque|vibration,N15,M01_F10,n15_m01_f10,healthy,0,healthy,healthy,17,data/raw/paderborn/K001/N15_M01_F10_K001_17.mat,False,paderborn_channels_verified
paderborn_artificial_to_natural,artificial_to_real_damage,paderborn,paderborn_n15_m01_f10_k001_18_multisensor,paderborn_n15_m01_f10_k001_18,test,K001,multisensor,current|force|speed|temperature|torque|vibration,N15,M01_F10,n15_m01_f10,healthy,0,healthy,healthy,18,data/raw/paderborn/K001/N15_M01_F10_K001_18.mat,False,paderborn_channels_verified
paderborn_artificial_to_natural,artificial_to_real_damage,paderborn,paderborn_n15_m01_f10_k001_19_multisensor,paderborn_n15_m01_f10_k001_19,test,K001,multisensor,current|force|speed|temperature|torque|vibration,N15,M01_F10,n15_m01_f10,healthy,0,healthy,healthy,19,data/raw/paderborn/K001/N15_M01_F10_K001_19.mat,False,paderborn_channels_verified
paderborn_artificial_to_natural,artificial_to_real_damage,paderborn,paderborn_n15_m01_f10_k001_1_multisensor,paderborn_n15_m01_f10_k001_1,test,K001,multisensor,current|force|speed|temperature|torque|vibration,N15,M01_F10,n15_m01_f10,healthy,0,healthy,healthy,1,data/raw/paderborn/K001/N15_M01_F10_K001_1.mat,False,paderborn_channels_verified
paderborn_artificial_to_natural,artificial_to_real_damage,paderborn,paderborn_n15_m01_f10_k001_20_multisensor,paderborn_n15_m01_f10_k001_20,test,K001,multisensor,current|force|speed|temperature|torque|vibration,N15,M01_F10,n15_m01_f10,healthy,0,healthy,healthy,20,data/raw/paderborn/K001/N15_M01_F10_K001_20.mat,False,paderborn_channels_verified
paderborn_artificial_to_natural,artificial_to_real_damage,paderborn,paderborn_n15_m01_f10_k001_2_multisensor,paderborn_n15_m01_f10_k001_2,test,K001,multisensor,current|force|speed|temperature|torque|vibration,N15,M01_F10,n15_m01_f10,healthy,0,healthy,healthy,2,data/raw/paderborn/K001/N15_M01_F10_K001_2.mat,False,paderborn_channels_verified
paderborn_artificial_to_natural,artificial_to_real_damage,paderborn,paderborn_n15_m01_f10_k001_3_multisensor,paderborn_n15_m01_f10_k001_3,test,K001,multisensor,current|force|speed|temperature|torque|vibration,N15,M01_F10,n15_m01_f10,healthy,0,healthy,healthy,3,data/raw/paderborn/K001/N15_M01_F10_K001_3.mat,False,paderborn_channels_verified
paderborn_artificial_to_natural,artificial_to_real_damage,paderborn,paderborn_n15_m01_f10_k001_4_multisensor,paderborn_n15_m01_f10_k001_4,test,K001,multisensor,current|force|speed|temperature|torque|vibration,N15,M01_F10,n15_m01_f10,healthy,0,healthy,healthy,4,data/raw/paderborn/K001/N15_M01_F10_K001_4.mat,False,paderborn_channels_verified
paderborn_artificial_to_natural,artificial_to_real_damage,paderborn,paderborn_n15_m01_f10_k001_5_multisensor,paderborn_n15_m01_f10_k001_5,test,K001,multisensor,current|force|speed|temperature|torque|vibration,N15,M01_F10,n15_m01_f10,healthy,0,healthy,healthy,5,data/raw/paderborn/K001/N15_M01_F10_K001_5.mat,False,paderborn_channels_verified
paderborn_artificial_to_natural,artificial_to_real_damage,paderborn,paderborn_n15_m01_f10_k001_6_multisensor,paderborn_n15_m01_f10_k001_6,test,K001,multisensor,current|force|speed|temperature|torque|vibration,N15,M01_F10,n15_m01_f10,healthy,0,healthy,healthy,6,data/raw/paderborn/K001/N15_M01_F10_K001_6.mat,False,paderborn_channels_verified
paderborn_artificial_to_natural,artificial_to_real_damage,paderborn,paderborn_n15_m01_f10_k001_7_multisensor,paderborn_n15_m01_f10_k001_7,test,K001,multisensor,current|force|speed|temperature|torque|vibration,N15,M01_F10,n15_m01_f10,healthy,0,healthy,healthy,7,data/raw/paderborn/K001/N15_M01_F10_K001_7.mat,False,paderborn_channels_verified
paderborn_artificial_to_natural,artificial_to_real_damage,paderborn,paderborn_n15_m01_f10_k001_8_multisensor,paderborn_n15_m01_f10_k001_8,test,K001,multisensor,current|force|speed|temperature|torque|vibration,N15,M01_F10,n15_m01_f10,healthy,0,healthy,healthy,8,data/raw/paderborn/K001/N15_M01_F10_K001_8.mat,False,paderborn_channels_verified
paderborn_artificial_to_natural,artificial_to_real_damage,paderborn,paderborn_n15_m01_f10_k001_9_multisensor,paderborn_n15_m01_f10_k001_9,test,K001,multisensor,current|force|speed|temperature|torque|vibration,N15,M01_F10,n15_m01_f10,healthy,0,healthy,healthy,9,data/raw/paderborn/K001/N15_M01_F10_K001_9.mat,False,paderborn_channels_verified
paderborn_artificial_to_natural,artificial_to_real_damage,paderborn,paderborn_n15_m07_f04_k001_10_multisensor,paderborn_n15_m07_f04_k001_10,test,K001,multisensor,current|force|speed|temperature|torque|vibration,N15,M07_F04,n15_m07_f04,healthy,0,healthy,healthy,10,data/raw/paderborn/K001/N15_M07_F04_K001_10.mat,False,paderborn_channels_verified
paderborn_artificial_to_natural,artificial_to_real_damage,paderborn,paderborn_n15_m07_f04_k001_11_multisensor,paderborn_n15_m07_f04_k001_11,test,K001,multisensor,current|force|speed|temperature|torque|vibration,N15,M07_F04,n15_m07_f04,healthy,0,healthy,healthy,11,data/raw/paderborn/K001/N15_M07_F04_K001_11.mat,False,paderborn_channels_verified
paderborn_artificial_to_natural,artificial_to_real_damage,paderborn,paderborn_n15_m07_f04_k001_12_multisensor,paderborn_n15_m07_f04_k001_12,test,K001,multisensor,current|force|speed|temperature|torque|vibration,N15,M07_F04,n15_m07_f04,healthy,0,healthy,healthy,12,data/raw/paderborn/K001/N15_M07_F04_K001_12.mat,False,paderborn_channels_verified
paderborn_artificial_to_natural,artificial_to_real_damage,paderborn,paderborn_n15_m07_f04_k001_13_multisensor,paderborn_n15_m07_f04_k001_13,test,K001,multisensor,current|force|speed|temperature|torque|vibration,N15,M07_F04,n15_m07_f04,healthy,0,healthy,healthy,13,data/raw/paderborn/K001/N15_M07_F04_K001_13.mat,False,paderborn_channels_verified
paderborn_artificial_to_natural,artificial_to_real_damage,paderborn,paderborn_n15_m07_f04_k001_14_multisensor,paderborn_n15_m07_f04_k001_14,test,K001,multisensor,current|force|speed|temperature|torque|vibration,N15,M07_F04,n15_m07_f04,healthy,0,healthy,healthy,14,data/raw/paderborn/K001/N15_M07_F04_K001_14.mat,False,paderborn_channels_verified
paderborn_artificial_to_natural,artificial_to_real_damage,paderborn,paderborn_n15_m07_f04_k001_15_multisensor,paderborn_n15_m07_f04_k001_15,test,K001,multisensor,current|force|speed|temperature|torque|vibration,N15,M07_F04,n15_m07_f04,healthy,0,healthy,healthy,15,data/raw/paderborn/K001/N15_M07_F04_K001_15.mat,False,paderborn_channels_verified
paderborn_artificial_to_natural,artificial_to_real_damage,paderborn,paderborn_n15_m07_f04_k001_16_multisensor,paderborn_n15_m07_f04_k001_16,test,K001,multisensor,current|force|speed|temperature|torque|vibration,N15,M07_F04,n15_m07_f04,healthy,0,healthy,healthy,16,data/raw/paderborn/K001/N15_M07_F04_K001_16.mat,False,paderborn_channels_verified
paderborn_artificial_to_natural,artificial_to_real_damage,paderborn,paderborn_n15_m07_f04_k001_17_multisensor,paderborn_n15_m07_f04_k001_17,test,K001,multisensor,current|force|speed|temperature|torque|vibration,N15,M07_F04,n15_m07_f04,healthy,0,healthy,healthy,17,data/raw/paderborn/K001/N15_M07_F04_K001_17.mat,False,paderborn_channels_verified
paderborn_artificial_to_natural,artificial_to_real_damage,paderborn,paderborn_n15_m07_f04_k001_18_multisensor,paderborn_n15_m07_f04_k001_18,test,K001,multisensor,current|force|speed|temperature|torque|vibration,N15,M07_F04,n15_m07_f04,healthy,0,healthy,healthy,18,data/raw/paderborn/K001/N15_M07_F04_K001_18.mat,False,paderborn_channels_verified
paderborn_artificial_to_natural,artificial_to_real_damage,paderborn,paderborn_n15_m07_f04_k001_19_multisensor,paderborn_n15_m07_f04_k001_19,test,K001,multisensor,current|force|speed|temperature|torque|vibration,N15,M07_F04,n15_m07_f04,healthy,0,healthy,healthy,19,data/raw/paderborn/K001/N15_M07_F04_K001_19.mat,False,paderborn_channels_verified
paderborn_artificial_to_natural,artificial_to_real_damage,paderborn,paderborn_n15_m07_f04_k001_1_multisensor,paderborn_n15_m07_f04_k001_1,test,K001,multisensor,current|force|speed|temperature|torque|vibration,N15,M07_F04,n15_m07_f04,healthy,0,healthy,healthy,1,data/raw/paderborn/K001/N15_M07_F04_K001_1.mat,False,paderborn_channels_verified
paderborn_artificial_to_natural,artificial_to_real_damage,paderborn,paderborn_n15_m07_f04_k001_20_multisensor,paderborn_n15_m07_f04_k001_20,test,K001,multisensor,current|force|speed|temperature|torque|vibration,N15,M07_F04,n15_m07_f04,healthy,0,healthy,healthy,20,data/raw/paderborn/K001/N15_M07_F04_K001_20.mat,False,paderborn_channels_verified
paderborn_artificial_to_natural,artificial_to_real_damage,paderborn,paderborn_n15_m07_f04_k001_2_multisensor,paderborn_n15_m07_f04_k001_2,test,K001,multisensor,current|force|speed|temperature|torque|vibration,N15,M07_F04,n15_m07_f04,healthy,0,healthy,healthy,2,data/raw/paderborn/K001/N15_M07_F04_K001_2.mat,False,paderborn_channels_verified
paderborn_artificial_to_natural,artificial_to_real_damage,paderborn,paderborn_n15_m07_f04_k001_3_multisensor,paderborn_n15_m07_f04_k001_3,test,K001,multisensor,current|force|speed|temperature|torque|vibration,N15,M07_F04,n15_m07_f04,healthy,0,healthy,healthy,3,data/raw/paderborn/K001/N15_M07_F04_K001_3.mat,False,paderborn_channels_verified
paderborn_artificial_to_natural,artificial_to_real_damage,paderborn,paderborn_n15_m07_f04_k001_4_multisensor,paderborn_n15_m07_f04_k001_4,test,K001,multisensor,current|force|speed|temperature|torque|vibration,N15,M07_F04,n15_m07_f04,healthy,0,healthy,healthy,4,data/raw/paderborn/K001/N15_M07_F04_K001_4.mat,False,paderborn_channels_verified
paderborn_artificial_to_natural,artificial_to_real_damage,paderborn,paderborn_n15_m07_f04_k001_5_multisensor,paderborn_n15_m07_f04_k001_5,test,K001,multisensor,current|force|speed|temperature|torque|vibration,N15,M07_F04,n15_m07_f04,healthy,0,healthy,healthy,5,data/raw/paderborn/K001/N15_M07_F04_K001_5.mat,False,paderborn_channels_verified
paderborn_artificial_to_natural,artificial_to_real_damage,paderborn,paderborn_n15_m07_f04_k001_6_multisensor,paderborn_n15_m07_f04_k001_6,test,K001,multisensor,current|force|speed|temperature|torque|vibration,N15,M07_F04,n15_m07_f04,healthy,0,healthy,healthy,6,data/raw/paderborn/K001/N15_M07_F04_K001_6.mat,False,paderborn_channels_verified
paderborn_artificial_to_natural,artificial_to_real_damage,paderborn,paderborn_n15_m07_f04_k001_7_multisensor,paderborn_n15_m07_f04_k001_7,test,K001,multisensor,current|force|speed|temperature|torque|vibration,N15,M07_F04,n15_m07_f04,healthy,0,healthy,healthy,7,data/raw/paderborn/K001/N15_M07_F04_K001_7.mat,False,paderborn_channels_verified
paderborn_artificial_to_natural,artificial_to_real_damage,paderborn,paderborn_n15_m07_f04_k001_8_multisensor,paderborn_n15_m07_f04_k001_8,test,K001,multisensor,current|force|speed|temperature|torque|vibration,N15,M07_F04,n15_m07_f04,healthy,0,healthy,healthy,8,data/raw/paderborn/K001/N15_M07_F04_K001_8.mat,False,paderborn_channels_verified
paderborn_artificial_to_natural,artificial_to_real_damage,paderborn,paderborn_n15_m07_f04_k001_9_multisensor,paderborn_n15_m07_f04_k001_9,test,K001,multisensor,current|force|speed|temperature|torque|vibration,N15,M07_F04,n15_m07_f04,healthy,0,healthy,healthy,9,data/raw/paderborn/K001/N15_M07_F04_K001_9.mat,False,paderborn_channels_verified
paderborn_artificial_to_natural,artificial_to_real_damage,paderborn,paderborn_n15_m07_f10_k001_10_multisensor,paderborn_n15_m07_f10_k001_10,test,K001,multisensor,current|force|speed|temperature|torque|vibration,N15,M07_F10,n15_m07_f10,healthy,0,healthy,healthy,10,data/raw/paderborn/K001/N15_M07_F10_K001_10.mat,False,paderborn_channels_verified
paderborn_artificial_to_natural,artificial_to_real_damage,paderborn,paderborn_n15_m07_f10_k001_11_multisensor,paderborn_n15_m07_f10_k001_11,test,K001,multisensor,current|force|speed|temperature|torque|vibration,N15,M07_F10,n15_m07_f10,healthy,0,healthy,healthy,11,data/raw/paderborn/K001/N15_M07_F10_K001_11.mat,False,paderborn_channels_verified
paderborn_artificial_to_natural,artificial_to_real_damage,paderborn,paderborn_n15_m07_f10_k001_12_multisensor,paderborn_n15_m07_f10_k001_12,test,K001,multisensor,current|force|speed|temperature|torque|vibration,N15,M07_F10,n15_m07_f10,healthy,0,healthy,healthy,12,data/raw/paderborn/K001/N15_M07_F10_K001_12.mat,False,paderborn_channels_verified
paderborn_artificial_to_natural,artificial_to_real_damage,paderborn,paderborn_n15_m07_f10_k001_13_multisensor,paderborn_n15_m07_f10_k001_13,test,K001,multisensor,current|force|speed|temperature|torque|vibration,N15,M07_F10,n15_m07_f10,healthy,0,healthy,healthy,13,data/raw/paderborn/K001/N15_M07_F10_K001_13.mat,False,paderborn_channels_verified
paderborn_artificial_to_natural,artificial_to_real_damage,paderborn,paderborn_n15_m07_f10_k001_14_multisensor,paderborn_n15_m07_f10_k001_14,test,K001,multisensor,current|force|speed|temperature|torque|vibration,N15,M07_F10,n15_m07_f10,healthy,0,healthy,healthy,14,data/raw/paderborn/K001/N15_M07_F10_K001_14.mat,False,paderborn_channels_verified
paderborn_artificial_to_natural,artificial_to_real_damage,paderborn,paderborn_n15_m07_f10_k001_15_multisensor,paderborn_n15_m07_f10_k001_15,test,K001,multisensor,current|force|speed|temperature|torque|vibration,N15,M07_F10,n15_m07_f10,healthy,0,healthy,healthy,15,data/raw/paderborn/K001/N15_M07_F10_K001_15.mat,False,paderborn_channels_verified
paderborn_artificial_to_natural,artificial_to_real_damage,paderborn,paderborn_n15_m07_f10_k001_16_multisensor,paderborn_n15_m07_f10_k001_16,test,K001,multisensor,current|force|speed|temperature|torque|vibration,N15,M07_F10,n15_m07_f10,healthy,0,healthy,healthy,16,data/raw/paderborn/K001/N15_M07_F10_K001_16.mat,False,paderborn_channels_verified
paderborn_artificial_to_natural,artificial_to_real_damage,paderborn,paderborn_n15_m07_f10_k001_17_multisensor,paderborn_n15_m07_f10_k001_17,test,K001,multisensor,current|force|speed|temperature|torque|vibration,N15,M07_F10,n15_m07_f10,healthy,0,healthy,healthy,17,data/raw/paderborn/K001/N15_M07_F10_K001_17.mat,False,paderborn_channels_verified
paderborn_artificial_to_natural,artificial_to_real_damage,paderborn,paderborn_n15_m07_f10_k001_18_multisensor,paderborn_n15_m07_f10_k001_18,test,K001,multisensor,current|force|speed|temperature|torque|vibration,N15,M07_F10,n15_m07_f10,healthy,0,healthy,healthy,18,data/raw/paderborn/K001/N15_M07_F10_K001_18.mat,False,paderborn_channels_verified
paderborn_artificial_to_natural,artificial_to_real_damage,paderborn,paderborn_n15_m07_f10_k001_19_multisensor,paderborn_n15_m07_f10_k001_19,test,K001,multisensor,current|force|speed|temperature|torque|vibration,N15,M07_F10,n15_m07_f10,healthy,0,healthy,healthy,19,data/raw/paderborn/K001/N15_M07_F10_K001_19.mat,False,paderborn_channels_verified
paderborn_artificial_to_natural,artificial_to_real_damage,paderborn,paderborn_n15_m07_f10_k001_1_multisensor,paderborn_n15_m07_f10_k001_1,test,K001,multisensor,current|force|speed|temperature|torque|vibration,N15,M07_F10,n15_m07_f10,healthy,0,healthy,healthy,1,data/raw/paderborn/K001/N15_M07_F10_K001_1.mat,False,paderborn_channels_verified
paderborn_artificial_to_natural,artificial_to_real_damage,paderborn,paderborn_n15_m07_f10_k001_20_multisensor,paderborn_n15_m07_f10_k001_20,test,K001,multisensor,current|force|speed|temperature|torque|vibration,N15,M07_F10,n15_m07_f10,healthy,0,healthy,healthy,20,data/raw/paderborn/K001/N15_M07_F10_K001_20.mat,False,paderborn_channels_verified
paderborn_artificial_to_natural,artificial_to_real_damage,paderborn,paderborn_n15_m07_f10_k001_2_multisensor,paderborn_n15_m07_f10_k001_2,test,K001,multisensor,current|force|speed|temperature|torque|vibration,N15,M07_F10,n15_m07_f10,healthy,0,healthy,healthy,2,data/raw/paderborn/K001/N15_M07_F10_K001_2.mat,False,paderborn_channels_verified
paderborn_artificial_to_natural,artificial_to_real_damage,paderborn,paderborn_n15_m07_f10_k001_3_multisensor,paderborn_n15_m07_f10_k001_3,test,K001,multisensor,current|force|speed|temperature|torque|vibration,N15,M07_F10,n15_m07_f10,healthy,0,healthy,healthy,3,data/raw/paderborn/K001/N15_M07_F10_K001_3.mat,False,paderborn_channels_verified
paderborn_artificial_to_natural,artificial_to_real_damage,paderborn,paderborn_n15_m07_f10_k001_4_multisensor,paderborn_n15_m07_f10_k001_4,test,K001,multisensor,current|force|speed|temperature|torque|vibration,N15,M07_F10,n15_m07_f10,healthy,0,healthy,healthy,4,data/raw/paderborn/K001/N15_M07_F10_K001_4.mat,False,paderborn_channels_verified
paderborn_artificial_to_natural,artificial_to_real_damage,paderborn,paderborn_n15_m07_f10_k001_5_multisensor,paderborn_n15_m07_f10_k001_5,test,K001,multisensor,current|force|speed|temperature|torque|vibration,N15,M07_F10,n15_m07_f10,healthy,0,healthy,healthy,5,data/raw/paderborn/K001/N15_M07_F10_K001_5.mat,False,paderborn_channels_verified
paderborn_artificial_to_natural,artificial_to_real_damage,paderborn,paderborn_n15_m07_f10_k001_6_multisensor,paderborn_n15_m07_f10_k001_6,test,K001,multisensor,current|force|speed|temperature|torque|vibration,N15,M07_F10,n15_m07_f10,healthy,0,healthy,healthy,6,data/raw/paderborn/K001/N15_M07_F10_K001_6.mat,False,paderborn_channels_verified
paderborn_artificial_to_natural,artificial_to_real_damage,paderborn,paderborn_n15_m07_f10_k001_7_multisensor,paderborn_n15_m07_f10_k001_7,test,K001,multisensor,current|force|speed|temperature|torque|vibration,N15,M07_F10,n15_m07_f10,healthy,0,healthy,healthy,7,data/raw/paderborn/K001/N15_M07_F10_K001_7.mat,False,paderborn_channels_verified
paderborn_artificial_to_natural,artificial_to_real_damage,paderborn,paderborn_n15_m07_f10_k001_8_multisensor,paderborn_n15_m07_f10_k001_8,test,K001,multisensor,current|force|speed|temperature|torque|vibration,N15,M07_F10,n15_m07_f10,healthy,0,healthy,healthy,8,data/raw/paderborn/K001/N15_M07_F10_K001_8.mat,False,paderborn_channels_verified
paderborn_artificial_to_natural,artificial_to_real_damage,paderborn,paderborn_n15_m07_f10_k001_9_multisensor,paderborn_n15_m07_f10_k001_9,test,K001,multisensor,current|force|speed|temperature|torque|vibration,N15,M07_F10,n15_m07_f10,healthy,0,healthy,healthy,9,data/raw/paderborn/K001/N15_M07_F10_K001_9.mat,False,paderborn_channels_verified
paderborn_artificial_to_natural,artificial_to_real_damage,paderborn,paderborn_n09_m07_f10_k002_10_multisensor,paderborn_n09_m07_f10_k002_10,test,K002,multisensor,current|force|speed|temperature|torque|vibration,N09,M07_F10,n09_m07_f10,healthy,0,healthy,healthy,10,data/raw/paderborn/K002/N09_M07_F10_K002_10.mat,False,paderborn_channels_verified
paderborn_artificial_to_natural,artificial_to_real_damage,paderborn,paderborn_n09_m07_f10_k002_11_multisensor,paderborn_n09_m07_f10_k002_11,test,K002,multisensor,current|force|speed|temperature|torque|vibration,N09,M07_F10,n09_m07_f10,healthy,0,healthy,healthy,11,data/raw/paderborn/K002/N09_M07_F10_K002_11.mat,False,paderborn_channels_verified
paderborn_artificial_to_natural,artificial_to_real_damage,paderborn,paderborn_n09_m07_f10_k002_12_multisensor,paderborn_n09_m07_f10_k002_12,test,K002,multisensor,current|force|speed|temperature|torque|vibration,N09,M07_F10,n09_m07_f10,healthy,0,healthy,healthy,12,data/raw/paderborn/K002/N09_M07_F10_K002_12.mat,False,paderborn_channels_verified
paderborn_artificial_to_natural,artificial_to_real_damage,paderborn,paderborn_n09_m07_f10_k002_13_multisensor,paderborn_n09_m07_f10_k002_13,test,K002,multisensor,current|force|speed|temperature|torque|vibration,N09,M07_F10,n09_m07_f10,healthy,0,healthy,healthy,13,data/raw/paderborn/K002/N09_M07_F10_K002_13.mat,False,paderborn_channels_verified
paderborn_artificial_to_natural,artificial_to_real_damage,paderborn,paderborn_n09_m07_f10_k002_14_multisensor,paderborn_n09_m07_f10_k002_14,test,K002,multisensor,current|force|speed|temperature|torque|vibration,N09,M07_F10,n09_m07_f10,healthy,0,healthy,healthy,14,data/raw/paderborn/K002/N09_M07_F10_K002_14.mat,False,paderborn_channels_verified
paderborn_artificial_to_natural,artificial_to_real_damage,paderborn,paderborn_n09_m07_f10_k002_15_multisensor,paderborn_n09_m07_f10_k002_15,test,K002,multisensor,current|force|speed|temperature|torque|vibration,N09,M07_F10,n09_m07_f10,healthy,0,healthy,healthy,15,data/raw/paderborn/K002/N09_M07_F10_K002_15.mat,False,paderborn_channels_verified
paderborn_artificial_to_natural,artificial_to_real_damage,paderborn,paderborn_n09_m07_f10_k002_16_multisensor,paderborn_n09_m07_f10_k002_16,test,K002,multisensor,current|force|speed|temperature|torque|vibration,N09,M07_F10,n09_m07_f10,healthy,0,healthy,healthy,16,data/raw/paderborn/K002/N09_M07_F10_K002_16.mat,False,paderborn_channels_verified
paderborn_artificial_to_natural,artificial_to_real_damage,paderborn,paderborn_n09_m07_f10_k002_17_multisensor,paderborn_n09_m07_f10_k002_17,test,K002,multisensor,current|force|speed|temperature|torque|vibration,N09,M07_F10,n09_m07_f10,healthy,0,healthy,healthy,17,data/raw/paderborn/K002/N09_M07_F10_K002_17.mat,False,paderborn_channels_verified
paderborn_artificial_to_natural,artificial_to_real_damage,paderborn,paderborn_n09_m07_f10_k002_18_multisensor,paderborn_n09_m07_f10_k002_18,test,K002,multisensor,current|force|speed|temperature|torque|vibration,N09,M07_F10,n09_m07_f10,healthy,0,healthy,healthy,18,data/raw/paderborn/K002/N09_M07_F10_K002_18.mat,False,paderborn_channels_verified
paderborn_artificial_to_natural,artificial_to_real_damage,paderborn,paderborn_n09_m07_f10_k002_19_multisensor,paderborn_n09_m07_f10_k002_19,test,K002,multisensor,current|force|speed|temperature|torque|vibration,N09,M07_F10,n09_m07_f10,healthy,0,healthy,healthy,19,data/raw/paderborn/K002/N09_M07_F10_K002_19.mat,False,paderborn_channels_verified
paderborn_artificial_to_natural,artificial_to_real_damage,paderborn,paderborn_n09_m07_f10_k002_1_multisensor,paderborn_n09_m07_f10_k002_1,test,K002,multisensor,current|force|speed|temperature|torque|vibration,N09,M07_F10,n09_m07_f10,healthy,0,healthy,healthy,1,data/raw/paderborn/K002/N09_M07_F10_K002_1.mat,False,paderborn_channels_verified
paderborn_artificial_to_natural,artificial_to_real_damage,paderborn,paderborn_n09_m07_f10_k002_20_multisensor,paderborn_n09_m07_f10_k002_20,test,K002,multisensor,current|force|speed|temperature|torque|vibration,N09,M07_F10,n09_m07_f10,healthy,0,healthy,healthy,20,data/raw/paderborn/K002/N09_M07_F10_K002_20.mat,False,paderborn_channels_verified
paderborn_artificial_to_natural,artificial_to_real_damage,paderborn,paderborn_n09_m07_f10_k002_2_multisensor,paderborn_n09_m07_f10_k002_2,test,K002,multisensor,current|force|speed|temperature|torque|vibration,N09,M07_F10,n09_m07_f10,healthy,0,healthy,healthy,2,data/raw/paderborn/K002/N09_M07_F10_K002_2.mat,False,paderborn_channels_verified
paderborn_artificial_to_natural,artificial_to_real_damage,paderborn,paderborn_n09_m07_f10_k002_3_multisensor,paderborn_n09_m07_f10_k002_3,test,K002,multisensor,current|force|speed|temperature|torque|vibration,N09,M07_F10,n09_m07_f10,healthy,0,healthy,healthy,3,data/raw/paderborn/K002/N09_M07_F10_K002_3.mat,False,paderborn_channels_verified
paderborn_artificial_to_natural,artificial_to_real_damage,paderborn,paderborn_n09_m07_f10_k002_4_multisensor,paderborn_n09_m07_f10_k002_4,test,K002,multisensor,current|force|speed|temperature|torque|vibration,N09,M07_F10,n09_m07_f10,healthy,0,healthy,healthy,4,data/raw/paderborn/K002/N09_M07_F10_K002_4.mat,False,paderborn_channels_verified
paderborn_artificial_to_natural,artificial_to_real_damage,paderborn,paderborn_n09_m07_f10_k002_5_multisensor,paderborn_n09_m07_f10_k002_5,test,K002,multisensor,current|force|speed|temperature|torque|vibration,N09,M07_F10,n09_m07_f10,healthy,0,healthy,healthy,5,data/raw/paderborn/K002/N09_M07_F10_K002_5.mat,False,paderborn_channels_verified
paderborn_artificial_to_natural,artificial_to_real_damage,paderborn,paderborn_n09_m07_f10_k002_6_multisensor,paderborn_n09_m07_f10_k002_6,test,K002,multisensor,current|force|speed|temperature|torque|vibration,N09,M07_F10,n09_m07_f10,healthy,0,healthy,healthy,6,data/raw/paderborn/K002/N09_M07_F10_K002_6.mat,False,paderborn_channels_verified
paderborn_artificial_to_natural,artificial_to_real_damage,paderborn,paderborn_n09_m07_f10_k002_7_multisensor,paderborn_n09_m07_f10_k002_7,test,K002,multisensor,current|force|speed|temperature|torque|vibration,N09,M07_F10,n09_m07_f10,healthy,0,healthy,healthy,7,data/raw/paderborn/K002/N09_M07_F10_K002_7.mat,False,paderborn_channels_verified
paderborn_artificial_to_natural,artificial_to_real_damage,paderborn,paderborn_n09_m07_f10_k002_8_multisensor,paderborn_n09_m07_f10_k002_8,test,K002,multisensor,current|force|speed|temperature|torque|vibration,N09,M07_F10,n09_m07_f10,healthy,0,healthy,healthy,8,data/raw/paderborn/K002/N09_M07_F10_K002_8.mat,False,paderborn_channels_verified
paderborn_artificial_to_natural,artificial_to_real_damage,paderborn,paderborn_n09_m07_f10_k002_9_multisensor,paderborn_n09_m07_f10_k002_9,test,K002,multisensor,current|force|speed|temperature|torque|vibration,N09,M07_F10,n09_m07_f10,healthy,0,healthy,healthy,9,data/raw/paderborn/K002/N09_M07_F10_K002_9.mat,False,paderborn_channels_verified
paderborn_artificial_to_natural,artificial_to_real_damage,paderborn,paderborn_n15_m01_f10_k002_10_multisensor,paderborn_n15_m01_f10_k002_10,test,K002,multisensor,current|force|speed|temperature|torque|vibration,N15,M01_F10,n15_m01_f10,healthy,0,healthy,healthy,10,data/raw/paderborn/K002/N15_M01_F10_K002_10.mat,False,paderborn_channels_verified
paderborn_artificial_to_natural,artificial_to_real_damage,paderborn,paderborn_n15_m01_f10_k002_11_multisensor,paderborn_n15_m01_f10_k002_11,test,K002,multisensor,current|force|speed|temperature|torque|vibration,N15,M01_F10,n15_m01_f10,healthy,0,healthy,healthy,11,data/raw/paderborn/K002/N15_M01_F10_K002_11.mat,False,paderborn_channels_verified
paderborn_artificial_to_natural,artificial_to_real_damage,paderborn,paderborn_n15_m01_f10_k002_12_multisensor,paderborn_n15_m01_f10_k002_12,test,K002,multisensor,current|force|speed|temperature|torque|vibration,N15,M01_F10,n15_m01_f10,healthy,0,healthy,healthy,12,data/raw/paderborn/K002/N15_M01_F10_K002_12.mat,False,paderborn_channels_verified
paderborn_artificial_to_natural,artificial_to_real_damage,paderborn,paderborn_n15_m01_f10_k002_13_multisensor,paderborn_n15_m01_f10_k002_13,test,K002,multisensor,current|force|speed|temperature|torque|vibration,N15,M01_F10,n15_m01_f10,healthy,0,healthy,healthy,13,data/raw/paderborn/K002/N15_M01_F10_K002_13.mat,False,paderborn_channels_verified
paderborn_artificial_to_natural,artificial_to_real_damage,paderborn,paderborn_n15_m01_f10_k002_14_multisensor,paderborn_n15_m01_f10_k002_14,test,K002,multisensor,current|force|speed|temperature|torque|vibration,N15,M01_F10,n15_m01_f10,healthy,0,healthy,healthy,14,data/raw/paderborn/K002/N15_M01_F10_K002_14.mat,False,paderborn_channels_verified
paderborn_artificial_to_natural,artificial_to_real_damage,paderborn,paderborn_n15_m01_f10_k002_15_multisensor,paderborn_n15_m01_f10_k002_15,test,K002,multisensor,current|force|speed|temperature|torque|vibration,N15,M01_F10,n15_m01_f10,healthy,0,healthy,healthy,15,data/raw/paderborn/K002/N15_M01_F10_K002_15.mat,False,paderborn_channels_verified
paderborn_artificial_to_natural,artificial_to_real_damage,paderborn,paderborn_n15_m01_f10_k002_16_multisensor,paderborn_n15_m01_f10_k002_16,test,K002,multisensor,current|force|speed|temperature|torque|vibration,N15,M01_F10,n15_m01_f10,healthy,0,healthy,healthy,16,data/raw/paderborn/K002/N15_M01_F10_K002_16.mat,False,paderborn_channels_verified
paderborn_artificial_to_natural,artificial_to_real_damage,paderborn,paderborn_n15_m01_f10_k002_17_multisensor,paderborn_n15_m01_f10_k002_17,test,K002,multisensor,current|force|speed|temperature|torque|vibration,N15,M01_F10,n15_m01_f10,healthy,0,healthy,healthy,17,data/raw/paderborn/K002/N15_M01_F10_K002_17.mat,False,paderborn_channels_verified
paderborn_artificial_to_natural,artificial_to_real_damage,paderborn,paderborn_n15_m01_f10_k002_18_multisensor,paderborn_n15_m01_f10_k002_18,test,K002,multisensor,current|force|speed|temperature|torque|vibration,N15,M01_F10,n15_m01_f10,healthy,0,healthy,healthy,18,data/raw/paderborn/K002/N15_M01_F10_K002_18.mat,False,paderborn_channels_verified
paderborn_artificial_to_natural,artificial_to_real_damage,paderborn,paderborn_n15_m01_f10_k002_19_multisensor,paderborn_n15_m01_f10_k002_19,test,K002,multisensor,current|force|speed|temperature|torque|vibration,N15,M01_F10,n15_m01_f10,healthy,0,healthy,healthy,19,data/raw/paderborn/K002/N15_M01_F10_K002_19.mat,False,paderborn_channels_verified
paderborn_artificial_to_natural,artificial_to_real_damage,paderborn,paderborn_n15_m01_f10_k002_1_multisensor,paderborn_n15_m01_f10_k002_1,test,K002,multisensor,current|force|speed|temperature|torque|vibration,N15,M01_F10,n15_m01_f10,healthy,0,healthy,healthy,1,data/raw/paderborn/K002/N15_M01_F10_K002_1.mat,False,paderborn_channels_verified
paderborn_artificial_to_natural,artificial_to_real_damage,paderborn,paderborn_n15_m01_f10_k002_20_multisensor,paderborn_n15_m01_f10_k002_20,test,K002,multisensor,current|force|speed|temperature|torque|vibration,N15,M01_F10,n15_m01_f10,healthy,0,healthy,healthy,20,data/raw/paderborn/K002/N15_M01_F10_K002_20.mat,False,paderborn_channels_verified
paderborn_artificial_to_natural,artificial_to_real_damage,paderborn,paderborn_n15_m01_f10_k002_2_multisensor,paderborn_n15_m01_f10_k002_2,test,K002,multisensor,current|force|speed|temperature|torque|vibration,N15,M01_F10,n15_m01_f10,healthy,0,healthy,healthy,2,data/raw/paderborn/K002/N15_M01_F10_K002_2.mat,False,paderborn_channels_verified
paderborn_artificial_to_natural,artificial_to_real_damage,paderborn,paderborn_n15_m01_f10_k002_3_multisensor,paderborn_n15_m01_f10_k002_3,test,K002,multisensor,current|force|speed|temperature|torque|vibration,N15,M01_F10,n15_m01_f10,healthy,0,healthy,healthy,3,data/raw/paderborn/K002/N15_M01_F10_K002_3.mat,False,paderborn_channels_verified
paderborn_artificial_to_natural,artificial_to_real_damage,paderborn,paderborn_n15_m01_f10_k002_4_multisensor,paderborn_n15_m01_f10_k002_4,test,K002,multisensor,current|force|speed|temperature|torque|vibration,N15,M01_F10,n15_m01_f10,healthy,0,healthy,healthy,4,data/raw/paderborn/K002/N15_M01_F10_K002_4.mat,False,paderborn_channels_verified
paderborn_artificial_to_natural,artificial_to_real_damage,paderborn,paderborn_n15_m01_f10_k002_5_multisensor,paderborn_n15_m01_f10_k002_5,test,K002,multisensor,current|force|speed|temperature|torque|vibration,N15,M01_F10,n15_m01_f10,healthy,0,healthy,healthy,5,data/raw/paderborn/K002/N15_M01_F10_K002_5.mat,False,paderborn_channels_verified
paderborn_artificial_to_natural,artificial_to_real_damage,paderborn,paderborn_n15_m01_f10_k002_6_multisensor,paderborn_n15_m01_f10_k002_6,test,K002,multisensor,current|force|speed|temperature|torque|vibration,N15,M01_F10,n15_m01_f10,healthy,0,healthy,healthy,6,data/raw/paderborn/K002/N15_M01_F10_K002_6.mat,False,paderborn_channels_verified
paderborn_artificial_to_natural,artificial_to_real_damage,paderborn,paderborn_n15_m01_f10_k002_7_multisensor,paderborn_n15_m01_f10_k002_7,test,K002,multisensor,current|force|speed|temperature|torque|vibration,N15,M01_F10,n15_m01_f10,healthy,0,healthy,healthy,7,data/raw/paderborn/K002/N15_M01_F10_K002_7.mat,False,paderborn_channels_verified
paderborn_artificial_to_natural,artificial_to_real_damage,paderborn,paderborn_n15_m01_f10_k002_8_multisensor,paderborn_n15_m01_f10_k002_8,test,K002,multisensor,current|force|speed|temperature|torque|vibration,N15,M01_F10,n15_m01_f10,healthy,0,healthy,healthy,8,data/raw/paderborn/K002/N15_M01_F10_K002_8.mat,False,paderborn_channels_verified
paderborn_artificial_to_natural,artificial_to_real_damage,paderborn,paderborn_n15_m01_f10_k002_9_multisensor,paderborn_n15_m01_f10_k002_9,test,K002,multisensor,current|force|speed|temperature|torque|vibration,N15,M01_F10,n15_m01_f10,healthy,0,healthy,healthy,9,data/raw/paderborn/K002/N15_M01_F10_K002_9.mat,False,paderborn_channels_verified
paderborn_artificial_to_natural,artificial_to_real_damage,paderborn,paderborn_n15_m07_f04_k002_10_multisensor,paderborn_n15_m07_f04_k002_10,test,K002,multisensor,current|force|speed|temperature|torque|vibration,N15,M07_F04,n15_m07_f04,healthy,0,healthy,healthy,10,data/raw/paderborn/K002/N15_M07_F04_K002_10.mat,False,paderborn_channels_verified
paderborn_artificial_to_natural,artificial_to_real_damage,paderborn,paderborn_n15_m07_f04_k002_11_multisensor,paderborn_n15_m07_f04_k002_11,test,K002,multisensor,current|force|speed|temperature|torque|vibration,N15,M07_F04,n15_m07_f04,healthy,0,healthy,healthy,11,data/raw/paderborn/K002/N15_M07_F04_K002_11.mat,False,paderborn_channels_verified
paderborn_artificial_to_natural,artificial_to_real_damage,paderborn,paderborn_n15_m07_f04_k002_12_multisensor,paderborn_n15_m07_f04_k002_12,test,K002,multisensor,current|force|speed|temperature|torque|vibration,N15,M07_F04,n15_m07_f04,healthy,0,healthy,healthy,12,data/raw/paderborn/K002/N15_M07_F04_K002_12.mat,False,paderborn_channels_verified
paderborn_artificial_to_natural,artificial_to_real_damage,paderborn,paderborn_n15_m07_f04_k002_13_multisensor,paderborn_n15_m07_f04_k002_13,test,K002,multisensor,current|force|speed|temperature|torque|vibration,N15,M07_F04,n15_m07_f04,healthy,0,healthy,healthy,13,data/raw/paderborn/K002/N15_M07_F04_K002_13.mat,False,paderborn_channels_verified
paderborn_artificial_to_natural,artificial_to_real_damage,paderborn,paderborn_n15_m07_f04_k002_14_multisensor,paderborn_n15_m07_f04_k002_14,test,K002,multisensor,current|force|speed|temperature|torque|vibration,N15,M07_F04,n15_m07_f04,healthy,0,healthy,healthy,14,data/raw/paderborn/K002/N15_M07_F04_K002_14.mat,False,paderborn_channels_verified
paderborn_artificial_to_natural,artificial_to_real_damage,paderborn,paderborn_n15_m07_f04_k002_15_multisensor,paderborn_n15_m07_f04_k002_15,test,K002,multisensor,current|force|speed|temperature|torque|vibration,N15,M07_F04,n15_m07_f04,healthy,0,healthy,healthy,15,data/raw/paderborn/K002/N15_M07_F04_K002_15.mat,False,paderborn_channels_verified
paderborn_artificial_to_natural,artificial_to_real_damage,paderborn,paderborn_n15_m07_f04_k002_16_multisensor,paderborn_n15_m07_f04_k002_16,test,K002,multisensor,current|force|speed|temperature|torque|vibration,N15,M07_F04,n15_m07_f04,healthy,0,healthy,healthy,16,data/raw/paderborn/K002/N15_M07_F04_K002_16.mat,False,paderborn_channels_verified
paderborn_artificial_to_natural,artificial_to_real_damage,paderborn,paderborn_n15_m07_f04_k002_17_multisensor,paderborn_n15_m07_f04_k002_17,test,K002,multisensor,current|force|speed|temperature|torque|vibration,N15,M07_F04,n15_m07_f04,healthy,0,healthy,healthy,17,data/raw/paderborn/K002/N15_M07_F04_K002_17.mat,False,paderborn_channels_verified
paderborn_artificial_to_natural,artificial_to_real_damage,paderborn,paderborn_n15_m07_f04_k002_18_multisensor,paderborn_n15_m07_f04_k002_18,test,K002,multisensor,current|force|speed|temperature|torque|vibration,N15,M07_F04,n15_m07_f04,healthy,0,healthy,healthy,18,data/raw/paderborn/K002/N15_M07_F04_K002_18.mat,False,paderborn_channels_verified
paderborn_artificial_to_natural,artificial_to_real_damage,paderborn,paderborn_n15_m07_f04_k002_19_multisensor,paderborn_n15_m07_f04_k002_19,test,K002,multisensor,current|force|speed|temperature|torque|vibration,N15,M07_F04,n15_m07_f04,healthy,0,healthy,healthy,19,data/raw/paderborn/K002/N15_M07_F04_K002_19.mat,False,paderborn_channels_verified
paderborn_artificial_to_natural,artificial_to_real_damage,paderborn,paderborn_n15_m07_f04_k002_1_multisensor,paderborn_n15_m07_f04_k002_1,test,K002,multisensor,current|force|speed|temperature|torque|vibration,N15,M07_F04,n15_m07_f04,healthy,0,healthy,healthy,1,data/raw/paderborn/K002/N15_M07_F04_K002_1.mat,False,paderborn_channels_verified
paderborn_artificial_to_natural,artificial_to_real_damage,paderborn,paderborn_n15_m07_f04_k002_20_multisensor,paderborn_n15_m07_f04_k002_20,test,K002,multisensor,current|force|speed|temperature|torque|vibration,N15,M07_F04,n15_m07_f04,healthy,0,healthy,healthy,20,data/raw/paderborn/K002/N15_M07_F04_K002_20.mat,False,paderborn_channels_verified
paderborn_artificial_to_natural,artificial_to_real_damage,paderborn,paderborn_n15_m07_f04_k002_2_multisensor,paderborn_n15_m07_f04_k002_2,test,K002,multisensor,current|force|speed|temperature|torque|vibration,N15,M07_F04,n15_m07_f04,healthy,0,healthy,healthy,2,data/raw/paderborn/K002/N15_M07_F04_K002_2.mat,False,paderborn_channels_verified
paderborn_artificial_to_natural,artificial_to_real_damage,paderborn,paderborn_n15_m07_f04_k002_3_multisensor,paderborn_n15_m07_f04_k002_3,test,K002,multisensor,current|force|speed|temperature|torque|vibration,N15,M07_F04,n15_m07_f04,healthy,0,healthy,healthy,3,data/raw/paderborn/K002/N15_M07_F04_K002_3.mat,False,paderborn_channels_verified
paderborn_artificial_to_natural,artificial_to_real_damage,paderborn,paderborn_n15_m07_f04_k002_4_multisensor,paderborn_n15_m07_f04_k002_4,test,K002,multisensor,current|force|speed|temperature|torque|vibration,N15,M07_F04,n15_m07_f04,healthy,0,healthy,healthy,4,data/raw/paderborn/K002/N15_M07_F04_K002_4.mat,False,paderborn_channels_verified
paderborn_artificial_to_natural,artificial_to_real_damage,paderborn,paderborn_n15_m07_f04_k002_5_multisensor,paderborn_n15_m07_f04_k002_5,test,K002,multisensor,current|force|speed|temperature|torque|vibration,N15,M07_F04,n15_m07_f04,healthy,0,healthy,healthy,5,data/raw/paderborn/K002/N15_M07_F04_K002_5.mat,False,paderborn_channels_verified
paderborn_artificial_to_natural,artificial_to_real_damage,paderborn,paderborn_n15_m07_f04_k002_6_multisensor,paderborn_n15_m07_f04_k002_6,test,K002,multisensor,current|force|speed|temperature|torque|vibration,N15,M07_F04,n15_m07_f04,healthy,0,healthy,healthy,6,data/raw/paderborn/K002/N15_M07_F04_K002_6.mat,False,paderborn_channels_verified
paderborn_artificial_to_natural,artificial_to_real_damage,paderborn,paderborn_n15_m07_f04_k002_7_multisensor,paderborn_n15_m07_f04_k002_7,test,K002,multisensor,current|force|speed|temperature|torque|vibration,N15,M07_F04,n15_m07_f04,healthy,0,healthy,healthy,7,data/raw/paderborn/K002/N15_M07_F04_K002_7.mat,False,paderborn_channels_verified
paderborn_artificial_to_natural,artificial_to_real_damage,paderborn,paderborn_n15_m07_f04_k002_8_multisensor,paderborn_n15_m07_f04_k002_8,test,K002,multisensor,current|force|speed|temperature|torque|vibration,N15,M07_F04,n15_m07_f04,healthy,0,healthy,healthy,8,data/raw/paderborn/K002/N15_M07_F04_K002_8.mat,False,paderborn_channels_verified
paderborn_artificial_to_natural,artificial_to_real_damage,paderborn,paderborn_n15_m07_f04_k002_9_multisensor,paderborn_n15_m07_f04_k002_9,test,K002,multisensor,current|force|speed|temperature|torque|vibration,N15,M07_F04,n15_m07_f04,healthy,0,healthy,healthy,9,data/raw/paderborn/K002/N15_M07_F04_K002_9.mat,False,paderborn_channels_verified
paderborn_artificial_to_natural,artificial_to_real_damage,paderborn,paderborn_n15_m07_f10_k002_10_multisensor,paderborn_n15_m07_f10_k002_10,test,K002,multisensor,current|force|speed|temperature|torque|vibration,N15,M07_F10,n15_m07_f10,healthy,0,healthy,healthy,10,data/raw/paderborn/K002/N15_M07_F10_K002_10.mat,False,paderborn_channels_verified
paderborn_artificial_to_natural,artificial_to_real_damage,paderborn,paderborn_n15_m07_f10_k002_11_multisensor,paderborn_n15_m07_f10_k002_11,test,K002,multisensor,current|force|speed|temperature|torque|vibration,N15,M07_F10,n15_m07_f10,healthy,0,healthy,healthy,11,data/raw/paderborn/K002/N15_M07_F10_K002_11.mat,False,paderborn_channels_verified
paderborn_artificial_to_natural,artificial_to_real_damage,paderborn,paderborn_n15_m07_f10_k002_12_multisensor,paderborn_n15_m07_f10_k002_12,test,K002,multisensor,current|force|speed|temperature|torque|vibration,N15,M07_F10,n15_m07_f10,healthy,0,healthy,healthy,12,data/raw/paderborn/K002/N15_M07_F10_K002_12.mat,False,paderborn_channels_verified
paderborn_artificial_to_natural,artificial_to_real_damage,paderborn,paderborn_n15_m07_f10_k002_13_multisensor,paderborn_n15_m07_f10_k002_13,test,K002,multisensor,current|force|speed|temperature|torque|vibration,N15,M07_F10,n15_m07_f10,healthy,0,healthy,healthy,13,data/raw/paderborn/K002/N15_M07_F10_K002_13.mat,False,paderborn_channels_verified
paderborn_artificial_to_natural,artificial_to_real_damage,paderborn,paderborn_n15_m07_f10_k002_14_multisensor,paderborn_n15_m07_f10_k002_14,test,K002,multisensor,current|force|speed|temperature|torque|vibration,N15,M07_F10,n15_m07_f10,healthy,0,healthy,healthy,14,data/raw/paderborn/K002/N15_M07_F10_K002_14.mat,False,paderborn_channels_verified
paderborn_artificial_to_natural,artificial_to_real_damage,paderborn,paderborn_n15_m07_f10_k002_15_multisensor,paderborn_n15_m07_f10_k002_15,test,K002,multisensor,current|force|speed|temperature|torque|vibration,N15,M07_F10,n15_m07_f10,healthy,0,healthy,healthy,15,data/raw/paderborn/K002/N15_M07_F10_K002_15.mat,False,paderborn_channels_verified
paderborn_artificial_to_natural,artificial_to_real_damage,paderborn,paderborn_n15_m07_f10_k002_16_multisensor,paderborn_n15_m07_f10_k002_16,test,K002,multisensor,current|force|speed|temperature|torque|vibration,N15,M07_F10,n15_m07_f10,healthy,0,healthy,healthy,16,data/raw/paderborn/K002/N15_M07_F10_K002_16.mat,False,paderborn_channels_verified
paderborn_artificial_to_natural,artificial_to_real_damage,paderborn,paderborn_n15_m07_f10_k002_17_multisensor,paderborn_n15_m07_f10_k002_17,test,K002,multisensor,current|force|speed|temperature|torque|vibration,N15,M07_F10,n15_m07_f10,healthy,0,healthy,healthy,17,data/raw/paderborn/K002/N15_M07_F10_K002_17.mat,False,paderborn_channels_verified
paderborn_artificial_to_natural,artificial_to_real_damage,paderborn,paderborn_n15_m07_f10_k002_18_multisensor,paderborn_n15_m07_f10_k002_18,test,K002,multisensor,current|force|speed|temperature|torque|vibration,N15,M07_F10,n15_m07_f10,healthy,0,healthy,healthy,18,data/raw/paderborn/K002/N15_M07_F10_K002_18.mat,False,paderborn_channels_verified
paderborn_artificial_to_natural,artificial_to_real_damage,paderborn,paderborn_n15_m07_f10_k002_19_multisensor,paderborn_n15_m07_f10_k002_19,test,K002,multisensor,current|force|speed|temperature|torque|vibration,N15,M07_F10,n15_m07_f10,healthy,0,healthy,healthy,19,data/raw/paderborn/K002/N15_M07_F10_K002_19.mat,False,paderborn_channels_verified
paderborn_artificial_to_natural,artificial_to_real_damage,paderborn,paderborn_n15_m07_f10_k002_1_multisensor,paderborn_n15_m07_f10_k002_1,test,K002,multisensor,current|force|speed|temperature|torque|vibration,N15,M07_F10,n15_m07_f10,healthy,0,healthy,healthy,1,data/raw/paderborn/K002/N15_M07_F10_K002_1.mat,False,paderborn_channels_verified
paderborn_artificial_to_natural,artificial_to_real_damage,paderborn,paderborn_n15_m07_f10_k002_20_multisensor,paderborn_n15_m07_f10_k002_20,test,K002,multisensor,current|force|speed|temperature|torque|vibration,N15,M07_F10,n15_m07_f10,healthy,0,healthy,healthy,20,data/raw/paderborn/K002/N15_M07_F10_K002_20.mat,False,paderborn_channels_verified
paderborn_artificial_to_natural,artificial_to_real_damage,paderborn,paderborn_n15_m07_f10_k002_2_multisensor,paderborn_n15_m07_f10_k002_2,test,K002,multisensor,current|force|speed|temperature|torque|vibration,N15,M07_F10,n15_m07_f10,healthy,0,healthy,healthy,2,data/raw/paderborn/K002/N15_M07_F10_K002_2.mat,False,paderborn_channels_verified
paderborn_artificial_to_natural,artificial_to_real_damage,paderborn,paderborn_n15_m07_f10_k002_3_multisensor,paderborn_n15_m07_f10_k002_3,test,K002,multisensor,current|force|speed|temperature|torque|vibration,N15,M07_F10,n15_m07_f10,healthy,0,healthy,healthy,3,data/raw/paderborn/K002/N15_M07_F10_K002_3.mat,False,paderborn_channels_verified
paderborn_artificial_to_natural,artificial_to_real_damage,paderborn,paderborn_n15_m07_f10_k002_4_multisensor,paderborn_n15_m07_f10_k002_4,test,K002,multisensor,current|force|speed|temperature|torque|vibration,N15,M07_F10,n15_m07_f10,healthy,0,healthy,healthy,4,data/raw/paderborn/K002/N15_M07_F10_K002_4.mat,False,paderborn_channels_verified
paderborn_artificial_to_natural,artificial_to_real_damage,paderborn,paderborn_n15_m07_f10_k002_5_multisensor,paderborn_n15_m07_f10_k002_5,test,K002,multisensor,current|force|speed|temperature|torque|vibration,N15,M07_F10,n15_m07_f10,healthy,0,healthy,healthy,5,data/raw/paderborn/K002/N15_M07_F10_K002_5.mat,False,paderborn_channels_verified
paderborn_artificial_to_natural,artificial_to_real_damage,paderborn,paderborn_n15_m07_f10_k002_6_multisensor,paderborn_n15_m07_f10_k002_6,test,K002,multisensor,current|force|speed|temperature|torque|vibration,N15,M07_F10,n15_m07_f10,healthy,0,healthy,healthy,6,data/raw/paderborn/K002/N15_M07_F10_K002_6.mat,False,paderborn_channels_verified
paderborn_artificial_to_natural,artificial_to_real_damage,paderborn,paderborn_n15_m07_f10_k002_7_multisensor,paderborn_n15_m07_f10_k002_7,test,K002,multisensor,current|force|speed|temperature|torque|vibration,N15,M07_F10,n15_m07_f10,healthy,0,healthy,healthy,7,data/raw/paderborn/K002/N15_M07_F10_K002_7.mat,False,paderborn_channels_verified
paderborn_artificial_to_natural,artificial_to_real_damage,paderborn,paderborn_n15_m07_f10_k002_8_multisensor,paderborn_n15_m07_f10_k002_8,test,K002,multisensor,current|force|speed|temperature|torque|vibration,N15,M07_F10,n15_m07_f10,healthy,0,healthy,healthy,8,data/raw/paderborn/K002/N15_M07_F10_K002_8.mat,False,paderborn_channels_verified
paderborn_artificial_to_natural,artificial_to_real_damage,paderborn,paderborn_n15_m07_f10_k002_9_multisensor,paderborn_n15_m07_f10_k002_9,test,K002,multisensor,current|force|speed|temperature|torque|vibration,N15,M07_F10,n15_m07_f10,healthy,0,healthy,healthy,9,data/raw/paderborn/K002/N15_M07_F10_K002_9.mat,False,paderborn_channels_verified
paderborn_artificial_to_natural,artificial_to_real_damage,paderborn,paderborn_n09_m07_f10_kb23_10_multisensor,paderborn_n09_m07_f10_kb23_10,test,KB23,multisensor,current|force|speed|temperature|torque|vibration,N09,M07_F10,n09_m07_f10,bearing_real_damage,23,fault,real,10,data/raw/paderborn/KB23/N09_M07_F10_KB23_10.mat,False,paderborn_channels_verified
paderborn_artificial_to_natural,artificial_to_real_damage,paderborn,paderborn_n09_m07_f10_kb23_11_multisensor,paderborn_n09_m07_f10_kb23_11,test,KB23,multisensor,current|force|speed|temperature|torque|vibration,N09,M07_F10,n09_m07_f10,bearing_real_damage,23,fault,real,11,data/raw/paderborn/KB23/N09_M07_F10_KB23_11.mat,False,paderborn_channels_verified
paderborn_artificial_to_natural,artificial_to_real_damage,paderborn,paderborn_n09_m07_f10_kb23_12_multisensor,paderborn_n09_m07_f10_kb23_12,test,KB23,multisensor,current|force|speed|temperature|torque|vibration,N09,M07_F10,n09_m07_f10,bearing_real_damage,23,fault,real,12,data/raw/paderborn/KB23/N09_M07_F10_KB23_12.mat,False,paderborn_channels_verified
paderborn_artificial_to_natural,artificial_to_real_damage,paderborn,paderborn_n09_m07_f10_kb23_13_multisensor,paderborn_n09_m07_f10_kb23_13,test,KB23,multisensor,current|force|speed|temperature|torque|vibration,N09,M07_F10,n09_m07_f10,bearing_real_damage,23,fault,real,13,data/raw/paderborn/KB23/N09_M07_F10_KB23_13.mat,False,paderborn_channels_verified
paderborn_artificial_to_natural,artificial_to_real_damage,paderborn,paderborn_n09_m07_f10_kb23_14_multisensor,paderborn_n09_m07_f10_kb23_14,test,KB23,multisensor,current|force|speed|temperature|torque|vibration,N09,M07_F10,n09_m07_f10,bearing_real_damage,23,fault,real,14,data/raw/paderborn/KB23/N09_M07_F10_KB23_14.mat,False,paderborn_channels_verified
paderborn_artificial_to_natural,artificial_to_real_damage,paderborn,paderborn_n09_m07_f10_kb23_15_multisensor,paderborn_n09_m07_f10_kb23_15,test,KB23,multisensor,current|force|speed|temperature|torque|vibration,N09,M07_F10,n09_m07_f10,bearing_real_damage,23,fault,real,15,data/raw/paderborn/KB23/N09_M07_F10_KB23_15.mat,False,paderborn_channels_verified
paderborn_artificial_to_natural,artificial_to_real_damage,paderborn,paderborn_n09_m07_f10_kb23_16_multisensor,paderborn_n09_m07_f10_kb23_16,test,KB23,multisensor,current|force|speed|temperature|torque|vibration,N09,M07_F10,n09_m07_f10,bearing_real_damage,23,fault,real,16,data/raw/paderborn/KB23/N09_M07_F10_KB23_16.mat,False,paderborn_channels_verified
paderborn_artificial_to_natural,artificial_to_real_damage,paderborn,paderborn_n09_m07_f10_kb23_17_multisensor,paderborn_n09_m07_f10_kb23_17,test,KB23,multisensor,current|force|speed|temperature|torque|vibration,N09,M07_F10,n09_m07_f10,bearing_real_damage,23,fault,real,17,data/raw/paderborn/KB23/N09_M07_F10_KB23_17.mat,False,paderborn_channels_verified
paderborn_artificial_to_natural,artificial_to_real_damage,paderborn,paderborn_n09_m07_f10_kb23_18_multisensor,paderborn_n09_m07_f10_kb23_18,test,KB23,multisensor,current|force|speed|temperature|torque|vibration,N09,M07_F10,n09_m07_f10,bearing_real_damage,23,fault,real,18,data/raw/paderborn/KB23/N09_M07_F10_KB23_18.mat,False,paderborn_channels_verified
paderborn_artificial_to_natural,artificial_to_real_damage,paderborn,paderborn_n09_m07_f10_kb23_19_multisensor,paderborn_n09_m07_f10_kb23_19,test,KB23,multisensor,current|force|speed|temperature|torque|vibration,N09,M07_F10,n09_m07_f10,bearing_real_damage,23,fault,real,19,data/raw/paderborn/KB23/N09_M07_F10_KB23_19.mat,False,paderborn_channels_verified
paderborn_artificial_to_natural,artificial_to_real_damage,paderborn,paderborn_n09_m07_f10_kb23_1_multisensor,paderborn_n09_m07_f10_kb23_1,test,KB23,multisensor,current|force|speed|temperature|torque|vibration,N09,M07_F10,n09_m07_f10,bearing_real_damage,23,fault,real,1,data/raw/paderborn/KB23/N09_M07_F10_KB23_1.mat,False,paderborn_channels_verified
paderborn_artificial_to_natural,artificial_to_real_damage,paderborn,paderborn_n09_m07_f10_kb23_20_multisensor,paderborn_n09_m07_f10_kb23_20,test,KB23,multisensor,current|force|speed|temperature|torque|vibration,N09,M07_F10,n09_m07_f10,bearing_real_damage,23,fault,real,20,data/raw/paderborn/KB23/N09_M07_F10_KB23_20.mat,False,paderborn_channels_verified
paderborn_artificial_to_natural,artificial_to_real_damage,paderborn,paderborn_n09_m07_f10_kb23_2_multisensor,paderborn_n09_m07_f10_kb23_2,test,KB23,multisensor,current|force|speed|temperature|torque|vibration,N09,M07_F10,n09_m07_f10,bearing_real_damage,23,fault,real,2,data/raw/paderborn/KB23/N09_M07_F10_KB23_2.mat,False,paderborn_channels_verified
paderborn_artificial_to_natural,artificial_to_real_damage,paderborn,paderborn_n09_m07_f10_kb23_3_multisensor,paderborn_n09_m07_f10_kb23_3,test,KB23,multisensor,current|force|speed|temperature|torque|vibration,N09,M07_F10,n09_m07_f10,bearing_real_damage,23,fault,real,3,data/raw/paderborn/KB23/N09_M07_F10_KB23_3.mat,False,paderborn_channels_verified
paderborn_artificial_to_natural,artificial_to_real_damage,paderborn,paderborn_n09_m07_f10_kb23_4_multisensor,paderborn_n09_m07_f10_kb23_4,test,KB23,multisensor,current|force|speed|temperature|torque|vibration,N09,M07_F10,n09_m07_f10,bearing_real_damage,23,fault,real,4,data/raw/paderborn/KB23/N09_M07_F10_KB23_4.mat,False,paderborn_channels_verified
paderborn_artificial_to_natural,artificial_to_real_damage,paderborn,paderborn_n09_m07_f10_kb23_5_multisensor,paderborn_n09_m07_f10_kb23_5,test,KB23,multisensor,current|force|speed|temperature|torque|vibration,N09,M07_F10,n09_m07_f10,bearing_real_damage,23,fault,real,5,data/raw/paderborn/KB23/N09_M07_F10_KB23_5.mat,False,paderborn_channels_verified
paderborn_artificial_to_natural,artificial_to_real_damage,paderborn,paderborn_n09_m07_f10_kb23_6_multisensor,paderborn_n09_m07_f10_kb23_6,test,KB23,multisensor,current|force|speed|temperature|torque|vibration,N09,M07_F10,n09_m07_f10,bearing_real_damage,23,fault,real,6,data/raw/paderborn/KB23/N09_M07_F10_KB23_6.mat,False,paderborn_channels_verified
paderborn_artificial_to_natural,artificial_to_real_damage,paderborn,paderborn_n09_m07_f10_kb23_7_multisensor,paderborn_n09_m07_f10_kb23_7,test,KB23,multisensor,current|force|speed|temperature|torque|vibration,N09,M07_F10,n09_m07_f10,bearing_real_damage,23,fault,real,7,data/raw/paderborn/KB23/N09_M07_F10_KB23_7.mat,False,paderborn_channels_verified
paderborn_artificial_to_natural,artificial_to_real_damage,paderborn,paderborn_n09_m07_f10_kb23_8_multisensor,paderborn_n09_m07_f10_kb23_8,test,KB23,multisensor,current|force|speed|temperature|torque|vibration,N09,M07_F10,n09_m07_f10,bearing_real_damage,23,fault,real,8,data/raw/paderborn/KB23/N09_M07_F10_KB23_8.mat,False,paderborn_channels_verified
paderborn_artificial_to_natural,artificial_to_real_damage,paderborn,paderborn_n09_m07_f10_kb23_9_multisensor,paderborn_n09_m07_f10_kb23_9,test,KB23,multisensor,current|force|speed|temperature|torque|vibration,N09,M07_F10,n09_m07_f10,bearing_real_damage,23,fault,real,9,data/raw/paderborn/KB23/N09_M07_F10_KB23_9.mat,False,paderborn_channels_verified
paderborn_artificial_to_natural,artificial_to_real_damage,paderborn,paderborn_n15_m01_f10_kb23_10_multisensor,paderborn_n15_m01_f10_kb23_10,test,KB23,multisensor,current|force|speed|temperature|torque|vibration,N15,M01_F10,n15_m01_f10,bearing_real_damage,23,fault,real,10,data/raw/paderborn/KB23/N15_M01_F10_KB23_10.mat,False,paderborn_channels_verified
paderborn_artificial_to_natural,artificial_to_real_damage,paderborn,paderborn_n15_m01_f10_kb23_11_multisensor,paderborn_n15_m01_f10_kb23_11,test,KB23,multisensor,current|force|speed|temperature|torque|vibration,N15,M01_F10,n15_m01_f10,bearing_real_damage,23,fault,real,11,data/raw/paderborn/KB23/N15_M01_F10_KB23_11.mat,False,paderborn_channels_verified
paderborn_artificial_to_natural,artificial_to_real_damage,paderborn,paderborn_n15_m01_f10_kb23_12_multisensor,paderborn_n15_m01_f10_kb23_12,test,KB23,multisensor,current|force|speed|temperature|torque|vibration,N15,M01_F10,n15_m01_f10,bearing_real_damage,23,fault,real,12,data/raw/paderborn/KB23/N15_M01_F10_KB23_12.mat,False,paderborn_channels_verified
paderborn_artificial_to_natural,artificial_to_real_damage,paderborn,paderborn_n15_m01_f10_kb23_13_multisensor,paderborn_n15_m01_f10_kb23_13,test,KB23,multisensor,current|force|speed|temperature|torque|vibration,N15,M01_F10,n15_m01_f10,bearing_real_damage,23,fault,real,13,data/raw/paderborn/KB23/N15_M01_F10_KB23_13.mat,False,paderborn_channels_verified
paderborn_artificial_to_natural,artificial_to_real_damage,paderborn,paderborn_n15_m01_f10_kb23_14_multisensor,paderborn_n15_m01_f10_kb23_14,test,KB23,multisensor,current|force|speed|temperature|torque|vibration,N15,M01_F10,n15_m01_f10,bearing_real_damage,23,fault,real,14,data/raw/paderborn/KB23/N15_M01_F10_KB23_14.mat,False,paderborn_channels_verified
paderborn_artificial_to_natural,artificial_to_real_damage,paderborn,paderborn_n15_m01_f10_kb23_15_multisensor,paderborn_n15_m01_f10_kb23_15,test,KB23,multisensor,current|force|speed|temperature|torque|vibration,N15,M01_F10,n15_m01_f10,bearing_real_damage,23,fault,real,15,data/raw/paderborn/KB23/N15_M01_F10_KB23_15.mat,False,paderborn_channels_verified
paderborn_artificial_to_natural,artificial_to_real_damage,paderborn,paderborn_n15_m01_f10_kb23_16_multisensor,paderborn_n15_m01_f10_kb23_16,test,KB23,multisensor,current|force|speed|temperature|torque|vibration,N15,M01_F10,n15_m01_f10,bearing_real_damage,23,fault,real,16,data/raw/paderborn/KB23/N15_M01_F10_KB23_16.mat,False,paderborn_channels_verified
paderborn_artificial_to_natural,artificial_to_real_damage,paderborn,paderborn_n15_m01_f10_kb23_17_multisensor,paderborn_n15_m01_f10_kb23_17,test,KB23,multisensor,current|force|speed|temperature|torque|vibration,N15,M01_F10,n15_m01_f10,bearing_real_damage,23,fault,real,17,data/raw/paderborn/KB23/N15_M01_F10_KB23_17.mat,False,paderborn_channels_verified
paderborn_artificial_to_natural,artificial_to_real_damage,paderborn,paderborn_n15_m01_f10_kb23_18_multisensor,paderborn_n15_m01_f10_kb23_18,test,KB23,multisensor,current|force|speed|temperature|torque|vibration,N15,M01_F10,n15_m01_f10,bearing_real_damage,23,fault,real,18,data/raw/paderborn/KB23/N15_M01_F10_KB23_18.mat,False,paderborn_channels_verified
paderborn_artificial_to_natural,artificial_to_real_damage,paderborn,paderborn_n15_m01_f10_kb23_19_multisensor,paderborn_n15_m01_f10_kb23_19,test,KB23,multisensor,current|force|speed|temperature|torque|vibration,N15,M01_F10,n15_m01_f10,bearing_real_damage,23,fault,real,19,data/raw/paderborn/KB23/N15_M01_F10_KB23_19.mat,False,paderborn_channels_verified
paderborn_artificial_to_natural,artificial_to_real_damage,paderborn,paderborn_n15_m01_f10_kb23_1_multisensor,paderborn_n15_m01_f10_kb23_1,test,KB23,multisensor,current|force|speed|temperature|torque|vibration,N15,M01_F10,n15_m01_f10,bearing_real_damage,23,fault,real,1,data/raw/paderborn/KB23/N15_M01_F10_KB23_1.mat,False,paderborn_channels_verified
paderborn_artificial_to_natural,artificial_to_real_damage,paderborn,paderborn_n15_m01_f10_kb23_20_multisensor,paderborn_n15_m01_f10_kb23_20,test,KB23,multisensor,current|force|speed|temperature|torque|vibration,N15,M01_F10,n15_m01_f10,bearing_real_damage,23,fault,real,20,data/raw/paderborn/KB23/N15_M01_F10_KB23_20.mat,False,paderborn_channels_verified
paderborn_artificial_to_natural,artificial_to_real_damage,paderborn,paderborn_n15_m01_f10_kb23_2_multisensor,paderborn_n15_m01_f10_kb23_2,test,KB23,multisensor,current|force|speed|temperature|torque|vibration,N15,M01_F10,n15_m01_f10,bearing_real_damage,23,fault,real,2,data/raw/paderborn/KB23/N15_M01_F10_KB23_2.mat,False,paderborn_channels_verified
paderborn_artificial_to_natural,artificial_to_real_damage,paderborn,paderborn_n15_m01_f10_kb23_3_multisensor,paderborn_n15_m01_f10_kb23_3,test,KB23,multisensor,current|force|speed|temperature|torque|vibration,N15,M01_F10,n15_m01_f10,bearing_real_damage,23,fault,real,3,data/raw/paderborn/KB23/N15_M01_F10_KB23_3.mat,False,paderborn_channels_verified
paderborn_artificial_to_natural,artificial_to_real_damage,paderborn,paderborn_n15_m01_f10_kb23_4_multisensor,paderborn_n15_m01_f10_kb23_4,test,KB23,multisensor,current|force|speed|temperature|torque|vibration,N15,M01_F10,n15_m01_f10,bearing_real_damage,23,fault,real,4,data/raw/paderborn/KB23/N15_M01_F10_KB23_4.mat,False,paderborn_channels_verified
paderborn_artificial_to_natural,artificial_to_real_damage,paderborn,paderborn_n15_m01_f10_kb23_5_multisensor,paderborn_n15_m01_f10_kb23_5,test,KB23,multisensor,current|force|speed|temperature|torque|vibration,N15,M01_F10,n15_m01_f10,bearing_real_damage,23,fault,real,5,data/raw/paderborn/KB23/N15_M01_F10_KB23_5.mat,False,paderborn_channels_verified
paderborn_artificial_to_natural,artificial_to_real_damage,paderborn,paderborn_n15_m01_f10_kb23_6_multisensor,paderborn_n15_m01_f10_kb23_6,test,KB23,multisensor,current|force|speed|temperature|torque|vibration,N15,M01_F10,n15_m01_f10,bearing_real_damage,23,fault,real,6,data/raw/paderborn/KB23/N15_M01_F10_KB23_6.mat,False,paderborn_channels_verified
paderborn_artificial_to_natural,artificial_to_real_damage,paderborn,paderborn_n15_m01_f10_kb23_7_multisensor,paderborn_n15_m01_f10_kb23_7,test,KB23,multisensor,current|force|speed|temperature|torque|vibration,N15,M01_F10,n15_m01_f10,bearing_real_damage,23,fault,real,7,data/raw/paderborn/KB23/N15_M01_F10_KB23_7.mat,False,paderborn_channels_verified
paderborn_artificial_to_natural,artificial_to_real_damage,paderborn,paderborn_n15_m01_f10_kb23_8_multisensor,paderborn_n15_m01_f10_kb23_8,test,KB23,multisensor,current|force|speed|temperature|torque|vibration,N15,M01_F10,n15_m01_f10,bearing_real_damage,23,fault,real,8,data/raw/paderborn/KB23/N15_M01_F10_KB23_8.mat,False,paderborn_channels_verified
paderborn_artificial_to_natural,artificial_to_real_damage,paderborn,paderborn_n15_m01_f10_kb23_9_multisensor,paderborn_n15_m01_f10_kb23_9,test,KB23,multisensor,current|force|speed|temperature|torque|vibration,N15,M01_F10,n15_m01_f10,bearing_real_damage,23,fault,real,9,data/raw/paderborn/KB23/N15_M01_F10_KB23_9.mat,False,paderborn_channels_verified
paderborn_artificial_to_natural,artificial_to_real_damage,paderborn,paderborn_n15_m07_f04_kb23_10_multisensor,paderborn_n15_m07_f04_kb23_10,test,KB23,multisensor,current|force|speed|temperature|torque|vibration,N15,M07_F04,n15_m07_f04,bearing_real_damage,23,fault,real,10,data/raw/paderborn/KB23/N15_M07_F04_KB23_10.mat,False,paderborn_channels_verified
paderborn_artificial_to_natural,artificial_to_real_damage,paderborn,paderborn_n15_m07_f04_kb23_11_multisensor,paderborn_n15_m07_f04_kb23_11,test,KB23,multisensor,current|force|speed|temperature|torque|vibration,N15,M07_F04,n15_m07_f04,bearing_real_damage,23,fault,real,11,data/raw/paderborn/KB23/N15_M07_F04_KB23_11.mat,False,paderborn_channels_verified
paderborn_artificial_to_natural,artificial_to_real_damage,paderborn,paderborn_n15_m07_f04_kb23_12_multisensor,paderborn_n15_m07_f04_kb23_12,test,KB23,multisensor,current|force|speed|temperature|torque|vibration,N15,M07_F04,n15_m07_f04,bearing_real_damage,23,fault,real,12,data/raw/paderborn/KB23/N15_M07_F04_KB23_12.mat,False,paderborn_channels_verified
paderborn_artificial_to_natural,artificial_to_real_damage,paderborn,paderborn_n15_m07_f04_kb23_13_multisensor,paderborn_n15_m07_f04_kb23_13,test,KB23,multisensor,current|force|speed|temperature|torque|vibration,N15,M07_F04,n15_m07_f04,bearing_real_damage,23,fault,real,13,data/raw/paderborn/KB23/N15_M07_F04_KB23_13.mat,False,paderborn_channels_verified
paderborn_artificial_to_natural,artificial_to_real_damage,paderborn,paderborn_n15_m07_f04_kb23_14_multisensor,paderborn_n15_m07_f04_kb23_14,test,KB23,multisensor,current|force|speed|temperature|torque|vibration,N15,M07_F04,n15_m07_f04,bearing_real_damage,23,fault,real,14,data/raw/paderborn/KB23/N15_M07_F04_KB23_14.mat,False,paderborn_channels_verified
paderborn_artificial_to_natural,artificial_to_real_damage,paderborn,paderborn_n15_m07_f04_kb23_15_multisensor,paderborn_n15_m07_f04_kb23_15,test,KB23,multisensor,current|force|speed|temperature|torque|vibration,N15,M07_F04,n15_m07_f04,bearing_real_damage,23,fault,real,15,data/raw/paderborn/KB23/N15_M07_F04_KB23_15.mat,False,paderborn_channels_verified
paderborn_artificial_to_natural,artificial_to_real_damage,paderborn,paderborn_n15_m07_f04_kb23_16_multisensor,paderborn_n15_m07_f04_kb23_16,test,KB23,multisensor,current|force|speed|temperature|torque|vibration,N15,M07_F04,n15_m07_f04,bearing_real_damage,23,fault,real,16,data/raw/paderborn/KB23/N15_M07_F04_KB23_16.mat,False,paderborn_channels_verified
paderborn_artificial_to_natural,artificial_to_real_damage,paderborn,paderborn_n15_m07_f04_kb23_17_multisensor,paderborn_n15_m07_f04_kb23_17,test,KB23,multisensor,current|force|speed|temperature|torque|vibration,N15,M07_F04,n15_m07_f04,bearing_real_damage,23,fault,real,17,data/raw/paderborn/KB23/N15_M07_F04_KB23_17.mat,False,paderborn_channels_verified
paderborn_artificial_to_natural,artificial_to_real_damage,paderborn,paderborn_n15_m07_f04_kb23_18_multisensor,paderborn_n15_m07_f04_kb23_18,test,KB23,multisensor,current|force|speed|temperature|torque|vibration,N15,M07_F04,n15_m07_f04,bearing_real_damage,23,fault,real,18,data/raw/paderborn/KB23/N15_M07_F04_KB23_18.mat,False,paderborn_channels_verified
paderborn_artificial_to_natural,artificial_to_real_damage,paderborn,paderborn_n15_m07_f04_kb23_19_multisensor,paderborn_n15_m07_f04_kb23_19,test,KB23,multisensor,current|force|speed|temperature|torque|vibration,N15,M07_F04,n15_m07_f04,bearing_real_damage,23,fault,real,19,data/raw/paderborn/KB23/N15_M07_F04_KB23_19.mat,False,paderborn_channels_verified
paderborn_artificial_to_natural,artificial_to_real_damage,paderborn,paderborn_n15_m07_f04_kb23_1_multisensor,paderborn_n15_m07_f04_kb23_1,test,KB23,multisensor,current|force|speed|temperature|torque|vibration,N15,M07_F04,n15_m07_f04,bearing_real_damage,23,fault,real,1,data/raw/paderborn/KB23/N15_M07_F04_KB23_1.mat,False,paderborn_channels_verified
paderborn_artificial_to_natural,artificial_to_real_damage,paderborn,paderborn_n15_m07_f04_kb23_20_multisensor,paderborn_n15_m07_f04_kb23_20,test,KB23,multisensor,current|force|speed|temperature|torque|vibration,N15,M07_F04,n15_m07_f04,bearing_real_damage,23,fault,real,20,data/raw/paderborn/KB23/N15_M07_F04_KB23_20.mat,False,paderborn_channels_verified
paderborn_artificial_to_natural,artificial_to_real_damage,paderborn,paderborn_n15_m07_f04_kb23_2_multisensor,paderborn_n15_m07_f04_kb23_2,test,KB23,multisensor,current|force|speed|temperature|torque|vibration,N15,M07_F04,n15_m07_f04,bearing_real_damage,23,fault,real,2,data/raw/paderborn/KB23/N15_M07_F04_KB23_2.mat,False,paderborn_channels_verified
paderborn_artificial_to_natural,artificial_to_real_damage,paderborn,paderborn_n15_m07_f04_kb23_3_multisensor,paderborn_n15_m07_f04_kb23_3,test,KB23,multisensor,current|force|speed|temperature|torque|vibration,N15,M07_F04,n15_m07_f04,bearing_real_damage,23,fault,real,3,data/raw/paderborn/KB23/N15_M07_F04_KB23_3.mat,False,paderborn_channels_verified
paderborn_artificial_to_natural,artificial_to_real_damage,paderborn,paderborn_n15_m07_f04_kb23_4_multisensor,paderborn_n15_m07_f04_kb23_4,test,KB23,multisensor,current|force|speed|temperature|torque|vibration,N15,M07_F04,n15_m07_f04,bearing_real_damage,23,fault,real,4,data/raw/paderborn/KB23/N15_M07_F04_KB23_4.mat,False,paderborn_channels_verified
paderborn_artificial_to_natural,artificial_to_real_damage,paderborn,paderborn_n15_m07_f04_kb23_5_multisensor,paderborn_n15_m07_f04_kb23_5,test,KB23,multisensor,current|force|speed|temperature|torque|vibration,N15,M07_F04,n15_m07_f04,bearing_real_damage,23,fault,real,5,data/raw/paderborn/KB23/N15_M07_F04_KB23_5.mat,False,paderborn_channels_verified
paderborn_artificial_to_natural,artificial_to_real_damage,paderborn,paderborn_n15_m07_f04_kb23_6_multisensor,paderborn_n15_m07_f04_kb23_6,test,KB23,multisensor,current|force|speed|temperature|torque|vibration,N15,M07_F04,n15_m07_f04,bearing_real_damage,23,fault,real,6,data/raw/paderborn/KB23/N15_M07_F04_KB23_6.mat,False,paderborn_channels_verified
paderborn_artificial_to_natural,artificial_to_real_damage,paderborn,paderborn_n15_m07_f04_kb23_7_multisensor,paderborn_n15_m07_f04_kb23_7,test,KB23,multisensor,current|force|speed|temperature|torque|vibration,N15,M07_F04,n15_m07_f04,bearing_real_damage,23,fault,real,7,data/raw/paderborn/KB23/N15_M07_F04_KB23_7.mat,False,paderborn_channels_verified
paderborn_artificial_to_natural,artificial_to_real_damage,paderborn,paderborn_n15_m07_f04_kb23_8_multisensor,paderborn_n15_m07_f04_kb23_8,test,KB23,multisensor,current|force|speed|temperature|torque|vibration,N15,M07_F04,n15_m07_f04,bearing_real_damage,23,fault,real,8,data/raw/paderborn/KB23/N15_M07_F04_KB23_8.mat,False,paderborn_channels_verified
paderborn_artificial_to_natural,artificial_to_real_damage,paderborn,paderborn_n15_m07_f04_kb23_9_multisensor,paderborn_n15_m07_f04_kb23_9,test,KB23,multisensor,current|force|speed|temperature|torque|vibration,N15,M07_F04,n15_m07_f04,bearing_real_damage,23,fault,real,9,data/raw/paderborn/KB23/N15_M07_F04_KB23_9.mat,False,paderborn_channels_verified
paderborn_artificial_to_natural,artificial_to_real_damage,paderborn,paderborn_n15_m07_f10_kb23_10_multisensor,paderborn_n15_m07_f10_kb23_10,test,KB23,multisensor,current|force|speed|temperature|torque|vibration,N15,M07_F10,n15_m07_f10,bearing_real_damage,23,fault,real,10,data/raw/paderborn/KB23/N15_M07_F10_KB23_10.mat,False,paderborn_channels_verified
paderborn_artificial_to_natural,artificial_to_real_damage,paderborn,paderborn_n15_m07_f10_kb23_11_multisensor,paderborn_n15_m07_f10_kb23_11,test,KB23,multisensor,current|force|speed|temperature|torque|vibration,N15,M07_F10,n15_m07_f10,bearing_real_damage,23,fault,real,11,data/raw/paderborn/KB23/N15_M07_F10_KB23_11.mat,False,paderborn_channels_verified
paderborn_artificial_to_natural,artificial_to_real_damage,paderborn,paderborn_n15_m07_f10_kb23_12_multisensor,paderborn_n15_m07_f10_kb23_12,test,KB23,multisensor,current|force|speed|temperature|torque|vibration,N15,M07_F10,n15_m07_f10,bearing_real_damage,23,fault,real,12,data/raw/paderborn/KB23/N15_M07_F10_KB23_12.mat,False,paderborn_channels_verified
paderborn_artificial_to_natural,artificial_to_real_damage,paderborn,paderborn_n15_m07_f10_kb23_13_multisensor,paderborn_n15_m07_f10_kb23_13,test,KB23,multisensor,current|force|speed|temperature|torque|vibration,N15,M07_F10,n15_m07_f10,bearing_real_damage,23,fault,real,13,data/raw/paderborn/KB23/N15_M07_F10_KB23_13.mat,False,paderborn_channels_verified
paderborn_artificial_to_natural,artificial_to_real_damage,paderborn,paderborn_n15_m07_f10_kb23_14_multisensor,paderborn_n15_m07_f10_kb23_14,test,KB23,multisensor,current|force|speed|temperature|torque|vibration,N15,M07_F10,n15_m07_f10,bearing_real_damage,23,fault,real,14,data/raw/paderborn/KB23/N15_M07_F10_KB23_14.mat,False,paderborn_channels_verified
paderborn_artificial_to_natural,artificial_to_real_damage,paderborn,paderborn_n15_m07_f10_kb23_15_multisensor,paderborn_n15_m07_f10_kb23_15,test,KB23,multisensor,current|force|speed|temperature|torque|vibration,N15,M07_F10,n15_m07_f10,bearing_real_damage,23,fault,real,15,data/raw/paderborn/KB23/N15_M07_F10_KB23_15.mat,False,paderborn_channels_verified
paderborn_artificial_to_natural,artificial_to_real_damage,paderborn,paderborn_n15_m07_f10_kb23_16_multisensor,paderborn_n15_m07_f10_kb23_16,test,KB23,multisensor,current|force|speed|temperature|torque|vibration,N15,M07_F10,n15_m07_f10,bearing_real_damage,23,fault,real,16,data/raw/paderborn/KB23/N15_M07_F10_KB23_16.mat,False,paderborn_channels_verified
paderborn_artificial_to_natural,artificial_to_real_damage,paderborn,paderborn_n15_m07_f10_kb23_17_multisensor,paderborn_n15_m07_f10_kb23_17,test,KB23,multisensor,current|force|speed|temperature|torque|vibration,N15,M07_F10,n15_m07_f10,bearing_real_damage,23,fault,real,17,data/raw/paderborn/KB23/N15_M07_F10_KB23_17.mat,False,paderborn_channels_verified
paderborn_artificial_to_natural,artificial_to_real_damage,paderborn,paderborn_n15_m07_f10_kb23_18_multisensor,paderborn_n15_m07_f10_kb23_18,test,KB23,multisensor,current|force|speed|temperature|torque|vibration,N15,M07_F10,n15_m07_f10,bearing_real_damage,23,fault,real,18,data/raw/paderborn/KB23/N15_M07_F10_KB23_18.mat,False,paderborn_channels_verified
paderborn_artificial_to_natural,artificial_to_real_damage,paderborn,paderborn_n15_m07_f10_kb23_19_multisensor,paderborn_n15_m07_f10_kb23_19,test,KB23,multisensor,current|force|speed|temperature|torque|vibration,N15,M07_F10,n15_m07_f10,bearing_real_damage,23,fault,real,19,data/raw/paderborn/KB23/N15_M07_F10_KB23_19.mat,False,paderborn_channels_verified
paderborn_artificial_to_natural,artificial_to_real_damage,paderborn,paderborn_n15_m07_f10_kb23_1_multisensor,paderborn_n15_m07_f10_kb23_1,test,KB23,multisensor,current|force|speed|temperature|torque|vibration,N15,M07_F10,n15_m07_f10,bearing_real_damage,23,fault,real,1,data/raw/paderborn/KB23/N15_M07_F10_KB23_1.mat,False,paderborn_channels_verified
paderborn_artificial_to_natural,artificial_to_real_damage,paderborn,paderborn_n15_m07_f10_kb23_20_multisensor,paderborn_n15_m07_f10_kb23_20,test,KB23,multisensor,current|force|speed|temperature|torque|vibration,N15,M07_F10,n15_m07_f10,bearing_real_damage,23,fault,real,20,data/raw/paderborn/KB23/N15_M07_F10_KB23_20.mat,False,paderborn_channels_verified
paderborn_artificial_to_natural,artificial_to_real_damage,paderborn,paderborn_n15_m07_f10_kb23_2_multisensor,paderborn_n15_m07_f10_kb23_2,test,KB23,multisensor,current|force|speed|temperature|torque|vibration,N15,M07_F10,n15_m07_f10,bearing_real_damage,23,fault,real,2,data/raw/paderborn/KB23/N15_M07_F10_KB23_2.mat,False,paderborn_channels_verified
paderborn_artificial_to_natural,artificial_to_real_damage,paderborn,paderborn_n15_m07_f10_kb23_3_multisensor,paderborn_n15_m07_f10_kb23_3,test,KB23,multisensor,current|force|speed|temperature|torque|vibration,N15,M07_F10,n15_m07_f10,bearing_real_damage,23,fault,real,3,data/raw/paderborn/KB23/N15_M07_F10_KB23_3.mat,False,paderborn_channels_verified
paderborn_artificial_to_natural,artificial_to_real_damage,paderborn,paderborn_n15_m07_f10_kb23_4_multisensor,paderborn_n15_m07_f10_kb23_4,test,KB23,multisensor,current|force|speed|temperature|torque|vibration,N15,M07_F10,n15_m07_f10,bearing_real_damage,23,fault,real,4,data/raw/paderborn/KB23/N15_M07_F10_KB23_4.mat,False,paderborn_channels_verified
paderborn_artificial_to_natural,artificial_to_real_damage,paderborn,paderborn_n15_m07_f10_kb23_5_multisensor,paderborn_n15_m07_f10_kb23_5,test,KB23,multisensor,current|force|speed|temperature|torque|vibration,N15,M07_F10,n15_m07_f10,bearing_real_damage,23,fault,real,5,data/raw/paderborn/KB23/N15_M07_F10_KB23_5.mat,False,paderborn_channels_verified
paderborn_artificial_to_natural,artificial_to_real_damage,paderborn,paderborn_n15_m07_f10_kb23_6_multisensor,paderborn_n15_m07_f10_kb23_6,test,KB23,multisensor,current|force|speed|temperature|torque|vibration,N15,M07_F10,n15_m07_f10,bearing_real_damage,23,fault,real,6,data/raw/paderborn/KB23/N15_M07_F10_KB23_6.mat,False,paderborn_channels_verified
paderborn_artificial_to_natural,artificial_to_real_damage,paderborn,paderborn_n15_m07_f10_kb23_7_multisensor,paderborn_n15_m07_f10_kb23_7,test,KB23,multisensor,current|force|speed|temperature|torque|vibration,N15,M07_F10,n15_m07_f10,bearing_real_damage,23,fault,real,7,data/raw/paderborn/KB23/N15_M07_F10_KB23_7.mat,False,paderborn_channels_verified
paderborn_artificial_to_natural,artificial_to_real_damage,paderborn,paderborn_n15_m07_f10_kb23_8_multisensor,paderborn_n15_m07_f10_kb23_8,test,KB23,multisensor,current|force|speed|temperature|torque|vibration,N15,M07_F10,n15_m07_f10,bearing_real_damage,23,fault,real,8,data/raw/paderborn/KB23/N15_M07_F10_KB23_8.mat,False,paderborn_channels_verified
paderborn_artificial_to_natural,artificial_to_real_damage,paderborn,paderborn_n15_m07_f10_kb23_9_multisensor,paderborn_n15_m07_f10_kb23_9,test,KB23,multisensor,current|force|speed|temperature|torque|vibration,N15,M07_F10,n15_m07_f10,bearing_real_damage,23,fault,real,9,data/raw/paderborn/KB23/N15_M07_F10_KB23_9.mat,False,paderborn_channels_verified
paderborn_artificial_to_natural,artificial_to_real_damage,paderborn,paderborn_n09_m07_f10_kb24_10_multisensor,paderborn_n09_m07_f10_kb24_10,test,KB24,multisensor,current|force|speed|temperature|torque|vibration,N09,M07_F10,n09_m07_f10,bearing_real_damage,24,fault,real,10,data/raw/paderborn/KB24/N09_M07_F10_KB24_10.mat,False,paderborn_channels_verified
paderborn_artificial_to_natural,artificial_to_real_damage,paderborn,paderborn_n09_m07_f10_kb24_11_multisensor,paderborn_n09_m07_f10_kb24_11,test,KB24,multisensor,current|force|speed|temperature|torque|vibration,N09,M07_F10,n09_m07_f10,bearing_real_damage,24,fault,real,11,data/raw/paderborn/KB24/N09_M07_F10_KB24_11.mat,False,paderborn_channels_verified
paderborn_artificial_to_natural,artificial_to_real_damage,paderborn,paderborn_n09_m07_f10_kb24_12_multisensor,paderborn_n09_m07_f10_kb24_12,test,KB24,multisensor,current|force|speed|temperature|torque|vibration,N09,M07_F10,n09_m07_f10,bearing_real_damage,24,fault,real,12,data/raw/paderborn/KB24/N09_M07_F10_KB24_12.mat,False,paderborn_channels_verified
paderborn_artificial_to_natural,artificial_to_real_damage,paderborn,paderborn_n09_m07_f10_kb24_13_multisensor,paderborn_n09_m07_f10_kb24_13,test,KB24,multisensor,current|force|speed|temperature|torque|vibration,N09,M07_F10,n09_m07_f10,bearing_real_damage,24,fault,real,13,data/raw/paderborn/KB24/N09_M07_F10_KB24_13.mat,False,paderborn_channels_verified
paderborn_artificial_to_natural,artificial_to_real_damage,paderborn,paderborn_n09_m07_f10_kb24_14_multisensor,paderborn_n09_m07_f10_kb24_14,test,KB24,multisensor,current|force|speed|temperature|torque|vibration,N09,M07_F10,n09_m07_f10,bearing_real_damage,24,fault,real,14,data/raw/paderborn/KB24/N09_M07_F10_KB24_14.mat,False,paderborn_channels_verified
paderborn_artificial_to_natural,artificial_to_real_damage,paderborn,paderborn_n09_m07_f10_kb24_15_multisensor,paderborn_n09_m07_f10_kb24_15,test,KB24,multisensor,current|force|speed|temperature|torque|vibration,N09,M07_F10,n09_m07_f10,bearing_real_damage,24,fault,real,15,data/raw/paderborn/KB24/N09_M07_F10_KB24_15.mat,False,paderborn_channels_verified
paderborn_artificial_to_natural,artificial_to_real_damage,paderborn,paderborn_n09_m07_f10_kb24_16_multisensor,paderborn_n09_m07_f10_kb24_16,test,KB24,multisensor,current|force|speed|temperature|torque|vibration,N09,M07_F10,n09_m07_f10,bearing_real_damage,24,fault,real,16,data/raw/paderborn/KB24/N09_M07_F10_KB24_16.mat,False,paderborn_channels_verified
paderborn_artificial_to_natural,artificial_to_real_damage,paderborn,paderborn_n09_m07_f10_kb24_17_multisensor,paderborn_n09_m07_f10_kb24_17,test,KB24,multisensor,current|force|speed|temperature|torque|vibration,N09,M07_F10,n09_m07_f10,bearing_real_damage,24,fault,real,17,data/raw/paderborn/KB24/N09_M07_F10_KB24_17.mat,False,paderborn_channels_verified
paderborn_artificial_to_natural,artificial_to_real_damage,paderborn,paderborn_n09_m07_f10_kb24_18_multisensor,paderborn_n09_m07_f10_kb24_18,test,KB24,multisensor,current|force|speed|temperature|torque|vibration,N09,M07_F10,n09_m07_f10,bearing_real_damage,24,fault,real,18,data/raw/paderborn/KB24/N09_M07_F10_KB24_18.mat,False,paderborn_channels_verified
paderborn_artificial_to_natural,artificial_to_real_damage,paderborn,paderborn_n09_m07_f10_kb24_19_multisensor,paderborn_n09_m07_f10_kb24_19,test,KB24,multisensor,current|force|speed|temperature|torque|vibration,N09,M07_F10,n09_m07_f10,bearing_real_damage,24,fault,real,19,data/raw/paderborn/KB24/N09_M07_F10_KB24_19.mat,False,paderborn_channels_verified
paderborn_artificial_to_natural,artificial_to_real_damage,paderborn,paderborn_n09_m07_f10_kb24_1_multisensor,paderborn_n09_m07_f10_kb24_1,test,KB24,multisensor,current|force|speed|temperature|torque|vibration,N09,M07_F10,n09_m07_f10,bearing_real_damage,24,fault,real,1,data/raw/paderborn/KB24/N09_M07_F10_KB24_1.mat,False,paderborn_channels_verified
paderborn_artificial_to_natural,artificial_to_real_damage,paderborn,paderborn_n09_m07_f10_kb24_20_multisensor,paderborn_n09_m07_f10_kb24_20,test,KB24,multisensor,current|force|speed|temperature|torque|vibration,N09,M07_F10,n09_m07_f10,bearing_real_damage,24,fault,real,20,data/raw/paderborn/KB24/N09_M07_F10_KB24_20.mat,False,paderborn_channels_verified
paderborn_artificial_to_natural,artificial_to_real_damage,paderborn,paderborn_n09_m07_f10_kb24_2_multisensor,paderborn_n09_m07_f10_kb24_2,test,KB24,multisensor,current|force|speed|temperature|torque|vibration,N09,M07_F10,n09_m07_f10,bearing_real_damage,24,fault,real,2,data/raw/paderborn/KB24/N09_M07_F10_KB24_2.mat,False,paderborn_channels_verified
paderborn_artificial_to_natural,artificial_to_real_damage,paderborn,paderborn_n09_m07_f10_kb24_3_multisensor,paderborn_n09_m07_f10_kb24_3,test,KB24,multisensor,current|force|speed|temperature|torque|vibration,N09,M07_F10,n09_m07_f10,bearing_real_damage,24,fault,real,3,data/raw/paderborn/KB24/N09_M07_F10_KB24_3.mat,False,paderborn_channels_verified
paderborn_artificial_to_natural,artificial_to_real_damage,paderborn,paderborn_n09_m07_f10_kb24_4_multisensor,paderborn_n09_m07_f10_kb24_4,test,KB24,multisensor,current|force|speed|temperature|torque|vibration,N09,M07_F10,n09_m07_f10,bearing_real_damage,24,fault,real,4,data/raw/paderborn/KB24/N09_M07_F10_KB24_4.mat,False,paderborn_channels_verified
paderborn_artificial_to_natural,artificial_to_real_damage,paderborn,paderborn_n09_m07_f10_kb24_5_multisensor,paderborn_n09_m07_f10_kb24_5,test,KB24,multisensor,current|force|speed|temperature|torque|vibration,N09,M07_F10,n09_m07_f10,bearing_real_damage,24,fault,real,5,data/raw/paderborn/KB24/N09_M07_F10_KB24_5.mat,False,paderborn_channels_verified
paderborn_artificial_to_natural,artificial_to_real_damage,paderborn,paderborn_n09_m07_f10_kb24_6_multisensor,paderborn_n09_m07_f10_kb24_6,test,KB24,multisensor,current|force|speed|temperature|torque|vibration,N09,M07_F10,n09_m07_f10,bearing_real_damage,24,fault,real,6,data/raw/paderborn/KB24/N09_M07_F10_KB24_6.mat,False,paderborn_channels_verified
paderborn_artificial_to_natural,artificial_to_real_damage,paderborn,paderborn_n09_m07_f10_kb24_7_multisensor,paderborn_n09_m07_f10_kb24_7,test,KB24,multisensor,current|force|speed|temperature|torque|vibration,N09,M07_F10,n09_m07_f10,bearing_real_damage,24,fault,real,7,data/raw/paderborn/KB24/N09_M07_F10_KB24_7.mat,False,paderborn_channels_verified
paderborn_artificial_to_natural,artificial_to_real_damage,paderborn,paderborn_n09_m07_f10_kb24_8_multisensor,paderborn_n09_m07_f10_kb24_8,test,KB24,multisensor,current|force|speed|temperature|torque|vibration,N09,M07_F10,n09_m07_f10,bearing_real_damage,24,fault,real,8,data/raw/paderborn/KB24/N09_M07_F10_KB24_8.mat,False,paderborn_channels_verified
paderborn_artificial_to_natural,artificial_to_real_damage,paderborn,paderborn_n09_m07_f10_kb24_9_multisensor,paderborn_n09_m07_f10_kb24_9,test,KB24,multisensor,current|force|speed|temperature|torque|vibration,N09,M07_F10,n09_m07_f10,bearing_real_damage,24,fault,real,9,data/raw/paderborn/KB24/N09_M07_F10_KB24_9.mat,False,paderborn_channels_verified
paderborn_artificial_to_natural,artificial_to_real_damage,paderborn,paderborn_n15_m01_f10_kb24_10_multisensor,paderborn_n15_m01_f10_kb24_10,test,KB24,multisensor,current|force|speed|temperature|torque|vibration,N15,M01_F10,n15_m01_f10,bearing_real_damage,24,fault,real,10,data/raw/paderborn/KB24/N15_M01_F10_KB24_10.mat,False,paderborn_channels_verified
paderborn_artificial_to_natural,artificial_to_real_damage,paderborn,paderborn_n15_m01_f10_kb24_11_multisensor,paderborn_n15_m01_f10_kb24_11,test,KB24,multisensor,current|force|speed|temperature|torque|vibration,N15,M01_F10,n15_m01_f10,bearing_real_damage,24,fault,real,11,data/raw/paderborn/KB24/N15_M01_F10_KB24_11.mat,False,paderborn_channels_verified
paderborn_artificial_to_natural,artificial_to_real_damage,paderborn,paderborn_n15_m01_f10_kb24_12_multisensor,paderborn_n15_m01_f10_kb24_12,test,KB24,multisensor,current|force|speed|temperature|torque|vibration,N15,M01_F10,n15_m01_f10,bearing_real_damage,24,fault,real,12,data/raw/paderborn/KB24/N15_M01_F10_KB24_12.mat,False,paderborn_channels_verified
paderborn_artificial_to_natural,artificial_to_real_damage,paderborn,paderborn_n15_m01_f10_kb24_13_multisensor,paderborn_n15_m01_f10_kb24_13,test,KB24,multisensor,current|force|speed|temperature|torque|vibration,N15,M01_F10,n15_m01_f10,bearing_real_damage,24,fault,real,13,data/raw/paderborn/KB24/N15_M01_F10_KB24_13.mat,False,paderborn_channels_verified
paderborn_artificial_to_natural,artificial_to_real_damage,paderborn,paderborn_n15_m01_f10_kb24_14_multisensor,paderborn_n15_m01_f10_kb24_14,test,KB24,multisensor,current|force|speed|temperature|torque|vibration,N15,M01_F10,n15_m01_f10,bearing_real_damage,24,fault,real,14,data/raw/paderborn/KB24/N15_M01_F10_KB24_14.mat,False,paderborn_channels_verified
paderborn_artificial_to_natural,artificial_to_real_damage,paderborn,paderborn_n15_m01_f10_kb24_15_multisensor,paderborn_n15_m01_f10_kb24_15,test,KB24,multisensor,current|force|speed|temperature|torque|vibration,N15,M01_F10,n15_m01_f10,bearing_real_damage,24,fault,real,15,data/raw/paderborn/KB24/N15_M01_F10_KB24_15.mat,False,paderborn_channels_verified
paderborn_artificial_to_natural,artificial_to_real_damage,paderborn,paderborn_n15_m01_f10_kb24_16_multisensor,paderborn_n15_m01_f10_kb24_16,test,KB24,multisensor,current|force|speed|temperature|torque|vibration,N15,M01_F10,n15_m01_f10,bearing_real_damage,24,fault,real,16,data/raw/paderborn/KB24/N15_M01_F10_KB24_16.mat,False,paderborn_channels_verified
paderborn_artificial_to_natural,artificial_to_real_damage,paderborn,paderborn_n15_m01_f10_kb24_17_multisensor,paderborn_n15_m01_f10_kb24_17,test,KB24,multisensor,current|force|speed|temperature|torque|vibration,N15,M01_F10,n15_m01_f10,bearing_real_damage,24,fault,real,17,data/raw/paderborn/KB24/N15_M01_F10_KB24_17.mat,False,paderborn_channels_verified
paderborn_artificial_to_natural,artificial_to_real_damage,paderborn,paderborn_n15_m01_f10_kb24_18_multisensor,paderborn_n15_m01_f10_kb24_18,test,KB24,multisensor,current|force|speed|temperature|torque|vibration,N15,M01_F10,n15_m01_f10,bearing_real_damage,24,fault,real,18,data/raw/paderborn/KB24/N15_M01_F10_KB24_18.mat,False,paderborn_channels_verified
paderborn_artificial_to_natural,artificial_to_real_damage,paderborn,paderborn_n15_m01_f10_kb24_19_multisensor,paderborn_n15_m01_f10_kb24_19,test,KB24,multisensor,current|force|speed|temperature|torque|vibration,N15,M01_F10,n15_m01_f10,bearing_real_damage,24,fault,real,19,data/raw/paderborn/KB24/N15_M01_F10_KB24_19.mat,False,paderborn_channels_verified
paderborn_artificial_to_natural,artificial_to_real_damage,paderborn,paderborn_n15_m01_f10_kb24_1_multisensor,paderborn_n15_m01_f10_kb24_1,test,KB24,multisensor,current|force|speed|temperature|torque|vibration,N15,M01_F10,n15_m01_f10,bearing_real_damage,24,fault,real,1,data/raw/paderborn/KB24/N15_M01_F10_KB24_1.mat,False,paderborn_channels_verified
paderborn_artificial_to_natural,artificial_to_real_damage,paderborn,paderborn_n15_m01_f10_kb24_20_multisensor,paderborn_n15_m01_f10_kb24_20,test,KB24,multisensor,current|force|speed|temperature|torque|vibration,N15,M01_F10,n15_m01_f10,bearing_real_damage,24,fault,real,20,data/raw/paderborn/KB24/N15_M01_F10_KB24_20.mat,False,paderborn_channels_verified
paderborn_artificial_to_natural,artificial_to_real_damage,paderborn,paderborn_n15_m01_f10_kb24_2_multisensor,paderborn_n15_m01_f10_kb24_2,test,KB24,multisensor,current|force|speed|temperature|torque|vibration,N15,M01_F10,n15_m01_f10,bearing_real_damage,24,fault,real,2,data/raw/paderborn/KB24/N15_M01_F10_KB24_2.mat,False,paderborn_channels_verified
paderborn_artificial_to_natural,artificial_to_real_damage,paderborn,paderborn_n15_m01_f10_kb24_3_multisensor,paderborn_n15_m01_f10_kb24_3,test,KB24,multisensor,current|force|speed|temperature|torque|vibration,N15,M01_F10,n15_m01_f10,bearing_real_damage,24,fault,real,3,data/raw/paderborn/KB24/N15_M01_F10_KB24_3.mat,False,paderborn_channels_verified
paderborn_artificial_to_natural,artificial_to_real_damage,paderborn,paderborn_n15_m01_f10_kb24_4_multisensor,paderborn_n15_m01_f10_kb24_4,test,KB24,multisensor,current|force|speed|temperature|torque|vibration,N15,M01_F10,n15_m01_f10,bearing_real_damage,24,fault,real,4,data/raw/paderborn/KB24/N15_M01_F10_KB24_4.mat,False,paderborn_channels_verified
paderborn_artificial_to_natural,artificial_to_real_damage,paderborn,paderborn_n15_m01_f10_kb24_5_multisensor,paderborn_n15_m01_f10_kb24_5,test,KB24,multisensor,current|force|speed|temperature|torque|vibration,N15,M01_F10,n15_m01_f10,bearing_real_damage,24,fault,real,5,data/raw/paderborn/KB24/N15_M01_F10_KB24_5.mat,False,paderborn_channels_verified
paderborn_artificial_to_natural,artificial_to_real_damage,paderborn,paderborn_n15_m01_f10_kb24_6_multisensor,paderborn_n15_m01_f10_kb24_6,test,KB24,multisensor,current|force|speed|temperature|torque|vibration,N15,M01_F10,n15_m01_f10,bearing_real_damage,24,fault,real,6,data/raw/paderborn/KB24/N15_M01_F10_KB24_6.mat,False,paderborn_channels_verified
paderborn_artificial_to_natural,artificial_to_real_damage,paderborn,paderborn_n15_m01_f10_kb24_7_multisensor,paderborn_n15_m01_f10_kb24_7,test,KB24,multisensor,current|force|speed|temperature|torque|vibration,N15,M01_F10,n15_m01_f10,bearing_real_damage,24,fault,real,7,data/raw/paderborn/KB24/N15_M01_F10_KB24_7.mat,False,paderborn_channels_verified
paderborn_artificial_to_natural,artificial_to_real_damage,paderborn,paderborn_n15_m01_f10_kb24_8_multisensor,paderborn_n15_m01_f10_kb24_8,test,KB24,multisensor,current|force|speed|temperature|torque|vibration,N15,M01_F10,n15_m01_f10,bearing_real_damage,24,fault,real,8,data/raw/paderborn/KB24/N15_M01_F10_KB24_8.mat,False,paderborn_channels_verified
paderborn_artificial_to_natural,artificial_to_real_damage,paderborn,paderborn_n15_m01_f10_kb24_9_multisensor,paderborn_n15_m01_f10_kb24_9,test,KB24,multisensor,current|force|speed|temperature|torque|vibration,N15,M01_F10,n15_m01_f10,bearing_real_damage,24,fault,real,9,data/raw/paderborn/KB24/N15_M01_F10_KB24_9.mat,False,paderborn_channels_verified
paderborn_artificial_to_natural,artificial_to_real_damage,paderborn,paderborn_n15_m07_f04_kb24_10_multisensor,paderborn_n15_m07_f04_kb24_10,test,KB24,multisensor,current|force|speed|temperature|torque|vibration,N15,M07_F04,n15_m07_f04,bearing_real_damage,24,fault,real,10,data/raw/paderborn/KB24/N15_M07_F04_KB24_10.mat,False,paderborn_channels_verified
paderborn_artificial_to_natural,artificial_to_real_damage,paderborn,paderborn_n15_m07_f04_kb24_11_multisensor,paderborn_n15_m07_f04_kb24_11,test,KB24,multisensor,current|force|speed|temperature|torque|vibration,N15,M07_F04,n15_m07_f04,bearing_real_damage,24,fault,real,11,data/raw/paderborn/KB24/N15_M07_F04_KB24_11.mat,False,paderborn_channels_verified
paderborn_artificial_to_natural,artificial_to_real_damage,paderborn,paderborn_n15_m07_f04_kb24_12_multisensor,paderborn_n15_m07_f04_kb24_12,test,KB24,multisensor,current|force|speed|temperature|torque|vibration,N15,M07_F04,n15_m07_f04,bearing_real_damage,24,fault,real,12,data/raw/paderborn/KB24/N15_M07_F04_KB24_12.mat,False,paderborn_channels_verified
paderborn_artificial_to_natural,artificial_to_real_damage,paderborn,paderborn_n15_m07_f04_kb24_13_multisensor,paderborn_n15_m07_f04_kb24_13,test,KB24,multisensor,current|force|speed|temperature|torque|vibration,N15,M07_F04,n15_m07_f04,bearing_real_damage,24,fault,real,13,data/raw/paderborn/KB24/N15_M07_F04_KB24_13.mat,False,paderborn_channels_verified
paderborn_artificial_to_natural,artificial_to_real_damage,paderborn,paderborn_n15_m07_f04_kb24_14_multisensor,paderborn_n15_m07_f04_kb24_14,test,KB24,multisensor,current|force|speed|temperature|torque|vibration,N15,M07_F04,n15_m07_f04,bearing_real_damage,24,fault,real,14,data/raw/paderborn/KB24/N15_M07_F04_KB24_14.mat,False,paderborn_channels_verified
paderborn_artificial_to_natural,artificial_to_real_damage,paderborn,paderborn_n15_m07_f04_kb24_15_multisensor,paderborn_n15_m07_f04_kb24_15,test,KB24,multisensor,current|force|speed|temperature|torque|vibration,N15,M07_F04,n15_m07_f04,bearing_real_damage,24,fault,real,15,data/raw/paderborn/KB24/N15_M07_F04_KB24_15.mat,False,paderborn_channels_verified
paderborn_artificial_to_natural,artificial_to_real_damage,paderborn,paderborn_n15_m07_f04_kb24_16_multisensor,paderborn_n15_m07_f04_kb24_16,test,KB24,multisensor,current|force|speed|temperature|torque|vibration,N15,M07_F04,n15_m07_f04,bearing_real_damage,24,fault,real,16,data/raw/paderborn/KB24/N15_M07_F04_KB24_16.mat,False,paderborn_channels_verified
paderborn_artificial_to_natural,artificial_to_real_damage,paderborn,paderborn_n15_m07_f04_kb24_17_multisensor,paderborn_n15_m07_f04_kb24_17,test,KB24,multisensor,current|force|speed|temperature|torque|vibration,N15,M07_F04,n15_m07_f04,bearing_real_damage,24,fault,real,17,data/raw/paderborn/KB24/N15_M07_F04_KB24_17.mat,False,paderborn_channels_verified
paderborn_artificial_to_natural,artificial_to_real_damage,paderborn,paderborn_n15_m07_f04_kb24_18_multisensor,paderborn_n15_m07_f04_kb24_18,test,KB24,multisensor,current|force|speed|temperature|torque|vibration,N15,M07_F04,n15_m07_f04,bearing_real_damage,24,fault,real,18,data/raw/paderborn/KB24/N15_M07_F04_KB24_18.mat,False,paderborn_channels_verified
paderborn_artificial_to_natural,artificial_to_real_damage,paderborn,paderborn_n15_m07_f04_kb24_19_multisensor,paderborn_n15_m07_f04_kb24_19,test,KB24,multisensor,current|force|speed|temperature|torque|vibration,N15,M07_F04,n15_m07_f04,bearing_real_damage,24,fault,real,19,data/raw/paderborn/KB24/N15_M07_F04_KB24_19.mat,False,paderborn_channels_verified
paderborn_artificial_to_natural,artificial_to_real_damage,paderborn,paderborn_n15_m07_f04_kb24_1_multisensor,paderborn_n15_m07_f04_kb24_1,test,KB24,multisensor,current|force|speed|temperature|torque|vibration,N15,M07_F04,n15_m07_f04,bearing_real_damage,24,fault,real,1,data/raw/paderborn/KB24/N15_M07_F04_KB24_1.mat,False,paderborn_channels_verified
paderborn_artificial_to_natural,artificial_to_real_damage,paderborn,paderborn_n15_m07_f04_kb24_20_multisensor,paderborn_n15_m07_f04_kb24_20,test,KB24,multisensor,current|force|speed|temperature|torque|vibration,N15,M07_F04,n15_m07_f04,bearing_real_damage,24,fault,real,20,data/raw/paderborn/KB24/N15_M07_F04_KB24_20.mat,False,paderborn_channels_verified
paderborn_artificial_to_natural,artificial_to_real_damage,paderborn,paderborn_n15_m07_f04_kb24_2_multisensor,paderborn_n15_m07_f04_kb24_2,test,KB24,multisensor,current|force|speed|temperature|torque|vibration,N15,M07_F04,n15_m07_f04,bearing_real_damage,24,fault,real,2,data/raw/paderborn/KB24/N15_M07_F04_KB24_2.mat,False,paderborn_channels_verified
paderborn_artificial_to_natural,artificial_to_real_damage,paderborn,paderborn_n15_m07_f04_kb24_3_multisensor,paderborn_n15_m07_f04_kb24_3,test,KB24,multisensor,current|force|speed|temperature|torque|vibration,N15,M07_F04,n15_m07_f04,bearing_real_damage,24,fault,real,3,data/raw/paderborn/KB24/N15_M07_F04_KB24_3.mat,False,paderborn_channels_verified
paderborn_artificial_to_natural,artificial_to_real_damage,paderborn,paderborn_n15_m07_f04_kb24_4_multisensor,paderborn_n15_m07_f04_kb24_4,test,KB24,multisensor,current|force|speed|temperature|torque|vibration,N15,M07_F04,n15_m07_f04,bearing_real_damage,24,fault,real,4,data/raw/paderborn/KB24/N15_M07_F04_KB24_4.mat,False,paderborn_channels_verified
paderborn_artificial_to_natural,artificial_to_real_damage,paderborn,paderborn_n15_m07_f04_kb24_5_multisensor,paderborn_n15_m07_f04_kb24_5,test,KB24,multisensor,current|force|speed|temperature|torque|vibration,N15,M07_F04,n15_m07_f04,bearing_real_damage,24,fault,real,5,data/raw/paderborn/KB24/N15_M07_F04_KB24_5.mat,False,paderborn_channels_verified
paderborn_artificial_to_natural,artificial_to_real_damage,paderborn,paderborn_n15_m07_f04_kb24_6_multisensor,paderborn_n15_m07_f04_kb24_6,test,KB24,multisensor,current|force|speed|temperature|torque|vibration,N15,M07_F04,n15_m07_f04,bearing_real_damage,24,fault,real,6,data/raw/paderborn/KB24/N15_M07_F04_KB24_6.mat,False,paderborn_channels_verified
paderborn_artificial_to_natural,artificial_to_real_damage,paderborn,paderborn_n15_m07_f04_kb24_7_multisensor,paderborn_n15_m07_f04_kb24_7,test,KB24,multisensor,current|force|speed|temperature|torque|vibration,N15,M07_F04,n15_m07_f04,bearing_real_damage,24,fault,real,7,data/raw/paderborn/KB24/N15_M07_F04_KB24_7.mat,False,paderborn_channels_verified
paderborn_artificial_to_natural,artificial_to_real_damage,paderborn,paderborn_n15_m07_f04_kb24_8_multisensor,paderborn_n15_m07_f04_kb24_8,test,KB24,multisensor,current|force|speed|temperature|torque|vibration,N15,M07_F04,n15_m07_f04,bearing_real_damage,24,fault,real,8,data/raw/paderborn/KB24/N15_M07_F04_KB24_8.mat,False,paderborn_channels_verified
paderborn_artificial_to_natural,artificial_to_real_damage,paderborn,paderborn_n15_m07_f04_kb24_9_multisensor,paderborn_n15_m07_f04_kb24_9,test,KB24,multisensor,current|force|speed|temperature|torque|vibration,N15,M07_F04,n15_m07_f04,bearing_real_damage,24,fault,real,9,data/raw/paderborn/KB24/N15_M07_F04_KB24_9.mat,False,paderborn_channels_verified
paderborn_artificial_to_natural,artificial_to_real_damage,paderborn,paderborn_n15_m07_f10_kb24_10_multisensor,paderborn_n15_m07_f10_kb24_10,test,KB24,multisensor,current|force|speed|temperature|torque|vibration,N15,M07_F10,n15_m07_f10,bearing_real_damage,24,fault,real,10,data/raw/paderborn/KB24/N15_M07_F10_KB24_10.mat,False,paderborn_channels_verified
paderborn_artificial_to_natural,artificial_to_real_damage,paderborn,paderborn_n15_m07_f10_kb24_11_multisensor,paderborn_n15_m07_f10_kb24_11,test,KB24,multisensor,current|force|speed|temperature|torque|vibration,N15,M07_F10,n15_m07_f10,bearing_real_damage,24,fault,real,11,data/raw/paderborn/KB24/N15_M07_F10_KB24_11.mat,False,paderborn_channels_verified
paderborn_artificial_to_natural,artificial_to_real_damage,paderborn,paderborn_n15_m07_f10_kb24_12_multisensor,paderborn_n15_m07_f10_kb24_12,test,KB24,multisensor,current|force|speed|temperature|torque|vibration,N15,M07_F10,n15_m07_f10,bearing_real_damage,24,fault,real,12,data/raw/paderborn/KB24/N15_M07_F10_KB24_12.mat,False,paderborn_channels_verified
paderborn_artificial_to_natural,artificial_to_real_damage,paderborn,paderborn_n15_m07_f10_kb24_13_multisensor,paderborn_n15_m07_f10_kb24_13,test,KB24,multisensor,current|force|speed|temperature|torque|vibration,N15,M07_F10,n15_m07_f10,bearing_real_damage,24,fault,real,13,data/raw/paderborn/KB24/N15_M07_F10_KB24_13.mat,False,paderborn_channels_verified
paderborn_artificial_to_natural,artificial_to_real_damage,paderborn,paderborn_n15_m07_f10_kb24_14_multisensor,paderborn_n15_m07_f10_kb24_14,test,KB24,multisensor,current|force|speed|temperature|torque|vibration,N15,M07_F10,n15_m07_f10,bearing_real_damage,24,fault,real,14,data/raw/paderborn/KB24/N15_M07_F10_KB24_14.mat,False,paderborn_channels_verified
paderborn_artificial_to_natural,artificial_to_real_damage,paderborn,paderborn_n15_m07_f10_kb24_15_multisensor,paderborn_n15_m07_f10_kb24_15,test,KB24,multisensor,current|force|speed|temperature|torque|vibration,N15,M07_F10,n15_m07_f10,bearing_real_damage,24,fault,real,15,data/raw/paderborn/KB24/N15_M07_F10_KB24_15.mat,False,paderborn_channels_verified
paderborn_artificial_to_natural,artificial_to_real_damage,paderborn,paderborn_n15_m07_f10_kb24_16_multisensor,paderborn_n15_m07_f10_kb24_16,test,KB24,multisensor,current|force|speed|temperature|torque|vibration,N15,M07_F10,n15_m07_f10,bearing_real_damage,24,fault,real,16,data/raw/paderborn/KB24/N15_M07_F10_KB24_16.mat,False,paderborn_channels_verified
paderborn_artificial_to_natural,artificial_to_real_damage,paderborn,paderborn_n15_m07_f10_kb24_17_multisensor,paderborn_n15_m07_f10_kb24_17,test,KB24,multisensor,current|force|speed|temperature|torque|vibration,N15,M07_F10,n15_m07_f10,bearing_real_damage,24,fault,real,17,data/raw/paderborn/KB24/N15_M07_F10_KB24_17.mat,False,paderborn_channels_verified
paderborn_artificial_to_natural,artificial_to_real_damage,paderborn,paderborn_n15_m07_f10_kb24_18_multisensor,paderborn_n15_m07_f10_kb24_18,test,KB24,multisensor,current|force|speed|temperature|torque|vibration,N15,M07_F10,n15_m07_f10,bearing_real_damage,24,fault,real,18,data/raw/paderborn/KB24/N15_M07_F10_KB24_18.mat,False,paderborn_channels_verified
paderborn_artificial_to_natural,artificial_to_real_damage,paderborn,paderborn_n15_m07_f10_kb24_19_multisensor,paderborn_n15_m07_f10_kb24_19,test,KB24,multisensor,current|force|speed|temperature|torque|vibration,N15,M07_F10,n15_m07_f10,bearing_real_damage,24,fault,real,19,data/raw/paderborn/KB24/N15_M07_F10_KB24_19.mat,False,paderborn_channels_verified
paderborn_artificial_to_natural,artificial_to_real_damage,paderborn,paderborn_n15_m07_f10_kb24_1_multisensor,paderborn_n15_m07_f10_kb24_1,test,KB24,multisensor,current|force|speed|temperature|torque|vibration,N15,M07_F10,n15_m07_f10,bearing_real_damage,24,fault,real,1,data/raw/paderborn/KB24/N15_M07_F10_KB24_1.mat,False,paderborn_channels_verified
paderborn_artificial_to_natural,artificial_to_real_damage,paderborn,paderborn_n15_m07_f10_kb24_20_multisensor,paderborn_n15_m07_f10_kb24_20,test,KB24,multisensor,current|force|speed|temperature|torque|vibration,N15,M07_F10,n15_m07_f10,bearing_real_damage,24,fault,real,20,data/raw/paderborn/KB24/N15_M07_F10_KB24_20.mat,False,paderborn_channels_verified
paderborn_artificial_to_natural,artificial_to_real_damage,paderborn,paderborn_n15_m07_f10_kb24_2_multisensor,paderborn_n15_m07_f10_kb24_2,test,KB24,multisensor,current|force|speed|temperature|torque|vibration,N15,M07_F10,n15_m07_f10,bearing_real_damage,24,fault,real,2,data/raw/paderborn/KB24/N15_M07_F10_KB24_2.mat,False,paderborn_channels_verified
paderborn_artificial_to_natural,artificial_to_real_damage,paderborn,paderborn_n15_m07_f10_kb24_3_multisensor,paderborn_n15_m07_f10_kb24_3,test,KB24,multisensor,current|force|speed|temperature|torque|vibration,N15,M07_F10,n15_m07_f10,bearing_real_damage,24,fault,real,3,data/raw/paderborn/KB24/N15_M07_F10_KB24_3.mat,False,paderborn_channels_verified
paderborn_artificial_to_natural,artificial_to_real_damage,paderborn,paderborn_n15_m07_f10_kb24_4_multisensor,paderborn_n15_m07_f10_kb24_4,test,KB24,multisensor,current|force|speed|temperature|torque|vibration,N15,M07_F10,n15_m07_f10,bearing_real_damage,24,fault,real,4,data/raw/paderborn/KB24/N15_M07_F10_KB24_4.mat,False,paderborn_channels_verified
paderborn_artificial_to_natural,artificial_to_real_damage,paderborn,paderborn_n15_m07_f10_kb24_5_multisensor,paderborn_n15_m07_f10_kb24_5,test,KB24,multisensor,current|force|speed|temperature|torque|vibration,N15,M07_F10,n15_m07_f10,bearing_real_damage,24,fault,real,5,data/raw/paderborn/KB24/N15_M07_F10_KB24_5.mat,False,paderborn_channels_verified
paderborn_artificial_to_natural,artificial_to_real_damage,paderborn,paderborn_n15_m07_f10_kb24_6_multisensor,paderborn_n15_m07_f10_kb24_6,test,KB24,multisensor,current|force|speed|temperature|torque|vibration,N15,M07_F10,n15_m07_f10,bearing_real_damage,24,fault,real,6,data/raw/paderborn/KB24/N15_M07_F10_KB24_6.mat,False,paderborn_channels_verified
paderborn_artificial_to_natural,artificial_to_real_damage,paderborn,paderborn_n15_m07_f10_kb24_7_multisensor,paderborn_n15_m07_f10_kb24_7,test,KB24,multisensor,current|force|speed|temperature|torque|vibration,N15,M07_F10,n15_m07_f10,bearing_real_damage,24,fault,real,7,data/raw/paderborn/KB24/N15_M07_F10_KB24_7.mat,False,paderborn_channels_verified
paderborn_artificial_to_natural,artificial_to_real_damage,paderborn,paderborn_n15_m07_f10_kb24_8_multisensor,paderborn_n15_m07_f10_kb24_8,test,KB24,multisensor,current|force|speed|temperature|torque|vibration,N15,M07_F10,n15_m07_f10,bearing_real_damage,24,fault,real,8,data/raw/paderborn/KB24/N15_M07_F10_KB24_8.mat,False,paderborn_channels_verified
paderborn_artificial_to_natural,artificial_to_real_damage,paderborn,paderborn_n15_m07_f10_kb24_9_multisensor,paderborn_n15_m07_f10_kb24_9,test,KB24,multisensor,current|force|speed|temperature|torque|vibration,N15,M07_F10,n15_m07_f10,bearing_real_damage,24,fault,real,9,data/raw/paderborn/KB24/N15_M07_F10_KB24_9.mat,False,paderborn_channels_verified
paderborn_artificial_to_natural,artificial_to_real_damage,paderborn,paderborn_n09_m07_f10_kb27_10_multisensor,paderborn_n09_m07_f10_kb27_10,test,KB27,multisensor,current|force|speed|temperature|torque|vibration,N09,M07_F10,n09_m07_f10,bearing_real_damage,27,fault,real,10,data/raw/paderborn/KB27/N09_M07_F10_KB27_10.mat,False,paderborn_channels_verified
paderborn_artificial_to_natural,artificial_to_real_damage,paderborn,paderborn_n09_m07_f10_kb27_11_multisensor,paderborn_n09_m07_f10_kb27_11,test,KB27,multisensor,current|force|speed|temperature|torque|vibration,N09,M07_F10,n09_m07_f10,bearing_real_damage,27,fault,real,11,data/raw/paderborn/KB27/N09_M07_F10_KB27_11.mat,False,paderborn_channels_verified
paderborn_artificial_to_natural,artificial_to_real_damage,paderborn,paderborn_n09_m07_f10_kb27_12_multisensor,paderborn_n09_m07_f10_kb27_12,test,KB27,multisensor,current|force|speed|temperature|torque|vibration,N09,M07_F10,n09_m07_f10,bearing_real_damage,27,fault,real,12,data/raw/paderborn/KB27/N09_M07_F10_KB27_12.mat,False,paderborn_channels_verified
paderborn_artificial_to_natural,artificial_to_real_damage,paderborn,paderborn_n09_m07_f10_kb27_13_multisensor,paderborn_n09_m07_f10_kb27_13,test,KB27,multisensor,current|force|speed|temperature|torque|vibration,N09,M07_F10,n09_m07_f10,bearing_real_damage,27,fault,real,13,data/raw/paderborn/KB27/N09_M07_F10_KB27_13.mat,False,paderborn_channels_verified
paderborn_artificial_to_natural,artificial_to_real_damage,paderborn,paderborn_n09_m07_f10_kb27_14_multisensor,paderborn_n09_m07_f10_kb27_14,test,KB27,multisensor,current|force|speed|temperature|torque|vibration,N09,M07_F10,n09_m07_f10,bearing_real_damage,27,fault,real,14,data/raw/paderborn/KB27/N09_M07_F10_KB27_14.mat,False,paderborn_channels_verified
paderborn_artificial_to_natural,artificial_to_real_damage,paderborn,paderborn_n09_m07_f10_kb27_15_multisensor,paderborn_n09_m07_f10_kb27_15,test,KB27,multisensor,current|force|speed|temperature|torque|vibration,N09,M07_F10,n09_m07_f10,bearing_real_damage,27,fault,real,15,data/raw/paderborn/KB27/N09_M07_F10_KB27_15.mat,False,paderborn_channels_verified
paderborn_artificial_to_natural,artificial_to_real_damage,paderborn,paderborn_n09_m07_f10_kb27_16_multisensor,paderborn_n09_m07_f10_kb27_16,test,KB27,multisensor,current|force|speed|temperature|torque|vibration,N09,M07_F10,n09_m07_f10,bearing_real_damage,27,fault,real,16,data/raw/paderborn/KB27/N09_M07_F10_KB27_16.mat,False,paderborn_channels_verified
paderborn_artificial_to_natural,artificial_to_real_damage,paderborn,paderborn_n09_m07_f10_kb27_17_multisensor,paderborn_n09_m07_f10_kb27_17,test,KB27,multisensor,current|force|speed|temperature|torque|vibration,N09,M07_F10,n09_m07_f10,bearing_real_damage,27,fault,real,17,data/raw/paderborn/KB27/N09_M07_F10_KB27_17.mat,False,paderborn_channels_verified
paderborn_artificial_to_natural,artificial_to_real_damage,paderborn,paderborn_n09_m07_f10_kb27_18_multisensor,paderborn_n09_m07_f10_kb27_18,test,KB27,multisensor,current|force|speed|temperature|torque|vibration,N09,M07_F10,n09_m07_f10,bearing_real_damage,27,fault,real,18,data/raw/paderborn/KB27/N09_M07_F10_KB27_18.mat,False,paderborn_channels_verified
paderborn_artificial_to_natural,artificial_to_real_damage,paderborn,paderborn_n09_m07_f10_kb27_19_multisensor,paderborn_n09_m07_f10_kb27_19,test,KB27,multisensor,current|force|speed|temperature|torque|vibration,N09,M07_F10,n09_m07_f10,bearing_real_damage,27,fault,real,19,data/raw/paderborn/KB27/N09_M07_F10_KB27_19.mat,False,paderborn_channels_verified
paderborn_artificial_to_natural,artificial_to_real_damage,paderborn,paderborn_n09_m07_f10_kb27_1_multisensor,paderborn_n09_m07_f10_kb27_1,test,KB27,multisensor,current|force|speed|temperature|torque|vibration,N09,M07_F10,n09_m07_f10,bearing_real_damage,27,fault,real,1,data/raw/paderborn/KB27/N09_M07_F10_KB27_1.mat,False,paderborn_channels_verified
paderborn_artificial_to_natural,artificial_to_real_damage,paderborn,paderborn_n09_m07_f10_kb27_20_multisensor,paderborn_n09_m07_f10_kb27_20,test,KB27,multisensor,current|force|speed|temperature|torque|vibration,N09,M07_F10,n09_m07_f10,bearing_real_damage,27,fault,real,20,data/raw/paderborn/KB27/N09_M07_F10_KB27_20.mat,False,paderborn_channels_verified
paderborn_artificial_to_natural,artificial_to_real_damage,paderborn,paderborn_n09_m07_f10_kb27_2_multisensor,paderborn_n09_m07_f10_kb27_2,test,KB27,multisensor,current|force|speed|temperature|torque|vibration,N09,M07_F10,n09_m07_f10,bearing_real_damage,27,fault,real,2,data/raw/paderborn/KB27/N09_M07_F10_KB27_2.mat,False,paderborn_channels_verified
paderborn_artificial_to_natural,artificial_to_real_damage,paderborn,paderborn_n09_m07_f10_kb27_3_multisensor,paderborn_n09_m07_f10_kb27_3,test,KB27,multisensor,current|force|speed|temperature|torque|vibration,N09,M07_F10,n09_m07_f10,bearing_real_damage,27,fault,real,3,data/raw/paderborn/KB27/N09_M07_F10_KB27_3.mat,False,paderborn_channels_verified
paderborn_artificial_to_natural,artificial_to_real_damage,paderborn,paderborn_n09_m07_f10_kb27_4_multisensor,paderborn_n09_m07_f10_kb27_4,test,KB27,multisensor,current|force|speed|temperature|torque|vibration,N09,M07_F10,n09_m07_f10,bearing_real_damage,27,fault,real,4,data/raw/paderborn/KB27/N09_M07_F10_KB27_4.mat,False,paderborn_channels_verified
paderborn_artificial_to_natural,artificial_to_real_damage,paderborn,paderborn_n09_m07_f10_kb27_5_multisensor,paderborn_n09_m07_f10_kb27_5,test,KB27,multisensor,current|force|speed|temperature|torque|vibration,N09,M07_F10,n09_m07_f10,bearing_real_damage,27,fault,real,5,data/raw/paderborn/KB27/N09_M07_F10_KB27_5.mat,False,paderborn_channels_verified
paderborn_artificial_to_natural,artificial_to_real_damage,paderborn,paderborn_n09_m07_f10_kb27_6_multisensor,paderborn_n09_m07_f10_kb27_6,test,KB27,multisensor,current|force|speed|temperature|torque|vibration,N09,M07_F10,n09_m07_f10,bearing_real_damage,27,fault,real,6,data/raw/paderborn/KB27/N09_M07_F10_KB27_6.mat,False,paderborn_channels_verified
paderborn_artificial_to_natural,artificial_to_real_damage,paderborn,paderborn_n09_m07_f10_kb27_7_multisensor,paderborn_n09_m07_f10_kb27_7,test,KB27,multisensor,current|force|speed|temperature|torque|vibration,N09,M07_F10,n09_m07_f10,bearing_real_damage,27,fault,real,7,data/raw/paderborn/KB27/N09_M07_F10_KB27_7.mat,False,paderborn_channels_verified
paderborn_artificial_to_natural,artificial_to_real_damage,paderborn,paderborn_n09_m07_f10_kb27_8_multisensor,paderborn_n09_m07_f10_kb27_8,test,KB27,multisensor,current|force|speed|temperature|torque|vibration,N09,M07_F10,n09_m07_f10,bearing_real_damage,27,fault,real,8,data/raw/paderborn/KB27/N09_M07_F10_KB27_8.mat,False,paderborn_channels_verified
paderborn_artificial_to_natural,artificial_to_real_damage,paderborn,paderborn_n09_m07_f10_kb27_9_multisensor,paderborn_n09_m07_f10_kb27_9,test,KB27,multisensor,current|force|speed|temperature|torque|vibration,N09,M07_F10,n09_m07_f10,bearing_real_damage,27,fault,real,9,data/raw/paderborn/KB27/N09_M07_F10_KB27_9.mat,False,paderborn_channels_verified
paderborn_artificial_to_natural,artificial_to_real_damage,paderborn,paderborn_n15_m01_f10_kb27_10_multisensor,paderborn_n15_m01_f10_kb27_10,test,KB27,multisensor,current|force|speed|temperature|torque|vibration,N15,M01_F10,n15_m01_f10,bearing_real_damage,27,fault,real,10,data/raw/paderborn/KB27/N15_M01_F10_KB27_10.mat,False,paderborn_channels_verified
paderborn_artificial_to_natural,artificial_to_real_damage,paderborn,paderborn_n15_m01_f10_kb27_11_multisensor,paderborn_n15_m01_f10_kb27_11,test,KB27,multisensor,current|force|speed|temperature|torque|vibration,N15,M01_F10,n15_m01_f10,bearing_real_damage,27,fault,real,11,data/raw/paderborn/KB27/N15_M01_F10_KB27_11.mat,False,paderborn_channels_verified
paderborn_artificial_to_natural,artificial_to_real_damage,paderborn,paderborn_n15_m01_f10_kb27_12_multisensor,paderborn_n15_m01_f10_kb27_12,test,KB27,multisensor,current|force|speed|temperature|torque|vibration,N15,M01_F10,n15_m01_f10,bearing_real_damage,27,fault,real,12,data/raw/paderborn/KB27/N15_M01_F10_KB27_12.mat,False,paderborn_channels_verified
paderborn_artificial_to_natural,artificial_to_real_damage,paderborn,paderborn_n15_m01_f10_kb27_13_multisensor,paderborn_n15_m01_f10_kb27_13,test,KB27,multisensor,current|force|speed|temperature|torque|vibration,N15,M01_F10,n15_m01_f10,bearing_real_damage,27,fault,real,13,data/raw/paderborn/KB27/N15_M01_F10_KB27_13.mat,False,paderborn_channels_verified
paderborn_artificial_to_natural,artificial_to_real_damage,paderborn,paderborn_n15_m01_f10_kb27_14_multisensor,paderborn_n15_m01_f10_kb27_14,test,KB27,multisensor,current|force|speed|temperature|torque|vibration,N15,M01_F10,n15_m01_f10,bearing_real_damage,27,fault,real,14,data/raw/paderborn/KB27/N15_M01_F10_KB27_14.mat,False,paderborn_channels_verified
paderborn_artificial_to_natural,artificial_to_real_damage,paderborn,paderborn_n15_m01_f10_kb27_15_multisensor,paderborn_n15_m01_f10_kb27_15,test,KB27,multisensor,current|force|speed|temperature|torque|vibration,N15,M01_F10,n15_m01_f10,bearing_real_damage,27,fault,real,15,data/raw/paderborn/KB27/N15_M01_F10_KB27_15.mat,False,paderborn_channels_verified
paderborn_artificial_to_natural,artificial_to_real_damage,paderborn,paderborn_n15_m01_f10_kb27_16_multisensor,paderborn_n15_m01_f10_kb27_16,test,KB27,multisensor,current|force|speed|temperature|torque|vibration,N15,M01_F10,n15_m01_f10,bearing_real_damage,27,fault,real,16,data/raw/paderborn/KB27/N15_M01_F10_KB27_16.mat,False,paderborn_channels_verified
paderborn_artificial_to_natural,artificial_to_real_damage,paderborn,paderborn_n15_m01_f10_kb27_17_multisensor,paderborn_n15_m01_f10_kb27_17,test,KB27,multisensor,current|force|speed|temperature|torque|vibration,N15,M01_F10,n15_m01_f10,bearing_real_damage,27,fault,real,17,data/raw/paderborn/KB27/N15_M01_F10_KB27_17.mat,False,paderborn_channels_verified
paderborn_artificial_to_natural,artificial_to_real_damage,paderborn,paderborn_n15_m01_f10_kb27_18_multisensor,paderborn_n15_m01_f10_kb27_18,test,KB27,multisensor,current|force|speed|temperature|torque|vibration,N15,M01_F10,n15_m01_f10,bearing_real_damage,27,fault,real,18,data/raw/paderborn/KB27/N15_M01_F10_KB27_18.mat,False,paderborn_channels_verified
paderborn_artificial_to_natural,artificial_to_real_damage,paderborn,paderborn_n15_m01_f10_kb27_19_multisensor,paderborn_n15_m01_f10_kb27_19,test,KB27,multisensor,current|force|speed|temperature|torque|vibration,N15,M01_F10,n15_m01_f10,bearing_real_damage,27,fault,real,19,data/raw/paderborn/KB27/N15_M01_F10_KB27_19.mat,False,paderborn_channels_verified
paderborn_artificial_to_natural,artificial_to_real_damage,paderborn,paderborn_n15_m01_f10_kb27_1_multisensor,paderborn_n15_m01_f10_kb27_1,test,KB27,multisensor,current|force|speed|temperature|torque|vibration,N15,M01_F10,n15_m01_f10,bearing_real_damage,27,fault,real,1,data/raw/paderborn/KB27/N15_M01_F10_KB27_1.mat,False,paderborn_channels_verified
paderborn_artificial_to_natural,artificial_to_real_damage,paderborn,paderborn_n15_m01_f10_kb27_20_multisensor,paderborn_n15_m01_f10_kb27_20,test,KB27,multisensor,current|force|speed|temperature|torque|vibration,N15,M01_F10,n15_m01_f10,bearing_real_damage,27,fault,real,20,data/raw/paderborn/KB27/N15_M01_F10_KB27_20.mat,False,paderborn_channels_verified
paderborn_artificial_to_natural,artificial_to_real_damage,paderborn,paderborn_n15_m01_f10_kb27_2_multisensor,paderborn_n15_m01_f10_kb27_2,test,KB27,multisensor,current|force|speed|temperature|torque|vibration,N15,M01_F10,n15_m01_f10,bearing_real_damage,27,fault,real,2,data/raw/paderborn/KB27/N15_M01_F10_KB27_2.mat,False,paderborn_channels_verified
paderborn_artificial_to_natural,artificial_to_real_damage,paderborn,paderborn_n15_m01_f10_kb27_3_multisensor,paderborn_n15_m01_f10_kb27_3,test,KB27,multisensor,current|force|speed|temperature|torque|vibration,N15,M01_F10,n15_m01_f10,bearing_real_damage,27,fault,real,3,data/raw/paderborn/KB27/N15_M01_F10_KB27_3.mat,False,paderborn_channels_verified
paderborn_artificial_to_natural,artificial_to_real_damage,paderborn,paderborn_n15_m01_f10_kb27_4_multisensor,paderborn_n15_m01_f10_kb27_4,test,KB27,multisensor,current|force|speed|temperature|torque|vibration,N15,M01_F10,n15_m01_f10,bearing_real_damage,27,fault,real,4,data/raw/paderborn/KB27/N15_M01_F10_KB27_4.mat,False,paderborn_channels_verified
paderborn_artificial_to_natural,artificial_to_real_damage,paderborn,paderborn_n15_m01_f10_kb27_5_multisensor,paderborn_n15_m01_f10_kb27_5,test,KB27,multisensor,current|force|speed|temperature|torque|vibration,N15,M01_F10,n15_m01_f10,bearing_real_damage,27,fault,real,5,data/raw/paderborn/KB27/N15_M01_F10_KB27_5.mat,False,paderborn_channels_verified
paderborn_artificial_to_natural,artificial_to_real_damage,paderborn,paderborn_n15_m01_f10_kb27_6_multisensor,paderborn_n15_m01_f10_kb27_6,test,KB27,multisensor,current|force|speed|temperature|torque|vibration,N15,M01_F10,n15_m01_f10,bearing_real_damage,27,fault,real,6,data/raw/paderborn/KB27/N15_M01_F10_KB27_6.mat,False,paderborn_channels_verified
paderborn_artificial_to_natural,artificial_to_real_damage,paderborn,paderborn_n15_m01_f10_kb27_7_multisensor,paderborn_n15_m01_f10_kb27_7,test,KB27,multisensor,current|force|speed|temperature|torque|vibration,N15,M01_F10,n15_m01_f10,bearing_real_damage,27,fault,real,7,data/raw/paderborn/KB27/N15_M01_F10_KB27_7.mat,False,paderborn_channels_verified
paderborn_artificial_to_natural,artificial_to_real_damage,paderborn,paderborn_n15_m01_f10_kb27_8_multisensor,paderborn_n15_m01_f10_kb27_8,test,KB27,multisensor,current|force|speed|temperature|torque|vibration,N15,M01_F10,n15_m01_f10,bearing_real_damage,27,fault,real,8,data/raw/paderborn/KB27/N15_M01_F10_KB27_8.mat,False,paderborn_channels_verified
paderborn_artificial_to_natural,artificial_to_real_damage,paderborn,paderborn_n15_m01_f10_kb27_9_multisensor,paderborn_n15_m01_f10_kb27_9,test,KB27,multisensor,current|force|speed|temperature|torque|vibration,N15,M01_F10,n15_m01_f10,bearing_real_damage,27,fault,real,9,data/raw/paderborn/KB27/N15_M01_F10_KB27_9.mat,False,paderborn_channels_verified
paderborn_artificial_to_natural,artificial_to_real_damage,paderborn,paderborn_n15_m07_f04_kb27_10_multisensor,paderborn_n15_m07_f04_kb27_10,test,KB27,multisensor,current|force|speed|temperature|torque|vibration,N15,M07_F04,n15_m07_f04,bearing_real_damage,27,fault,real,10,data/raw/paderborn/KB27/N15_M07_F04_KB27_10.mat,False,paderborn_channels_verified
paderborn_artificial_to_natural,artificial_to_real_damage,paderborn,paderborn_n15_m07_f04_kb27_11_multisensor,paderborn_n15_m07_f04_kb27_11,test,KB27,multisensor,current|force|speed|temperature|torque|vibration,N15,M07_F04,n15_m07_f04,bearing_real_damage,27,fault,real,11,data/raw/paderborn/KB27/N15_M07_F04_KB27_11.mat,False,paderborn_channels_verified
paderborn_artificial_to_natural,artificial_to_real_damage,paderborn,paderborn_n15_m07_f04_kb27_12_multisensor,paderborn_n15_m07_f04_kb27_12,test,KB27,multisensor,current|force|speed|temperature|torque|vibration,N15,M07_F04,n15_m07_f04,bearing_real_damage,27,fault,real,12,data/raw/paderborn/KB27/N15_M07_F04_KB27_12.mat,False,paderborn_channels_verified
paderborn_artificial_to_natural,artificial_to_real_damage,paderborn,paderborn_n15_m07_f04_kb27_13_multisensor,paderborn_n15_m07_f04_kb27_13,test,KB27,multisensor,current|force|speed|temperature|torque|vibration,N15,M07_F04,n15_m07_f04,bearing_real_damage,27,fault,real,13,data/raw/paderborn/KB27/N15_M07_F04_KB27_13.mat,False,paderborn_channels_verified
paderborn_artificial_to_natural,artificial_to_real_damage,paderborn,paderborn_n15_m07_f04_kb27_14_multisensor,paderborn_n15_m07_f04_kb27_14,test,KB27,multisensor,current|force|speed|temperature|torque|vibration,N15,M07_F04,n15_m07_f04,bearing_real_damage,27,fault,real,14,data/raw/paderborn/KB27/N15_M07_F04_KB27_14.mat,False,paderborn_channels_verified
paderborn_artificial_to_natural,artificial_to_real_damage,paderborn,paderborn_n15_m07_f04_kb27_15_multisensor,paderborn_n15_m07_f04_kb27_15,test,KB27,multisensor,current|force|speed|temperature|torque|vibration,N15,M07_F04,n15_m07_f04,bearing_real_damage,27,fault,real,15,data/raw/paderborn/KB27/N15_M07_F04_KB27_15.mat,False,paderborn_channels_verified
paderborn_artificial_to_natural,artificial_to_real_damage,paderborn,paderborn_n15_m07_f04_kb27_16_multisensor,paderborn_n15_m07_f04_kb27_16,test,KB27,multisensor,current|force|speed|temperature|torque|vibration,N15,M07_F04,n15_m07_f04,bearing_real_damage,27,fault,real,16,data/raw/paderborn/KB27/N15_M07_F04_KB27_16.mat,False,paderborn_channels_verified
paderborn_artificial_to_natural,artificial_to_real_damage,paderborn,paderborn_n15_m07_f04_kb27_17_multisensor,paderborn_n15_m07_f04_kb27_17,test,KB27,multisensor,current|force|speed|temperature|torque|vibration,N15,M07_F04,n15_m07_f04,bearing_real_damage,27,fault,real,17,data/raw/paderborn/KB27/N15_M07_F04_KB27_17.mat,False,paderborn_channels_verified
paderborn_artificial_to_natural,artificial_to_real_damage,paderborn,paderborn_n15_m07_f04_kb27_18_multisensor,paderborn_n15_m07_f04_kb27_18,test,KB27,multisensor,current|force|speed|temperature|torque|vibration,N15,M07_F04,n15_m07_f04,bearing_real_damage,27,fault,real,18,data/raw/paderborn/KB27/N15_M07_F04_KB27_18.mat,False,paderborn_channels_verified
paderborn_artificial_to_natural,artificial_to_real_damage,paderborn,paderborn_n15_m07_f04_kb27_19_multisensor,paderborn_n15_m07_f04_kb27_19,test,KB27,multisensor,current|force|speed|temperature|torque|vibration,N15,M07_F04,n15_m07_f04,bearing_real_damage,27,fault,real,19,data/raw/paderborn/KB27/N15_M07_F04_KB27_19.mat,False,paderborn_channels_verified
paderborn_artificial_to_natural,artificial_to_real_damage,paderborn,paderborn_n15_m07_f04_kb27_1_multisensor,paderborn_n15_m07_f04_kb27_1,test,KB27,multisensor,current|force|speed|temperature|torque|vibration,N15,M07_F04,n15_m07_f04,bearing_real_damage,27,fault,real,1,data/raw/paderborn/KB27/N15_M07_F04_KB27_1.mat,False,paderborn_channels_verified
paderborn_artificial_to_natural,artificial_to_real_damage,paderborn,paderborn_n15_m07_f04_kb27_20_multisensor,paderborn_n15_m07_f04_kb27_20,test,KB27,multisensor,current|force|speed|temperature|torque|vibration,N15,M07_F04,n15_m07_f04,bearing_real_damage,27,fault,real,20,data/raw/paderborn/KB27/N15_M07_F04_KB27_20.mat,False,paderborn_channels_verified
paderborn_artificial_to_natural,artificial_to_real_damage,paderborn,paderborn_n15_m07_f04_kb27_2_multisensor,paderborn_n15_m07_f04_kb27_2,test,KB27,multisensor,current|force|speed|temperature|torque|vibration,N15,M07_F04,n15_m07_f04,bearing_real_damage,27,fault,real,2,data/raw/paderborn/KB27/N15_M07_F04_KB27_2.mat,False,paderborn_channels_verified
paderborn_artificial_to_natural,artificial_to_real_damage,paderborn,paderborn_n15_m07_f04_kb27_3_multisensor,paderborn_n15_m07_f04_kb27_3,test,KB27,multisensor,current|force|speed|temperature|torque|vibration,N15,M07_F04,n15_m07_f04,bearing_real_damage,27,fault,real,3,data/raw/paderborn/KB27/N15_M07_F04_KB27_3.mat,False,paderborn_channels_verified
paderborn_artificial_to_natural,artificial_to_real_damage,paderborn,paderborn_n15_m07_f04_kb27_4_multisensor,paderborn_n15_m07_f04_kb27_4,test,KB27,multisensor,current|force|speed|temperature|torque|vibration,N15,M07_F04,n15_m07_f04,bearing_real_damage,27,fault,real,4,data/raw/paderborn/KB27/N15_M07_F04_KB27_4.mat,False,paderborn_channels_verified
paderborn_artificial_to_natural,artificial_to_real_damage,paderborn,paderborn_n15_m07_f04_kb27_5_multisensor,paderborn_n15_m07_f04_kb27_5,test,KB27,multisensor,current|force|speed|temperature|torque|vibration,N15,M07_F04,n15_m07_f04,bearing_real_damage,27,fault,real,5,data/raw/paderborn/KB27/N15_M07_F04_KB27_5.mat,False,paderborn_channels_verified
paderborn_artificial_to_natural,artificial_to_real_damage,paderborn,paderborn_n15_m07_f04_kb27_6_multisensor,paderborn_n15_m07_f04_kb27_6,test,KB27,multisensor,current|force|speed|temperature|torque|vibration,N15,M07_F04,n15_m07_f04,bearing_real_damage,27,fault,real,6,data/raw/paderborn/KB27/N15_M07_F04_KB27_6.mat,False,paderborn_channels_verified
paderborn_artificial_to_natural,artificial_to_real_damage,paderborn,paderborn_n15_m07_f04_kb27_7_multisensor,paderborn_n15_m07_f04_kb27_7,test,KB27,multisensor,current|force|speed|temperature|torque|vibration,N15,M07_F04,n15_m07_f04,bearing_real_damage,27,fault,real,7,data/raw/paderborn/KB27/N15_M07_F04_KB27_7.mat,False,paderborn_channels_verified
paderborn_artificial_to_natural,artificial_to_real_damage,paderborn,paderborn_n15_m07_f04_kb27_8_multisensor,paderborn_n15_m07_f04_kb27_8,test,KB27,multisensor,current|force|speed|temperature|torque|vibration,N15,M07_F04,n15_m07_f04,bearing_real_damage,27,fault,real,8,data/raw/paderborn/KB27/N15_M07_F04_KB27_8.mat,False,paderborn_channels_verified
paderborn_artificial_to_natural,artificial_to_real_damage,paderborn,paderborn_n15_m07_f04_kb27_9_multisensor,paderborn_n15_m07_f04_kb27_9,test,KB27,multisensor,current|force|speed|temperature|torque|vibration,N15,M07_F04,n15_m07_f04,bearing_real_damage,27,fault,real,9,data/raw/paderborn/KB27/N15_M07_F04_KB27_9.mat,False,paderborn_channels_verified
paderborn_artificial_to_natural,artificial_to_real_damage,paderborn,paderborn_n15_m07_f10_kb27_10_multisensor,paderborn_n15_m07_f10_kb27_10,test,KB27,multisensor,current|force|speed|temperature|torque|vibration,N15,M07_F10,n15_m07_f10,bearing_real_damage,27,fault,real,10,data/raw/paderborn/KB27/N15_M07_F10_KB27_10.mat,False,paderborn_channels_verified
paderborn_artificial_to_natural,artificial_to_real_damage,paderborn,paderborn_n15_m07_f10_kb27_11_multisensor,paderborn_n15_m07_f10_kb27_11,test,KB27,multisensor,current|force|speed|temperature|torque|vibration,N15,M07_F10,n15_m07_f10,bearing_real_damage,27,fault,real,11,data/raw/paderborn/KB27/N15_M07_F10_KB27_11.mat,False,paderborn_channels_verified
paderborn_artificial_to_natural,artificial_to_real_damage,paderborn,paderborn_n15_m07_f10_kb27_12_multisensor,paderborn_n15_m07_f10_kb27_12,test,KB27,multisensor,current|force|speed|temperature|torque|vibration,N15,M07_F10,n15_m07_f10,bearing_real_damage,27,fault,real,12,data/raw/paderborn/KB27/N15_M07_F10_KB27_12.mat,False,paderborn_channels_verified
paderborn_artificial_to_natural,artificial_to_real_damage,paderborn,paderborn_n15_m07_f10_kb27_13_multisensor,paderborn_n15_m07_f10_kb27_13,test,KB27,multisensor,current|force|speed|temperature|torque|vibration,N15,M07_F10,n15_m07_f10,bearing_real_damage,27,fault,real,13,data/raw/paderborn/KB27/N15_M07_F10_KB27_13.mat,False,paderborn_channels_verified
paderborn_artificial_to_natural,artificial_to_real_damage,paderborn,paderborn_n15_m07_f10_kb27_14_multisensor,paderborn_n15_m07_f10_kb27_14,test,KB27,multisensor,current|force|speed|temperature|torque|vibration,N15,M07_F10,n15_m07_f10,bearing_real_damage,27,fault,real,14,data/raw/paderborn/KB27/N15_M07_F10_KB27_14.mat,False,paderborn_channels_verified
paderborn_artificial_to_natural,artificial_to_real_damage,paderborn,paderborn_n15_m07_f10_kb27_15_multisensor,paderborn_n15_m07_f10_kb27_15,test,KB27,multisensor,current|force|speed|temperature|torque|vibration,N15,M07_F10,n15_m07_f10,bearing_real_damage,27,fault,real,15,data/raw/paderborn/KB27/N15_M07_F10_KB27_15.mat,False,paderborn_channels_verified
paderborn_artificial_to_natural,artificial_to_real_damage,paderborn,paderborn_n15_m07_f10_kb27_16_multisensor,paderborn_n15_m07_f10_kb27_16,test,KB27,multisensor,current|force|speed|temperature|torque|vibration,N15,M07_F10,n15_m07_f10,bearing_real_damage,27,fault,real,16,data/raw/paderborn/KB27/N15_M07_F10_KB27_16.mat,False,paderborn_channels_verified
paderborn_artificial_to_natural,artificial_to_real_damage,paderborn,paderborn_n15_m07_f10_kb27_17_multisensor,paderborn_n15_m07_f10_kb27_17,test,KB27,multisensor,current|force|speed|temperature|torque|vibration,N15,M07_F10,n15_m07_f10,bearing_real_damage,27,fault,real,17,data/raw/paderborn/KB27/N15_M07_F10_KB27_17.mat,False,paderborn_channels_verified
paderborn_artificial_to_natural,artificial_to_real_damage,paderborn,paderborn_n15_m07_f10_kb27_18_multisensor,paderborn_n15_m07_f10_kb27_18,test,KB27,multisensor,current|force|speed|temperature|torque|vibration,N15,M07_F10,n15_m07_f10,bearing_real_damage,27,fault,real,18,data/raw/paderborn/KB27/N15_M07_F10_KB27_18.mat,False,paderborn_channels_verified
paderborn_artificial_to_natural,artificial_to_real_damage,paderborn,paderborn_n15_m07_f10_kb27_19_multisensor,paderborn_n15_m07_f10_kb27_19,test,KB27,multisensor,current|force|speed|temperature|torque|vibration,N15,M07_F10,n15_m07_f10,bearing_real_damage,27,fault,real,19,data/raw/paderborn/KB27/N15_M07_F10_KB27_19.mat,False,paderborn_channels_verified
paderborn_artificial_to_natural,artificial_to_real_damage,paderborn,paderborn_n15_m07_f10_kb27_1_multisensor,paderborn_n15_m07_f10_kb27_1,test,KB27,multisensor,current|force|speed|temperature|torque|vibration,N15,M07_F10,n15_m07_f10,bearing_real_damage,27,fault,real,1,data/raw/paderborn/KB27/N15_M07_F10_KB27_1.mat,False,paderborn_channels_verified
paderborn_artificial_to_natural,artificial_to_real_damage,paderborn,paderborn_n15_m07_f10_kb27_20_multisensor,paderborn_n15_m07_f10_kb27_20,test,KB27,multisensor,current|force|speed|temperature|torque|vibration,N15,M07_F10,n15_m07_f10,bearing_real_damage,27,fault,real,20,data/raw/paderborn/KB27/N15_M07_F10_KB27_20.mat,False,paderborn_channels_verified
paderborn_artificial_to_natural,artificial_to_real_damage,paderborn,paderborn_n15_m07_f10_kb27_2_multisensor,paderborn_n15_m07_f10_kb27_2,test,KB27,multisensor,current|force|speed|temperature|torque|vibration,N15,M07_F10,n15_m07_f10,bearing_real_damage,27,fault,real,2,data/raw/paderborn/KB27/N15_M07_F10_KB27_2.mat,False,paderborn_channels_verified
paderborn_artificial_to_natural,artificial_to_real_damage,paderborn,paderborn_n15_m07_f10_kb27_3_multisensor,paderborn_n15_m07_f10_kb27_3,test,KB27,multisensor,current|force|speed|temperature|torque|vibration,N15,M07_F10,n15_m07_f10,bearing_real_damage,27,fault,real,3,data/raw/paderborn/KB27/N15_M07_F10_KB27_3.mat,False,paderborn_channels_verified
paderborn_artificial_to_natural,artificial_to_real_damage,paderborn,paderborn_n15_m07_f10_kb27_4_multisensor,paderborn_n15_m07_f10_kb27_4,test,KB27,multisensor,current|force|speed|temperature|torque|vibration,N15,M07_F10,n15_m07_f10,bearing_real_damage,27,fault,real,4,data/raw/paderborn/KB27/N15_M07_F10_KB27_4.mat,False,paderborn_channels_verified
paderborn_artificial_to_natural,artificial_to_real_damage,paderborn,paderborn_n15_m07_f10_kb27_5_multisensor,paderborn_n15_m07_f10_kb27_5,test,KB27,multisensor,current|force|speed|temperature|torque|vibration,N15,M07_F10,n15_m07_f10,bearing_real_damage,27,fault,real,5,data/raw/paderborn/KB27/N15_M07_F10_KB27_5.mat,False,paderborn_channels_verified
paderborn_artificial_to_natural,artificial_to_real_damage,paderborn,paderborn_n15_m07_f10_kb27_6_multisensor,paderborn_n15_m07_f10_kb27_6,test,KB27,multisensor,current|force|speed|temperature|torque|vibration,N15,M07_F10,n15_m07_f10,bearing_real_damage,27,fault,real,6,data/raw/paderborn/KB27/N15_M07_F10_KB27_6.mat,False,paderborn_channels_verified
paderborn_artificial_to_natural,artificial_to_real_damage,paderborn,paderborn_n15_m07_f10_kb27_7_multisensor,paderborn_n15_m07_f10_kb27_7,test,KB27,multisensor,current|force|speed|temperature|torque|vibration,N15,M07_F10,n15_m07_f10,bearing_real_damage,27,fault,real,7,data/raw/paderborn/KB27/N15_M07_F10_KB27_7.mat,False,paderborn_channels_verified
paderborn_artificial_to_natural,artificial_to_real_damage,paderborn,paderborn_n15_m07_f10_kb27_8_multisensor,paderborn_n15_m07_f10_kb27_8,test,KB27,multisensor,current|force|speed|temperature|torque|vibration,N15,M07_F10,n15_m07_f10,bearing_real_damage,27,fault,real,8,data/raw/paderborn/KB27/N15_M07_F10_KB27_8.mat,False,paderborn_channels_verified
paderborn_artificial_to_natural,artificial_to_real_damage,paderborn,paderborn_n15_m07_f10_kb27_9_multisensor,paderborn_n15_m07_f10_kb27_9,test,KB27,multisensor,current|force|speed|temperature|torque|vibration,N15,M07_F10,n15_m07_f10,bearing_real_damage,27,fault,real,9,data/raw/paderborn/KB27/N15_M07_F10_KB27_9.mat,False,paderborn_channels_verified
paderborn_artificial_to_natural,artificial_to_real_damage,paderborn,paderborn_n09_m07_f10_ki01_10_multisensor,paderborn_n09_m07_f10_ki01_10,test,KI01,multisensor,current|force|speed|temperature|torque|vibration,N09,M07_F10,n09_m07_f10,bearing_real_damage,01,fault,real,10,data/raw/paderborn/KI01/N09_M07_F10_KI01_10.mat,False,paderborn_channels_verified
paderborn_artificial_to_natural,artificial_to_real_damage,paderborn,paderborn_n09_m07_f10_ki01_11_multisensor,paderborn_n09_m07_f10_ki01_11,test,KI01,multisensor,current|force|speed|temperature|torque|vibration,N09,M07_F10,n09_m07_f10,bearing_real_damage,01,fault,real,11,data/raw/paderborn/KI01/N09_M07_F10_KI01_11.mat,False,paderborn_channels_verified
paderborn_artificial_to_natural,artificial_to_real_damage,paderborn,paderborn_n09_m07_f10_ki01_12_multisensor,paderborn_n09_m07_f10_ki01_12,test,KI01,multisensor,current|force|speed|temperature|torque|vibration,N09,M07_F10,n09_m07_f10,bearing_real_damage,01,fault,real,12,data/raw/paderborn/KI01/N09_M07_F10_KI01_12.mat,False,paderborn_channels_verified
paderborn_artificial_to_natural,artificial_to_real_damage,paderborn,paderborn_n09_m07_f10_ki01_13_multisensor,paderborn_n09_m07_f10_ki01_13,test,KI01,multisensor,current|force|speed|temperature|torque|vibration,N09,M07_F10,n09_m07_f10,bearing_real_damage,01,fault,real,13,data/raw/paderborn/KI01/N09_M07_F10_KI01_13.mat,False,paderborn_channels_verified
paderborn_artificial_to_natural,artificial_to_real_damage,paderborn,paderborn_n09_m07_f10_ki01_14_multisensor,paderborn_n09_m07_f10_ki01_14,test,KI01,multisensor,current|force|speed|temperature|torque|vibration,N09,M07_F10,n09_m07_f10,bearing_real_damage,01,fault,real,14,data/raw/paderborn/KI01/N09_M07_F10_KI01_14.mat,False,paderborn_channels_verified
paderborn_artificial_to_natural,artificial_to_real_damage,paderborn,paderborn_n09_m07_f10_ki01_15_multisensor,paderborn_n09_m07_f10_ki01_15,test,KI01,multisensor,current|force|speed|temperature|torque|vibration,N09,M07_F10,n09_m07_f10,bearing_real_damage,01,fault,real,15,data/raw/paderborn/KI01/N09_M07_F10_KI01_15.mat,False,paderborn_channels_verified
paderborn_artificial_to_natural,artificial_to_real_damage,paderborn,paderborn_n09_m07_f10_ki01_16_multisensor,paderborn_n09_m07_f10_ki01_16,test,KI01,multisensor,current|force|speed|temperature|torque|vibration,N09,M07_F10,n09_m07_f10,bearing_real_damage,01,fault,real,16,data/raw/paderborn/KI01/N09_M07_F10_KI01_16.mat,False,paderborn_channels_verified
paderborn_artificial_to_natural,artificial_to_real_damage,paderborn,paderborn_n09_m07_f10_ki01_17_multisensor,paderborn_n09_m07_f10_ki01_17,test,KI01,multisensor,current|force|speed|temperature|torque|vibration,N09,M07_F10,n09_m07_f10,bearing_real_damage,01,fault,real,17,data/raw/paderborn/KI01/N09_M07_F10_KI01_17.mat,False,paderborn_channels_verified
paderborn_artificial_to_natural,artificial_to_real_damage,paderborn,paderborn_n09_m07_f10_ki01_18_multisensor,paderborn_n09_m07_f10_ki01_18,test,KI01,multisensor,current|force|speed|temperature|torque|vibration,N09,M07_F10,n09_m07_f10,bearing_real_damage,01,fault,real,18,data/raw/paderborn/KI01/N09_M07_F10_KI01_18.mat,False,paderborn_channels_verified
paderborn_artificial_to_natural,artificial_to_real_damage,paderborn,paderborn_n09_m07_f10_ki01_19_multisensor,paderborn_n09_m07_f10_ki01_19,test,KI01,multisensor,current|force|speed|temperature|torque|vibration,N09,M07_F10,n09_m07_f10,bearing_real_damage,01,fault,real,19,data/raw/paderborn/KI01/N09_M07_F10_KI01_19.mat,False,paderborn_channels_verified
paderborn_artificial_to_natural,artificial_to_real_damage,paderborn,paderborn_n09_m07_f10_ki01_1_multisensor,paderborn_n09_m07_f10_ki01_1,test,KI01,multisensor,current|force|speed|temperature|torque|vibration,N09,M07_F10,n09_m07_f10,bearing_real_damage,01,fault,real,1,data/raw/paderborn/KI01/N09_M07_F10_KI01_1.mat,False,paderborn_channels_verified
paderborn_artificial_to_natural,artificial_to_real_damage,paderborn,paderborn_n09_m07_f10_ki01_20_multisensor,paderborn_n09_m07_f10_ki01_20,test,KI01,multisensor,current|force|speed|temperature|torque|vibration,N09,M07_F10,n09_m07_f10,bearing_real_damage,01,fault,real,20,data/raw/paderborn/KI01/N09_M07_F10_KI01_20.mat,False,paderborn_channels_verified
paderborn_artificial_to_natural,artificial_to_real_damage,paderborn,paderborn_n09_m07_f10_ki01_2_multisensor,paderborn_n09_m07_f10_ki01_2,test,KI01,multisensor,current|force|speed|temperature|torque|vibration,N09,M07_F10,n09_m07_f10,bearing_real_damage,01,fault,real,2,data/raw/paderborn/KI01/N09_M07_F10_KI01_2.mat,False,paderborn_channels_verified
paderborn_artificial_to_natural,artificial_to_real_damage,paderborn,paderborn_n09_m07_f10_ki01_3_multisensor,paderborn_n09_m07_f10_ki01_3,test,KI01,multisensor,current|force|speed|temperature|torque|vibration,N09,M07_F10,n09_m07_f10,bearing_real_damage,01,fault,real,3,data/raw/paderborn/KI01/N09_M07_F10_KI01_3.mat,False,paderborn_channels_verified
paderborn_artificial_to_natural,artificial_to_real_damage,paderborn,paderborn_n09_m07_f10_ki01_4_multisensor,paderborn_n09_m07_f10_ki01_4,test,KI01,multisensor,current|force|speed|temperature|torque|vibration,N09,M07_F10,n09_m07_f10,bearing_real_damage,01,fault,real,4,data/raw/paderborn/KI01/N09_M07_F10_KI01_4.mat,False,paderborn_channels_verified
paderborn_artificial_to_natural,artificial_to_real_damage,paderborn,paderborn_n09_m07_f10_ki01_5_multisensor,paderborn_n09_m07_f10_ki01_5,test,KI01,multisensor,current|force|speed|temperature|torque|vibration,N09,M07_F10,n09_m07_f10,bearing_real_damage,01,fault,real,5,data/raw/paderborn/KI01/N09_M07_F10_KI01_5.mat,False,paderborn_channels_verified
paderborn_artificial_to_natural,artificial_to_real_damage,paderborn,paderborn_n09_m07_f10_ki01_6_multisensor,paderborn_n09_m07_f10_ki01_6,test,KI01,multisensor,current|force|speed|temperature|torque|vibration,N09,M07_F10,n09_m07_f10,bearing_real_damage,01,fault,real,6,data/raw/paderborn/KI01/N09_M07_F10_KI01_6.mat,False,paderborn_channels_verified
paderborn_artificial_to_natural,artificial_to_real_damage,paderborn,paderborn_n09_m07_f10_ki01_7_multisensor,paderborn_n09_m07_f10_ki01_7,test,KI01,multisensor,current|force|speed|temperature|torque|vibration,N09,M07_F10,n09_m07_f10,bearing_real_damage,01,fault,real,7,data/raw/paderborn/KI01/N09_M07_F10_KI01_7.mat,False,paderborn_channels_verified
paderborn_artificial_to_natural,artificial_to_real_damage,paderborn,paderborn_n09_m07_f10_ki01_8_multisensor,paderborn_n09_m07_f10_ki01_8,test,KI01,multisensor,current|force|speed|temperature|torque|vibration,N09,M07_F10,n09_m07_f10,bearing_real_damage,01,fault,real,8,data/raw/paderborn/KI01/N09_M07_F10_KI01_8.mat,False,paderborn_channels_verified
paderborn_artificial_to_natural,artificial_to_real_damage,paderborn,paderborn_n09_m07_f10_ki01_9_multisensor,paderborn_n09_m07_f10_ki01_9,test,KI01,multisensor,current|force|speed|temperature|torque|vibration,N09,M07_F10,n09_m07_f10,bearing_real_damage,01,fault,real,9,data/raw/paderborn/KI01/N09_M07_F10_KI01_9.mat,False,paderborn_channels_verified
paderborn_artificial_to_natural,artificial_to_real_damage,paderborn,paderborn_n15_m01_f10_ki01_10_multisensor,paderborn_n15_m01_f10_ki01_10,test,KI01,multisensor,current|force|speed|temperature|torque|vibration,N15,M01_F10,n15_m01_f10,bearing_real_damage,01,fault,real,10,data/raw/paderborn/KI01/N15_M01_F10_KI01_10.mat,False,paderborn_channels_verified
paderborn_artificial_to_natural,artificial_to_real_damage,paderborn,paderborn_n15_m01_f10_ki01_11_multisensor,paderborn_n15_m01_f10_ki01_11,test,KI01,multisensor,current|force|speed|temperature|torque|vibration,N15,M01_F10,n15_m01_f10,bearing_real_damage,01,fault,real,11,data/raw/paderborn/KI01/N15_M01_F10_KI01_11.mat,False,paderborn_channels_verified
paderborn_artificial_to_natural,artificial_to_real_damage,paderborn,paderborn_n15_m01_f10_ki01_12_multisensor,paderborn_n15_m01_f10_ki01_12,test,KI01,multisensor,current|force|speed|temperature|torque|vibration,N15,M01_F10,n15_m01_f10,bearing_real_damage,01,fault,real,12,data/raw/paderborn/KI01/N15_M01_F10_KI01_12.mat,False,paderborn_channels_verified
paderborn_artificial_to_natural,artificial_to_real_damage,paderborn,paderborn_n15_m01_f10_ki01_13_multisensor,paderborn_n15_m01_f10_ki01_13,test,KI01,multisensor,current|force|speed|temperature|torque|vibration,N15,M01_F10,n15_m01_f10,bearing_real_damage,01,fault,real,13,data/raw/paderborn/KI01/N15_M01_F10_KI01_13.mat,False,paderborn_channels_verified
paderborn_artificial_to_natural,artificial_to_real_damage,paderborn,paderborn_n15_m01_f10_ki01_14_multisensor,paderborn_n15_m01_f10_ki01_14,test,KI01,multisensor,current|force|speed|temperature|torque|vibration,N15,M01_F10,n15_m01_f10,bearing_real_damage,01,fault,real,14,data/raw/paderborn/KI01/N15_M01_F10_KI01_14.mat,False,paderborn_channels_verified
paderborn_artificial_to_natural,artificial_to_real_damage,paderborn,paderborn_n15_m01_f10_ki01_15_multisensor,paderborn_n15_m01_f10_ki01_15,test,KI01,multisensor,current|force|speed|temperature|torque|vibration,N15,M01_F10,n15_m01_f10,bearing_real_damage,01,fault,real,15,data/raw/paderborn/KI01/N15_M01_F10_KI01_15.mat,False,paderborn_channels_verified
paderborn_artificial_to_natural,artificial_to_real_damage,paderborn,paderborn_n15_m01_f10_ki01_16_multisensor,paderborn_n15_m01_f10_ki01_16,test,KI01,multisensor,current|force|speed|temperature|torque|vibration,N15,M01_F10,n15_m01_f10,bearing_real_damage,01,fault,real,16,data/raw/paderborn/KI01/N15_M01_F10_KI01_16.mat,False,paderborn_channels_verified
paderborn_artificial_to_natural,artificial_to_real_damage,paderborn,paderborn_n15_m01_f10_ki01_17_multisensor,paderborn_n15_m01_f10_ki01_17,test,KI01,multisensor,current|force|speed|temperature|torque|vibration,N15,M01_F10,n15_m01_f10,bearing_real_damage,01,fault,real,17,data/raw/paderborn/KI01/N15_M01_F10_KI01_17.mat,False,paderborn_channels_verified
paderborn_artificial_to_natural,artificial_to_real_damage,paderborn,paderborn_n15_m01_f10_ki01_18_multisensor,paderborn_n15_m01_f10_ki01_18,test,KI01,multisensor,current|force|speed|temperature|torque|vibration,N15,M01_F10,n15_m01_f10,bearing_real_damage,01,fault,real,18,data/raw/paderborn/KI01/N15_M01_F10_KI01_18.mat,False,paderborn_channels_verified
paderborn_artificial_to_natural,artificial_to_real_damage,paderborn,paderborn_n15_m01_f10_ki01_19_multisensor,paderborn_n15_m01_f10_ki01_19,test,KI01,multisensor,current|force|speed|temperature|torque|vibration,N15,M01_F10,n15_m01_f10,bearing_real_damage,01,fault,real,19,data/raw/paderborn/KI01/N15_M01_F10_KI01_19.mat,False,paderborn_channels_verified
paderborn_artificial_to_natural,artificial_to_real_damage,paderborn,paderborn_n15_m01_f10_ki01_1_multisensor,paderborn_n15_m01_f10_ki01_1,test,KI01,multisensor,current|force|speed|temperature|torque|vibration,N15,M01_F10,n15_m01_f10,bearing_real_damage,01,fault,real,1,data/raw/paderborn/KI01/N15_M01_F10_KI01_1.mat,False,paderborn_channels_verified
paderborn_artificial_to_natural,artificial_to_real_damage,paderborn,paderborn_n15_m01_f10_ki01_20_multisensor,paderborn_n15_m01_f10_ki01_20,test,KI01,multisensor,current|force|speed|temperature|torque|vibration,N15,M01_F10,n15_m01_f10,bearing_real_damage,01,fault,real,20,data/raw/paderborn/KI01/N15_M01_F10_KI01_20.mat,False,paderborn_channels_verified
paderborn_artificial_to_natural,artificial_to_real_damage,paderborn,paderborn_n15_m01_f10_ki01_2_multisensor,paderborn_n15_m01_f10_ki01_2,test,KI01,multisensor,current|force|speed|temperature|torque|vibration,N15,M01_F10,n15_m01_f10,bearing_real_damage,01,fault,real,2,data/raw/paderborn/KI01/N15_M01_F10_KI01_2.mat,False,paderborn_channels_verified
paderborn_artificial_to_natural,artificial_to_real_damage,paderborn,paderborn_n15_m01_f10_ki01_3_multisensor,paderborn_n15_m01_f10_ki01_3,test,KI01,multisensor,current|force|speed|temperature|torque|vibration,N15,M01_F10,n15_m01_f10,bearing_real_damage,01,fault,real,3,data/raw/paderborn/KI01/N15_M01_F10_KI01_3.mat,False,paderborn_channels_verified
paderborn_artificial_to_natural,artificial_to_real_damage,paderborn,paderborn_n15_m01_f10_ki01_4_multisensor,paderborn_n15_m01_f10_ki01_4,test,KI01,multisensor,current|force|speed|temperature|torque|vibration,N15,M01_F10,n15_m01_f10,bearing_real_damage,01,fault,real,4,data/raw/paderborn/KI01/N15_M01_F10_KI01_4.mat,False,paderborn_channels_verified
paderborn_artificial_to_natural,artificial_to_real_damage,paderborn,paderborn_n15_m01_f10_ki01_5_multisensor,paderborn_n15_m01_f10_ki01_5,test,KI01,multisensor,current|force|speed|temperature|torque|vibration,N15,M01_F10,n15_m01_f10,bearing_real_damage,01,fault,real,5,data/raw/paderborn/KI01/N15_M01_F10_KI01_5.mat,False,paderborn_channels_verified
paderborn_artificial_to_natural,artificial_to_real_damage,paderborn,paderborn_n15_m01_f10_ki01_6_multisensor,paderborn_n15_m01_f10_ki01_6,test,KI01,multisensor,current|force|speed|temperature|torque|vibration,N15,M01_F10,n15_m01_f10,bearing_real_damage,01,fault,real,6,data/raw/paderborn/KI01/N15_M01_F10_KI01_6.mat,False,paderborn_channels_verified
paderborn_artificial_to_natural,artificial_to_real_damage,paderborn,paderborn_n15_m01_f10_ki01_7_multisensor,paderborn_n15_m01_f10_ki01_7,test,KI01,multisensor,current|force|speed|temperature|torque|vibration,N15,M01_F10,n15_m01_f10,bearing_real_damage,01,fault,real,7,data/raw/paderborn/KI01/N15_M01_F10_KI01_7.mat,False,paderborn_channels_verified
paderborn_artificial_to_natural,artificial_to_real_damage,paderborn,paderborn_n15_m01_f10_ki01_8_multisensor,paderborn_n15_m01_f10_ki01_8,test,KI01,multisensor,current|force|speed|temperature|torque|vibration,N15,M01_F10,n15_m01_f10,bearing_real_damage,01,fault,real,8,data/raw/paderborn/KI01/N15_M01_F10_KI01_8.mat,False,paderborn_channels_verified
paderborn_artificial_to_natural,artificial_to_real_damage,paderborn,paderborn_n15_m01_f10_ki01_9_multisensor,paderborn_n15_m01_f10_ki01_9,test,KI01,multisensor,current|force|speed|temperature|torque|vibration,N15,M01_F10,n15_m01_f10,bearing_real_damage,01,fault,real,9,data/raw/paderborn/KI01/N15_M01_F10_KI01_9.mat,False,paderborn_channels_verified
paderborn_artificial_to_natural,artificial_to_real_damage,paderborn,paderborn_n15_m07_f04_ki01_10_multisensor,paderborn_n15_m07_f04_ki01_10,test,KI01,multisensor,current|force|speed|temperature|torque|vibration,N15,M07_F04,n15_m07_f04,bearing_real_damage,01,fault,real,10,data/raw/paderborn/KI01/N15_M07_F04_KI01_10.mat,False,paderborn_channels_verified
paderborn_artificial_to_natural,artificial_to_real_damage,paderborn,paderborn_n15_m07_f04_ki01_11_multisensor,paderborn_n15_m07_f04_ki01_11,test,KI01,multisensor,current|force|speed|temperature|torque|vibration,N15,M07_F04,n15_m07_f04,bearing_real_damage,01,fault,real,11,data/raw/paderborn/KI01/N15_M07_F04_KI01_11.mat,False,paderborn_channels_verified
paderborn_artificial_to_natural,artificial_to_real_damage,paderborn,paderborn_n15_m07_f04_ki01_12_multisensor,paderborn_n15_m07_f04_ki01_12,test,KI01,multisensor,current|force|speed|temperature|torque|vibration,N15,M07_F04,n15_m07_f04,bearing_real_damage,01,fault,real,12,data/raw/paderborn/KI01/N15_M07_F04_KI01_12.mat,False,paderborn_channels_verified
paderborn_artificial_to_natural,artificial_to_real_damage,paderborn,paderborn_n15_m07_f04_ki01_13_multisensor,paderborn_n15_m07_f04_ki01_13,test,KI01,multisensor,current|force|speed|temperature|torque|vibration,N15,M07_F04,n15_m07_f04,bearing_real_damage,01,fault,real,13,data/raw/paderborn/KI01/N15_M07_F04_KI01_13.mat,False,paderborn_channels_verified
paderborn_artificial_to_natural,artificial_to_real_damage,paderborn,paderborn_n15_m07_f04_ki01_14_multisensor,paderborn_n15_m07_f04_ki01_14,test,KI01,multisensor,current|force|speed|temperature|torque|vibration,N15,M07_F04,n15_m07_f04,bearing_real_damage,01,fault,real,14,data/raw/paderborn/KI01/N15_M07_F04_KI01_14.mat,False,paderborn_channels_verified
paderborn_artificial_to_natural,artificial_to_real_damage,paderborn,paderborn_n15_m07_f04_ki01_15_multisensor,paderborn_n15_m07_f04_ki01_15,test,KI01,multisensor,current|force|speed|temperature|torque|vibration,N15,M07_F04,n15_m07_f04,bearing_real_damage,01,fault,real,15,data/raw/paderborn/KI01/N15_M07_F04_KI01_15.mat,False,paderborn_channels_verified
paderborn_artificial_to_natural,artificial_to_real_damage,paderborn,paderborn_n15_m07_f04_ki01_16_multisensor,paderborn_n15_m07_f04_ki01_16,test,KI01,multisensor,current|force|speed|temperature|torque|vibration,N15,M07_F04,n15_m07_f04,bearing_real_damage,01,fault,real,16,data/raw/paderborn/KI01/N15_M07_F04_KI01_16.mat,False,paderborn_channels_verified
paderborn_artificial_to_natural,artificial_to_real_damage,paderborn,paderborn_n15_m07_f04_ki01_17_multisensor,paderborn_n15_m07_f04_ki01_17,test,KI01,multisensor,current|force|speed|temperature|torque|vibration,N15,M07_F04,n15_m07_f04,bearing_real_damage,01,fault,real,17,data/raw/paderborn/KI01/N15_M07_F04_KI01_17.mat,False,paderborn_channels_verified
paderborn_artificial_to_natural,artificial_to_real_damage,paderborn,paderborn_n15_m07_f04_ki01_18_multisensor,paderborn_n15_m07_f04_ki01_18,test,KI01,multisensor,current|force|speed|temperature|torque|vibration,N15,M07_F04,n15_m07_f04,bearing_real_damage,01,fault,real,18,data/raw/paderborn/KI01/N15_M07_F04_KI01_18.mat,False,paderborn_channels_verified
paderborn_artificial_to_natural,artificial_to_real_damage,paderborn,paderborn_n15_m07_f04_ki01_19_multisensor,paderborn_n15_m07_f04_ki01_19,test,KI01,multisensor,current|force|speed|temperature|torque|vibration,N15,M07_F04,n15_m07_f04,bearing_real_damage,01,fault,real,19,data/raw/paderborn/KI01/N15_M07_F04_KI01_19.mat,False,paderborn_channels_verified
paderborn_artificial_to_natural,artificial_to_real_damage,paderborn,paderborn_n15_m07_f04_ki01_1_multisensor,paderborn_n15_m07_f04_ki01_1,test,KI01,multisensor,current|force|speed|temperature|torque|vibration,N15,M07_F04,n15_m07_f04,bearing_real_damage,01,fault,real,1,data/raw/paderborn/KI01/N15_M07_F04_KI01_1.mat,False,paderborn_channels_verified
paderborn_artificial_to_natural,artificial_to_real_damage,paderborn,paderborn_n15_m07_f04_ki01_20_multisensor,paderborn_n15_m07_f04_ki01_20,test,KI01,multisensor,current|force|speed|temperature|torque|vibration,N15,M07_F04,n15_m07_f04,bearing_real_damage,01,fault,real,20,data/raw/paderborn/KI01/N15_M07_F04_KI01_20.mat,False,paderborn_channels_verified
paderborn_artificial_to_natural,artificial_to_real_damage,paderborn,paderborn_n15_m07_f04_ki01_2_multisensor,paderborn_n15_m07_f04_ki01_2,test,KI01,multisensor,current|force|speed|temperature|torque|vibration,N15,M07_F04,n15_m07_f04,bearing_real_damage,01,fault,real,2,data/raw/paderborn/KI01/N15_M07_F04_KI01_2.mat,False,paderborn_channels_verified
paderborn_artificial_to_natural,artificial_to_real_damage,paderborn,paderborn_n15_m07_f04_ki01_3_multisensor,paderborn_n15_m07_f04_ki01_3,test,KI01,multisensor,current|force|speed|temperature|torque|vibration,N15,M07_F04,n15_m07_f04,bearing_real_damage,01,fault,real,3,data/raw/paderborn/KI01/N15_M07_F04_KI01_3.mat,False,paderborn_channels_verified
paderborn_artificial_to_natural,artificial_to_real_damage,paderborn,paderborn_n15_m07_f04_ki01_4_multisensor,paderborn_n15_m07_f04_ki01_4,test,KI01,multisensor,current|force|speed|temperature|torque|vibration,N15,M07_F04,n15_m07_f04,bearing_real_damage,01,fault,real,4,data/raw/paderborn/KI01/N15_M07_F04_KI01_4.mat,False,paderborn_channels_verified
paderborn_artificial_to_natural,artificial_to_real_damage,paderborn,paderborn_n15_m07_f04_ki01_5_multisensor,paderborn_n15_m07_f04_ki01_5,test,KI01,multisensor,current|force|speed|temperature|torque|vibration,N15,M07_F04,n15_m07_f04,bearing_real_damage,01,fault,real,5,data/raw/paderborn/KI01/N15_M07_F04_KI01_5.mat,False,paderborn_channels_verified
paderborn_artificial_to_natural,artificial_to_real_damage,paderborn,paderborn_n15_m07_f04_ki01_6_multisensor,paderborn_n15_m07_f04_ki01_6,test,KI01,multisensor,current|force|speed|temperature|torque|vibration,N15,M07_F04,n15_m07_f04,bearing_real_damage,01,fault,real,6,data/raw/paderborn/KI01/N15_M07_F04_KI01_6.mat,False,paderborn_channels_verified
paderborn_artificial_to_natural,artificial_to_real_damage,paderborn,paderborn_n15_m07_f04_ki01_7_multisensor,paderborn_n15_m07_f04_ki01_7,test,KI01,multisensor,current|force|speed|temperature|torque|vibration,N15,M07_F04,n15_m07_f04,bearing_real_damage,01,fault,real,7,data/raw/paderborn/KI01/N15_M07_F04_KI01_7.mat,False,paderborn_channels_verified
paderborn_artificial_to_natural,artificial_to_real_damage,paderborn,paderborn_n15_m07_f04_ki01_8_multisensor,paderborn_n15_m07_f04_ki01_8,test,KI01,multisensor,current|force|speed|temperature|torque|vibration,N15,M07_F04,n15_m07_f04,bearing_real_damage,01,fault,real,8,data/raw/paderborn/KI01/N15_M07_F04_KI01_8.mat,False,paderborn_channels_verified
paderborn_artificial_to_natural,artificial_to_real_damage,paderborn,paderborn_n15_m07_f04_ki01_9_multisensor,paderborn_n15_m07_f04_ki01_9,test,KI01,multisensor,current|force|speed|temperature|torque|vibration,N15,M07_F04,n15_m07_f04,bearing_real_damage,01,fault,real,9,data/raw/paderborn/KI01/N15_M07_F04_KI01_9.mat,False,paderborn_channels_verified
paderborn_artificial_to_natural,artificial_to_real_damage,paderborn,paderborn_n15_m07_f10_ki01_10_multisensor,paderborn_n15_m07_f10_ki01_10,test,KI01,multisensor,current|force|speed|temperature|torque|vibration,N15,M07_F10,n15_m07_f10,bearing_real_damage,01,fault,real,10,data/raw/paderborn/KI01/N15_M07_F10_KI01_10.mat,False,paderborn_channels_verified
paderborn_artificial_to_natural,artificial_to_real_damage,paderborn,paderborn_n15_m07_f10_ki01_11_multisensor,paderborn_n15_m07_f10_ki01_11,test,KI01,multisensor,current|force|speed|temperature|torque|vibration,N15,M07_F10,n15_m07_f10,bearing_real_damage,01,fault,real,11,data/raw/paderborn/KI01/N15_M07_F10_KI01_11.mat,False,paderborn_channels_verified
paderborn_artificial_to_natural,artificial_to_real_damage,paderborn,paderborn_n15_m07_f10_ki01_12_multisensor,paderborn_n15_m07_f10_ki01_12,test,KI01,multisensor,current|force|speed|temperature|torque|vibration,N15,M07_F10,n15_m07_f10,bearing_real_damage,01,fault,real,12,data/raw/paderborn/KI01/N15_M07_F10_KI01_12.mat,False,paderborn_channels_verified
paderborn_artificial_to_natural,artificial_to_real_damage,paderborn,paderborn_n15_m07_f10_ki01_13_multisensor,paderborn_n15_m07_f10_ki01_13,test,KI01,multisensor,current|force|speed|temperature|torque|vibration,N15,M07_F10,n15_m07_f10,bearing_real_damage,01,fault,real,13,data/raw/paderborn/KI01/N15_M07_F10_KI01_13.mat,False,paderborn_channels_verified
paderborn_artificial_to_natural,artificial_to_real_damage,paderborn,paderborn_n15_m07_f10_ki01_14_multisensor,paderborn_n15_m07_f10_ki01_14,test,KI01,multisensor,current|force|speed|temperature|torque|vibration,N15,M07_F10,n15_m07_f10,bearing_real_damage,01,fault,real,14,data/raw/paderborn/KI01/N15_M07_F10_KI01_14.mat,False,paderborn_channels_verified
paderborn_artificial_to_natural,artificial_to_real_damage,paderborn,paderborn_n15_m07_f10_ki01_15_multisensor,paderborn_n15_m07_f10_ki01_15,test,KI01,multisensor,current|force|speed|temperature|torque|vibration,N15,M07_F10,n15_m07_f10,bearing_real_damage,01,fault,real,15,data/raw/paderborn/KI01/N15_M07_F10_KI01_15.mat,False,paderborn_channels_verified
paderborn_artificial_to_natural,artificial_to_real_damage,paderborn,paderborn_n15_m07_f10_ki01_16_multisensor,paderborn_n15_m07_f10_ki01_16,test,KI01,multisensor,current|force|speed|temperature|torque|vibration,N15,M07_F10,n15_m07_f10,bearing_real_damage,01,fault,real,16,data/raw/paderborn/KI01/N15_M07_F10_KI01_16.mat,False,paderborn_channels_verified
paderborn_artificial_to_natural,artificial_to_real_damage,paderborn,paderborn_n15_m07_f10_ki01_17_multisensor,paderborn_n15_m07_f10_ki01_17,test,KI01,multisensor,current|force|speed|temperature|torque|vibration,N15,M07_F10,n15_m07_f10,bearing_real_damage,01,fault,real,17,data/raw/paderborn/KI01/N15_M07_F10_KI01_17.mat,False,paderborn_channels_verified
paderborn_artificial_to_natural,artificial_to_real_damage,paderborn,paderborn_n15_m07_f10_ki01_18_multisensor,paderborn_n15_m07_f10_ki01_18,test,KI01,multisensor,current|force|speed|temperature|torque|vibration,N15,M07_F10,n15_m07_f10,bearing_real_damage,01,fault,real,18,data/raw/paderborn/KI01/N15_M07_F10_KI01_18.mat,False,paderborn_channels_verified
paderborn_artificial_to_natural,artificial_to_real_damage,paderborn,paderborn_n15_m07_f10_ki01_19_multisensor,paderborn_n15_m07_f10_ki01_19,test,KI01,multisensor,current|force|speed|temperature|torque|vibration,N15,M07_F10,n15_m07_f10,bearing_real_damage,01,fault,real,19,data/raw/paderborn/KI01/N15_M07_F10_KI01_19.mat,False,paderborn_channels_verified
paderborn_artificial_to_natural,artificial_to_real_damage,paderborn,paderborn_n15_m07_f10_ki01_1_multisensor,paderborn_n15_m07_f10_ki01_1,test,KI01,multisensor,current|force|speed|temperature|torque|vibration,N15,M07_F10,n15_m07_f10,bearing_real_damage,01,fault,real,1,data/raw/paderborn/KI01/N15_M07_F10_KI01_1.mat,False,paderborn_channels_verified
paderborn_artificial_to_natural,artificial_to_real_damage,paderborn,paderborn_n15_m07_f10_ki01_20_multisensor,paderborn_n15_m07_f10_ki01_20,test,KI01,multisensor,current|force|speed|temperature|torque|vibration,N15,M07_F10,n15_m07_f10,bearing_real_damage,01,fault,real,20,data/raw/paderborn/KI01/N15_M07_F10_KI01_20.mat,False,paderborn_channels_verified
paderborn_artificial_to_natural,artificial_to_real_damage,paderborn,paderborn_n15_m07_f10_ki01_2_multisensor,paderborn_n15_m07_f10_ki01_2,test,KI01,multisensor,current|force|speed|temperature|torque|vibration,N15,M07_F10,n15_m07_f10,bearing_real_damage,01,fault,real,2,data/raw/paderborn/KI01/N15_M07_F10_KI01_2.mat,False,paderborn_channels_verified
paderborn_artificial_to_natural,artificial_to_real_damage,paderborn,paderborn_n15_m07_f10_ki01_3_multisensor,paderborn_n15_m07_f10_ki01_3,test,KI01,multisensor,current|force|speed|temperature|torque|vibration,N15,M07_F10,n15_m07_f10,bearing_real_damage,01,fault,real,3,data/raw/paderborn/KI01/N15_M07_F10_KI01_3.mat,False,paderborn_channels_verified
paderborn_artificial_to_natural,artificial_to_real_damage,paderborn,paderborn_n15_m07_f10_ki01_4_multisensor,paderborn_n15_m07_f10_ki01_4,test,KI01,multisensor,current|force|speed|temperature|torque|vibration,N15,M07_F10,n15_m07_f10,bearing_real_damage,01,fault,real,4,data/raw/paderborn/KI01/N15_M07_F10_KI01_4.mat,False,paderborn_channels_verified
paderborn_artificial_to_natural,artificial_to_real_damage,paderborn,paderborn_n15_m07_f10_ki01_5_multisensor,paderborn_n15_m07_f10_ki01_5,test,KI01,multisensor,current|force|speed|temperature|torque|vibration,N15,M07_F10,n15_m07_f10,bearing_real_damage,01,fault,real,5,data/raw/paderborn/KI01/N15_M07_F10_KI01_5.mat,False,paderborn_channels_verified
paderborn_artificial_to_natural,artificial_to_real_damage,paderborn,paderborn_n15_m07_f10_ki01_6_multisensor,paderborn_n15_m07_f10_ki01_6,test,KI01,multisensor,current|force|speed|temperature|torque|vibration,N15,M07_F10,n15_m07_f10,bearing_real_damage,01,fault,real,6,data/raw/paderborn/KI01/N15_M07_F10_KI01_6.mat,False,paderborn_channels_verified
paderborn_artificial_to_natural,artificial_to_real_damage,paderborn,paderborn_n15_m07_f10_ki01_7_multisensor,paderborn_n15_m07_f10_ki01_7,test,KI01,multisensor,current|force|speed|temperature|torque|vibration,N15,M07_F10,n15_m07_f10,bearing_real_damage,01,fault,real,7,data/raw/paderborn/KI01/N15_M07_F10_KI01_7.mat,False,paderborn_channels_verified
paderborn_artificial_to_natural,artificial_to_real_damage,paderborn,paderborn_n15_m07_f10_ki01_8_multisensor,paderborn_n15_m07_f10_ki01_8,test,KI01,multisensor,current|force|speed|temperature|torque|vibration,N15,M07_F10,n15_m07_f10,bearing_real_damage,01,fault,real,8,data/raw/paderborn/KI01/N15_M07_F10_KI01_8.mat,False,paderborn_channels_verified
paderborn_artificial_to_natural,artificial_to_real_damage,paderborn,paderborn_n15_m07_f10_ki01_9_multisensor,paderborn_n15_m07_f10_ki01_9,test,KI01,multisensor,current|force|speed|temperature|torque|vibration,N15,M07_F10,n15_m07_f10,bearing_real_damage,01,fault,real,9,data/raw/paderborn/KI01/N15_M07_F10_KI01_9.mat,False,paderborn_channels_verified
paderborn_artificial_to_natural,artificial_to_real_damage,paderborn,paderborn_n09_m07_f10_ki03_10_multisensor,paderborn_n09_m07_f10_ki03_10,test,KI03,multisensor,current|force|speed|temperature|torque|vibration,N09,M07_F10,n09_m07_f10,bearing_real_damage,03,fault,real,10,data/raw/paderborn/KI03/N09_M07_F10_KI03_10.mat,False,paderborn_channels_verified
paderborn_artificial_to_natural,artificial_to_real_damage,paderborn,paderborn_n09_m07_f10_ki03_11_multisensor,paderborn_n09_m07_f10_ki03_11,test,KI03,multisensor,current|force|speed|temperature|torque|vibration,N09,M07_F10,n09_m07_f10,bearing_real_damage,03,fault,real,11,data/raw/paderborn/KI03/N09_M07_F10_KI03_11.mat,False,paderborn_channels_verified
paderborn_artificial_to_natural,artificial_to_real_damage,paderborn,paderborn_n09_m07_f10_ki03_12_multisensor,paderborn_n09_m07_f10_ki03_12,test,KI03,multisensor,current|force|speed|temperature|torque|vibration,N09,M07_F10,n09_m07_f10,bearing_real_damage,03,fault,real,12,data/raw/paderborn/KI03/N09_M07_F10_KI03_12.mat,False,paderborn_channels_verified
paderborn_artificial_to_natural,artificial_to_real_damage,paderborn,paderborn_n09_m07_f10_ki03_13_multisensor,paderborn_n09_m07_f10_ki03_13,test,KI03,multisensor,current|force|speed|temperature|torque|vibration,N09,M07_F10,n09_m07_f10,bearing_real_damage,03,fault,real,13,data/raw/paderborn/KI03/N09_M07_F10_KI03_13.mat,False,paderborn_channels_verified
paderborn_artificial_to_natural,artificial_to_real_damage,paderborn,paderborn_n09_m07_f10_ki03_14_multisensor,paderborn_n09_m07_f10_ki03_14,test,KI03,multisensor,current|force|speed|temperature|torque|vibration,N09,M07_F10,n09_m07_f10,bearing_real_damage,03,fault,real,14,data/raw/paderborn/KI03/N09_M07_F10_KI03_14.mat,False,paderborn_channels_verified
paderborn_artificial_to_natural,artificial_to_real_damage,paderborn,paderborn_n09_m07_f10_ki03_15_multisensor,paderborn_n09_m07_f10_ki03_15,test,KI03,multisensor,current|force|speed|temperature|torque|vibration,N09,M07_F10,n09_m07_f10,bearing_real_damage,03,fault,real,15,data/raw/paderborn/KI03/N09_M07_F10_KI03_15.mat,False,paderborn_channels_verified
paderborn_artificial_to_natural,artificial_to_real_damage,paderborn,paderborn_n09_m07_f10_ki03_16_multisensor,paderborn_n09_m07_f10_ki03_16,test,KI03,multisensor,current|force|speed|temperature|torque|vibration,N09,M07_F10,n09_m07_f10,bearing_real_damage,03,fault,real,16,data/raw/paderborn/KI03/N09_M07_F10_KI03_16.mat,False,paderborn_channels_verified
paderborn_artificial_to_natural,artificial_to_real_damage,paderborn,paderborn_n09_m07_f10_ki03_17_multisensor,paderborn_n09_m07_f10_ki03_17,test,KI03,multisensor,current|force|speed|temperature|torque|vibration,N09,M07_F10,n09_m07_f10,bearing_real_damage,03,fault,real,17,data/raw/paderborn/KI03/N09_M07_F10_KI03_17.mat,False,paderborn_channels_verified
paderborn_artificial_to_natural,artificial_to_real_damage,paderborn,paderborn_n09_m07_f10_ki03_18_multisensor,paderborn_n09_m07_f10_ki03_18,test,KI03,multisensor,current|force|speed|temperature|torque|vibration,N09,M07_F10,n09_m07_f10,bearing_real_damage,03,fault,real,18,data/raw/paderborn/KI03/N09_M07_F10_KI03_18.mat,False,paderborn_channels_verified
paderborn_artificial_to_natural,artificial_to_real_damage,paderborn,paderborn_n09_m07_f10_ki03_19_multisensor,paderborn_n09_m07_f10_ki03_19,test,KI03,multisensor,current|force|speed|temperature|torque|vibration,N09,M07_F10,n09_m07_f10,bearing_real_damage,03,fault,real,19,data/raw/paderborn/KI03/N09_M07_F10_KI03_19.mat,False,paderborn_channels_verified
paderborn_artificial_to_natural,artificial_to_real_damage,paderborn,paderborn_n09_m07_f10_ki03_1_multisensor,paderborn_n09_m07_f10_ki03_1,test,KI03,multisensor,current|force|speed|temperature|torque|vibration,N09,M07_F10,n09_m07_f10,bearing_real_damage,03,fault,real,1,data/raw/paderborn/KI03/N09_M07_F10_KI03_1.mat,False,paderborn_channels_verified
paderborn_artificial_to_natural,artificial_to_real_damage,paderborn,paderborn_n09_m07_f10_ki03_20_multisensor,paderborn_n09_m07_f10_ki03_20,test,KI03,multisensor,current|force|speed|temperature|torque|vibration,N09,M07_F10,n09_m07_f10,bearing_real_damage,03,fault,real,20,data/raw/paderborn/KI03/N09_M07_F10_KI03_20.mat,False,paderborn_channels_verified
paderborn_artificial_to_natural,artificial_to_real_damage,paderborn,paderborn_n09_m07_f10_ki03_2_multisensor,paderborn_n09_m07_f10_ki03_2,test,KI03,multisensor,current|force|speed|temperature|torque|vibration,N09,M07_F10,n09_m07_f10,bearing_real_damage,03,fault,real,2,data/raw/paderborn/KI03/N09_M07_F10_KI03_2.mat,False,paderborn_channels_verified
paderborn_artificial_to_natural,artificial_to_real_damage,paderborn,paderborn_n09_m07_f10_ki03_3_multisensor,paderborn_n09_m07_f10_ki03_3,test,KI03,multisensor,current|force|speed|temperature|torque|vibration,N09,M07_F10,n09_m07_f10,bearing_real_damage,03,fault,real,3,data/raw/paderborn/KI03/N09_M07_F10_KI03_3.mat,False,paderborn_channels_verified
paderborn_artificial_to_natural,artificial_to_real_damage,paderborn,paderborn_n09_m07_f10_ki03_4_multisensor,paderborn_n09_m07_f10_ki03_4,test,KI03,multisensor,current|force|speed|temperature|torque|vibration,N09,M07_F10,n09_m07_f10,bearing_real_damage,03,fault,real,4,data/raw/paderborn/KI03/N09_M07_F10_KI03_4.mat,False,paderborn_channels_verified
paderborn_artificial_to_natural,artificial_to_real_damage,paderborn,paderborn_n09_m07_f10_ki03_5_multisensor,paderborn_n09_m07_f10_ki03_5,test,KI03,multisensor,current|force|speed|temperature|torque|vibration,N09,M07_F10,n09_m07_f10,bearing_real_damage,03,fault,real,5,data/raw/paderborn/KI03/N09_M07_F10_KI03_5.mat,False,paderborn_channels_verified
paderborn_artificial_to_natural,artificial_to_real_damage,paderborn,paderborn_n09_m07_f10_ki03_6_multisensor,paderborn_n09_m07_f10_ki03_6,test,KI03,multisensor,current|force|speed|temperature|torque|vibration,N09,M07_F10,n09_m07_f10,bearing_real_damage,03,fault,real,6,data/raw/paderborn/KI03/N09_M07_F10_KI03_6.mat,False,paderborn_channels_verified
paderborn_artificial_to_natural,artificial_to_real_damage,paderborn,paderborn_n09_m07_f10_ki03_7_multisensor,paderborn_n09_m07_f10_ki03_7,test,KI03,multisensor,current|force|speed|temperature|torque|vibration,N09,M07_F10,n09_m07_f10,bearing_real_damage,03,fault,real,7,data/raw/paderborn/KI03/N09_M07_F10_KI03_7.mat,False,paderborn_channels_verified
paderborn_artificial_to_natural,artificial_to_real_damage,paderborn,paderborn_n09_m07_f10_ki03_8_multisensor,paderborn_n09_m07_f10_ki03_8,test,KI03,multisensor,current|force|speed|temperature|torque|vibration,N09,M07_F10,n09_m07_f10,bearing_real_damage,03,fault,real,8,data/raw/paderborn/KI03/N09_M07_F10_KI03_8.mat,False,paderborn_channels_verified
paderborn_artificial_to_natural,artificial_to_real_damage,paderborn,paderborn_n09_m07_f10_ki03_9_multisensor,paderborn_n09_m07_f10_ki03_9,test,KI03,multisensor,current|force|speed|temperature|torque|vibration,N09,M07_F10,n09_m07_f10,bearing_real_damage,03,fault,real,9,data/raw/paderborn/KI03/N09_M07_F10_KI03_9.mat,False,paderborn_channels_verified
paderborn_artificial_to_natural,artificial_to_real_damage,paderborn,paderborn_n15_m01_f10_ki03_10_multisensor,paderborn_n15_m01_f10_ki03_10,test,KI03,multisensor,current|force|speed|temperature|torque|vibration,N15,M01_F10,n15_m01_f10,bearing_real_damage,03,fault,real,10,data/raw/paderborn/KI03/N15_M01_F10_KI03_10.mat,False,paderborn_channels_verified
paderborn_artificial_to_natural,artificial_to_real_damage,paderborn,paderborn_n15_m01_f10_ki03_11_multisensor,paderborn_n15_m01_f10_ki03_11,test,KI03,multisensor,current|force|speed|temperature|torque|vibration,N15,M01_F10,n15_m01_f10,bearing_real_damage,03,fault,real,11,data/raw/paderborn/KI03/N15_M01_F10_KI03_11.mat,False,paderborn_channels_verified
paderborn_artificial_to_natural,artificial_to_real_damage,paderborn,paderborn_n15_m01_f10_ki03_12_multisensor,paderborn_n15_m01_f10_ki03_12,test,KI03,multisensor,current|force|speed|temperature|torque|vibration,N15,M01_F10,n15_m01_f10,bearing_real_damage,03,fault,real,12,data/raw/paderborn/KI03/N15_M01_F10_KI03_12.mat,False,paderborn_channels_verified
paderborn_artificial_to_natural,artificial_to_real_damage,paderborn,paderborn_n15_m01_f10_ki03_13_multisensor,paderborn_n15_m01_f10_ki03_13,test,KI03,multisensor,current|force|speed|temperature|torque|vibration,N15,M01_F10,n15_m01_f10,bearing_real_damage,03,fault,real,13,data/raw/paderborn/KI03/N15_M01_F10_KI03_13.mat,False,paderborn_channels_verified
paderborn_artificial_to_natural,artificial_to_real_damage,paderborn,paderborn_n15_m01_f10_ki03_14_multisensor,paderborn_n15_m01_f10_ki03_14,test,KI03,multisensor,current|force|speed|temperature|torque|vibration,N15,M01_F10,n15_m01_f10,bearing_real_damage,03,fault,real,14,data/raw/paderborn/KI03/N15_M01_F10_KI03_14.mat,False,paderborn_channels_verified
paderborn_artificial_to_natural,artificial_to_real_damage,paderborn,paderborn_n15_m01_f10_ki03_15_multisensor,paderborn_n15_m01_f10_ki03_15,test,KI03,multisensor,current|force|speed|temperature|torque|vibration,N15,M01_F10,n15_m01_f10,bearing_real_damage,03,fault,real,15,data/raw/paderborn/KI03/N15_M01_F10_KI03_15.mat,False,paderborn_channels_verified
paderborn_artificial_to_natural,artificial_to_real_damage,paderborn,paderborn_n15_m01_f10_ki03_16_multisensor,paderborn_n15_m01_f10_ki03_16,test,KI03,multisensor,current|force|speed|temperature|torque|vibration,N15,M01_F10,n15_m01_f10,bearing_real_damage,03,fault,real,16,data/raw/paderborn/KI03/N15_M01_F10_KI03_16.mat,False,paderborn_channels_verified
paderborn_artificial_to_natural,artificial_to_real_damage,paderborn,paderborn_n15_m01_f10_ki03_17_multisensor,paderborn_n15_m01_f10_ki03_17,test,KI03,multisensor,current|force|speed|temperature|torque|vibration,N15,M01_F10,n15_m01_f10,bearing_real_damage,03,fault,real,17,data/raw/paderborn/KI03/N15_M01_F10_KI03_17.mat,False,paderborn_channels_verified
paderborn_artificial_to_natural,artificial_to_real_damage,paderborn,paderborn_n15_m01_f10_ki03_18_multisensor,paderborn_n15_m01_f10_ki03_18,test,KI03,multisensor,current|force|speed|temperature|torque|vibration,N15,M01_F10,n15_m01_f10,bearing_real_damage,03,fault,real,18,data/raw/paderborn/KI03/N15_M01_F10_KI03_18.mat,False,paderborn_channels_verified
paderborn_artificial_to_natural,artificial_to_real_damage,paderborn,paderborn_n15_m01_f10_ki03_19_multisensor,paderborn_n15_m01_f10_ki03_19,test,KI03,multisensor,current|force|speed|temperature|torque|vibration,N15,M01_F10,n15_m01_f10,bearing_real_damage,03,fault,real,19,data/raw/paderborn/KI03/N15_M01_F10_KI03_19.mat,False,paderborn_channels_verified
paderborn_artificial_to_natural,artificial_to_real_damage,paderborn,paderborn_n15_m01_f10_ki03_1_multisensor,paderborn_n15_m01_f10_ki03_1,test,KI03,multisensor,current|force|speed|temperature|torque|vibration,N15,M01_F10,n15_m01_f10,bearing_real_damage,03,fault,real,1,data/raw/paderborn/KI03/N15_M01_F10_KI03_1.mat,False,paderborn_channels_verified
paderborn_artificial_to_natural,artificial_to_real_damage,paderborn,paderborn_n15_m01_f10_ki03_20_multisensor,paderborn_n15_m01_f10_ki03_20,test,KI03,multisensor,current|force|speed|temperature|torque|vibration,N15,M01_F10,n15_m01_f10,bearing_real_damage,03,fault,real,20,data/raw/paderborn/KI03/N15_M01_F10_KI03_20.mat,False,paderborn_channels_verified
paderborn_artificial_to_natural,artificial_to_real_damage,paderborn,paderborn_n15_m01_f10_ki03_2_multisensor,paderborn_n15_m01_f10_ki03_2,test,KI03,multisensor,current|force|speed|temperature|torque|vibration,N15,M01_F10,n15_m01_f10,bearing_real_damage,03,fault,real,2,data/raw/paderborn/KI03/N15_M01_F10_KI03_2.mat,False,paderborn_channels_verified
paderborn_artificial_to_natural,artificial_to_real_damage,paderborn,paderborn_n15_m01_f10_ki03_3_multisensor,paderborn_n15_m01_f10_ki03_3,test,KI03,multisensor,current|force|speed|temperature|torque|vibration,N15,M01_F10,n15_m01_f10,bearing_real_damage,03,fault,real,3,data/raw/paderborn/KI03/N15_M01_F10_KI03_3.mat,False,paderborn_channels_verified
paderborn_artificial_to_natural,artificial_to_real_damage,paderborn,paderborn_n15_m01_f10_ki03_4_multisensor,paderborn_n15_m01_f10_ki03_4,test,KI03,multisensor,current|force|speed|temperature|torque|vibration,N15,M01_F10,n15_m01_f10,bearing_real_damage,03,fault,real,4,data/raw/paderborn/KI03/N15_M01_F10_KI03_4.mat,False,paderborn_channels_verified
paderborn_artificial_to_natural,artificial_to_real_damage,paderborn,paderborn_n15_m01_f10_ki03_5_multisensor,paderborn_n15_m01_f10_ki03_5,test,KI03,multisensor,current|force|speed|temperature|torque|vibration,N15,M01_F10,n15_m01_f10,bearing_real_damage,03,fault,real,5,data/raw/paderborn/KI03/N15_M01_F10_KI03_5.mat,False,paderborn_channels_verified
paderborn_artificial_to_natural,artificial_to_real_damage,paderborn,paderborn_n15_m01_f10_ki03_6_multisensor,paderborn_n15_m01_f10_ki03_6,test,KI03,multisensor,current|force|speed|temperature|torque|vibration,N15,M01_F10,n15_m01_f10,bearing_real_damage,03,fault,real,6,data/raw/paderborn/KI03/N15_M01_F10_KI03_6.mat,False,paderborn_channels_verified
paderborn_artificial_to_natural,artificial_to_real_damage,paderborn,paderborn_n15_m01_f10_ki03_7_multisensor,paderborn_n15_m01_f10_ki03_7,test,KI03,multisensor,current|force|speed|temperature|torque|vibration,N15,M01_F10,n15_m01_f10,bearing_real_damage,03,fault,real,7,data/raw/paderborn/KI03/N15_M01_F10_KI03_7.mat,False,paderborn_channels_verified
paderborn_artificial_to_natural,artificial_to_real_damage,paderborn,paderborn_n15_m01_f10_ki03_8_multisensor,paderborn_n15_m01_f10_ki03_8,test,KI03,multisensor,current|force|speed|temperature|torque|vibration,N15,M01_F10,n15_m01_f10,bearing_real_damage,03,fault,real,8,data/raw/paderborn/KI03/N15_M01_F10_KI03_8.mat,False,paderborn_channels_verified
paderborn_artificial_to_natural,artificial_to_real_damage,paderborn,paderborn_n15_m01_f10_ki03_9_multisensor,paderborn_n15_m01_f10_ki03_9,test,KI03,multisensor,current|force|speed|temperature|torque|vibration,N15,M01_F10,n15_m01_f10,bearing_real_damage,03,fault,real,9,data/raw/paderborn/KI03/N15_M01_F10_KI03_9.mat,False,paderborn_channels_verified
paderborn_artificial_to_natural,artificial_to_real_damage,paderborn,paderborn_n15_m07_f04_ki03_10_multisensor,paderborn_n15_m07_f04_ki03_10,test,KI03,multisensor,current|force|speed|temperature|torque|vibration,N15,M07_F04,n15_m07_f04,bearing_real_damage,03,fault,real,10,data/raw/paderborn/KI03/N15_M07_F04_KI03_10.mat,False,paderborn_channels_verified
paderborn_artificial_to_natural,artificial_to_real_damage,paderborn,paderborn_n15_m07_f04_ki03_11_multisensor,paderborn_n15_m07_f04_ki03_11,test,KI03,multisensor,current|force|speed|temperature|torque|vibration,N15,M07_F04,n15_m07_f04,bearing_real_damage,03,fault,real,11,data/raw/paderborn/KI03/N15_M07_F04_KI03_11.mat,False,paderborn_channels_verified
paderborn_artificial_to_natural,artificial_to_real_damage,paderborn,paderborn_n15_m07_f04_ki03_12_multisensor,paderborn_n15_m07_f04_ki03_12,test,KI03,multisensor,current|force|speed|temperature|torque|vibration,N15,M07_F04,n15_m07_f04,bearing_real_damage,03,fault,real,12,data/raw/paderborn/KI03/N15_M07_F04_KI03_12.mat,False,paderborn_channels_verified
paderborn_artificial_to_natural,artificial_to_real_damage,paderborn,paderborn_n15_m07_f04_ki03_13_multisensor,paderborn_n15_m07_f04_ki03_13,test,KI03,multisensor,current|force|speed|temperature|torque|vibration,N15,M07_F04,n15_m07_f04,bearing_real_damage,03,fault,real,13,data/raw/paderborn/KI03/N15_M07_F04_KI03_13.mat,False,paderborn_channels_verified
paderborn_artificial_to_natural,artificial_to_real_damage,paderborn,paderborn_n15_m07_f04_ki03_14_multisensor,paderborn_n15_m07_f04_ki03_14,test,KI03,multisensor,current|force|speed|temperature|torque|vibration,N15,M07_F04,n15_m07_f04,bearing_real_damage,03,fault,real,14,data/raw/paderborn/KI03/N15_M07_F04_KI03_14.mat,False,paderborn_channels_verified
paderborn_artificial_to_natural,artificial_to_real_damage,paderborn,paderborn_n15_m07_f04_ki03_15_multisensor,paderborn_n15_m07_f04_ki03_15,test,KI03,multisensor,current|force|speed|temperature|torque|vibration,N15,M07_F04,n15_m07_f04,bearing_real_damage,03,fault,real,15,data/raw/paderborn/KI03/N15_M07_F04_KI03_15.mat,False,paderborn_channels_verified
paderborn_artificial_to_natural,artificial_to_real_damage,paderborn,paderborn_n15_m07_f04_ki03_16_multisensor,paderborn_n15_m07_f04_ki03_16,test,KI03,multisensor,current|force|speed|temperature|torque|vibration,N15,M07_F04,n15_m07_f04,bearing_real_damage,03,fault,real,16,data/raw/paderborn/KI03/N15_M07_F04_KI03_16.mat,False,paderborn_channels_verified
paderborn_artificial_to_natural,artificial_to_real_damage,paderborn,paderborn_n15_m07_f04_ki03_17_multisensor,paderborn_n15_m07_f04_ki03_17,test,KI03,multisensor,current|force|speed|temperature|torque|vibration,N15,M07_F04,n15_m07_f04,bearing_real_damage,03,fault,real,17,data/raw/paderborn/KI03/N15_M07_F04_KI03_17.mat,False,paderborn_channels_verified
paderborn_artificial_to_natural,artificial_to_real_damage,paderborn,paderborn_n15_m07_f04_ki03_18_multisensor,paderborn_n15_m07_f04_ki03_18,test,KI03,multisensor,current|force|speed|temperature|torque|vibration,N15,M07_F04,n15_m07_f04,bearing_real_damage,03,fault,real,18,data/raw/paderborn/KI03/N15_M07_F04_KI03_18.mat,False,paderborn_channels_verified
paderborn_artificial_to_natural,artificial_to_real_damage,paderborn,paderborn_n15_m07_f04_ki03_19_multisensor,paderborn_n15_m07_f04_ki03_19,test,KI03,multisensor,current|force|speed|temperature|torque|vibration,N15,M07_F04,n15_m07_f04,bearing_real_damage,03,fault,real,19,data/raw/paderborn/KI03/N15_M07_F04_KI03_19.mat,False,paderborn_channels_verified
paderborn_artificial_to_natural,artificial_to_real_damage,paderborn,paderborn_n15_m07_f04_ki03_1_multisensor,paderborn_n15_m07_f04_ki03_1,test,KI03,multisensor,current|force|speed|temperature|torque|vibration,N15,M07_F04,n15_m07_f04,bearing_real_damage,03,fault,real,1,data/raw/paderborn/KI03/N15_M07_F04_KI03_1.mat,False,paderborn_channels_verified
paderborn_artificial_to_natural,artificial_to_real_damage,paderborn,paderborn_n15_m07_f04_ki03_20_multisensor,paderborn_n15_m07_f04_ki03_20,test,KI03,multisensor,current|force|speed|temperature|torque|vibration,N15,M07_F04,n15_m07_f04,bearing_real_damage,03,fault,real,20,data/raw/paderborn/KI03/N15_M07_F04_KI03_20.mat,False,paderborn_channels_verified
paderborn_artificial_to_natural,artificial_to_real_damage,paderborn,paderborn_n15_m07_f04_ki03_2_multisensor,paderborn_n15_m07_f04_ki03_2,test,KI03,multisensor,current|force|speed|temperature|torque|vibration,N15,M07_F04,n15_m07_f04,bearing_real_damage,03,fault,real,2,data/raw/paderborn/KI03/N15_M07_F04_KI03_2.mat,False,paderborn_channels_verified
paderborn_artificial_to_natural,artificial_to_real_damage,paderborn,paderborn_n15_m07_f04_ki03_3_multisensor,paderborn_n15_m07_f04_ki03_3,test,KI03,multisensor,current|force|speed|temperature|torque|vibration,N15,M07_F04,n15_m07_f04,bearing_real_damage,03,fault,real,3,data/raw/paderborn/KI03/N15_M07_F04_KI03_3.mat,False,paderborn_channels_verified
paderborn_artificial_to_natural,artificial_to_real_damage,paderborn,paderborn_n15_m07_f04_ki03_4_multisensor,paderborn_n15_m07_f04_ki03_4,test,KI03,multisensor,current|force|speed|temperature|torque|vibration,N15,M07_F04,n15_m07_f04,bearing_real_damage,03,fault,real,4,data/raw/paderborn/KI03/N15_M07_F04_KI03_4.mat,False,paderborn_channels_verified
paderborn_artificial_to_natural,artificial_to_real_damage,paderborn,paderborn_n15_m07_f04_ki03_5_multisensor,paderborn_n15_m07_f04_ki03_5,test,KI03,multisensor,current|force|speed|temperature|torque|vibration,N15,M07_F04,n15_m07_f04,bearing_real_damage,03,fault,real,5,data/raw/paderborn/KI03/N15_M07_F04_KI03_5.mat,False,paderborn_channels_verified
paderborn_artificial_to_natural,artificial_to_real_damage,paderborn,paderborn_n15_m07_f04_ki03_6_multisensor,paderborn_n15_m07_f04_ki03_6,test,KI03,multisensor,current|force|speed|temperature|torque|vibration,N15,M07_F04,n15_m07_f04,bearing_real_damage,03,fault,real,6,data/raw/paderborn/KI03/N15_M07_F04_KI03_6.mat,False,paderborn_channels_verified
paderborn_artificial_to_natural,artificial_to_real_damage,paderborn,paderborn_n15_m07_f04_ki03_7_multisensor,paderborn_n15_m07_f04_ki03_7,test,KI03,multisensor,current|force|speed|temperature|torque|vibration,N15,M07_F04,n15_m07_f04,bearing_real_damage,03,fault,real,7,data/raw/paderborn/KI03/N15_M07_F04_KI03_7.mat,False,paderborn_channels_verified
paderborn_artificial_to_natural,artificial_to_real_damage,paderborn,paderborn_n15_m07_f04_ki03_8_multisensor,paderborn_n15_m07_f04_ki03_8,test,KI03,multisensor,current|force|speed|temperature|torque|vibration,N15,M07_F04,n15_m07_f04,bearing_real_damage,03,fault,real,8,data/raw/paderborn/KI03/N15_M07_F04_KI03_8.mat,False,paderborn_channels_verified
paderborn_artificial_to_natural,artificial_to_real_damage,paderborn,paderborn_n15_m07_f04_ki03_9_multisensor,paderborn_n15_m07_f04_ki03_9,test,KI03,multisensor,current|force|speed|temperature|torque|vibration,N15,M07_F04,n15_m07_f04,bearing_real_damage,03,fault,real,9,data/raw/paderborn/KI03/N15_M07_F04_KI03_9.mat,False,paderborn_channels_verified
paderborn_artificial_to_natural,artificial_to_real_damage,paderborn,paderborn_n15_m07_f10_ki03_10_multisensor,paderborn_n15_m07_f10_ki03_10,test,KI03,multisensor,current|force|speed|temperature|torque|vibration,N15,M07_F10,n15_m07_f10,bearing_real_damage,03,fault,real,10,data/raw/paderborn/KI03/N15_M07_F10_KI03_10.mat,False,paderborn_channels_verified
paderborn_artificial_to_natural,artificial_to_real_damage,paderborn,paderborn_n15_m07_f10_ki03_11_multisensor,paderborn_n15_m07_f10_ki03_11,test,KI03,multisensor,current|force|speed|temperature|torque|vibration,N15,M07_F10,n15_m07_f10,bearing_real_damage,03,fault,real,11,data/raw/paderborn/KI03/N15_M07_F10_KI03_11.mat,False,paderborn_channels_verified
paderborn_artificial_to_natural,artificial_to_real_damage,paderborn,paderborn_n15_m07_f10_ki03_12_multisensor,paderborn_n15_m07_f10_ki03_12,test,KI03,multisensor,current|force|speed|temperature|torque|vibration,N15,M07_F10,n15_m07_f10,bearing_real_damage,03,fault,real,12,data/raw/paderborn/KI03/N15_M07_F10_KI03_12.mat,False,paderborn_channels_verified
paderborn_artificial_to_natural,artificial_to_real_damage,paderborn,paderborn_n15_m07_f10_ki03_13_multisensor,paderborn_n15_m07_f10_ki03_13,test,KI03,multisensor,current|force|speed|temperature|torque|vibration,N15,M07_F10,n15_m07_f10,bearing_real_damage,03,fault,real,13,data/raw/paderborn/KI03/N15_M07_F10_KI03_13.mat,False,paderborn_channels_verified
paderborn_artificial_to_natural,artificial_to_real_damage,paderborn,paderborn_n15_m07_f10_ki03_14_multisensor,paderborn_n15_m07_f10_ki03_14,test,KI03,multisensor,current|force|speed|temperature|torque|vibration,N15,M07_F10,n15_m07_f10,bearing_real_damage,03,fault,real,14,data/raw/paderborn/KI03/N15_M07_F10_KI03_14.mat,False,paderborn_channels_verified
paderborn_artificial_to_natural,artificial_to_real_damage,paderborn,paderborn_n15_m07_f10_ki03_15_multisensor,paderborn_n15_m07_f10_ki03_15,test,KI03,multisensor,current|force|speed|temperature|torque|vibration,N15,M07_F10,n15_m07_f10,bearing_real_damage,03,fault,real,15,data/raw/paderborn/KI03/N15_M07_F10_KI03_15.mat,False,paderborn_channels_verified
paderborn_artificial_to_natural,artificial_to_real_damage,paderborn,paderborn_n15_m07_f10_ki03_16_multisensor,paderborn_n15_m07_f10_ki03_16,test,KI03,multisensor,current|force|speed|temperature|torque|vibration,N15,M07_F10,n15_m07_f10,bearing_real_damage,03,fault,real,16,data/raw/paderborn/KI03/N15_M07_F10_KI03_16.mat,False,paderborn_channels_verified
paderborn_artificial_to_natural,artificial_to_real_damage,paderborn,paderborn_n15_m07_f10_ki03_17_multisensor,paderborn_n15_m07_f10_ki03_17,test,KI03,multisensor,current|force|speed|temperature|torque|vibration,N15,M07_F10,n15_m07_f10,bearing_real_damage,03,fault,real,17,data/raw/paderborn/KI03/N15_M07_F10_KI03_17.mat,False,paderborn_channels_verified
paderborn_artificial_to_natural,artificial_to_real_damage,paderborn,paderborn_n15_m07_f10_ki03_18_multisensor,paderborn_n15_m07_f10_ki03_18,test,KI03,multisensor,current|force|speed|temperature|torque|vibration,N15,M07_F10,n15_m07_f10,bearing_real_damage,03,fault,real,18,data/raw/paderborn/KI03/N15_M07_F10_KI03_18.mat,False,paderborn_channels_verified
paderborn_artificial_to_natural,artificial_to_real_damage,paderborn,paderborn_n15_m07_f10_ki03_19_multisensor,paderborn_n15_m07_f10_ki03_19,test,KI03,multisensor,current|force|speed|temperature|torque|vibration,N15,M07_F10,n15_m07_f10,bearing_real_damage,03,fault,real,19,data/raw/paderborn/KI03/N15_M07_F10_KI03_19.mat,False,paderborn_channels_verified
paderborn_artificial_to_natural,artificial_to_real_damage,paderborn,paderborn_n15_m07_f10_ki03_1_multisensor,paderborn_n15_m07_f10_ki03_1,test,KI03,multisensor,current|force|speed|temperature|torque|vibration,N15,M07_F10,n15_m07_f10,bearing_real_damage,03,fault,real,1,data/raw/paderborn/KI03/N15_M07_F10_KI03_1.mat,False,paderborn_channels_verified
paderborn_artificial_to_natural,artificial_to_real_damage,paderborn,paderborn_n15_m07_f10_ki03_20_multisensor,paderborn_n15_m07_f10_ki03_20,test,KI03,multisensor,current|force|speed|temperature|torque|vibration,N15,M07_F10,n15_m07_f10,bearing_real_damage,03,fault,real,20,data/raw/paderborn/KI03/N15_M07_F10_KI03_20.mat,False,paderborn_channels_verified
paderborn_artificial_to_natural,artificial_to_real_damage,paderborn,paderborn_n15_m07_f10_ki03_2_multisensor,paderborn_n15_m07_f10_ki03_2,test,KI03,multisensor,current|force|speed|temperature|torque|vibration,N15,M07_F10,n15_m07_f10,bearing_real_damage,03,fault,real,2,data/raw/paderborn/KI03/N15_M07_F10_KI03_2.mat,False,paderborn_channels_verified
paderborn_artificial_to_natural,artificial_to_real_damage,paderborn,paderborn_n15_m07_f10_ki03_3_multisensor,paderborn_n15_m07_f10_ki03_3,test,KI03,multisensor,current|force|speed|temperature|torque|vibration,N15,M07_F10,n15_m07_f10,bearing_real_damage,03,fault,real,3,data/raw/paderborn/KI03/N15_M07_F10_KI03_3.mat,False,paderborn_channels_verified
paderborn_artificial_to_natural,artificial_to_real_damage,paderborn,paderborn_n15_m07_f10_ki03_4_multisensor,paderborn_n15_m07_f10_ki03_4,test,KI03,multisensor,current|force|speed|temperature|torque|vibration,N15,M07_F10,n15_m07_f10,bearing_real_damage,03,fault,real,4,data/raw/paderborn/KI03/N15_M07_F10_KI03_4.mat,False,paderborn_channels_verified
paderborn_artificial_to_natural,artificial_to_real_damage,paderborn,paderborn_n15_m07_f10_ki03_5_multisensor,paderborn_n15_m07_f10_ki03_5,test,KI03,multisensor,current|force|speed|temperature|torque|vibration,N15,M07_F10,n15_m07_f10,bearing_real_damage,03,fault,real,5,data/raw/paderborn/KI03/N15_M07_F10_KI03_5.mat,False,paderborn_channels_verified
paderborn_artificial_to_natural,artificial_to_real_damage,paderborn,paderborn_n15_m07_f10_ki03_6_multisensor,paderborn_n15_m07_f10_ki03_6,test,KI03,multisensor,current|force|speed|temperature|torque|vibration,N15,M07_F10,n15_m07_f10,bearing_real_damage,03,fault,real,6,data/raw/paderborn/KI03/N15_M07_F10_KI03_6.mat,False,paderborn_channels_verified
paderborn_artificial_to_natural,artificial_to_real_damage,paderborn,paderborn_n15_m07_f10_ki03_7_multisensor,paderborn_n15_m07_f10_ki03_7,test,KI03,multisensor,current|force|speed|temperature|torque|vibration,N15,M07_F10,n15_m07_f10,bearing_real_damage,03,fault,real,7,data/raw/paderborn/KI03/N15_M07_F10_KI03_7.mat,False,paderborn_channels_verified
paderborn_artificial_to_natural,artificial_to_real_damage,paderborn,paderborn_n15_m07_f10_ki03_8_multisensor,paderborn_n15_m07_f10_ki03_8,test,KI03,multisensor,current|force|speed|temperature|torque|vibration,N15,M07_F10,n15_m07_f10,bearing_real_damage,03,fault,real,8,data/raw/paderborn/KI03/N15_M07_F10_KI03_8.mat,False,paderborn_channels_verified
paderborn_artificial_to_natural,artificial_to_real_damage,paderborn,paderborn_n15_m07_f10_ki03_9_multisensor,paderborn_n15_m07_f10_ki03_9,test,KI03,multisensor,current|force|speed|temperature|torque|vibration,N15,M07_F10,n15_m07_f10,bearing_real_damage,03,fault,real,9,data/raw/paderborn/KI03/N15_M07_F10_KI03_9.mat,False,paderborn_channels_verified
paderborn_artificial_to_natural,artificial_to_real_damage,paderborn,paderborn_n09_m07_f10_ki04_10_multisensor,paderborn_n09_m07_f10_ki04_10,test,KI04,multisensor,current|force|speed|temperature|torque|vibration,N09,M07_F10,n09_m07_f10,bearing_real_damage,04,fault,real,10,data/raw/paderborn/KI04/N09_M07_F10_KI04_10.mat,False,paderborn_channels_verified
paderborn_artificial_to_natural,artificial_to_real_damage,paderborn,paderborn_n09_m07_f10_ki04_11_multisensor,paderborn_n09_m07_f10_ki04_11,test,KI04,multisensor,current|force|speed|temperature|torque|vibration,N09,M07_F10,n09_m07_f10,bearing_real_damage,04,fault,real,11,data/raw/paderborn/KI04/N09_M07_F10_KI04_11.mat,False,paderborn_channels_verified
paderborn_artificial_to_natural,artificial_to_real_damage,paderborn,paderborn_n09_m07_f10_ki04_12_multisensor,paderborn_n09_m07_f10_ki04_12,test,KI04,multisensor,current|force|speed|temperature|torque|vibration,N09,M07_F10,n09_m07_f10,bearing_real_damage,04,fault,real,12,data/raw/paderborn/KI04/N09_M07_F10_KI04_12.mat,False,paderborn_channels_verified
paderborn_artificial_to_natural,artificial_to_real_damage,paderborn,paderborn_n09_m07_f10_ki04_13_multisensor,paderborn_n09_m07_f10_ki04_13,test,KI04,multisensor,current|force|speed|temperature|torque|vibration,N09,M07_F10,n09_m07_f10,bearing_real_damage,04,fault,real,13,data/raw/paderborn/KI04/N09_M07_F10_KI04_13.mat,False,paderborn_channels_verified
paderborn_artificial_to_natural,artificial_to_real_damage,paderborn,paderborn_n09_m07_f10_ki04_14_multisensor,paderborn_n09_m07_f10_ki04_14,test,KI04,multisensor,current|force|speed|temperature|torque|vibration,N09,M07_F10,n09_m07_f10,bearing_real_damage,04,fault,real,14,data/raw/paderborn/KI04/N09_M07_F10_KI04_14.mat,False,paderborn_channels_verified
paderborn_artificial_to_natural,artificial_to_real_damage,paderborn,paderborn_n09_m07_f10_ki04_15_multisensor,paderborn_n09_m07_f10_ki04_15,test,KI04,multisensor,current|force|speed|temperature|torque|vibration,N09,M07_F10,n09_m07_f10,bearing_real_damage,04,fault,real,15,data/raw/paderborn/KI04/N09_M07_F10_KI04_15.mat,False,paderborn_channels_verified
paderborn_artificial_to_natural,artificial_to_real_damage,paderborn,paderborn_n09_m07_f10_ki04_16_multisensor,paderborn_n09_m07_f10_ki04_16,test,KI04,multisensor,current|force|speed|temperature|torque|vibration,N09,M07_F10,n09_m07_f10,bearing_real_damage,04,fault,real,16,data/raw/paderborn/KI04/N09_M07_F10_KI04_16.mat,False,paderborn_channels_verified
paderborn_artificial_to_natural,artificial_to_real_damage,paderborn,paderborn_n09_m07_f10_ki04_17_multisensor,paderborn_n09_m07_f10_ki04_17,test,KI04,multisensor,current|force|speed|temperature|torque|vibration,N09,M07_F10,n09_m07_f10,bearing_real_damage,04,fault,real,17,data/raw/paderborn/KI04/N09_M07_F10_KI04_17.mat,False,paderborn_channels_verified
paderborn_artificial_to_natural,artificial_to_real_damage,paderborn,paderborn_n09_m07_f10_ki04_18_multisensor,paderborn_n09_m07_f10_ki04_18,test,KI04,multisensor,current|force|speed|temperature|torque|vibration,N09,M07_F10,n09_m07_f10,bearing_real_damage,04,fault,real,18,data/raw/paderborn/KI04/N09_M07_F10_KI04_18.mat,False,paderborn_channels_verified
paderborn_artificial_to_natural,artificial_to_real_damage,paderborn,paderborn_n09_m07_f10_ki04_19_multisensor,paderborn_n09_m07_f10_ki04_19,test,KI04,multisensor,current|force|speed|temperature|torque|vibration,N09,M07_F10,n09_m07_f10,bearing_real_damage,04,fault,real,19,data/raw/paderborn/KI04/N09_M07_F10_KI04_19.mat,False,paderborn_channels_verified
paderborn_artificial_to_natural,artificial_to_real_damage,paderborn,paderborn_n09_m07_f10_ki04_1_multisensor,paderborn_n09_m07_f10_ki04_1,test,KI04,multisensor,current|force|speed|temperature|torque|vibration,N09,M07_F10,n09_m07_f10,bearing_real_damage,04,fault,real,1,data/raw/paderborn/KI04/N09_M07_F10_KI04_1.mat,False,paderborn_channels_verified
paderborn_artificial_to_natural,artificial_to_real_damage,paderborn,paderborn_n09_m07_f10_ki04_20_multisensor,paderborn_n09_m07_f10_ki04_20,test,KI04,multisensor,current|force|speed|temperature|torque|vibration,N09,M07_F10,n09_m07_f10,bearing_real_damage,04,fault,real,20,data/raw/paderborn/KI04/N09_M07_F10_KI04_20.mat,False,paderborn_channels_verified
paderborn_artificial_to_natural,artificial_to_real_damage,paderborn,paderborn_n09_m07_f10_ki04_2_multisensor,paderborn_n09_m07_f10_ki04_2,test,KI04,multisensor,current|force|speed|temperature|torque|vibration,N09,M07_F10,n09_m07_f10,bearing_real_damage,04,fault,real,2,data/raw/paderborn/KI04/N09_M07_F10_KI04_2.mat,False,paderborn_channels_verified
paderborn_artificial_to_natural,artificial_to_real_damage,paderborn,paderborn_n09_m07_f10_ki04_3_multisensor,paderborn_n09_m07_f10_ki04_3,test,KI04,multisensor,current|force|speed|temperature|torque|vibration,N09,M07_F10,n09_m07_f10,bearing_real_damage,04,fault,real,3,data/raw/paderborn/KI04/N09_M07_F10_KI04_3.mat,False,paderborn_channels_verified
paderborn_artificial_to_natural,artificial_to_real_damage,paderborn,paderborn_n09_m07_f10_ki04_4_multisensor,paderborn_n09_m07_f10_ki04_4,test,KI04,multisensor,current|force|speed|temperature|torque|vibration,N09,M07_F10,n09_m07_f10,bearing_real_damage,04,fault,real,4,data/raw/paderborn/KI04/N09_M07_F10_KI04_4.mat,False,paderborn_channels_verified
paderborn_artificial_to_natural,artificial_to_real_damage,paderborn,paderborn_n09_m07_f10_ki04_5_multisensor,paderborn_n09_m07_f10_ki04_5,test,KI04,multisensor,current|force|speed|temperature|torque|vibration,N09,M07_F10,n09_m07_f10,bearing_real_damage,04,fault,real,5,data/raw/paderborn/KI04/N09_M07_F10_KI04_5.mat,False,paderborn_channels_verified
paderborn_artificial_to_natural,artificial_to_real_damage,paderborn,paderborn_n09_m07_f10_ki04_6_multisensor,paderborn_n09_m07_f10_ki04_6,test,KI04,multisensor,current|force|speed|temperature|torque|vibration,N09,M07_F10,n09_m07_f10,bearing_real_damage,04,fault,real,6,data/raw/paderborn/KI04/N09_M07_F10_KI04_6.mat,False,paderborn_channels_verified
paderborn_artificial_to_natural,artificial_to_real_damage,paderborn,paderborn_n09_m07_f10_ki04_7_multisensor,paderborn_n09_m07_f10_ki04_7,test,KI04,multisensor,current|force|speed|temperature|torque|vibration,N09,M07_F10,n09_m07_f10,bearing_real_damage,04,fault,real,7,data/raw/paderborn/KI04/N09_M07_F10_KI04_7.mat,False,paderborn_channels_verified
paderborn_artificial_to_natural,artificial_to_real_damage,paderborn,paderborn_n09_m07_f10_ki04_8_multisensor,paderborn_n09_m07_f10_ki04_8,test,KI04,multisensor,current|force|speed|temperature|torque|vibration,N09,M07_F10,n09_m07_f10,bearing_real_damage,04,fault,real,8,data/raw/paderborn/KI04/N09_M07_F10_KI04_8.mat,False,paderborn_channels_verified
paderborn_artificial_to_natural,artificial_to_real_damage,paderborn,paderborn_n09_m07_f10_ki04_9_multisensor,paderborn_n09_m07_f10_ki04_9,test,KI04,multisensor,current|force|speed|temperature|torque|vibration,N09,M07_F10,n09_m07_f10,bearing_real_damage,04,fault,real,9,data/raw/paderborn/KI04/N09_M07_F10_KI04_9.mat,False,paderborn_channels_verified
paderborn_artificial_to_natural,artificial_to_real_damage,paderborn,paderborn_n15_m01_f10_ki04_10_multisensor,paderborn_n15_m01_f10_ki04_10,test,KI04,multisensor,current|force|speed|temperature|torque|vibration,N15,M01_F10,n15_m01_f10,bearing_real_damage,04,fault,real,10,data/raw/paderborn/KI04/N15_M01_F10_KI04_10.mat,False,paderborn_channels_verified
paderborn_artificial_to_natural,artificial_to_real_damage,paderborn,paderborn_n15_m01_f10_ki04_11_multisensor,paderborn_n15_m01_f10_ki04_11,test,KI04,multisensor,current|force|speed|temperature|torque|vibration,N15,M01_F10,n15_m01_f10,bearing_real_damage,04,fault,real,11,data/raw/paderborn/KI04/N15_M01_F10_KI04_11.mat,False,paderborn_channels_verified
paderborn_artificial_to_natural,artificial_to_real_damage,paderborn,paderborn_n15_m01_f10_ki04_12_multisensor,paderborn_n15_m01_f10_ki04_12,test,KI04,multisensor,current|force|speed|temperature|torque|vibration,N15,M01_F10,n15_m01_f10,bearing_real_damage,04,fault,real,12,data/raw/paderborn/KI04/N15_M01_F10_KI04_12.mat,False,paderborn_channels_verified
paderborn_artificial_to_natural,artificial_to_real_damage,paderborn,paderborn_n15_m01_f10_ki04_13_multisensor,paderborn_n15_m01_f10_ki04_13,test,KI04,multisensor,current|force|speed|temperature|torque|vibration,N15,M01_F10,n15_m01_f10,bearing_real_damage,04,fault,real,13,data/raw/paderborn/KI04/N15_M01_F10_KI04_13.mat,False,paderborn_channels_verified
paderborn_artificial_to_natural,artificial_to_real_damage,paderborn,paderborn_n15_m01_f10_ki04_14_multisensor,paderborn_n15_m01_f10_ki04_14,test,KI04,multisensor,current|force|speed|temperature|torque|vibration,N15,M01_F10,n15_m01_f10,bearing_real_damage,04,fault,real,14,data/raw/paderborn/KI04/N15_M01_F10_KI04_14.mat,False,paderborn_channels_verified
paderborn_artificial_to_natural,artificial_to_real_damage,paderborn,paderborn_n15_m01_f10_ki04_15_multisensor,paderborn_n15_m01_f10_ki04_15,test,KI04,multisensor,current|force|speed|temperature|torque|vibration,N15,M01_F10,n15_m01_f10,bearing_real_damage,04,fault,real,15,data/raw/paderborn/KI04/N15_M01_F10_KI04_15.mat,False,paderborn_channels_verified
paderborn_artificial_to_natural,artificial_to_real_damage,paderborn,paderborn_n15_m01_f10_ki04_16_multisensor,paderborn_n15_m01_f10_ki04_16,test,KI04,multisensor,current|force|speed|temperature|torque|vibration,N15,M01_F10,n15_m01_f10,bearing_real_damage,04,fault,real,16,data/raw/paderborn/KI04/N15_M01_F10_KI04_16.mat,False,paderborn_channels_verified
paderborn_artificial_to_natural,artificial_to_real_damage,paderborn,paderborn_n15_m01_f10_ki04_17_multisensor,paderborn_n15_m01_f10_ki04_17,test,KI04,multisensor,current|force|speed|temperature|torque|vibration,N15,M01_F10,n15_m01_f10,bearing_real_damage,04,fault,real,17,data/raw/paderborn/KI04/N15_M01_F10_KI04_17.mat,False,paderborn_channels_verified
paderborn_artificial_to_natural,artificial_to_real_damage,paderborn,paderborn_n15_m01_f10_ki04_18_multisensor,paderborn_n15_m01_f10_ki04_18,test,KI04,multisensor,current|force|speed|temperature|torque|vibration,N15,M01_F10,n15_m01_f10,bearing_real_damage,04,fault,real,18,data/raw/paderborn/KI04/N15_M01_F10_KI04_18.mat,False,paderborn_channels_verified
paderborn_artificial_to_natural,artificial_to_real_damage,paderborn,paderborn_n15_m01_f10_ki04_19_multisensor,paderborn_n15_m01_f10_ki04_19,test,KI04,multisensor,current|force|speed|temperature|torque|vibration,N15,M01_F10,n15_m01_f10,bearing_real_damage,04,fault,real,19,data/raw/paderborn/KI04/N15_M01_F10_KI04_19.mat,False,paderborn_channels_verified
paderborn_artificial_to_natural,artificial_to_real_damage,paderborn,paderborn_n15_m01_f10_ki04_1_multisensor,paderborn_n15_m01_f10_ki04_1,test,KI04,multisensor,current|force|speed|temperature|torque|vibration,N15,M01_F10,n15_m01_f10,bearing_real_damage,04,fault,real,1,data/raw/paderborn/KI04/N15_M01_F10_KI04_1.mat,False,paderborn_channels_verified
paderborn_artificial_to_natural,artificial_to_real_damage,paderborn,paderborn_n15_m01_f10_ki04_20_multisensor,paderborn_n15_m01_f10_ki04_20,test,KI04,multisensor,current|force|speed|temperature|torque|vibration,N15,M01_F10,n15_m01_f10,bearing_real_damage,04,fault,real,20,data/raw/paderborn/KI04/N15_M01_F10_KI04_20.mat,False,paderborn_channels_verified
paderborn_artificial_to_natural,artificial_to_real_damage,paderborn,paderborn_n15_m01_f10_ki04_2_multisensor,paderborn_n15_m01_f10_ki04_2,test,KI04,multisensor,current|force|speed|temperature|torque|vibration,N15,M01_F10,n15_m01_f10,bearing_real_damage,04,fault,real,2,data/raw/paderborn/KI04/N15_M01_F10_KI04_2.mat,False,paderborn_channels_verified
paderborn_artificial_to_natural,artificial_to_real_damage,paderborn,paderborn_n15_m01_f10_ki04_3_multisensor,paderborn_n15_m01_f10_ki04_3,test,KI04,multisensor,current|force|speed|temperature|torque|vibration,N15,M01_F10,n15_m01_f10,bearing_real_damage,04,fault,real,3,data/raw/paderborn/KI04/N15_M01_F10_KI04_3.mat,False,paderborn_channels_verified
paderborn_artificial_to_natural,artificial_to_real_damage,paderborn,paderborn_n15_m01_f10_ki04_4_multisensor,paderborn_n15_m01_f10_ki04_4,test,KI04,multisensor,current|force|speed|temperature|torque|vibration,N15,M01_F10,n15_m01_f10,bearing_real_damage,04,fault,real,4,data/raw/paderborn/KI04/N15_M01_F10_KI04_4.mat,False,paderborn_channels_verified
paderborn_artificial_to_natural,artificial_to_real_damage,paderborn,paderborn_n15_m01_f10_ki04_5_multisensor,paderborn_n15_m01_f10_ki04_5,test,KI04,multisensor,current|force|speed|temperature|torque|vibration,N15,M01_F10,n15_m01_f10,bearing_real_damage,04,fault,real,5,data/raw/paderborn/KI04/N15_M01_F10_KI04_5.mat,False,paderborn_channels_verified
paderborn_artificial_to_natural,artificial_to_real_damage,paderborn,paderborn_n15_m01_f10_ki04_6_multisensor,paderborn_n15_m01_f10_ki04_6,test,KI04,multisensor,current|force|speed|temperature|torque|vibration,N15,M01_F10,n15_m01_f10,bearing_real_damage,04,fault,real,6,data/raw/paderborn/KI04/N15_M01_F10_KI04_6.mat,False,paderborn_channels_verified
paderborn_artificial_to_natural,artificial_to_real_damage,paderborn,paderborn_n15_m01_f10_ki04_7_multisensor,paderborn_n15_m01_f10_ki04_7,test,KI04,multisensor,current|force|speed|temperature|torque|vibration,N15,M01_F10,n15_m01_f10,bearing_real_damage,04,fault,real,7,data/raw/paderborn/KI04/N15_M01_F10_KI04_7.mat,False,paderborn_channels_verified
paderborn_artificial_to_natural,artificial_to_real_damage,paderborn,paderborn_n15_m01_f10_ki04_8_multisensor,paderborn_n15_m01_f10_ki04_8,test,KI04,multisensor,current|force|speed|temperature|torque|vibration,N15,M01_F10,n15_m01_f10,bearing_real_damage,04,fault,real,8,data/raw/paderborn/KI04/N15_M01_F10_KI04_8.mat,False,paderborn_channels_verified
paderborn_artificial_to_natural,artificial_to_real_damage,paderborn,paderborn_n15_m01_f10_ki04_9_multisensor,paderborn_n15_m01_f10_ki04_9,test,KI04,multisensor,current|force|speed|temperature|torque|vibration,N15,M01_F10,n15_m01_f10,bearing_real_damage,04,fault,real,9,data/raw/paderborn/KI04/N15_M01_F10_KI04_9.mat,False,paderborn_channels_verified
paderborn_artificial_to_natural,artificial_to_real_damage,paderborn,paderborn_n15_m07_f04_ki04_10_multisensor,paderborn_n15_m07_f04_ki04_10,test,KI04,multisensor,current|force|speed|temperature|torque|vibration,N15,M07_F04,n15_m07_f04,bearing_real_damage,04,fault,real,10,data/raw/paderborn/KI04/N15_M07_F04_KI04_10.mat,False,paderborn_channels_verified
paderborn_artificial_to_natural,artificial_to_real_damage,paderborn,paderborn_n15_m07_f04_ki04_11_multisensor,paderborn_n15_m07_f04_ki04_11,test,KI04,multisensor,current|force|speed|temperature|torque|vibration,N15,M07_F04,n15_m07_f04,bearing_real_damage,04,fault,real,11,data/raw/paderborn/KI04/N15_M07_F04_KI04_11.mat,False,paderborn_channels_verified
paderborn_artificial_to_natural,artificial_to_real_damage,paderborn,paderborn_n15_m07_f04_ki04_12_multisensor,paderborn_n15_m07_f04_ki04_12,test,KI04,multisensor,current|force|speed|temperature|torque|vibration,N15,M07_F04,n15_m07_f04,bearing_real_damage,04,fault,real,12,data/raw/paderborn/KI04/N15_M07_F04_KI04_12.mat,False,paderborn_channels_verified
paderborn_artificial_to_natural,artificial_to_real_damage,paderborn,paderborn_n15_m07_f04_ki04_13_multisensor,paderborn_n15_m07_f04_ki04_13,test,KI04,multisensor,current|force|speed|temperature|torque|vibration,N15,M07_F04,n15_m07_f04,bearing_real_damage,04,fault,real,13,data/raw/paderborn/KI04/N15_M07_F04_KI04_13.mat,False,paderborn_channels_verified
paderborn_artificial_to_natural,artificial_to_real_damage,paderborn,paderborn_n15_m07_f04_ki04_14_multisensor,paderborn_n15_m07_f04_ki04_14,test,KI04,multisensor,current|force|speed|temperature|torque|vibration,N15,M07_F04,n15_m07_f04,bearing_real_damage,04,fault,real,14,data/raw/paderborn/KI04/N15_M07_F04_KI04_14.mat,False,paderborn_channels_verified
paderborn_artificial_to_natural,artificial_to_real_damage,paderborn,paderborn_n15_m07_f04_ki04_15_multisensor,paderborn_n15_m07_f04_ki04_15,test,KI04,multisensor,current|force|speed|temperature|torque|vibration,N15,M07_F04,n15_m07_f04,bearing_real_damage,04,fault,real,15,data/raw/paderborn/KI04/N15_M07_F04_KI04_15.mat,False,paderborn_channels_verified
paderborn_artificial_to_natural,artificial_to_real_damage,paderborn,paderborn_n15_m07_f04_ki04_16_multisensor,paderborn_n15_m07_f04_ki04_16,test,KI04,multisensor,current|force|speed|temperature|torque|vibration,N15,M07_F04,n15_m07_f04,bearing_real_damage,04,fault,real,16,data/raw/paderborn/KI04/N15_M07_F04_KI04_16.mat,False,paderborn_channels_verified
paderborn_artificial_to_natural,artificial_to_real_damage,paderborn,paderborn_n15_m07_f04_ki04_17_multisensor,paderborn_n15_m07_f04_ki04_17,test,KI04,multisensor,current|force|speed|temperature|torque|vibration,N15,M07_F04,n15_m07_f04,bearing_real_damage,04,fault,real,17,data/raw/paderborn/KI04/N15_M07_F04_KI04_17.mat,False,paderborn_channels_verified
paderborn_artificial_to_natural,artificial_to_real_damage,paderborn,paderborn_n15_m07_f04_ki04_18_multisensor,paderborn_n15_m07_f04_ki04_18,test,KI04,multisensor,current|force|speed|temperature|torque|vibration,N15,M07_F04,n15_m07_f04,bearing_real_damage,04,fault,real,18,data/raw/paderborn/KI04/N15_M07_F04_KI04_18.mat,False,paderborn_channels_verified
paderborn_artificial_to_natural,artificial_to_real_damage,paderborn,paderborn_n15_m07_f04_ki04_19_multisensor,paderborn_n15_m07_f04_ki04_19,test,KI04,multisensor,current|force|speed|temperature|torque|vibration,N15,M07_F04,n15_m07_f04,bearing_real_damage,04,fault,real,19,data/raw/paderborn/KI04/N15_M07_F04_KI04_19.mat,False,paderborn_channels_verified
paderborn_artificial_to_natural,artificial_to_real_damage,paderborn,paderborn_n15_m07_f04_ki04_1_multisensor,paderborn_n15_m07_f04_ki04_1,test,KI04,multisensor,current|force|speed|temperature|torque|vibration,N15,M07_F04,n15_m07_f04,bearing_real_damage,04,fault,real,1,data/raw/paderborn/KI04/N15_M07_F04_KI04_1.mat,False,paderborn_channels_verified
paderborn_artificial_to_natural,artificial_to_real_damage,paderborn,paderborn_n15_m07_f04_ki04_20_multisensor,paderborn_n15_m07_f04_ki04_20,test,KI04,multisensor,current|force|speed|temperature|torque|vibration,N15,M07_F04,n15_m07_f04,bearing_real_damage,04,fault,real,20,data/raw/paderborn/KI04/N15_M07_F04_KI04_20.mat,False,paderborn_channels_verified
paderborn_artificial_to_natural,artificial_to_real_damage,paderborn,paderborn_n15_m07_f04_ki04_2_multisensor,paderborn_n15_m07_f04_ki04_2,test,KI04,multisensor,current|force|speed|temperature|torque|vibration,N15,M07_F04,n15_m07_f04,bearing_real_damage,04,fault,real,2,data/raw/paderborn/KI04/N15_M07_F04_KI04_2.mat,False,paderborn_channels_verified
paderborn_artificial_to_natural,artificial_to_real_damage,paderborn,paderborn_n15_m07_f04_ki04_3_multisensor,paderborn_n15_m07_f04_ki04_3,test,KI04,multisensor,current|force|speed|temperature|torque|vibration,N15,M07_F04,n15_m07_f04,bearing_real_damage,04,fault,real,3,data/raw/paderborn/KI04/N15_M07_F04_KI04_3.mat,False,paderborn_channels_verified
paderborn_artificial_to_natural,artificial_to_real_damage,paderborn,paderborn_n15_m07_f04_ki04_4_multisensor,paderborn_n15_m07_f04_ki04_4,test,KI04,multisensor,current|force|speed|temperature|torque|vibration,N15,M07_F04,n15_m07_f04,bearing_real_damage,04,fault,real,4,data/raw/paderborn/KI04/N15_M07_F04_KI04_4.mat,False,paderborn_channels_verified
paderborn_artificial_to_natural,artificial_to_real_damage,paderborn,paderborn_n15_m07_f04_ki04_5_multisensor,paderborn_n15_m07_f04_ki04_5,test,KI04,multisensor,current|force|speed|temperature|torque|vibration,N15,M07_F04,n15_m07_f04,bearing_real_damage,04,fault,real,5,data/raw/paderborn/KI04/N15_M07_F04_KI04_5.mat,False,paderborn_channels_verified
paderborn_artificial_to_natural,artificial_to_real_damage,paderborn,paderborn_n15_m07_f04_ki04_6_multisensor,paderborn_n15_m07_f04_ki04_6,test,KI04,multisensor,current|force|speed|temperature|torque|vibration,N15,M07_F04,n15_m07_f04,bearing_real_damage,04,fault,real,6,data/raw/paderborn/KI04/N15_M07_F04_KI04_6.mat,False,paderborn_channels_verified
paderborn_artificial_to_natural,artificial_to_real_damage,paderborn,paderborn_n15_m07_f04_ki04_7_multisensor,paderborn_n15_m07_f04_ki04_7,test,KI04,multisensor,current|force|speed|temperature|torque|vibration,N15,M07_F04,n15_m07_f04,bearing_real_damage,04,fault,real,7,data/raw/paderborn/KI04/N15_M07_F04_KI04_7.mat,False,paderborn_channels_verified
paderborn_artificial_to_natural,artificial_to_real_damage,paderborn,paderborn_n15_m07_f04_ki04_8_multisensor,paderborn_n15_m07_f04_ki04_8,test,KI04,multisensor,current|force|speed|temperature|torque|vibration,N15,M07_F04,n15_m07_f04,bearing_real_damage,04,fault,real,8,data/raw/paderborn/KI04/N15_M07_F04_KI04_8.mat,False,paderborn_channels_verified
paderborn_artificial_to_natural,artificial_to_real_damage,paderborn,paderborn_n15_m07_f04_ki04_9_multisensor,paderborn_n15_m07_f04_ki04_9,test,KI04,multisensor,current|force|speed|temperature|torque|vibration,N15,M07_F04,n15_m07_f04,bearing_real_damage,04,fault,real,9,data/raw/paderborn/KI04/N15_M07_F04_KI04_9.mat,False,paderborn_channels_verified
paderborn_artificial_to_natural,artificial_to_real_damage,paderborn,paderborn_n15_m07_f10_ki04_10_multisensor,paderborn_n15_m07_f10_ki04_10,test,KI04,multisensor,current|force|speed|temperature|torque|vibration,N15,M07_F10,n15_m07_f10,bearing_real_damage,04,fault,real,10,data/raw/paderborn/KI04/N15_M07_F10_KI04_10.mat,False,paderborn_channels_verified
paderborn_artificial_to_natural,artificial_to_real_damage,paderborn,paderborn_n15_m07_f10_ki04_11_multisensor,paderborn_n15_m07_f10_ki04_11,test,KI04,multisensor,current|force|speed|temperature|torque|vibration,N15,M07_F10,n15_m07_f10,bearing_real_damage,04,fault,real,11,data/raw/paderborn/KI04/N15_M07_F10_KI04_11.mat,False,paderborn_channels_verified
paderborn_artificial_to_natural,artificial_to_real_damage,paderborn,paderborn_n15_m07_f10_ki04_12_multisensor,paderborn_n15_m07_f10_ki04_12,test,KI04,multisensor,current|force|speed|temperature|torque|vibration,N15,M07_F10,n15_m07_f10,bearing_real_damage,04,fault,real,12,data/raw/paderborn/KI04/N15_M07_F10_KI04_12.mat,False,paderborn_channels_verified
paderborn_artificial_to_natural,artificial_to_real_damage,paderborn,paderborn_n15_m07_f10_ki04_13_multisensor,paderborn_n15_m07_f10_ki04_13,test,KI04,multisensor,current|force|speed|temperature|torque|vibration,N15,M07_F10,n15_m07_f10,bearing_real_damage,04,fault,real,13,data/raw/paderborn/KI04/N15_M07_F10_KI04_13.mat,False,paderborn_channels_verified
paderborn_artificial_to_natural,artificial_to_real_damage,paderborn,paderborn_n15_m07_f10_ki04_14_multisensor,paderborn_n15_m07_f10_ki04_14,test,KI04,multisensor,current|force|speed|temperature|torque|vibration,N15,M07_F10,n15_m07_f10,bearing_real_damage,04,fault,real,14,data/raw/paderborn/KI04/N15_M07_F10_KI04_14.mat,False,paderborn_channels_verified
paderborn_artificial_to_natural,artificial_to_real_damage,paderborn,paderborn_n15_m07_f10_ki04_15_multisensor,paderborn_n15_m07_f10_ki04_15,test,KI04,multisensor,current|force|speed|temperature|torque|vibration,N15,M07_F10,n15_m07_f10,bearing_real_damage,04,fault,real,15,data/raw/paderborn/KI04/N15_M07_F10_KI04_15.mat,False,paderborn_channels_verified
paderborn_artificial_to_natural,artificial_to_real_damage,paderborn,paderborn_n15_m07_f10_ki04_16_multisensor,paderborn_n15_m07_f10_ki04_16,test,KI04,multisensor,current|force|speed|temperature|torque|vibration,N15,M07_F10,n15_m07_f10,bearing_real_damage,04,fault,real,16,data/raw/paderborn/KI04/N15_M07_F10_KI04_16.mat,False,paderborn_channels_verified
paderborn_artificial_to_natural,artificial_to_real_damage,paderborn,paderborn_n15_m07_f10_ki04_17_multisensor,paderborn_n15_m07_f10_ki04_17,test,KI04,multisensor,current|force|speed|temperature|torque|vibration,N15,M07_F10,n15_m07_f10,bearing_real_damage,04,fault,real,17,data/raw/paderborn/KI04/N15_M07_F10_KI04_17.mat,False,paderborn_channels_verified
paderborn_artificial_to_natural,artificial_to_real_damage,paderborn,paderborn_n15_m07_f10_ki04_18_multisensor,paderborn_n15_m07_f10_ki04_18,test,KI04,multisensor,current|force|speed|temperature|torque|vibration,N15,M07_F10,n15_m07_f10,bearing_real_damage,04,fault,real,18,data/raw/paderborn/KI04/N15_M07_F10_KI04_18.mat,False,paderborn_channels_verified
paderborn_artificial_to_natural,artificial_to_real_damage,paderborn,paderborn_n15_m07_f10_ki04_19_multisensor,paderborn_n15_m07_f10_ki04_19,test,KI04,multisensor,current|force|speed|temperature|torque|vibration,N15,M07_F10,n15_m07_f10,bearing_real_damage,04,fault,real,19,data/raw/paderborn/KI04/N15_M07_F10_KI04_19.mat,False,paderborn_channels_verified
paderborn_artificial_to_natural,artificial_to_real_damage,paderborn,paderborn_n15_m07_f10_ki04_1_multisensor,paderborn_n15_m07_f10_ki04_1,test,KI04,multisensor,current|force|speed|temperature|torque|vibration,N15,M07_F10,n15_m07_f10,bearing_real_damage,04,fault,real,1,data/raw/paderborn/KI04/N15_M07_F10_KI04_1.mat,False,paderborn_channels_verified
paderborn_artificial_to_natural,artificial_to_real_damage,paderborn,paderborn_n15_m07_f10_ki04_20_multisensor,paderborn_n15_m07_f10_ki04_20,test,KI04,multisensor,current|force|speed|temperature|torque|vibration,N15,M07_F10,n15_m07_f10,bearing_real_damage,04,fault,real,20,data/raw/paderborn/KI04/N15_M07_F10_KI04_20.mat,False,paderborn_channels_verified
paderborn_artificial_to_natural,artificial_to_real_damage,paderborn,paderborn_n15_m07_f10_ki04_2_multisensor,paderborn_n15_m07_f10_ki04_2,test,KI04,multisensor,current|force|speed|temperature|torque|vibration,N15,M07_F10,n15_m07_f10,bearing_real_damage,04,fault,real,2,data/raw/paderborn/KI04/N15_M07_F10_KI04_2.mat,False,paderborn_channels_verified
paderborn_artificial_to_natural,artificial_to_real_damage,paderborn,paderborn_n15_m07_f10_ki04_3_multisensor,paderborn_n15_m07_f10_ki04_3,test,KI04,multisensor,current|force|speed|temperature|torque|vibration,N15,M07_F10,n15_m07_f10,bearing_real_damage,04,fault,real,3,data/raw/paderborn/KI04/N15_M07_F10_KI04_3.mat,False,paderborn_channels_verified
paderborn_artificial_to_natural,artificial_to_real_damage,paderborn,paderborn_n15_m07_f10_ki04_4_multisensor,paderborn_n15_m07_f10_ki04_4,test,KI04,multisensor,current|force|speed|temperature|torque|vibration,N15,M07_F10,n15_m07_f10,bearing_real_damage,04,fault,real,4,data/raw/paderborn/KI04/N15_M07_F10_KI04_4.mat,False,paderborn_channels_verified
paderborn_artificial_to_natural,artificial_to_real_damage,paderborn,paderborn_n15_m07_f10_ki04_5_multisensor,paderborn_n15_m07_f10_ki04_5,test,KI04,multisensor,current|force|speed|temperature|torque|vibration,N15,M07_F10,n15_m07_f10,bearing_real_damage,04,fault,real,5,data/raw/paderborn/KI04/N15_M07_F10_KI04_5.mat,False,paderborn_channels_verified
paderborn_artificial_to_natural,artificial_to_real_damage,paderborn,paderborn_n15_m07_f10_ki04_6_multisensor,paderborn_n15_m07_f10_ki04_6,test,KI04,multisensor,current|force|speed|temperature|torque|vibration,N15,M07_F10,n15_m07_f10,bearing_real_damage,04,fault,real,6,data/raw/paderborn/KI04/N15_M07_F10_KI04_6.mat,False,paderborn_channels_verified
paderborn_artificial_to_natural,artificial_to_real_damage,paderborn,paderborn_n15_m07_f10_ki04_7_multisensor,paderborn_n15_m07_f10_ki04_7,test,KI04,multisensor,current|force|speed|temperature|torque|vibration,N15,M07_F10,n15_m07_f10,bearing_real_damage,04,fault,real,7,data/raw/paderborn/KI04/N15_M07_F10_KI04_7.mat,False,paderborn_channels_verified
paderborn_artificial_to_natural,artificial_to_real_damage,paderborn,paderborn_n15_m07_f10_ki04_8_multisensor,paderborn_n15_m07_f10_ki04_8,test,KI04,multisensor,current|force|speed|temperature|torque|vibration,N15,M07_F10,n15_m07_f10,bearing_real_damage,04,fault,real,8,data/raw/paderborn/KI04/N15_M07_F10_KI04_8.mat,False,paderborn_channels_verified
paderborn_artificial_to_natural,artificial_to_real_damage,paderborn,paderborn_n15_m07_f10_ki04_9_multisensor,paderborn_n15_m07_f10_ki04_9,test,KI04,multisensor,current|force|speed|temperature|torque|vibration,N15,M07_F10,n15_m07_f10,bearing_real_damage,04,fault,real,9,data/raw/paderborn/KI04/N15_M07_F10_KI04_9.mat,False,paderborn_channels_verified
paderborn_artificial_to_natural,artificial_to_real_damage,paderborn,paderborn_n09_m07_f10_ki05_10_multisensor,paderborn_n09_m07_f10_ki05_10,test,KI05,multisensor,current|force|speed|temperature|torque|vibration,N09,M07_F10,n09_m07_f10,bearing_real_damage,05,fault,real,10,data/raw/paderborn/KI05/N09_M07_F10_KI05_10.mat,False,paderborn_channels_verified
paderborn_artificial_to_natural,artificial_to_real_damage,paderborn,paderborn_n09_m07_f10_ki05_11_multisensor,paderborn_n09_m07_f10_ki05_11,test,KI05,multisensor,current|force|speed|temperature|torque|vibration,N09,M07_F10,n09_m07_f10,bearing_real_damage,05,fault,real,11,data/raw/paderborn/KI05/N09_M07_F10_KI05_11.mat,False,paderborn_channels_verified
paderborn_artificial_to_natural,artificial_to_real_damage,paderborn,paderborn_n09_m07_f10_ki05_12_multisensor,paderborn_n09_m07_f10_ki05_12,test,KI05,multisensor,current|force|speed|temperature|torque|vibration,N09,M07_F10,n09_m07_f10,bearing_real_damage,05,fault,real,12,data/raw/paderborn/KI05/N09_M07_F10_KI05_12.mat,False,paderborn_channels_verified
paderborn_artificial_to_natural,artificial_to_real_damage,paderborn,paderborn_n09_m07_f10_ki05_13_multisensor,paderborn_n09_m07_f10_ki05_13,test,KI05,multisensor,current|force|speed|temperature|torque|vibration,N09,M07_F10,n09_m07_f10,bearing_real_damage,05,fault,real,13,data/raw/paderborn/KI05/N09_M07_F10_KI05_13.mat,False,paderborn_channels_verified
paderborn_artificial_to_natural,artificial_to_real_damage,paderborn,paderborn_n09_m07_f10_ki05_14_multisensor,paderborn_n09_m07_f10_ki05_14,test,KI05,multisensor,current|force|speed|temperature|torque|vibration,N09,M07_F10,n09_m07_f10,bearing_real_damage,05,fault,real,14,data/raw/paderborn/KI05/N09_M07_F10_KI05_14.mat,False,paderborn_channels_verified
paderborn_artificial_to_natural,artificial_to_real_damage,paderborn,paderborn_n09_m07_f10_ki05_15_multisensor,paderborn_n09_m07_f10_ki05_15,test,KI05,multisensor,current|force|speed|temperature|torque|vibration,N09,M07_F10,n09_m07_f10,bearing_real_damage,05,fault,real,15,data/raw/paderborn/KI05/N09_M07_F10_KI05_15.mat,False,paderborn_channels_verified
paderborn_artificial_to_natural,artificial_to_real_damage,paderborn,paderborn_n09_m07_f10_ki05_16_multisensor,paderborn_n09_m07_f10_ki05_16,test,KI05,multisensor,current|force|speed|temperature|torque|vibration,N09,M07_F10,n09_m07_f10,bearing_real_damage,05,fault,real,16,data/raw/paderborn/KI05/N09_M07_F10_KI05_16.mat,False,paderborn_channels_verified
paderborn_artificial_to_natural,artificial_to_real_damage,paderborn,paderborn_n09_m07_f10_ki05_17_multisensor,paderborn_n09_m07_f10_ki05_17,test,KI05,multisensor,current|force|speed|temperature|torque|vibration,N09,M07_F10,n09_m07_f10,bearing_real_damage,05,fault,real,17,data/raw/paderborn/KI05/N09_M07_F10_KI05_17.mat,False,paderborn_channels_verified
paderborn_artificial_to_natural,artificial_to_real_damage,paderborn,paderborn_n09_m07_f10_ki05_18_multisensor,paderborn_n09_m07_f10_ki05_18,test,KI05,multisensor,current|force|speed|temperature|torque|vibration,N09,M07_F10,n09_m07_f10,bearing_real_damage,05,fault,real,18,data/raw/paderborn/KI05/N09_M07_F10_KI05_18.mat,False,paderborn_channels_verified
paderborn_artificial_to_natural,artificial_to_real_damage,paderborn,paderborn_n09_m07_f10_ki05_19_multisensor,paderborn_n09_m07_f10_ki05_19,test,KI05,multisensor,current|force|speed|temperature|torque|vibration,N09,M07_F10,n09_m07_f10,bearing_real_damage,05,fault,real,19,data/raw/paderborn/KI05/N09_M07_F10_KI05_19.mat,False,paderborn_channels_verified
paderborn_artificial_to_natural,artificial_to_real_damage,paderborn,paderborn_n09_m07_f10_ki05_1_multisensor,paderborn_n09_m07_f10_ki05_1,test,KI05,multisensor,current|force|speed|temperature|torque|vibration,N09,M07_F10,n09_m07_f10,bearing_real_damage,05,fault,real,1,data/raw/paderborn/KI05/N09_M07_F10_KI05_1.mat,False,paderborn_channels_verified
paderborn_artificial_to_natural,artificial_to_real_damage,paderborn,paderborn_n09_m07_f10_ki05_20_multisensor,paderborn_n09_m07_f10_ki05_20,test,KI05,multisensor,current|force|speed|temperature|torque|vibration,N09,M07_F10,n09_m07_f10,bearing_real_damage,05,fault,real,20,data/raw/paderborn/KI05/N09_M07_F10_KI05_20.mat,False,paderborn_channels_verified
paderborn_artificial_to_natural,artificial_to_real_damage,paderborn,paderborn_n09_m07_f10_ki05_2_multisensor,paderborn_n09_m07_f10_ki05_2,test,KI05,multisensor,current|force|speed|temperature|torque|vibration,N09,M07_F10,n09_m07_f10,bearing_real_damage,05,fault,real,2,data/raw/paderborn/KI05/N09_M07_F10_KI05_2.mat,False,paderborn_channels_verified
paderborn_artificial_to_natural,artificial_to_real_damage,paderborn,paderborn_n09_m07_f10_ki05_3_multisensor,paderborn_n09_m07_f10_ki05_3,test,KI05,multisensor,current|force|speed|temperature|torque|vibration,N09,M07_F10,n09_m07_f10,bearing_real_damage,05,fault,real,3,data/raw/paderborn/KI05/N09_M07_F10_KI05_3.mat,False,paderborn_channels_verified
paderborn_artificial_to_natural,artificial_to_real_damage,paderborn,paderborn_n09_m07_f10_ki05_4_multisensor,paderborn_n09_m07_f10_ki05_4,test,KI05,multisensor,current|force|speed|temperature|torque|vibration,N09,M07_F10,n09_m07_f10,bearing_real_damage,05,fault,real,4,data/raw/paderborn/KI05/N09_M07_F10_KI05_4.mat,False,paderborn_channels_verified
paderborn_artificial_to_natural,artificial_to_real_damage,paderborn,paderborn_n09_m07_f10_ki05_5_multisensor,paderborn_n09_m07_f10_ki05_5,test,KI05,multisensor,current|force|speed|temperature|torque|vibration,N09,M07_F10,n09_m07_f10,bearing_real_damage,05,fault,real,5,data/raw/paderborn/KI05/N09_M07_F10_KI05_5.mat,False,paderborn_channels_verified
paderborn_artificial_to_natural,artificial_to_real_damage,paderborn,paderborn_n09_m07_f10_ki05_6_multisensor,paderborn_n09_m07_f10_ki05_6,test,KI05,multisensor,current|force|speed|temperature|torque|vibration,N09,M07_F10,n09_m07_f10,bearing_real_damage,05,fault,real,6,data/raw/paderborn/KI05/N09_M07_F10_KI05_6.mat,False,paderborn_channels_verified
paderborn_artificial_to_natural,artificial_to_real_damage,paderborn,paderborn_n09_m07_f10_ki05_7_multisensor,paderborn_n09_m07_f10_ki05_7,test,KI05,multisensor,current|force|speed|temperature|torque|vibration,N09,M07_F10,n09_m07_f10,bearing_real_damage,05,fault,real,7,data/raw/paderborn/KI05/N09_M07_F10_KI05_7.mat,False,paderborn_channels_verified
paderborn_artificial_to_natural,artificial_to_real_damage,paderborn,paderborn_n09_m07_f10_ki05_8_multisensor,paderborn_n09_m07_f10_ki05_8,test,KI05,multisensor,current|force|speed|temperature|torque|vibration,N09,M07_F10,n09_m07_f10,bearing_real_damage,05,fault,real,8,data/raw/paderborn/KI05/N09_M07_F10_KI05_8.mat,False,paderborn_channels_verified
paderborn_artificial_to_natural,artificial_to_real_damage,paderborn,paderborn_n09_m07_f10_ki05_9_multisensor,paderborn_n09_m07_f10_ki05_9,test,KI05,multisensor,current|force|speed|temperature|torque|vibration,N09,M07_F10,n09_m07_f10,bearing_real_damage,05,fault,real,9,data/raw/paderborn/KI05/N09_M07_F10_KI05_9.mat,False,paderborn_channels_verified
paderborn_artificial_to_natural,artificial_to_real_damage,paderborn,paderborn_n15_m01_f10_ki05_10_multisensor,paderborn_n15_m01_f10_ki05_10,test,KI05,multisensor,current|force|speed|temperature|torque|vibration,N15,M01_F10,n15_m01_f10,bearing_real_damage,05,fault,real,10,data/raw/paderborn/KI05/N15_M01_F10_KI05_10.mat,False,paderborn_channels_verified
paderborn_artificial_to_natural,artificial_to_real_damage,paderborn,paderborn_n15_m01_f10_ki05_11_multisensor,paderborn_n15_m01_f10_ki05_11,test,KI05,multisensor,current|force|speed|temperature|torque|vibration,N15,M01_F10,n15_m01_f10,bearing_real_damage,05,fault,real,11,data/raw/paderborn/KI05/N15_M01_F10_KI05_11.mat,False,paderborn_channels_verified
paderborn_artificial_to_natural,artificial_to_real_damage,paderborn,paderborn_n15_m01_f10_ki05_12_multisensor,paderborn_n15_m01_f10_ki05_12,test,KI05,multisensor,current|force|speed|temperature|torque|vibration,N15,M01_F10,n15_m01_f10,bearing_real_damage,05,fault,real,12,data/raw/paderborn/KI05/N15_M01_F10_KI05_12.mat,False,paderborn_channels_verified
paderborn_artificial_to_natural,artificial_to_real_damage,paderborn,paderborn_n15_m01_f10_ki05_13_multisensor,paderborn_n15_m01_f10_ki05_13,test,KI05,multisensor,current|force|speed|temperature|torque|vibration,N15,M01_F10,n15_m01_f10,bearing_real_damage,05,fault,real,13,data/raw/paderborn/KI05/N15_M01_F10_KI05_13.mat,False,paderborn_channels_verified
paderborn_artificial_to_natural,artificial_to_real_damage,paderborn,paderborn_n15_m01_f10_ki05_14_multisensor,paderborn_n15_m01_f10_ki05_14,test,KI05,multisensor,current|force|speed|temperature|torque|vibration,N15,M01_F10,n15_m01_f10,bearing_real_damage,05,fault,real,14,data/raw/paderborn/KI05/N15_M01_F10_KI05_14.mat,False,paderborn_channels_verified
paderborn_artificial_to_natural,artificial_to_real_damage,paderborn,paderborn_n15_m01_f10_ki05_15_multisensor,paderborn_n15_m01_f10_ki05_15,test,KI05,multisensor,current|force|speed|temperature|torque|vibration,N15,M01_F10,n15_m01_f10,bearing_real_damage,05,fault,real,15,data/raw/paderborn/KI05/N15_M01_F10_KI05_15.mat,False,paderborn_channels_verified
paderborn_artificial_to_natural,artificial_to_real_damage,paderborn,paderborn_n15_m01_f10_ki05_16_multisensor,paderborn_n15_m01_f10_ki05_16,test,KI05,multisensor,current|force|speed|temperature|torque|vibration,N15,M01_F10,n15_m01_f10,bearing_real_damage,05,fault,real,16,data/raw/paderborn/KI05/N15_M01_F10_KI05_16.mat,False,paderborn_channels_verified
paderborn_artificial_to_natural,artificial_to_real_damage,paderborn,paderborn_n15_m01_f10_ki05_17_multisensor,paderborn_n15_m01_f10_ki05_17,test,KI05,multisensor,current|force|speed|temperature|torque|vibration,N15,M01_F10,n15_m01_f10,bearing_real_damage,05,fault,real,17,data/raw/paderborn/KI05/N15_M01_F10_KI05_17.mat,False,paderborn_channels_verified
paderborn_artificial_to_natural,artificial_to_real_damage,paderborn,paderborn_n15_m01_f10_ki05_18_multisensor,paderborn_n15_m01_f10_ki05_18,test,KI05,multisensor,current|force|speed|temperature|torque|vibration,N15,M01_F10,n15_m01_f10,bearing_real_damage,05,fault,real,18,data/raw/paderborn/KI05/N15_M01_F10_KI05_18.mat,False,paderborn_channels_verified
paderborn_artificial_to_natural,artificial_to_real_damage,paderborn,paderborn_n15_m01_f10_ki05_19_multisensor,paderborn_n15_m01_f10_ki05_19,test,KI05,multisensor,current|force|speed|temperature|torque|vibration,N15,M01_F10,n15_m01_f10,bearing_real_damage,05,fault,real,19,data/raw/paderborn/KI05/N15_M01_F10_KI05_19.mat,False,paderborn_channels_verified
paderborn_artificial_to_natural,artificial_to_real_damage,paderborn,paderborn_n15_m01_f10_ki05_1_multisensor,paderborn_n15_m01_f10_ki05_1,test,KI05,multisensor,current|force|speed|temperature|torque|vibration,N15,M01_F10,n15_m01_f10,bearing_real_damage,05,fault,real,1,data/raw/paderborn/KI05/N15_M01_F10_KI05_1.mat,False,paderborn_channels_verified
paderborn_artificial_to_natural,artificial_to_real_damage,paderborn,paderborn_n15_m01_f10_ki05_20_multisensor,paderborn_n15_m01_f10_ki05_20,test,KI05,multisensor,current|force|speed|temperature|torque|vibration,N15,M01_F10,n15_m01_f10,bearing_real_damage,05,fault,real,20,data/raw/paderborn/KI05/N15_M01_F10_KI05_20.mat,False,paderborn_channels_verified
paderborn_artificial_to_natural,artificial_to_real_damage,paderborn,paderborn_n15_m01_f10_ki05_2_multisensor,paderborn_n15_m01_f10_ki05_2,test,KI05,multisensor,current|force|speed|temperature|torque|vibration,N15,M01_F10,n15_m01_f10,bearing_real_damage,05,fault,real,2,data/raw/paderborn/KI05/N15_M01_F10_KI05_2.mat,False,paderborn_channels_verified
paderborn_artificial_to_natural,artificial_to_real_damage,paderborn,paderborn_n15_m01_f10_ki05_3_multisensor,paderborn_n15_m01_f10_ki05_3,test,KI05,multisensor,current|force|speed|temperature|torque|vibration,N15,M01_F10,n15_m01_f10,bearing_real_damage,05,fault,real,3,data/raw/paderborn/KI05/N15_M01_F10_KI05_3.mat,False,paderborn_channels_verified
paderborn_artificial_to_natural,artificial_to_real_damage,paderborn,paderborn_n15_m01_f10_ki05_4_multisensor,paderborn_n15_m01_f10_ki05_4,test,KI05,multisensor,current|force|speed|temperature|torque|vibration,N15,M01_F10,n15_m01_f10,bearing_real_damage,05,fault,real,4,data/raw/paderborn/KI05/N15_M01_F10_KI05_4.mat,False,paderborn_channels_verified
paderborn_artificial_to_natural,artificial_to_real_damage,paderborn,paderborn_n15_m01_f10_ki05_5_multisensor,paderborn_n15_m01_f10_ki05_5,test,KI05,multisensor,current|force|speed|temperature|torque|vibration,N15,M01_F10,n15_m01_f10,bearing_real_damage,05,fault,real,5,data/raw/paderborn/KI05/N15_M01_F10_KI05_5.mat,False,paderborn_channels_verified
paderborn_artificial_to_natural,artificial_to_real_damage,paderborn,paderborn_n15_m01_f10_ki05_6_multisensor,paderborn_n15_m01_f10_ki05_6,test,KI05,multisensor,current|force|speed|temperature|torque|vibration,N15,M01_F10,n15_m01_f10,bearing_real_damage,05,fault,real,6,data/raw/paderborn/KI05/N15_M01_F10_KI05_6.mat,False,paderborn_channels_verified
paderborn_artificial_to_natural,artificial_to_real_damage,paderborn,paderborn_n15_m01_f10_ki05_7_multisensor,paderborn_n15_m01_f10_ki05_7,test,KI05,multisensor,current|force|speed|temperature|torque|vibration,N15,M01_F10,n15_m01_f10,bearing_real_damage,05,fault,real,7,data/raw/paderborn/KI05/N15_M01_F10_KI05_7.mat,False,paderborn_channels_verified
paderborn_artificial_to_natural,artificial_to_real_damage,paderborn,paderborn_n15_m01_f10_ki05_8_multisensor,paderborn_n15_m01_f10_ki05_8,test,KI05,multisensor,current|force|speed|temperature|torque|vibration,N15,M01_F10,n15_m01_f10,bearing_real_damage,05,fault,real,8,data/raw/paderborn/KI05/N15_M01_F10_KI05_8.mat,False,paderborn_channels_verified
paderborn_artificial_to_natural,artificial_to_real_damage,paderborn,paderborn_n15_m01_f10_ki05_9_multisensor,paderborn_n15_m01_f10_ki05_9,test,KI05,multisensor,current|force|speed|temperature|torque|vibration,N15,M01_F10,n15_m01_f10,bearing_real_damage,05,fault,real,9,data/raw/paderborn/KI05/N15_M01_F10_KI05_9.mat,False,paderborn_channels_verified
paderborn_artificial_to_natural,artificial_to_real_damage,paderborn,paderborn_n15_m07_f04_ki05_10_multisensor,paderborn_n15_m07_f04_ki05_10,test,KI05,multisensor,current|force|speed|temperature|torque|vibration,N15,M07_F04,n15_m07_f04,bearing_real_damage,05,fault,real,10,data/raw/paderborn/KI05/N15_M07_F04_KI05_10.mat,False,paderborn_channels_verified
paderborn_artificial_to_natural,artificial_to_real_damage,paderborn,paderborn_n15_m07_f04_ki05_11_multisensor,paderborn_n15_m07_f04_ki05_11,test,KI05,multisensor,current|force|speed|temperature|torque|vibration,N15,M07_F04,n15_m07_f04,bearing_real_damage,05,fault,real,11,data/raw/paderborn/KI05/N15_M07_F04_KI05_11.mat,False,paderborn_channels_verified
paderborn_artificial_to_natural,artificial_to_real_damage,paderborn,paderborn_n15_m07_f04_ki05_12_multisensor,paderborn_n15_m07_f04_ki05_12,test,KI05,multisensor,current|force|speed|temperature|torque|vibration,N15,M07_F04,n15_m07_f04,bearing_real_damage,05,fault,real,12,data/raw/paderborn/KI05/N15_M07_F04_KI05_12.mat,False,paderborn_channels_verified
paderborn_artificial_to_natural,artificial_to_real_damage,paderborn,paderborn_n15_m07_f04_ki05_13_multisensor,paderborn_n15_m07_f04_ki05_13,test,KI05,multisensor,current|force|speed|temperature|torque|vibration,N15,M07_F04,n15_m07_f04,bearing_real_damage,05,fault,real,13,data/raw/paderborn/KI05/N15_M07_F04_KI05_13.mat,False,paderborn_channels_verified
paderborn_artificial_to_natural,artificial_to_real_damage,paderborn,paderborn_n15_m07_f04_ki05_14_multisensor,paderborn_n15_m07_f04_ki05_14,test,KI05,multisensor,current|force|speed|temperature|torque|vibration,N15,M07_F04,n15_m07_f04,bearing_real_damage,05,fault,real,14,data/raw/paderborn/KI05/N15_M07_F04_KI05_14.mat,False,paderborn_channels_verified
paderborn_artificial_to_natural,artificial_to_real_damage,paderborn,paderborn_n15_m07_f04_ki05_15_multisensor,paderborn_n15_m07_f04_ki05_15,test,KI05,multisensor,current|force|speed|temperature|torque|vibration,N15,M07_F04,n15_m07_f04,bearing_real_damage,05,fault,real,15,data/raw/paderborn/KI05/N15_M07_F04_KI05_15.mat,False,paderborn_channels_verified
paderborn_artificial_to_natural,artificial_to_real_damage,paderborn,paderborn_n15_m07_f04_ki05_16_multisensor,paderborn_n15_m07_f04_ki05_16,test,KI05,multisensor,current|force|speed|temperature|torque|vibration,N15,M07_F04,n15_m07_f04,bearing_real_damage,05,fault,real,16,data/raw/paderborn/KI05/N15_M07_F04_KI05_16.mat,False,paderborn_channels_verified
paderborn_artificial_to_natural,artificial_to_real_damage,paderborn,paderborn_n15_m07_f04_ki05_17_multisensor,paderborn_n15_m07_f04_ki05_17,test,KI05,multisensor,current|force|speed|temperature|torque|vibration,N15,M07_F04,n15_m07_f04,bearing_real_damage,05,fault,real,17,data/raw/paderborn/KI05/N15_M07_F04_KI05_17.mat,False,paderborn_channels_verified
paderborn_artificial_to_natural,artificial_to_real_damage,paderborn,paderborn_n15_m07_f04_ki05_18_multisensor,paderborn_n15_m07_f04_ki05_18,test,KI05,multisensor,current|force|speed|temperature|torque|vibration,N15,M07_F04,n15_m07_f04,bearing_real_damage,05,fault,real,18,data/raw/paderborn/KI05/N15_M07_F04_KI05_18.mat,False,paderborn_channels_verified
paderborn_artificial_to_natural,artificial_to_real_damage,paderborn,paderborn_n15_m07_f04_ki05_19_multisensor,paderborn_n15_m07_f04_ki05_19,test,KI05,multisensor,current|force|speed|temperature|torque|vibration,N15,M07_F04,n15_m07_f04,bearing_real_damage,05,fault,real,19,data/raw/paderborn/KI05/N15_M07_F04_KI05_19.mat,False,paderborn_channels_verified
paderborn_artificial_to_natural,artificial_to_real_damage,paderborn,paderborn_n15_m07_f04_ki05_1_multisensor,paderborn_n15_m07_f04_ki05_1,test,KI05,multisensor,current|force|speed|temperature|torque|vibration,N15,M07_F04,n15_m07_f04,bearing_real_damage,05,fault,real,1,data/raw/paderborn/KI05/N15_M07_F04_KI05_1.mat,False,paderborn_channels_verified
paderborn_artificial_to_natural,artificial_to_real_damage,paderborn,paderborn_n15_m07_f04_ki05_20_multisensor,paderborn_n15_m07_f04_ki05_20,test,KI05,multisensor,current|force|speed|temperature|torque|vibration,N15,M07_F04,n15_m07_f04,bearing_real_damage,05,fault,real,20,data/raw/paderborn/KI05/N15_M07_F04_KI05_20.mat,False,paderborn_channels_verified
paderborn_artificial_to_natural,artificial_to_real_damage,paderborn,paderborn_n15_m07_f04_ki05_2_multisensor,paderborn_n15_m07_f04_ki05_2,test,KI05,multisensor,current|force|speed|temperature|torque|vibration,N15,M07_F04,n15_m07_f04,bearing_real_damage,05,fault,real,2,data/raw/paderborn/KI05/N15_M07_F04_KI05_2.mat,False,paderborn_channels_verified
paderborn_artificial_to_natural,artificial_to_real_damage,paderborn,paderborn_n15_m07_f04_ki05_3_multisensor,paderborn_n15_m07_f04_ki05_3,test,KI05,multisensor,current|force|speed|temperature|torque|vibration,N15,M07_F04,n15_m07_f04,bearing_real_damage,05,fault,real,3,data/raw/paderborn/KI05/N15_M07_F04_KI05_3.mat,False,paderborn_channels_verified
paderborn_artificial_to_natural,artificial_to_real_damage,paderborn,paderborn_n15_m07_f04_ki05_4_multisensor,paderborn_n15_m07_f04_ki05_4,test,KI05,multisensor,current|force|speed|temperature|torque|vibration,N15,M07_F04,n15_m07_f04,bearing_real_damage,05,fault,real,4,data/raw/paderborn/KI05/N15_M07_F04_KI05_4.mat,False,paderborn_channels_verified
paderborn_artificial_to_natural,artificial_to_real_damage,paderborn,paderborn_n15_m07_f04_ki05_5_multisensor,paderborn_n15_m07_f04_ki05_5,test,KI05,multisensor,current|force|speed|temperature|torque|vibration,N15,M07_F04,n15_m07_f04,bearing_real_damage,05,fault,real,5,data/raw/paderborn/KI05/N15_M07_F04_KI05_5.mat,False,paderborn_channels_verified
paderborn_artificial_to_natural,artificial_to_real_damage,paderborn,paderborn_n15_m07_f04_ki05_6_multisensor,paderborn_n15_m07_f04_ki05_6,test,KI05,multisensor,current|force|speed|temperature|torque|vibration,N15,M07_F04,n15_m07_f04,bearing_real_damage,05,fault,real,6,data/raw/paderborn/KI05/N15_M07_F04_KI05_6.mat,False,paderborn_channels_verified
paderborn_artificial_to_natural,artificial_to_real_damage,paderborn,paderborn_n15_m07_f04_ki05_7_multisensor,paderborn_n15_m07_f04_ki05_7,test,KI05,multisensor,current|force|speed|temperature|torque|vibration,N15,M07_F04,n15_m07_f04,bearing_real_damage,05,fault,real,7,data/raw/paderborn/KI05/N15_M07_F04_KI05_7.mat,False,paderborn_channels_verified
paderborn_artificial_to_natural,artificial_to_real_damage,paderborn,paderborn_n15_m07_f04_ki05_8_multisensor,paderborn_n15_m07_f04_ki05_8,test,KI05,multisensor,current|force|speed|temperature|torque|vibration,N15,M07_F04,n15_m07_f04,bearing_real_damage,05,fault,real,8,data/raw/paderborn/KI05/N15_M07_F04_KI05_8.mat,False,paderborn_channels_verified
paderborn_artificial_to_natural,artificial_to_real_damage,paderborn,paderborn_n15_m07_f04_ki05_9_multisensor,paderborn_n15_m07_f04_ki05_9,test,KI05,multisensor,current|force|speed|temperature|torque|vibration,N15,M07_F04,n15_m07_f04,bearing_real_damage,05,fault,real,9,data/raw/paderborn/KI05/N15_M07_F04_KI05_9.mat,False,paderborn_channels_verified
paderborn_artificial_to_natural,artificial_to_real_damage,paderborn,paderborn_n15_m07_f10_ki05_10_multisensor,paderborn_n15_m07_f10_ki05_10,test,KI05,multisensor,current|force|speed|temperature|torque|vibration,N15,M07_F10,n15_m07_f10,bearing_real_damage,05,fault,real,10,data/raw/paderborn/KI05/N15_M07_F10_KI05_10.mat,False,paderborn_channels_verified
paderborn_artificial_to_natural,artificial_to_real_damage,paderborn,paderborn_n15_m07_f10_ki05_11_multisensor,paderborn_n15_m07_f10_ki05_11,test,KI05,multisensor,current|force|speed|temperature|torque|vibration,N15,M07_F10,n15_m07_f10,bearing_real_damage,05,fault,real,11,data/raw/paderborn/KI05/N15_M07_F10_KI05_11.mat,False,paderborn_channels_verified
paderborn_artificial_to_natural,artificial_to_real_damage,paderborn,paderborn_n15_m07_f10_ki05_12_multisensor,paderborn_n15_m07_f10_ki05_12,test,KI05,multisensor,current|force|speed|temperature|torque|vibration,N15,M07_F10,n15_m07_f10,bearing_real_damage,05,fault,real,12,data/raw/paderborn/KI05/N15_M07_F10_KI05_12.mat,False,paderborn_channels_verified
paderborn_artificial_to_natural,artificial_to_real_damage,paderborn,paderborn_n15_m07_f10_ki05_13_multisensor,paderborn_n15_m07_f10_ki05_13,test,KI05,multisensor,current|force|speed|temperature|torque|vibration,N15,M07_F10,n15_m07_f10,bearing_real_damage,05,fault,real,13,data/raw/paderborn/KI05/N15_M07_F10_KI05_13.mat,False,paderborn_channels_verified
paderborn_artificial_to_natural,artificial_to_real_damage,paderborn,paderborn_n15_m07_f10_ki05_14_multisensor,paderborn_n15_m07_f10_ki05_14,test,KI05,multisensor,current|force|speed|temperature|torque|vibration,N15,M07_F10,n15_m07_f10,bearing_real_damage,05,fault,real,14,data/raw/paderborn/KI05/N15_M07_F10_KI05_14.mat,False,paderborn_channels_verified
paderborn_artificial_to_natural,artificial_to_real_damage,paderborn,paderborn_n15_m07_f10_ki05_15_multisensor,paderborn_n15_m07_f10_ki05_15,test,KI05,multisensor,current|force|speed|temperature|torque|vibration,N15,M07_F10,n15_m07_f10,bearing_real_damage,05,fault,real,15,data/raw/paderborn/KI05/N15_M07_F10_KI05_15.mat,False,paderborn_channels_verified
paderborn_artificial_to_natural,artificial_to_real_damage,paderborn,paderborn_n15_m07_f10_ki05_16_multisensor,paderborn_n15_m07_f10_ki05_16,test,KI05,multisensor,current|force|speed|temperature|torque|vibration,N15,M07_F10,n15_m07_f10,bearing_real_damage,05,fault,real,16,data/raw/paderborn/KI05/N15_M07_F10_KI05_16.mat,False,paderborn_channels_verified
paderborn_artificial_to_natural,artificial_to_real_damage,paderborn,paderborn_n15_m07_f10_ki05_17_multisensor,paderborn_n15_m07_f10_ki05_17,test,KI05,multisensor,current|force|speed|temperature|torque|vibration,N15,M07_F10,n15_m07_f10,bearing_real_damage,05,fault,real,17,data/raw/paderborn/KI05/N15_M07_F10_KI05_17.mat,False,paderborn_channels_verified
paderborn_artificial_to_natural,artificial_to_real_damage,paderborn,paderborn_n15_m07_f10_ki05_18_multisensor,paderborn_n15_m07_f10_ki05_18,test,KI05,multisensor,current|force|speed|temperature|torque|vibration,N15,M07_F10,n15_m07_f10,bearing_real_damage,05,fault,real,18,data/raw/paderborn/KI05/N15_M07_F10_KI05_18.mat,False,paderborn_channels_verified
paderborn_artificial_to_natural,artificial_to_real_damage,paderborn,paderborn_n15_m07_f10_ki05_19_multisensor,paderborn_n15_m07_f10_ki05_19,test,KI05,multisensor,current|force|speed|temperature|torque|vibration,N15,M07_F10,n15_m07_f10,bearing_real_damage,05,fault,real,19,data/raw/paderborn/KI05/N15_M07_F10_KI05_19.mat,False,paderborn_channels_verified
paderborn_artificial_to_natural,artificial_to_real_damage,paderborn,paderborn_n15_m07_f10_ki05_1_multisensor,paderborn_n15_m07_f10_ki05_1,test,KI05,multisensor,current|force|speed|temperature|torque|vibration,N15,M07_F10,n15_m07_f10,bearing_real_damage,05,fault,real,1,data/raw/paderborn/KI05/N15_M07_F10_KI05_1.mat,False,paderborn_channels_verified
paderborn_artificial_to_natural,artificial_to_real_damage,paderborn,paderborn_n15_m07_f10_ki05_20_multisensor,paderborn_n15_m07_f10_ki05_20,test,KI05,multisensor,current|force|speed|temperature|torque|vibration,N15,M07_F10,n15_m07_f10,bearing_real_damage,05,fault,real,20,data/raw/paderborn/KI05/N15_M07_F10_KI05_20.mat,False,paderborn_channels_verified
paderborn_artificial_to_natural,artificial_to_real_damage,paderborn,paderborn_n15_m07_f10_ki05_2_multisensor,paderborn_n15_m07_f10_ki05_2,test,KI05,multisensor,current|force|speed|temperature|torque|vibration,N15,M07_F10,n15_m07_f10,bearing_real_damage,05,fault,real,2,data/raw/paderborn/KI05/N15_M07_F10_KI05_2.mat,False,paderborn_channels_verified
paderborn_artificial_to_natural,artificial_to_real_damage,paderborn,paderborn_n15_m07_f10_ki05_3_multisensor,paderborn_n15_m07_f10_ki05_3,test,KI05,multisensor,current|force|speed|temperature|torque|vibration,N15,M07_F10,n15_m07_f10,bearing_real_damage,05,fault,real,3,data/raw/paderborn/KI05/N15_M07_F10_KI05_3.mat,False,paderborn_channels_verified
paderborn_artificial_to_natural,artificial_to_real_damage,paderborn,paderborn_n15_m07_f10_ki05_4_multisensor,paderborn_n15_m07_f10_ki05_4,test,KI05,multisensor,current|force|speed|temperature|torque|vibration,N15,M07_F10,n15_m07_f10,bearing_real_damage,05,fault,real,4,data/raw/paderborn/KI05/N15_M07_F10_KI05_4.mat,False,paderborn_channels_verified
paderborn_artificial_to_natural,artificial_to_real_damage,paderborn,paderborn_n15_m07_f10_ki05_5_multisensor,paderborn_n15_m07_f10_ki05_5,test,KI05,multisensor,current|force|speed|temperature|torque|vibration,N15,M07_F10,n15_m07_f10,bearing_real_damage,05,fault,real,5,data/raw/paderborn/KI05/N15_M07_F10_KI05_5.mat,False,paderborn_channels_verified
paderborn_artificial_to_natural,artificial_to_real_damage,paderborn,paderborn_n15_m07_f10_ki05_6_multisensor,paderborn_n15_m07_f10_ki05_6,test,KI05,multisensor,current|force|speed|temperature|torque|vibration,N15,M07_F10,n15_m07_f10,bearing_real_damage,05,fault,real,6,data/raw/paderborn/KI05/N15_M07_F10_KI05_6.mat,False,paderborn_channels_verified
paderborn_artificial_to_natural,artificial_to_real_damage,paderborn,paderborn_n15_m07_f10_ki05_7_multisensor,paderborn_n15_m07_f10_ki05_7,test,KI05,multisensor,current|force|speed|temperature|torque|vibration,N15,M07_F10,n15_m07_f10,bearing_real_damage,05,fault,real,7,data/raw/paderborn/KI05/N15_M07_F10_KI05_7.mat,False,paderborn_channels_verified
paderborn_artificial_to_natural,artificial_to_real_damage,paderborn,paderborn_n15_m07_f10_ki05_8_multisensor,paderborn_n15_m07_f10_ki05_8,test,KI05,multisensor,current|force|speed|temperature|torque|vibration,N15,M07_F10,n15_m07_f10,bearing_real_damage,05,fault,real,8,data/raw/paderborn/KI05/N15_M07_F10_KI05_8.mat,False,paderborn_channels_verified
paderborn_artificial_to_natural,artificial_to_real_damage,paderborn,paderborn_n15_m07_f10_ki05_9_multisensor,paderborn_n15_m07_f10_ki05_9,test,KI05,multisensor,current|force|speed|temperature|torque|vibration,N15,M07_F10,n15_m07_f10,bearing_real_damage,05,fault,real,9,data/raw/paderborn/KI05/N15_M07_F10_KI05_9.mat,False,paderborn_channels_verified
paderborn_artificial_to_natural,artificial_to_real_damage,paderborn,paderborn_n09_m07_f10_ki07_10_multisensor,paderborn_n09_m07_f10_ki07_10,test,KI07,multisensor,current|force|speed|temperature|torque|vibration,N09,M07_F10,n09_m07_f10,bearing_real_damage,07,fault,real,10,data/raw/paderborn/KI07/N09_M07_F10_KI07_10.mat,False,paderborn_channels_verified
paderborn_artificial_to_natural,artificial_to_real_damage,paderborn,paderborn_n09_m07_f10_ki07_11_multisensor,paderborn_n09_m07_f10_ki07_11,test,KI07,multisensor,current|force|speed|temperature|torque|vibration,N09,M07_F10,n09_m07_f10,bearing_real_damage,07,fault,real,11,data/raw/paderborn/KI07/N09_M07_F10_KI07_11.mat,False,paderborn_channels_verified
paderborn_artificial_to_natural,artificial_to_real_damage,paderborn,paderborn_n09_m07_f10_ki07_12_multisensor,paderborn_n09_m07_f10_ki07_12,test,KI07,multisensor,current|force|speed|temperature|torque|vibration,N09,M07_F10,n09_m07_f10,bearing_real_damage,07,fault,real,12,data/raw/paderborn/KI07/N09_M07_F10_KI07_12.mat,False,paderborn_channels_verified
paderborn_artificial_to_natural,artificial_to_real_damage,paderborn,paderborn_n09_m07_f10_ki07_13_multisensor,paderborn_n09_m07_f10_ki07_13,test,KI07,multisensor,current|force|speed|temperature|torque|vibration,N09,M07_F10,n09_m07_f10,bearing_real_damage,07,fault,real,13,data/raw/paderborn/KI07/N09_M07_F10_KI07_13.mat,False,paderborn_channels_verified
paderborn_artificial_to_natural,artificial_to_real_damage,paderborn,paderborn_n09_m07_f10_ki07_14_multisensor,paderborn_n09_m07_f10_ki07_14,test,KI07,multisensor,current|force|speed|temperature|torque|vibration,N09,M07_F10,n09_m07_f10,bearing_real_damage,07,fault,real,14,data/raw/paderborn/KI07/N09_M07_F10_KI07_14.mat,False,paderborn_channels_verified
paderborn_artificial_to_natural,artificial_to_real_damage,paderborn,paderborn_n09_m07_f10_ki07_15_multisensor,paderborn_n09_m07_f10_ki07_15,test,KI07,multisensor,current|force|speed|temperature|torque|vibration,N09,M07_F10,n09_m07_f10,bearing_real_damage,07,fault,real,15,data/raw/paderborn/KI07/N09_M07_F10_KI07_15.mat,False,paderborn_channels_verified
paderborn_artificial_to_natural,artificial_to_real_damage,paderborn,paderborn_n09_m07_f10_ki07_16_multisensor,paderborn_n09_m07_f10_ki07_16,test,KI07,multisensor,current|force|speed|temperature|torque|vibration,N09,M07_F10,n09_m07_f10,bearing_real_damage,07,fault,real,16,data/raw/paderborn/KI07/N09_M07_F10_KI07_16.mat,False,paderborn_channels_verified
paderborn_artificial_to_natural,artificial_to_real_damage,paderborn,paderborn_n09_m07_f10_ki07_17_multisensor,paderborn_n09_m07_f10_ki07_17,test,KI07,multisensor,current|force|speed|temperature|torque|vibration,N09,M07_F10,n09_m07_f10,bearing_real_damage,07,fault,real,17,data/raw/paderborn/KI07/N09_M07_F10_KI07_17.mat,False,paderborn_channels_verified
paderborn_artificial_to_natural,artificial_to_real_damage,paderborn,paderborn_n09_m07_f10_ki07_18_multisensor,paderborn_n09_m07_f10_ki07_18,test,KI07,multisensor,current|force|speed|temperature|torque|vibration,N09,M07_F10,n09_m07_f10,bearing_real_damage,07,fault,real,18,data/raw/paderborn/KI07/N09_M07_F10_KI07_18.mat,False,paderborn_channels_verified
paderborn_artificial_to_natural,artificial_to_real_damage,paderborn,paderborn_n09_m07_f10_ki07_19_multisensor,paderborn_n09_m07_f10_ki07_19,test,KI07,multisensor,current|force|speed|temperature|torque|vibration,N09,M07_F10,n09_m07_f10,bearing_real_damage,07,fault,real,19,data/raw/paderborn/KI07/N09_M07_F10_KI07_19.mat,False,paderborn_channels_verified
paderborn_artificial_to_natural,artificial_to_real_damage,paderborn,paderborn_n09_m07_f10_ki07_1_multisensor,paderborn_n09_m07_f10_ki07_1,test,KI07,multisensor,current|force|speed|temperature|torque|vibration,N09,M07_F10,n09_m07_f10,bearing_real_damage,07,fault,real,1,data/raw/paderborn/KI07/N09_M07_F10_KI07_1.mat,False,paderborn_channels_verified
paderborn_artificial_to_natural,artificial_to_real_damage,paderborn,paderborn_n09_m07_f10_ki07_20_multisensor,paderborn_n09_m07_f10_ki07_20,test,KI07,multisensor,current|force|speed|temperature|torque|vibration,N09,M07_F10,n09_m07_f10,bearing_real_damage,07,fault,real,20,data/raw/paderborn/KI07/N09_M07_F10_KI07_20.mat,False,paderborn_channels_verified
paderborn_artificial_to_natural,artificial_to_real_damage,paderborn,paderborn_n09_m07_f10_ki07_2_multisensor,paderborn_n09_m07_f10_ki07_2,test,KI07,multisensor,current|force|speed|temperature|torque|vibration,N09,M07_F10,n09_m07_f10,bearing_real_damage,07,fault,real,2,data/raw/paderborn/KI07/N09_M07_F10_KI07_2.mat,False,paderborn_channels_verified
paderborn_artificial_to_natural,artificial_to_real_damage,paderborn,paderborn_n09_m07_f10_ki07_3_multisensor,paderborn_n09_m07_f10_ki07_3,test,KI07,multisensor,current|force|speed|temperature|torque|vibration,N09,M07_F10,n09_m07_f10,bearing_real_damage,07,fault,real,3,data/raw/paderborn/KI07/N09_M07_F10_KI07_3.mat,False,paderborn_channels_verified
paderborn_artificial_to_natural,artificial_to_real_damage,paderborn,paderborn_n09_m07_f10_ki07_4_multisensor,paderborn_n09_m07_f10_ki07_4,test,KI07,multisensor,current|force|speed|temperature|torque|vibration,N09,M07_F10,n09_m07_f10,bearing_real_damage,07,fault,real,4,data/raw/paderborn/KI07/N09_M07_F10_KI07_4.mat,False,paderborn_channels_verified
paderborn_artificial_to_natural,artificial_to_real_damage,paderborn,paderborn_n09_m07_f10_ki07_5_multisensor,paderborn_n09_m07_f10_ki07_5,test,KI07,multisensor,current|force|speed|temperature|torque|vibration,N09,M07_F10,n09_m07_f10,bearing_real_damage,07,fault,real,5,data/raw/paderborn/KI07/N09_M07_F10_KI07_5.mat,False,paderborn_channels_verified
paderborn_artificial_to_natural,artificial_to_real_damage,paderborn,paderborn_n09_m07_f10_ki07_6_multisensor,paderborn_n09_m07_f10_ki07_6,test,KI07,multisensor,current|force|speed|temperature|torque|vibration,N09,M07_F10,n09_m07_f10,bearing_real_damage,07,fault,real,6,data/raw/paderborn/KI07/N09_M07_F10_KI07_6.mat,False,paderborn_channels_verified
paderborn_artificial_to_natural,artificial_to_real_damage,paderborn,paderborn_n09_m07_f10_ki07_7_multisensor,paderborn_n09_m07_f10_ki07_7,test,KI07,multisensor,current|force|speed|temperature|torque|vibration,N09,M07_F10,n09_m07_f10,bearing_real_damage,07,fault,real,7,data/raw/paderborn/KI07/N09_M07_F10_KI07_7.mat,False,paderborn_channels_verified
paderborn_artificial_to_natural,artificial_to_real_damage,paderborn,paderborn_n09_m07_f10_ki07_8_multisensor,paderborn_n09_m07_f10_ki07_8,test,KI07,multisensor,current|force|speed|temperature|torque|vibration,N09,M07_F10,n09_m07_f10,bearing_real_damage,07,fault,real,8,data/raw/paderborn/KI07/N09_M07_F10_KI07_8.mat,False,paderborn_channels_verified
paderborn_artificial_to_natural,artificial_to_real_damage,paderborn,paderborn_n09_m07_f10_ki07_9_multisensor,paderborn_n09_m07_f10_ki07_9,test,KI07,multisensor,current|force|speed|temperature|torque|vibration,N09,M07_F10,n09_m07_f10,bearing_real_damage,07,fault,real,9,data/raw/paderborn/KI07/N09_M07_F10_KI07_9.mat,False,paderborn_channels_verified
paderborn_artificial_to_natural,artificial_to_real_damage,paderborn,paderborn_n15_m01_f10_ki07_10_multisensor,paderborn_n15_m01_f10_ki07_10,test,KI07,multisensor,current|force|speed|temperature|torque|vibration,N15,M01_F10,n15_m01_f10,bearing_real_damage,07,fault,real,10,data/raw/paderborn/KI07/N15_M01_F10_KI07_10.mat,False,paderborn_channels_verified
paderborn_artificial_to_natural,artificial_to_real_damage,paderborn,paderborn_n15_m01_f10_ki07_11_multisensor,paderborn_n15_m01_f10_ki07_11,test,KI07,multisensor,current|force|speed|temperature|torque|vibration,N15,M01_F10,n15_m01_f10,bearing_real_damage,07,fault,real,11,data/raw/paderborn/KI07/N15_M01_F10_KI07_11.mat,False,paderborn_channels_verified
paderborn_artificial_to_natural,artificial_to_real_damage,paderborn,paderborn_n15_m01_f10_ki07_12_multisensor,paderborn_n15_m01_f10_ki07_12,test,KI07,multisensor,current|force|speed|temperature|torque|vibration,N15,M01_F10,n15_m01_f10,bearing_real_damage,07,fault,real,12,data/raw/paderborn/KI07/N15_M01_F10_KI07_12.mat,False,paderborn_channels_verified
paderborn_artificial_to_natural,artificial_to_real_damage,paderborn,paderborn_n15_m01_f10_ki07_13_multisensor,paderborn_n15_m01_f10_ki07_13,test,KI07,multisensor,current|force|speed|temperature|torque|vibration,N15,M01_F10,n15_m01_f10,bearing_real_damage,07,fault,real,13,data/raw/paderborn/KI07/N15_M01_F10_KI07_13.mat,False,paderborn_channels_verified
paderborn_artificial_to_natural,artificial_to_real_damage,paderborn,paderborn_n15_m01_f10_ki07_14_multisensor,paderborn_n15_m01_f10_ki07_14,test,KI07,multisensor,current|force|speed|temperature|torque|vibration,N15,M01_F10,n15_m01_f10,bearing_real_damage,07,fault,real,14,data/raw/paderborn/KI07/N15_M01_F10_KI07_14.mat,False,paderborn_channels_verified
paderborn_artificial_to_natural,artificial_to_real_damage,paderborn,paderborn_n15_m01_f10_ki07_15_multisensor,paderborn_n15_m01_f10_ki07_15,test,KI07,multisensor,current|force|speed|temperature|torque|vibration,N15,M01_F10,n15_m01_f10,bearing_real_damage,07,fault,real,15,data/raw/paderborn/KI07/N15_M01_F10_KI07_15.mat,False,paderborn_channels_verified
paderborn_artificial_to_natural,artificial_to_real_damage,paderborn,paderborn_n15_m01_f10_ki07_16_multisensor,paderborn_n15_m01_f10_ki07_16,test,KI07,multisensor,current|force|speed|temperature|torque|vibration,N15,M01_F10,n15_m01_f10,bearing_real_damage,07,fault,real,16,data/raw/paderborn/KI07/N15_M01_F10_KI07_16.mat,False,paderborn_channels_verified
paderborn_artificial_to_natural,artificial_to_real_damage,paderborn,paderborn_n15_m01_f10_ki07_17_multisensor,paderborn_n15_m01_f10_ki07_17,test,KI07,multisensor,current|force|speed|temperature|torque|vibration,N15,M01_F10,n15_m01_f10,bearing_real_damage,07,fault,real,17,data/raw/paderborn/KI07/N15_M01_F10_KI07_17.mat,False,paderborn_channels_verified
paderborn_artificial_to_natural,artificial_to_real_damage,paderborn,paderborn_n15_m01_f10_ki07_18_multisensor,paderborn_n15_m01_f10_ki07_18,test,KI07,multisensor,current|force|speed|temperature|torque|vibration,N15,M01_F10,n15_m01_f10,bearing_real_damage,07,fault,real,18,data/raw/paderborn/KI07/N15_M01_F10_KI07_18.mat,False,paderborn_channels_verified
paderborn_artificial_to_natural,artificial_to_real_damage,paderborn,paderborn_n15_m01_f10_ki07_19_multisensor,paderborn_n15_m01_f10_ki07_19,test,KI07,multisensor,current|force|speed|temperature|torque|vibration,N15,M01_F10,n15_m01_f10,bearing_real_damage,07,fault,real,19,data/raw/paderborn/KI07/N15_M01_F10_KI07_19.mat,False,paderborn_channels_verified
paderborn_artificial_to_natural,artificial_to_real_damage,paderborn,paderborn_n15_m01_f10_ki07_1_multisensor,paderborn_n15_m01_f10_ki07_1,test,KI07,multisensor,current|force|speed|temperature|torque|vibration,N15,M01_F10,n15_m01_f10,bearing_real_damage,07,fault,real,1,data/raw/paderborn/KI07/N15_M01_F10_KI07_1.mat,False,paderborn_channels_verified
paderborn_artificial_to_natural,artificial_to_real_damage,paderborn,paderborn_n15_m01_f10_ki07_20_multisensor,paderborn_n15_m01_f10_ki07_20,test,KI07,multisensor,current|force|speed|temperature|torque|vibration,N15,M01_F10,n15_m01_f10,bearing_real_damage,07,fault,real,20,data/raw/paderborn/KI07/N15_M01_F10_KI07_20.mat,False,paderborn_channels_verified
paderborn_artificial_to_natural,artificial_to_real_damage,paderborn,paderborn_n15_m01_f10_ki07_2_multisensor,paderborn_n15_m01_f10_ki07_2,test,KI07,multisensor,current|force|speed|temperature|torque|vibration,N15,M01_F10,n15_m01_f10,bearing_real_damage,07,fault,real,2,data/raw/paderborn/KI07/N15_M01_F10_KI07_2.mat,False,paderborn_channels_verified
paderborn_artificial_to_natural,artificial_to_real_damage,paderborn,paderborn_n15_m01_f10_ki07_3_multisensor,paderborn_n15_m01_f10_ki07_3,test,KI07,multisensor,current|force|speed|temperature|torque|vibration,N15,M01_F10,n15_m01_f10,bearing_real_damage,07,fault,real,3,data/raw/paderborn/KI07/N15_M01_F10_KI07_3.mat,False,paderborn_channels_verified
paderborn_artificial_to_natural,artificial_to_real_damage,paderborn,paderborn_n15_m01_f10_ki07_4_multisensor,paderborn_n15_m01_f10_ki07_4,test,KI07,multisensor,current|force|speed|temperature|torque|vibration,N15,M01_F10,n15_m01_f10,bearing_real_damage,07,fault,real,4,data/raw/paderborn/KI07/N15_M01_F10_KI07_4.mat,False,paderborn_channels_verified
paderborn_artificial_to_natural,artificial_to_real_damage,paderborn,paderborn_n15_m01_f10_ki07_5_multisensor,paderborn_n15_m01_f10_ki07_5,test,KI07,multisensor,current|force|speed|temperature|torque|vibration,N15,M01_F10,n15_m01_f10,bearing_real_damage,07,fault,real,5,data/raw/paderborn/KI07/N15_M01_F10_KI07_5.mat,False,paderborn_channels_verified
paderborn_artificial_to_natural,artificial_to_real_damage,paderborn,paderborn_n15_m01_f10_ki07_6_multisensor,paderborn_n15_m01_f10_ki07_6,test,KI07,multisensor,current|force|speed|temperature|torque|vibration,N15,M01_F10,n15_m01_f10,bearing_real_damage,07,fault,real,6,data/raw/paderborn/KI07/N15_M01_F10_KI07_6.mat,False,paderborn_channels_verified
paderborn_artificial_to_natural,artificial_to_real_damage,paderborn,paderborn_n15_m01_f10_ki07_7_multisensor,paderborn_n15_m01_f10_ki07_7,test,KI07,multisensor,current|force|speed|temperature|torque|vibration,N15,M01_F10,n15_m01_f10,bearing_real_damage,07,fault,real,7,data/raw/paderborn/KI07/N15_M01_F10_KI07_7.mat,False,paderborn_channels_verified
paderborn_artificial_to_natural,artificial_to_real_damage,paderborn,paderborn_n15_m01_f10_ki07_8_multisensor,paderborn_n15_m01_f10_ki07_8,test,KI07,multisensor,current|force|speed|temperature|torque|vibration,N15,M01_F10,n15_m01_f10,bearing_real_damage,07,fault,real,8,data/raw/paderborn/KI07/N15_M01_F10_KI07_8.mat,False,paderborn_channels_verified
paderborn_artificial_to_natural,artificial_to_real_damage,paderborn,paderborn_n15_m01_f10_ki07_9_multisensor,paderborn_n15_m01_f10_ki07_9,test,KI07,multisensor,current|force|speed|temperature|torque|vibration,N15,M01_F10,n15_m01_f10,bearing_real_damage,07,fault,real,9,data/raw/paderborn/KI07/N15_M01_F10_KI07_9.mat,False,paderborn_channels_verified
paderborn_artificial_to_natural,artificial_to_real_damage,paderborn,paderborn_n15_m07_f04_ki07_10_multisensor,paderborn_n15_m07_f04_ki07_10,test,KI07,multisensor,current|force|speed|temperature|torque|vibration,N15,M07_F04,n15_m07_f04,bearing_real_damage,07,fault,real,10,data/raw/paderborn/KI07/N15_M07_F04_KI07_10.mat,False,paderborn_channels_verified
paderborn_artificial_to_natural,artificial_to_real_damage,paderborn,paderborn_n15_m07_f04_ki07_11_multisensor,paderborn_n15_m07_f04_ki07_11,test,KI07,multisensor,current|force|speed|temperature|torque|vibration,N15,M07_F04,n15_m07_f04,bearing_real_damage,07,fault,real,11,data/raw/paderborn/KI07/N15_M07_F04_KI07_11.mat,False,paderborn_channels_verified
paderborn_artificial_to_natural,artificial_to_real_damage,paderborn,paderborn_n15_m07_f04_ki07_12_multisensor,paderborn_n15_m07_f04_ki07_12,test,KI07,multisensor,current|force|speed|temperature|torque|vibration,N15,M07_F04,n15_m07_f04,bearing_real_damage,07,fault,real,12,data/raw/paderborn/KI07/N15_M07_F04_KI07_12.mat,False,paderborn_channels_verified
paderborn_artificial_to_natural,artificial_to_real_damage,paderborn,paderborn_n15_m07_f04_ki07_13_multisensor,paderborn_n15_m07_f04_ki07_13,test,KI07,multisensor,current|force|speed|temperature|torque|vibration,N15,M07_F04,n15_m07_f04,bearing_real_damage,07,fault,real,13,data/raw/paderborn/KI07/N15_M07_F04_KI07_13.mat,False,paderborn_channels_verified
paderborn_artificial_to_natural,artificial_to_real_damage,paderborn,paderborn_n15_m07_f04_ki07_14_multisensor,paderborn_n15_m07_f04_ki07_14,test,KI07,multisensor,current|force|speed|temperature|torque|vibration,N15,M07_F04,n15_m07_f04,bearing_real_damage,07,fault,real,14,data/raw/paderborn/KI07/N15_M07_F04_KI07_14.mat,False,paderborn_channels_verified
paderborn_artificial_to_natural,artificial_to_real_damage,paderborn,paderborn_n15_m07_f04_ki07_15_multisensor,paderborn_n15_m07_f04_ki07_15,test,KI07,multisensor,current|force|speed|temperature|torque|vibration,N15,M07_F04,n15_m07_f04,bearing_real_damage,07,fault,real,15,data/raw/paderborn/KI07/N15_M07_F04_KI07_15.mat,False,paderborn_channels_verified
paderborn_artificial_to_natural,artificial_to_real_damage,paderborn,paderborn_n15_m07_f04_ki07_16_multisensor,paderborn_n15_m07_f04_ki07_16,test,KI07,multisensor,current|force|speed|temperature|torque|vibration,N15,M07_F04,n15_m07_f04,bearing_real_damage,07,fault,real,16,data/raw/paderborn/KI07/N15_M07_F04_KI07_16.mat,False,paderborn_channels_verified
paderborn_artificial_to_natural,artificial_to_real_damage,paderborn,paderborn_n15_m07_f04_ki07_17_multisensor,paderborn_n15_m07_f04_ki07_17,test,KI07,multisensor,current|force|speed|temperature|torque|vibration,N15,M07_F04,n15_m07_f04,bearing_real_damage,07,fault,real,17,data/raw/paderborn/KI07/N15_M07_F04_KI07_17.mat,False,paderborn_channels_verified
paderborn_artificial_to_natural,artificial_to_real_damage,paderborn,paderborn_n15_m07_f04_ki07_18_multisensor,paderborn_n15_m07_f04_ki07_18,test,KI07,multisensor,current|force|speed|temperature|torque|vibration,N15,M07_F04,n15_m07_f04,bearing_real_damage,07,fault,real,18,data/raw/paderborn/KI07/N15_M07_F04_KI07_18.mat,False,paderborn_channels_verified
paderborn_artificial_to_natural,artificial_to_real_damage,paderborn,paderborn_n15_m07_f04_ki07_19_multisensor,paderborn_n15_m07_f04_ki07_19,test,KI07,multisensor,current|force|speed|temperature|torque|vibration,N15,M07_F04,n15_m07_f04,bearing_real_damage,07,fault,real,19,data/raw/paderborn/KI07/N15_M07_F04_KI07_19.mat,False,paderborn_channels_verified
paderborn_artificial_to_natural,artificial_to_real_damage,paderborn,paderborn_n15_m07_f04_ki07_1_multisensor,paderborn_n15_m07_f04_ki07_1,test,KI07,multisensor,current|force|speed|temperature|torque|vibration,N15,M07_F04,n15_m07_f04,bearing_real_damage,07,fault,real,1,data/raw/paderborn/KI07/N15_M07_F04_KI07_1.mat,False,paderborn_channels_verified
paderborn_artificial_to_natural,artificial_to_real_damage,paderborn,paderborn_n15_m07_f04_ki07_20_multisensor,paderborn_n15_m07_f04_ki07_20,test,KI07,multisensor,current|force|speed|temperature|torque|vibration,N15,M07_F04,n15_m07_f04,bearing_real_damage,07,fault,real,20,data/raw/paderborn/KI07/N15_M07_F04_KI07_20.mat,False,paderborn_channels_verified
paderborn_artificial_to_natural,artificial_to_real_damage,paderborn,paderborn_n15_m07_f04_ki07_2_multisensor,paderborn_n15_m07_f04_ki07_2,test,KI07,multisensor,current|force|speed|temperature|torque|vibration,N15,M07_F04,n15_m07_f04,bearing_real_damage,07,fault,real,2,data/raw/paderborn/KI07/N15_M07_F04_KI07_2.mat,False,paderborn_channels_verified
paderborn_artificial_to_natural,artificial_to_real_damage,paderborn,paderborn_n15_m07_f04_ki07_3_multisensor,paderborn_n15_m07_f04_ki07_3,test,KI07,multisensor,current|force|speed|temperature|torque|vibration,N15,M07_F04,n15_m07_f04,bearing_real_damage,07,fault,real,3,data/raw/paderborn/KI07/N15_M07_F04_KI07_3.mat,False,paderborn_channels_verified
paderborn_artificial_to_natural,artificial_to_real_damage,paderborn,paderborn_n15_m07_f04_ki07_4_multisensor,paderborn_n15_m07_f04_ki07_4,test,KI07,multisensor,current|force|speed|temperature|torque|vibration,N15,M07_F04,n15_m07_f04,bearing_real_damage,07,fault,real,4,data/raw/paderborn/KI07/N15_M07_F04_KI07_4.mat,False,paderborn_channels_verified
paderborn_artificial_to_natural,artificial_to_real_damage,paderborn,paderborn_n15_m07_f04_ki07_5_multisensor,paderborn_n15_m07_f04_ki07_5,test,KI07,multisensor,current|force|speed|temperature|torque|vibration,N15,M07_F04,n15_m07_f04,bearing_real_damage,07,fault,real,5,data/raw/paderborn/KI07/N15_M07_F04_KI07_5.mat,False,paderborn_channels_verified
paderborn_artificial_to_natural,artificial_to_real_damage,paderborn,paderborn_n15_m07_f04_ki07_6_multisensor,paderborn_n15_m07_f04_ki07_6,test,KI07,multisensor,current|force|speed|temperature|torque|vibration,N15,M07_F04,n15_m07_f04,bearing_real_damage,07,fault,real,6,data/raw/paderborn/KI07/N15_M07_F04_KI07_6.mat,False,paderborn_channels_verified
paderborn_artificial_to_natural,artificial_to_real_damage,paderborn,paderborn_n15_m07_f04_ki07_7_multisensor,paderborn_n15_m07_f04_ki07_7,test,KI07,multisensor,current|force|speed|temperature|torque|vibration,N15,M07_F04,n15_m07_f04,bearing_real_damage,07,fault,real,7,data/raw/paderborn/KI07/N15_M07_F04_KI07_7.mat,False,paderborn_channels_verified
paderborn_artificial_to_natural,artificial_to_real_damage,paderborn,paderborn_n15_m07_f04_ki07_8_multisensor,paderborn_n15_m07_f04_ki07_8,test,KI07,multisensor,current|force|speed|temperature|torque|vibration,N15,M07_F04,n15_m07_f04,bearing_real_damage,07,fault,real,8,data/raw/paderborn/KI07/N15_M07_F04_KI07_8.mat,False,paderborn_channels_verified
paderborn_artificial_to_natural,artificial_to_real_damage,paderborn,paderborn_n15_m07_f04_ki07_9_multisensor,paderborn_n15_m07_f04_ki07_9,test,KI07,multisensor,current|force|speed|temperature|torque|vibration,N15,M07_F04,n15_m07_f04,bearing_real_damage,07,fault,real,9,data/raw/paderborn/KI07/N15_M07_F04_KI07_9.mat,False,paderborn_channels_verified
paderborn_artificial_to_natural,artificial_to_real_damage,paderborn,paderborn_n15_m07_f10_ki07_10_multisensor,paderborn_n15_m07_f10_ki07_10,test,KI07,multisensor,current|force|speed|temperature|torque|vibration,N15,M07_F10,n15_m07_f10,bearing_real_damage,07,fault,real,10,data/raw/paderborn/KI07/N15_M07_F10_KI07_10.mat,False,paderborn_channels_verified
paderborn_artificial_to_natural,artificial_to_real_damage,paderborn,paderborn_n15_m07_f10_ki07_11_multisensor,paderborn_n15_m07_f10_ki07_11,test,KI07,multisensor,current|force|speed|temperature|torque|vibration,N15,M07_F10,n15_m07_f10,bearing_real_damage,07,fault,real,11,data/raw/paderborn/KI07/N15_M07_F10_KI07_11.mat,False,paderborn_channels_verified
paderborn_artificial_to_natural,artificial_to_real_damage,paderborn,paderborn_n15_m07_f10_ki07_12_multisensor,paderborn_n15_m07_f10_ki07_12,test,KI07,multisensor,current|force|speed|temperature|torque|vibration,N15,M07_F10,n15_m07_f10,bearing_real_damage,07,fault,real,12,data/raw/paderborn/KI07/N15_M07_F10_KI07_12.mat,False,paderborn_channels_verified
paderborn_artificial_to_natural,artificial_to_real_damage,paderborn,paderborn_n15_m07_f10_ki07_13_multisensor,paderborn_n15_m07_f10_ki07_13,test,KI07,multisensor,current|force|speed|temperature|torque|vibration,N15,M07_F10,n15_m07_f10,bearing_real_damage,07,fault,real,13,data/raw/paderborn/KI07/N15_M07_F10_KI07_13.mat,False,paderborn_channels_verified
paderborn_artificial_to_natural,artificial_to_real_damage,paderborn,paderborn_n15_m07_f10_ki07_14_multisensor,paderborn_n15_m07_f10_ki07_14,test,KI07,multisensor,current|force|speed|temperature|torque|vibration,N15,M07_F10,n15_m07_f10,bearing_real_damage,07,fault,real,14,data/raw/paderborn/KI07/N15_M07_F10_KI07_14.mat,False,paderborn_channels_verified
paderborn_artificial_to_natural,artificial_to_real_damage,paderborn,paderborn_n15_m07_f10_ki07_15_multisensor,paderborn_n15_m07_f10_ki07_15,test,KI07,multisensor,current|force|speed|temperature|torque|vibration,N15,M07_F10,n15_m07_f10,bearing_real_damage,07,fault,real,15,data/raw/paderborn/KI07/N15_M07_F10_KI07_15.mat,False,paderborn_channels_verified
paderborn_artificial_to_natural,artificial_to_real_damage,paderborn,paderborn_n15_m07_f10_ki07_16_multisensor,paderborn_n15_m07_f10_ki07_16,test,KI07,multisensor,current|force|speed|temperature|torque|vibration,N15,M07_F10,n15_m07_f10,bearing_real_damage,07,fault,real,16,data/raw/paderborn/KI07/N15_M07_F10_KI07_16.mat,False,paderborn_channels_verified
paderborn_artificial_to_natural,artificial_to_real_damage,paderborn,paderborn_n15_m07_f10_ki07_17_multisensor,paderborn_n15_m07_f10_ki07_17,test,KI07,multisensor,current|force|speed|temperature|torque|vibration,N15,M07_F10,n15_m07_f10,bearing_real_damage,07,fault,real,17,data/raw/paderborn/KI07/N15_M07_F10_KI07_17.mat,False,paderborn_channels_verified
paderborn_artificial_to_natural,artificial_to_real_damage,paderborn,paderborn_n15_m07_f10_ki07_18_multisensor,paderborn_n15_m07_f10_ki07_18,test,KI07,multisensor,current|force|speed|temperature|torque|vibration,N15,M07_F10,n15_m07_f10,bearing_real_damage,07,fault,real,18,data/raw/paderborn/KI07/N15_M07_F10_KI07_18.mat,False,paderborn_channels_verified
paderborn_artificial_to_natural,artificial_to_real_damage,paderborn,paderborn_n15_m07_f10_ki07_19_multisensor,paderborn_n15_m07_f10_ki07_19,test,KI07,multisensor,current|force|speed|temperature|torque|vibration,N15,M07_F10,n15_m07_f10,bearing_real_damage,07,fault,real,19,data/raw/paderborn/KI07/N15_M07_F10_KI07_19.mat,False,paderborn_channels_verified
paderborn_artificial_to_natural,artificial_to_real_damage,paderborn,paderborn_n15_m07_f10_ki07_1_multisensor,paderborn_n15_m07_f10_ki07_1,test,KI07,multisensor,current|force|speed|temperature|torque|vibration,N15,M07_F10,n15_m07_f10,bearing_real_damage,07,fault,real,1,data/raw/paderborn/KI07/N15_M07_F10_KI07_1.mat,False,paderborn_channels_verified
paderborn_artificial_to_natural,artificial_to_real_damage,paderborn,paderborn_n15_m07_f10_ki07_20_multisensor,paderborn_n15_m07_f10_ki07_20,test,KI07,multisensor,current|force|speed|temperature|torque|vibration,N15,M07_F10,n15_m07_f10,bearing_real_damage,07,fault,real,20,data/raw/paderborn/KI07/N15_M07_F10_KI07_20.mat,False,paderborn_channels_verified
paderborn_artificial_to_natural,artificial_to_real_damage,paderborn,paderborn_n15_m07_f10_ki07_2_multisensor,paderborn_n15_m07_f10_ki07_2,test,KI07,multisensor,current|force|speed|temperature|torque|vibration,N15,M07_F10,n15_m07_f10,bearing_real_damage,07,fault,real,2,data/raw/paderborn/KI07/N15_M07_F10_KI07_2.mat,False,paderborn_channels_verified
paderborn_artificial_to_natural,artificial_to_real_damage,paderborn,paderborn_n15_m07_f10_ki07_3_multisensor,paderborn_n15_m07_f10_ki07_3,test,KI07,multisensor,current|force|speed|temperature|torque|vibration,N15,M07_F10,n15_m07_f10,bearing_real_damage,07,fault,real,3,data/raw/paderborn/KI07/N15_M07_F10_KI07_3.mat,False,paderborn_channels_verified
paderborn_artificial_to_natural,artificial_to_real_damage,paderborn,paderborn_n15_m07_f10_ki07_4_multisensor,paderborn_n15_m07_f10_ki07_4,test,KI07,multisensor,current|force|speed|temperature|torque|vibration,N15,M07_F10,n15_m07_f10,bearing_real_damage,07,fault,real,4,data/raw/paderborn/KI07/N15_M07_F10_KI07_4.mat,False,paderborn_channels_verified
paderborn_artificial_to_natural,artificial_to_real_damage,paderborn,paderborn_n15_m07_f10_ki07_5_multisensor,paderborn_n15_m07_f10_ki07_5,test,KI07,multisensor,current|force|speed|temperature|torque|vibration,N15,M07_F10,n15_m07_f10,bearing_real_damage,07,fault,real,5,data/raw/paderborn/KI07/N15_M07_F10_KI07_5.mat,False,paderborn_channels_verified
paderborn_artificial_to_natural,artificial_to_real_damage,paderborn,paderborn_n15_m07_f10_ki07_6_multisensor,paderborn_n15_m07_f10_ki07_6,test,KI07,multisensor,current|force|speed|temperature|torque|vibration,N15,M07_F10,n15_m07_f10,bearing_real_damage,07,fault,real,6,data/raw/paderborn/KI07/N15_M07_F10_KI07_6.mat,False,paderborn_channels_verified
paderborn_artificial_to_natural,artificial_to_real_damage,paderborn,paderborn_n15_m07_f10_ki07_7_multisensor,paderborn_n15_m07_f10_ki07_7,test,KI07,multisensor,current|force|speed|temperature|torque|vibration,N15,M07_F10,n15_m07_f10,bearing_real_damage,07,fault,real,7,data/raw/paderborn/KI07/N15_M07_F10_KI07_7.mat,False,paderborn_channels_verified
paderborn_artificial_to_natural,artificial_to_real_damage,paderborn,paderborn_n15_m07_f10_ki07_8_multisensor,paderborn_n15_m07_f10_ki07_8,test,KI07,multisensor,current|force|speed|temperature|torque|vibration,N15,M07_F10,n15_m07_f10,bearing_real_damage,07,fault,real,8,data/raw/paderborn/KI07/N15_M07_F10_KI07_8.mat,False,paderborn_channels_verified
paderborn_artificial_to_natural,artificial_to_real_damage,paderborn,paderborn_n15_m07_f10_ki07_9_multisensor,paderborn_n15_m07_f10_ki07_9,test,KI07,multisensor,current|force|speed|temperature|torque|vibration,N15,M07_F10,n15_m07_f10,bearing_real_damage,07,fault,real,9,data/raw/paderborn/KI07/N15_M07_F10_KI07_9.mat,False,paderborn_channels_verified
paderborn_artificial_to_natural,artificial_to_real_damage,paderborn,paderborn_n09_m07_f10_ki08_10_multisensor,paderborn_n09_m07_f10_ki08_10,test,KI08,multisensor,current|force|speed|temperature|torque|vibration,N09,M07_F10,n09_m07_f10,bearing_real_damage,08,fault,real,10,data/raw/paderborn/KI08/N09_M07_F10_KI08_10.mat,False,paderborn_channels_verified
paderborn_artificial_to_natural,artificial_to_real_damage,paderborn,paderborn_n09_m07_f10_ki08_11_multisensor,paderborn_n09_m07_f10_ki08_11,test,KI08,multisensor,current|force|speed|temperature|torque|vibration,N09,M07_F10,n09_m07_f10,bearing_real_damage,08,fault,real,11,data/raw/paderborn/KI08/N09_M07_F10_KI08_11.mat,False,paderborn_channels_verified
paderborn_artificial_to_natural,artificial_to_real_damage,paderborn,paderborn_n09_m07_f10_ki08_12_multisensor,paderborn_n09_m07_f10_ki08_12,test,KI08,multisensor,current|force|speed|temperature|torque|vibration,N09,M07_F10,n09_m07_f10,bearing_real_damage,08,fault,real,12,data/raw/paderborn/KI08/N09_M07_F10_KI08_12.mat,False,paderborn_channels_verified
paderborn_artificial_to_natural,artificial_to_real_damage,paderborn,paderborn_n09_m07_f10_ki08_13_multisensor,paderborn_n09_m07_f10_ki08_13,test,KI08,multisensor,current|force|speed|temperature|torque|vibration,N09,M07_F10,n09_m07_f10,bearing_real_damage,08,fault,real,13,data/raw/paderborn/KI08/N09_M07_F10_KI08_13.mat,False,paderborn_channels_verified
paderborn_artificial_to_natural,artificial_to_real_damage,paderborn,paderborn_n09_m07_f10_ki08_14_multisensor,paderborn_n09_m07_f10_ki08_14,test,KI08,multisensor,current|force|speed|temperature|torque|vibration,N09,M07_F10,n09_m07_f10,bearing_real_damage,08,fault,real,14,data/raw/paderborn/KI08/N09_M07_F10_KI08_14.mat,False,paderborn_channels_verified
paderborn_artificial_to_natural,artificial_to_real_damage,paderborn,paderborn_n09_m07_f10_ki08_15_multisensor,paderborn_n09_m07_f10_ki08_15,test,KI08,multisensor,current|force|speed|temperature|torque|vibration,N09,M07_F10,n09_m07_f10,bearing_real_damage,08,fault,real,15,data/raw/paderborn/KI08/N09_M07_F10_KI08_15.mat,False,paderborn_channels_verified
paderborn_artificial_to_natural,artificial_to_real_damage,paderborn,paderborn_n09_m07_f10_ki08_16_multisensor,paderborn_n09_m07_f10_ki08_16,test,KI08,multisensor,current|force|speed|temperature|torque|vibration,N09,M07_F10,n09_m07_f10,bearing_real_damage,08,fault,real,16,data/raw/paderborn/KI08/N09_M07_F10_KI08_16.mat,False,paderborn_channels_verified
paderborn_artificial_to_natural,artificial_to_real_damage,paderborn,paderborn_n09_m07_f10_ki08_17_multisensor,paderborn_n09_m07_f10_ki08_17,test,KI08,multisensor,current|force|speed|temperature|torque|vibration,N09,M07_F10,n09_m07_f10,bearing_real_damage,08,fault,real,17,data/raw/paderborn/KI08/N09_M07_F10_KI08_17.mat,False,paderborn_channels_verified
paderborn_artificial_to_natural,artificial_to_real_damage,paderborn,paderborn_n09_m07_f10_ki08_18_multisensor,paderborn_n09_m07_f10_ki08_18,test,KI08,multisensor,current|force|speed|temperature|torque|vibration,N09,M07_F10,n09_m07_f10,bearing_real_damage,08,fault,real,18,data/raw/paderborn/KI08/N09_M07_F10_KI08_18.mat,False,paderborn_channels_verified
paderborn_artificial_to_natural,artificial_to_real_damage,paderborn,paderborn_n09_m07_f10_ki08_19_multisensor,paderborn_n09_m07_f10_ki08_19,test,KI08,multisensor,current|force|speed|temperature|torque|vibration,N09,M07_F10,n09_m07_f10,bearing_real_damage,08,fault,real,19,data/raw/paderborn/KI08/N09_M07_F10_KI08_19.mat,False,paderborn_channels_verified
paderborn_artificial_to_natural,artificial_to_real_damage,paderborn,paderborn_n09_m07_f10_ki08_1_multisensor,paderborn_n09_m07_f10_ki08_1,test,KI08,multisensor,current|force|speed|temperature|torque|vibration,N09,M07_F10,n09_m07_f10,bearing_real_damage,08,fault,real,1,data/raw/paderborn/KI08/N09_M07_F10_KI08_1.mat,False,paderborn_channels_verified
paderborn_artificial_to_natural,artificial_to_real_damage,paderborn,paderborn_n09_m07_f10_ki08_20_multisensor,paderborn_n09_m07_f10_ki08_20,test,KI08,multisensor,current|force|speed|temperature|torque|vibration,N09,M07_F10,n09_m07_f10,bearing_real_damage,08,fault,real,20,data/raw/paderborn/KI08/N09_M07_F10_KI08_20.mat,False,paderborn_channels_verified
paderborn_artificial_to_natural,artificial_to_real_damage,paderborn,paderborn_n09_m07_f10_ki08_2_multisensor,paderborn_n09_m07_f10_ki08_2,test,KI08,multisensor,current|force|speed|temperature|torque|vibration,N09,M07_F10,n09_m07_f10,bearing_real_damage,08,fault,real,2,data/raw/paderborn/KI08/N09_M07_F10_KI08_2.mat,False,paderborn_channels_verified
paderborn_artificial_to_natural,artificial_to_real_damage,paderborn,paderborn_n09_m07_f10_ki08_3_multisensor,paderborn_n09_m07_f10_ki08_3,test,KI08,multisensor,current|force|speed|temperature|torque|vibration,N09,M07_F10,n09_m07_f10,bearing_real_damage,08,fault,real,3,data/raw/paderborn/KI08/N09_M07_F10_KI08_3.mat,False,paderborn_channels_verified
paderborn_artificial_to_natural,artificial_to_real_damage,paderborn,paderborn_n09_m07_f10_ki08_4_multisensor,paderborn_n09_m07_f10_ki08_4,test,KI08,multisensor,current|force|speed|temperature|torque|vibration,N09,M07_F10,n09_m07_f10,bearing_real_damage,08,fault,real,4,data/raw/paderborn/KI08/N09_M07_F10_KI08_4.mat,False,paderborn_channels_verified
paderborn_artificial_to_natural,artificial_to_real_damage,paderborn,paderborn_n09_m07_f10_ki08_5_multisensor,paderborn_n09_m07_f10_ki08_5,test,KI08,multisensor,current|force|speed|temperature|torque|vibration,N09,M07_F10,n09_m07_f10,bearing_real_damage,08,fault,real,5,data/raw/paderborn/KI08/N09_M07_F10_KI08_5.mat,False,paderborn_channels_verified
paderborn_artificial_to_natural,artificial_to_real_damage,paderborn,paderborn_n09_m07_f10_ki08_6_multisensor,paderborn_n09_m07_f10_ki08_6,test,KI08,multisensor,current|force|speed|temperature|torque|vibration,N09,M07_F10,n09_m07_f10,bearing_real_damage,08,fault,real,6,data/raw/paderborn/KI08/N09_M07_F10_KI08_6.mat,False,paderborn_channels_verified
paderborn_artificial_to_natural,artificial_to_real_damage,paderborn,paderborn_n09_m07_f10_ki08_7_multisensor,paderborn_n09_m07_f10_ki08_7,test,KI08,multisensor,current|force|speed|temperature|torque|vibration,N09,M07_F10,n09_m07_f10,bearing_real_damage,08,fault,real,7,data/raw/paderborn/KI08/N09_M07_F10_KI08_7.mat,False,paderborn_channels_verified
paderborn_artificial_to_natural,artificial_to_real_damage,paderborn,paderborn_n09_m07_f10_ki08_8_multisensor,paderborn_n09_m07_f10_ki08_8,test,KI08,multisensor,current|force|speed|temperature|torque|vibration,N09,M07_F10,n09_m07_f10,bearing_real_damage,08,fault,real,8,data/raw/paderborn/KI08/N09_M07_F10_KI08_8.mat,False,paderborn_channels_verified
paderborn_artificial_to_natural,artificial_to_real_damage,paderborn,paderborn_n09_m07_f10_ki08_9_multisensor,paderborn_n09_m07_f10_ki08_9,test,KI08,multisensor,current|force|speed|temperature|torque|vibration,N09,M07_F10,n09_m07_f10,bearing_real_damage,08,fault,real,9,data/raw/paderborn/KI08/N09_M07_F10_KI08_9.mat,False,paderborn_channels_verified
paderborn_artificial_to_natural,artificial_to_real_damage,paderborn,paderborn_n15_m01_f10_ki08_10_multisensor,paderborn_n15_m01_f10_ki08_10,test,KI08,multisensor,current|force|speed|temperature|torque|vibration,N15,M01_F10,n15_m01_f10,bearing_real_damage,08,fault,real,10,data/raw/paderborn/KI08/N15_M01_F10_KI08_10.mat,False,paderborn_channels_verified
paderborn_artificial_to_natural,artificial_to_real_damage,paderborn,paderborn_n15_m01_f10_ki08_11_multisensor,paderborn_n15_m01_f10_ki08_11,test,KI08,multisensor,current|force|speed|temperature|torque|vibration,N15,M01_F10,n15_m01_f10,bearing_real_damage,08,fault,real,11,data/raw/paderborn/KI08/N15_M01_F10_KI08_11.mat,False,paderborn_channels_verified
paderborn_artificial_to_natural,artificial_to_real_damage,paderborn,paderborn_n15_m01_f10_ki08_12_multisensor,paderborn_n15_m01_f10_ki08_12,test,KI08,multisensor,current|force|speed|temperature|torque|vibration,N15,M01_F10,n15_m01_f10,bearing_real_damage,08,fault,real,12,data/raw/paderborn/KI08/N15_M01_F10_KI08_12.mat,False,paderborn_channels_verified
paderborn_artificial_to_natural,artificial_to_real_damage,paderborn,paderborn_n15_m01_f10_ki08_13_multisensor,paderborn_n15_m01_f10_ki08_13,test,KI08,multisensor,current|force|speed|temperature|torque|vibration,N15,M01_F10,n15_m01_f10,bearing_real_damage,08,fault,real,13,data/raw/paderborn/KI08/N15_M01_F10_KI08_13.mat,False,paderborn_channels_verified
paderborn_artificial_to_natural,artificial_to_real_damage,paderborn,paderborn_n15_m01_f10_ki08_14_multisensor,paderborn_n15_m01_f10_ki08_14,test,KI08,multisensor,current|force|speed|temperature|torque|vibration,N15,M01_F10,n15_m01_f10,bearing_real_damage,08,fault,real,14,data/raw/paderborn/KI08/N15_M01_F10_KI08_14.mat,False,paderborn_channels_verified
paderborn_artificial_to_natural,artificial_to_real_damage,paderborn,paderborn_n15_m01_f10_ki08_15_multisensor,paderborn_n15_m01_f10_ki08_15,test,KI08,multisensor,current|force|speed|temperature|torque|vibration,N15,M01_F10,n15_m01_f10,bearing_real_damage,08,fault,real,15,data/raw/paderborn/KI08/N15_M01_F10_KI08_15.mat,False,paderborn_channels_verified
paderborn_artificial_to_natural,artificial_to_real_damage,paderborn,paderborn_n15_m01_f10_ki08_16_multisensor,paderborn_n15_m01_f10_ki08_16,test,KI08,multisensor,current|force|speed|temperature|torque|vibration,N15,M01_F10,n15_m01_f10,bearing_real_damage,08,fault,real,16,data/raw/paderborn/KI08/N15_M01_F10_KI08_16.mat,False,paderborn_channels_verified
paderborn_artificial_to_natural,artificial_to_real_damage,paderborn,paderborn_n15_m01_f10_ki08_17_multisensor,paderborn_n15_m01_f10_ki08_17,test,KI08,multisensor,current|force|speed|temperature|torque|vibration,N15,M01_F10,n15_m01_f10,bearing_real_damage,08,fault,real,17,data/raw/paderborn/KI08/N15_M01_F10_KI08_17.mat,False,paderborn_channels_verified
paderborn_artificial_to_natural,artificial_to_real_damage,paderborn,paderborn_n15_m01_f10_ki08_18_multisensor,paderborn_n15_m01_f10_ki08_18,test,KI08,multisensor,current|force|speed|temperature|torque|vibration,N15,M01_F10,n15_m01_f10,bearing_real_damage,08,fault,real,18,data/raw/paderborn/KI08/N15_M01_F10_KI08_18.mat,False,paderborn_channels_verified
paderborn_artificial_to_natural,artificial_to_real_damage,paderborn,paderborn_n15_m01_f10_ki08_19_multisensor,paderborn_n15_m01_f10_ki08_19,test,KI08,multisensor,current|force|speed|temperature|torque|vibration,N15,M01_F10,n15_m01_f10,bearing_real_damage,08,fault,real,19,data/raw/paderborn/KI08/N15_M01_F10_KI08_19.mat,False,paderborn_channels_verified
paderborn_artificial_to_natural,artificial_to_real_damage,paderborn,paderborn_n15_m01_f10_ki08_1_multisensor,paderborn_n15_m01_f10_ki08_1,test,KI08,multisensor,current|force|speed|temperature|torque|vibration,N15,M01_F10,n15_m01_f10,bearing_real_damage,08,fault,real,1,data/raw/paderborn/KI08/N15_M01_F10_KI08_1.mat,False,paderborn_channels_verified
paderborn_artificial_to_natural,artificial_to_real_damage,paderborn,paderborn_n15_m01_f10_ki08_20_multisensor,paderborn_n15_m01_f10_ki08_20,test,KI08,multisensor,current|force|speed|temperature|torque|vibration,N15,M01_F10,n15_m01_f10,bearing_real_damage,08,fault,real,20,data/raw/paderborn/KI08/N15_M01_F10_KI08_20.mat,False,paderborn_channels_verified
paderborn_artificial_to_natural,artificial_to_real_damage,paderborn,paderborn_n15_m01_f10_ki08_2_multisensor,paderborn_n15_m01_f10_ki08_2,test,KI08,multisensor,current|force|speed|temperature|torque|vibration,N15,M01_F10,n15_m01_f10,bearing_real_damage,08,fault,real,2,data/raw/paderborn/KI08/N15_M01_F10_KI08_2.mat,False,paderborn_channels_verified
paderborn_artificial_to_natural,artificial_to_real_damage,paderborn,paderborn_n15_m01_f10_ki08_3_multisensor,paderborn_n15_m01_f10_ki08_3,test,KI08,multisensor,current|force|speed|temperature|torque|vibration,N15,M01_F10,n15_m01_f10,bearing_real_damage,08,fault,real,3,data/raw/paderborn/KI08/N15_M01_F10_KI08_3.mat,False,paderborn_channels_verified
paderborn_artificial_to_natural,artificial_to_real_damage,paderborn,paderborn_n15_m01_f10_ki08_4_multisensor,paderborn_n15_m01_f10_ki08_4,test,KI08,multisensor,current|force|speed|temperature|torque|vibration,N15,M01_F10,n15_m01_f10,bearing_real_damage,08,fault,real,4,data/raw/paderborn/KI08/N15_M01_F10_KI08_4.mat,False,paderborn_channels_verified
paderborn_artificial_to_natural,artificial_to_real_damage,paderborn,paderborn_n15_m01_f10_ki08_5_multisensor,paderborn_n15_m01_f10_ki08_5,test,KI08,multisensor,current|force|speed|temperature|torque|vibration,N15,M01_F10,n15_m01_f10,bearing_real_damage,08,fault,real,5,data/raw/paderborn/KI08/N15_M01_F10_KI08_5.mat,False,paderborn_channels_verified
paderborn_artificial_to_natural,artificial_to_real_damage,paderborn,paderborn_n15_m01_f10_ki08_6_multisensor,paderborn_n15_m01_f10_ki08_6,test,KI08,multisensor,current|force|speed|temperature|torque|vibration,N15,M01_F10,n15_m01_f10,bearing_real_damage,08,fault,real,6,data/raw/paderborn/KI08/N15_M01_F10_KI08_6.mat,False,paderborn_channels_verified
paderborn_artificial_to_natural,artificial_to_real_damage,paderborn,paderborn_n15_m01_f10_ki08_7_multisensor,paderborn_n15_m01_f10_ki08_7,test,KI08,multisensor,current|force|speed|temperature|torque|vibration,N15,M01_F10,n15_m01_f10,bearing_real_damage,08,fault,real,7,data/raw/paderborn/KI08/N15_M01_F10_KI08_7.mat,False,paderborn_channels_verified
paderborn_artificial_to_natural,artificial_to_real_damage,paderborn,paderborn_n15_m01_f10_ki08_8_multisensor,paderborn_n15_m01_f10_ki08_8,test,KI08,multisensor,current|force|speed|temperature|torque|vibration,N15,M01_F10,n15_m01_f10,bearing_real_damage,08,fault,real,8,data/raw/paderborn/KI08/N15_M01_F10_KI08_8.mat,False,paderborn_channels_verified
paderborn_artificial_to_natural,artificial_to_real_damage,paderborn,paderborn_n15_m01_f10_ki08_9_multisensor,paderborn_n15_m01_f10_ki08_9,test,KI08,multisensor,current|force|speed|temperature|torque|vibration,N15,M01_F10,n15_m01_f10,bearing_real_damage,08,fault,real,9,data/raw/paderborn/KI08/N15_M01_F10_KI08_9.mat,False,paderborn_channels_verified
paderborn_artificial_to_natural,artificial_to_real_damage,paderborn,paderborn_n15_m07_f04_ki08_10_multisensor,paderborn_n15_m07_f04_ki08_10,test,KI08,multisensor,current|force|speed|temperature|torque|vibration,N15,M07_F04,n15_m07_f04,bearing_real_damage,08,fault,real,10,data/raw/paderborn/KI08/N15_M07_F04_KI08_10.mat,False,paderborn_channels_verified
paderborn_artificial_to_natural,artificial_to_real_damage,paderborn,paderborn_n15_m07_f04_ki08_11_multisensor,paderborn_n15_m07_f04_ki08_11,test,KI08,multisensor,current|force|speed|temperature|torque|vibration,N15,M07_F04,n15_m07_f04,bearing_real_damage,08,fault,real,11,data/raw/paderborn/KI08/N15_M07_F04_KI08_11.mat,False,paderborn_channels_verified
paderborn_artificial_to_natural,artificial_to_real_damage,paderborn,paderborn_n15_m07_f04_ki08_12_multisensor,paderborn_n15_m07_f04_ki08_12,test,KI08,multisensor,current|force|speed|temperature|torque|vibration,N15,M07_F04,n15_m07_f04,bearing_real_damage,08,fault,real,12,data/raw/paderborn/KI08/N15_M07_F04_KI08_12.mat,False,paderborn_channels_verified
paderborn_artificial_to_natural,artificial_to_real_damage,paderborn,paderborn_n15_m07_f04_ki08_13_multisensor,paderborn_n15_m07_f04_ki08_13,test,KI08,multisensor,current|force|speed|temperature|torque|vibration,N15,M07_F04,n15_m07_f04,bearing_real_damage,08,fault,real,13,data/raw/paderborn/KI08/N15_M07_F04_KI08_13.mat,False,paderborn_channels_verified
paderborn_artificial_to_natural,artificial_to_real_damage,paderborn,paderborn_n15_m07_f04_ki08_14_multisensor,paderborn_n15_m07_f04_ki08_14,test,KI08,multisensor,current|force|speed|temperature|torque|vibration,N15,M07_F04,n15_m07_f04,bearing_real_damage,08,fault,real,14,data/raw/paderborn/KI08/N15_M07_F04_KI08_14.mat,False,paderborn_channels_verified
paderborn_artificial_to_natural,artificial_to_real_damage,paderborn,paderborn_n15_m07_f04_ki08_15_multisensor,paderborn_n15_m07_f04_ki08_15,test,KI08,multisensor,current|force|speed|temperature|torque|vibration,N15,M07_F04,n15_m07_f04,bearing_real_damage,08,fault,real,15,data/raw/paderborn/KI08/N15_M07_F04_KI08_15.mat,False,paderborn_channels_verified
paderborn_artificial_to_natural,artificial_to_real_damage,paderborn,paderborn_n15_m07_f04_ki08_16_multisensor,paderborn_n15_m07_f04_ki08_16,test,KI08,multisensor,current|force|speed|temperature|torque|vibration,N15,M07_F04,n15_m07_f04,bearing_real_damage,08,fault,real,16,data/raw/paderborn/KI08/N15_M07_F04_KI08_16.mat,False,paderborn_channels_verified
paderborn_artificial_to_natural,artificial_to_real_damage,paderborn,paderborn_n15_m07_f04_ki08_17_multisensor,paderborn_n15_m07_f04_ki08_17,test,KI08,multisensor,current|force|speed|temperature|torque|vibration,N15,M07_F04,n15_m07_f04,bearing_real_damage,08,fault,real,17,data/raw/paderborn/KI08/N15_M07_F04_KI08_17.mat,False,paderborn_channels_verified
paderborn_artificial_to_natural,artificial_to_real_damage,paderborn,paderborn_n15_m07_f04_ki08_18_multisensor,paderborn_n15_m07_f04_ki08_18,test,KI08,multisensor,current|force|speed|temperature|torque|vibration,N15,M07_F04,n15_m07_f04,bearing_real_damage,08,fault,real,18,data/raw/paderborn/KI08/N15_M07_F04_KI08_18.mat,False,paderborn_channels_verified
paderborn_artificial_to_natural,artificial_to_real_damage,paderborn,paderborn_n15_m07_f04_ki08_19_multisensor,paderborn_n15_m07_f04_ki08_19,test,KI08,multisensor,current|force|speed|temperature|torque|vibration,N15,M07_F04,n15_m07_f04,bearing_real_damage,08,fault,real,19,data/raw/paderborn/KI08/N15_M07_F04_KI08_19.mat,False,paderborn_channels_verified
paderborn_artificial_to_natural,artificial_to_real_damage,paderborn,paderborn_n15_m07_f04_ki08_1_multisensor,paderborn_n15_m07_f04_ki08_1,test,KI08,multisensor,current|force|speed|temperature|torque|vibration,N15,M07_F04,n15_m07_f04,bearing_real_damage,08,fault,real,1,data/raw/paderborn/KI08/N15_M07_F04_KI08_1.mat,False,paderborn_channels_verified
paderborn_artificial_to_natural,artificial_to_real_damage,paderborn,paderborn_n15_m07_f04_ki08_20_multisensor,paderborn_n15_m07_f04_ki08_20,test,KI08,multisensor,current|force|speed|temperature|torque|vibration,N15,M07_F04,n15_m07_f04,bearing_real_damage,08,fault,real,20,data/raw/paderborn/KI08/N15_M07_F04_KI08_20.mat,False,paderborn_channels_verified
paderborn_artificial_to_natural,artificial_to_real_damage,paderborn,paderborn_n15_m07_f04_ki08_2_multisensor,paderborn_n15_m07_f04_ki08_2,test,KI08,multisensor,current|force|speed|temperature|torque|vibration,N15,M07_F04,n15_m07_f04,bearing_real_damage,08,fault,real,2,data/raw/paderborn/KI08/N15_M07_F04_KI08_2.mat,False,paderborn_channels_verified
paderborn_artificial_to_natural,artificial_to_real_damage,paderborn,paderborn_n15_m07_f04_ki08_3_multisensor,paderborn_n15_m07_f04_ki08_3,test,KI08,multisensor,current|force|speed|temperature|torque|vibration,N15,M07_F04,n15_m07_f04,bearing_real_damage,08,fault,real,3,data/raw/paderborn/KI08/N15_M07_F04_KI08_3.mat,False,paderborn_channels_verified
paderborn_artificial_to_natural,artificial_to_real_damage,paderborn,paderborn_n15_m07_f04_ki08_4_multisensor,paderborn_n15_m07_f04_ki08_4,test,KI08,multisensor,current|force|speed|temperature|torque|vibration,N15,M07_F04,n15_m07_f04,bearing_real_damage,08,fault,real,4,data/raw/paderborn/KI08/N15_M07_F04_KI08_4.mat,False,paderborn_channels_verified
paderborn_artificial_to_natural,artificial_to_real_damage,paderborn,paderborn_n15_m07_f04_ki08_5_multisensor,paderborn_n15_m07_f04_ki08_5,test,KI08,multisensor,current|force|speed|temperature|torque|vibration,N15,M07_F04,n15_m07_f04,bearing_real_damage,08,fault,real,5,data/raw/paderborn/KI08/N15_M07_F04_KI08_5.mat,False,paderborn_channels_verified
paderborn_artificial_to_natural,artificial_to_real_damage,paderborn,paderborn_n15_m07_f04_ki08_6_multisensor,paderborn_n15_m07_f04_ki08_6,test,KI08,multisensor,current|force|speed|temperature|torque|vibration,N15,M07_F04,n15_m07_f04,bearing_real_damage,08,fault,real,6,data/raw/paderborn/KI08/N15_M07_F04_KI08_6.mat,False,paderborn_channels_verified
paderborn_artificial_to_natural,artificial_to_real_damage,paderborn,paderborn_n15_m07_f04_ki08_7_multisensor,paderborn_n15_m07_f04_ki08_7,test,KI08,multisensor,current|force|speed|temperature|torque|vibration,N15,M07_F04,n15_m07_f04,bearing_real_damage,08,fault,real,7,data/raw/paderborn/KI08/N15_M07_F04_KI08_7.mat,False,paderborn_channels_verified
paderborn_artificial_to_natural,artificial_to_real_damage,paderborn,paderborn_n15_m07_f04_ki08_8_multisensor,paderborn_n15_m07_f04_ki08_8,test,KI08,multisensor,current|force|speed|temperature|torque|vibration,N15,M07_F04,n15_m07_f04,bearing_real_damage,08,fault,real,8,data/raw/paderborn/KI08/N15_M07_F04_KI08_8.mat,False,paderborn_channels_verified
paderborn_artificial_to_natural,artificial_to_real_damage,paderborn,paderborn_n15_m07_f04_ki08_9_multisensor,paderborn_n15_m07_f04_ki08_9,test,KI08,multisensor,current|force|speed|temperature|torque|vibration,N15,M07_F04,n15_m07_f04,bearing_real_damage,08,fault,real,9,data/raw/paderborn/KI08/N15_M07_F04_KI08_9.mat,False,paderborn_channels_verified
paderborn_artificial_to_natural,artificial_to_real_damage,paderborn,paderborn_n15_m07_f10_ki08_10_multisensor,paderborn_n15_m07_f10_ki08_10,test,KI08,multisensor,current|force|speed|temperature|torque|vibration,N15,M07_F10,n15_m07_f10,bearing_real_damage,08,fault,real,10,data/raw/paderborn/KI08/N15_M07_F10_KI08_10.mat,False,paderborn_channels_verified
paderborn_artificial_to_natural,artificial_to_real_damage,paderborn,paderborn_n15_m07_f10_ki08_11_multisensor,paderborn_n15_m07_f10_ki08_11,test,KI08,multisensor,current|force|speed|temperature|torque|vibration,N15,M07_F10,n15_m07_f10,bearing_real_damage,08,fault,real,11,data/raw/paderborn/KI08/N15_M07_F10_KI08_11.mat,False,paderborn_channels_verified
paderborn_artificial_to_natural,artificial_to_real_damage,paderborn,paderborn_n15_m07_f10_ki08_12_multisensor,paderborn_n15_m07_f10_ki08_12,test,KI08,multisensor,current|force|speed|temperature|torque|vibration,N15,M07_F10,n15_m07_f10,bearing_real_damage,08,fault,real,12,data/raw/paderborn/KI08/N15_M07_F10_KI08_12.mat,False,paderborn_channels_verified
paderborn_artificial_to_natural,artificial_to_real_damage,paderborn,paderborn_n15_m07_f10_ki08_13_multisensor,paderborn_n15_m07_f10_ki08_13,test,KI08,multisensor,current|force|speed|temperature|torque|vibration,N15,M07_F10,n15_m07_f10,bearing_real_damage,08,fault,real,13,data/raw/paderborn/KI08/N15_M07_F10_KI08_13.mat,False,paderborn_channels_verified
paderborn_artificial_to_natural,artificial_to_real_damage,paderborn,paderborn_n15_m07_f10_ki08_14_multisensor,paderborn_n15_m07_f10_ki08_14,test,KI08,multisensor,current|force|speed|temperature|torque|vibration,N15,M07_F10,n15_m07_f10,bearing_real_damage,08,fault,real,14,data/raw/paderborn/KI08/N15_M07_F10_KI08_14.mat,False,paderborn_channels_verified
paderborn_artificial_to_natural,artificial_to_real_damage,paderborn,paderborn_n15_m07_f10_ki08_15_multisensor,paderborn_n15_m07_f10_ki08_15,test,KI08,multisensor,current|force|speed|temperature|torque|vibration,N15,M07_F10,n15_m07_f10,bearing_real_damage,08,fault,real,15,data/raw/paderborn/KI08/N15_M07_F10_KI08_15.mat,False,paderborn_channels_verified
paderborn_artificial_to_natural,artificial_to_real_damage,paderborn,paderborn_n15_m07_f10_ki08_16_multisensor,paderborn_n15_m07_f10_ki08_16,test,KI08,multisensor,current|force|speed|temperature|torque|vibration,N15,M07_F10,n15_m07_f10,bearing_real_damage,08,fault,real,16,data/raw/paderborn/KI08/N15_M07_F10_KI08_16.mat,False,paderborn_channels_verified
paderborn_artificial_to_natural,artificial_to_real_damage,paderborn,paderborn_n15_m07_f10_ki08_17_multisensor,paderborn_n15_m07_f10_ki08_17,test,KI08,multisensor,current|force|speed|temperature|torque|vibration,N15,M07_F10,n15_m07_f10,bearing_real_damage,08,fault,real,17,data/raw/paderborn/KI08/N15_M07_F10_KI08_17.mat,False,paderborn_channels_verified
paderborn_artificial_to_natural,artificial_to_real_damage,paderborn,paderborn_n15_m07_f10_ki08_18_multisensor,paderborn_n15_m07_f10_ki08_18,test,KI08,multisensor,current|force|speed|temperature|torque|vibration,N15,M07_F10,n15_m07_f10,bearing_real_damage,08,fault,real,18,data/raw/paderborn/KI08/N15_M07_F10_KI08_18.mat,False,paderborn_channels_verified
paderborn_artificial_to_natural,artificial_to_real_damage,paderborn,paderborn_n15_m07_f10_ki08_19_multisensor,paderborn_n15_m07_f10_ki08_19,test,KI08,multisensor,current|force|speed|temperature|torque|vibration,N15,M07_F10,n15_m07_f10,bearing_real_damage,08,fault,real,19,data/raw/paderborn/KI08/N15_M07_F10_KI08_19.mat,False,paderborn_channels_verified
paderborn_artificial_to_natural,artificial_to_real_damage,paderborn,paderborn_n15_m07_f10_ki08_1_multisensor,paderborn_n15_m07_f10_ki08_1,test,KI08,multisensor,current|force|speed|temperature|torque|vibration,N15,M07_F10,n15_m07_f10,bearing_real_damage,08,fault,real,1,data/raw/paderborn/KI08/N15_M07_F10_KI08_1.mat,False,paderborn_channels_verified
paderborn_artificial_to_natural,artificial_to_real_damage,paderborn,paderborn_n15_m07_f10_ki08_20_multisensor,paderborn_n15_m07_f10_ki08_20,test,KI08,multisensor,current|force|speed|temperature|torque|vibration,N15,M07_F10,n15_m07_f10,bearing_real_damage,08,fault,real,20,data/raw/paderborn/KI08/N15_M07_F10_KI08_20.mat,False,paderborn_channels_verified
paderborn_artificial_to_natural,artificial_to_real_damage,paderborn,paderborn_n15_m07_f10_ki08_2_multisensor,paderborn_n15_m07_f10_ki08_2,test,KI08,multisensor,current|force|speed|temperature|torque|vibration,N15,M07_F10,n15_m07_f10,bearing_real_damage,08,fault,real,2,data/raw/paderborn/KI08/N15_M07_F10_KI08_2.mat,False,paderborn_channels_verified
paderborn_artificial_to_natural,artificial_to_real_damage,paderborn,paderborn_n15_m07_f10_ki08_3_multisensor,paderborn_n15_m07_f10_ki08_3,test,KI08,multisensor,current|force|speed|temperature|torque|vibration,N15,M07_F10,n15_m07_f10,bearing_real_damage,08,fault,real,3,data/raw/paderborn/KI08/N15_M07_F10_KI08_3.mat,False,paderborn_channels_verified
paderborn_artificial_to_natural,artificial_to_real_damage,paderborn,paderborn_n15_m07_f10_ki08_4_multisensor,paderborn_n15_m07_f10_ki08_4,test,KI08,multisensor,current|force|speed|temperature|torque|vibration,N15,M07_F10,n15_m07_f10,bearing_real_damage,08,fault,real,4,data/raw/paderborn/KI08/N15_M07_F10_KI08_4.mat,False,paderborn_channels_verified
paderborn_artificial_to_natural,artificial_to_real_damage,paderborn,paderborn_n15_m07_f10_ki08_5_multisensor,paderborn_n15_m07_f10_ki08_5,test,KI08,multisensor,current|force|speed|temperature|torque|vibration,N15,M07_F10,n15_m07_f10,bearing_real_damage,08,fault,real,5,data/raw/paderborn/KI08/N15_M07_F10_KI08_5.mat,False,paderborn_channels_verified
paderborn_artificial_to_natural,artificial_to_real_damage,paderborn,paderborn_n15_m07_f10_ki08_6_multisensor,paderborn_n15_m07_f10_ki08_6,test,KI08,multisensor,current|force|speed|temperature|torque|vibration,N15,M07_F10,n15_m07_f10,bearing_real_damage,08,fault,real,6,data/raw/paderborn/KI08/N15_M07_F10_KI08_6.mat,False,paderborn_channels_verified
paderborn_artificial_to_natural,artificial_to_real_damage,paderborn,paderborn_n15_m07_f10_ki08_7_multisensor,paderborn_n15_m07_f10_ki08_7,test,KI08,multisensor,current|force|speed|temperature|torque|vibration,N15,M07_F10,n15_m07_f10,bearing_real_damage,08,fault,real,7,data/raw/paderborn/KI08/N15_M07_F10_KI08_7.mat,False,paderborn_channels_verified
paderborn_artificial_to_natural,artificial_to_real_damage,paderborn,paderborn_n15_m07_f10_ki08_8_multisensor,paderborn_n15_m07_f10_ki08_8,test,KI08,multisensor,current|force|speed|temperature|torque|vibration,N15,M07_F10,n15_m07_f10,bearing_real_damage,08,fault,real,8,data/raw/paderborn/KI08/N15_M07_F10_KI08_8.mat,False,paderborn_channels_verified
paderborn_artificial_to_natural,artificial_to_real_damage,paderborn,paderborn_n15_m07_f10_ki08_9_multisensor,paderborn_n15_m07_f10_ki08_9,test,KI08,multisensor,current|force|speed|temperature|torque|vibration,N15,M07_F10,n15_m07_f10,bearing_real_damage,08,fault,real,9,data/raw/paderborn/KI08/N15_M07_F10_KI08_9.mat,False,paderborn_channels_verified
paderborn_artificial_to_natural,artificial_to_real_damage,paderborn,paderborn_n09_m07_f10_ki14_10_multisensor,paderborn_n09_m07_f10_ki14_10,test,KI14,multisensor,current|force|speed|temperature|torque|vibration,N09,M07_F10,n09_m07_f10,bearing_real_damage,14,fault,real,10,data/raw/paderborn/KI14/N09_M07_F10_KI14_10.mat,False,paderborn_channels_verified
paderborn_artificial_to_natural,artificial_to_real_damage,paderborn,paderborn_n09_m07_f10_ki14_11_multisensor,paderborn_n09_m07_f10_ki14_11,test,KI14,multisensor,current|force|speed|temperature|torque|vibration,N09,M07_F10,n09_m07_f10,bearing_real_damage,14,fault,real,11,data/raw/paderborn/KI14/N09_M07_F10_KI14_11.mat,False,paderborn_channels_verified
paderborn_artificial_to_natural,artificial_to_real_damage,paderborn,paderborn_n09_m07_f10_ki14_12_multisensor,paderborn_n09_m07_f10_ki14_12,test,KI14,multisensor,current|force|speed|temperature|torque|vibration,N09,M07_F10,n09_m07_f10,bearing_real_damage,14,fault,real,12,data/raw/paderborn/KI14/N09_M07_F10_KI14_12.mat,False,paderborn_channels_verified
paderborn_artificial_to_natural,artificial_to_real_damage,paderborn,paderborn_n09_m07_f10_ki14_13_multisensor,paderborn_n09_m07_f10_ki14_13,test,KI14,multisensor,current|force|speed|temperature|torque|vibration,N09,M07_F10,n09_m07_f10,bearing_real_damage,14,fault,real,13,data/raw/paderborn/KI14/N09_M07_F10_KI14_13.mat,False,paderborn_channels_verified
paderborn_artificial_to_natural,artificial_to_real_damage,paderborn,paderborn_n09_m07_f10_ki14_14_multisensor,paderborn_n09_m07_f10_ki14_14,test,KI14,multisensor,current|force|speed|temperature|torque|vibration,N09,M07_F10,n09_m07_f10,bearing_real_damage,14,fault,real,14,data/raw/paderborn/KI14/N09_M07_F10_KI14_14.mat,False,paderborn_channels_verified
paderborn_artificial_to_natural,artificial_to_real_damage,paderborn,paderborn_n09_m07_f10_ki14_15_multisensor,paderborn_n09_m07_f10_ki14_15,test,KI14,multisensor,current|force|speed|temperature|torque|vibration,N09,M07_F10,n09_m07_f10,bearing_real_damage,14,fault,real,15,data/raw/paderborn/KI14/N09_M07_F10_KI14_15.mat,False,paderborn_channels_verified
paderborn_artificial_to_natural,artificial_to_real_damage,paderborn,paderborn_n09_m07_f10_ki14_16_multisensor,paderborn_n09_m07_f10_ki14_16,test,KI14,multisensor,current|force|speed|temperature|torque|vibration,N09,M07_F10,n09_m07_f10,bearing_real_damage,14,fault,real,16,data/raw/paderborn/KI14/N09_M07_F10_KI14_16.mat,False,paderborn_channels_verified
paderborn_artificial_to_natural,artificial_to_real_damage,paderborn,paderborn_n09_m07_f10_ki14_17_multisensor,paderborn_n09_m07_f10_ki14_17,test,KI14,multisensor,current|force|speed|temperature|torque|vibration,N09,M07_F10,n09_m07_f10,bearing_real_damage,14,fault,real,17,data/raw/paderborn/KI14/N09_M07_F10_KI14_17.mat,False,paderborn_channels_verified
paderborn_artificial_to_natural,artificial_to_real_damage,paderborn,paderborn_n09_m07_f10_ki14_18_multisensor,paderborn_n09_m07_f10_ki14_18,test,KI14,multisensor,current|force|speed|temperature|torque|vibration,N09,M07_F10,n09_m07_f10,bearing_real_damage,14,fault,real,18,data/raw/paderborn/KI14/N09_M07_F10_KI14_18.mat,False,paderborn_channels_verified
paderborn_artificial_to_natural,artificial_to_real_damage,paderborn,paderborn_n09_m07_f10_ki14_19_multisensor,paderborn_n09_m07_f10_ki14_19,test,KI14,multisensor,current|force|speed|temperature|torque|vibration,N09,M07_F10,n09_m07_f10,bearing_real_damage,14,fault,real,19,data/raw/paderborn/KI14/N09_M07_F10_KI14_19.mat,False,paderborn_channels_verified
paderborn_artificial_to_natural,artificial_to_real_damage,paderborn,paderborn_n09_m07_f10_ki14_1_multisensor,paderborn_n09_m07_f10_ki14_1,test,KI14,multisensor,current|force|speed|temperature|torque|vibration,N09,M07_F10,n09_m07_f10,bearing_real_damage,14,fault,real,1,data/raw/paderborn/KI14/N09_M07_F10_KI14_1.mat,False,paderborn_channels_verified
paderborn_artificial_to_natural,artificial_to_real_damage,paderborn,paderborn_n09_m07_f10_ki14_20_multisensor,paderborn_n09_m07_f10_ki14_20,test,KI14,multisensor,current|force|speed|temperature|torque|vibration,N09,M07_F10,n09_m07_f10,bearing_real_damage,14,fault,real,20,data/raw/paderborn/KI14/N09_M07_F10_KI14_20.mat,False,paderborn_channels_verified
paderborn_artificial_to_natural,artificial_to_real_damage,paderborn,paderborn_n09_m07_f10_ki14_2_multisensor,paderborn_n09_m07_f10_ki14_2,test,KI14,multisensor,current|force|speed|temperature|torque|vibration,N09,M07_F10,n09_m07_f10,bearing_real_damage,14,fault,real,2,data/raw/paderborn/KI14/N09_M07_F10_KI14_2.mat,False,paderborn_channels_verified
paderborn_artificial_to_natural,artificial_to_real_damage,paderborn,paderborn_n09_m07_f10_ki14_3_multisensor,paderborn_n09_m07_f10_ki14_3,test,KI14,multisensor,current|force|speed|temperature|torque|vibration,N09,M07_F10,n09_m07_f10,bearing_real_damage,14,fault,real,3,data/raw/paderborn/KI14/N09_M07_F10_KI14_3.mat,False,paderborn_channels_verified
paderborn_artificial_to_natural,artificial_to_real_damage,paderborn,paderborn_n09_m07_f10_ki14_4_multisensor,paderborn_n09_m07_f10_ki14_4,test,KI14,multisensor,current|force|speed|temperature|torque|vibration,N09,M07_F10,n09_m07_f10,bearing_real_damage,14,fault,real,4,data/raw/paderborn/KI14/N09_M07_F10_KI14_4.mat,False,paderborn_channels_verified
paderborn_artificial_to_natural,artificial_to_real_damage,paderborn,paderborn_n09_m07_f10_ki14_5_multisensor,paderborn_n09_m07_f10_ki14_5,test,KI14,multisensor,current|force|speed|temperature|torque|vibration,N09,M07_F10,n09_m07_f10,bearing_real_damage,14,fault,real,5,data/raw/paderborn/KI14/N09_M07_F10_KI14_5.mat,False,paderborn_channels_verified
paderborn_artificial_to_natural,artificial_to_real_damage,paderborn,paderborn_n09_m07_f10_ki14_6_multisensor,paderborn_n09_m07_f10_ki14_6,test,KI14,multisensor,current|force|speed|temperature|torque|vibration,N09,M07_F10,n09_m07_f10,bearing_real_damage,14,fault,real,6,data/raw/paderborn/KI14/N09_M07_F10_KI14_6.mat,False,paderborn_channels_verified
paderborn_artificial_to_natural,artificial_to_real_damage,paderborn,paderborn_n09_m07_f10_ki14_7_multisensor,paderborn_n09_m07_f10_ki14_7,test,KI14,multisensor,current|force|speed|temperature|torque|vibration,N09,M07_F10,n09_m07_f10,bearing_real_damage,14,fault,real,7,data/raw/paderborn/KI14/N09_M07_F10_KI14_7.mat,False,paderborn_channels_verified
paderborn_artificial_to_natural,artificial_to_real_damage,paderborn,paderborn_n09_m07_f10_ki14_8_multisensor,paderborn_n09_m07_f10_ki14_8,test,KI14,multisensor,current|force|speed|temperature|torque|vibration,N09,M07_F10,n09_m07_f10,bearing_real_damage,14,fault,real,8,data/raw/paderborn/KI14/N09_M07_F10_KI14_8.mat,False,paderborn_channels_verified
paderborn_artificial_to_natural,artificial_to_real_damage,paderborn,paderborn_n09_m07_f10_ki14_9_multisensor,paderborn_n09_m07_f10_ki14_9,test,KI14,multisensor,current|force|speed|temperature|torque|vibration,N09,M07_F10,n09_m07_f10,bearing_real_damage,14,fault,real,9,data/raw/paderborn/KI14/N09_M07_F10_KI14_9.mat,False,paderborn_channels_verified
paderborn_artificial_to_natural,artificial_to_real_damage,paderborn,paderborn_n15_m01_f10_ki14_10_multisensor,paderborn_n15_m01_f10_ki14_10,test,KI14,multisensor,current|force|speed|temperature|torque|vibration,N15,M01_F10,n15_m01_f10,bearing_real_damage,14,fault,real,10,data/raw/paderborn/KI14/N15_M01_F10_KI14_10.mat,False,paderborn_channels_verified
paderborn_artificial_to_natural,artificial_to_real_damage,paderborn,paderborn_n15_m01_f10_ki14_11_multisensor,paderborn_n15_m01_f10_ki14_11,test,KI14,multisensor,current|force|speed|temperature|torque|vibration,N15,M01_F10,n15_m01_f10,bearing_real_damage,14,fault,real,11,data/raw/paderborn/KI14/N15_M01_F10_KI14_11.mat,False,paderborn_channels_verified
paderborn_artificial_to_natural,artificial_to_real_damage,paderborn,paderborn_n15_m01_f10_ki14_12_multisensor,paderborn_n15_m01_f10_ki14_12,test,KI14,multisensor,current|force|speed|temperature|torque|vibration,N15,M01_F10,n15_m01_f10,bearing_real_damage,14,fault,real,12,data/raw/paderborn/KI14/N15_M01_F10_KI14_12.mat,False,paderborn_channels_verified
paderborn_artificial_to_natural,artificial_to_real_damage,paderborn,paderborn_n15_m01_f10_ki14_13_multisensor,paderborn_n15_m01_f10_ki14_13,test,KI14,multisensor,current|force|speed|temperature|torque|vibration,N15,M01_F10,n15_m01_f10,bearing_real_damage,14,fault,real,13,data/raw/paderborn/KI14/N15_M01_F10_KI14_13.mat,False,paderborn_channels_verified
paderborn_artificial_to_natural,artificial_to_real_damage,paderborn,paderborn_n15_m01_f10_ki14_14_multisensor,paderborn_n15_m01_f10_ki14_14,test,KI14,multisensor,current|force|speed|temperature|torque|vibration,N15,M01_F10,n15_m01_f10,bearing_real_damage,14,fault,real,14,data/raw/paderborn/KI14/N15_M01_F10_KI14_14.mat,False,paderborn_channels_verified
paderborn_artificial_to_natural,artificial_to_real_damage,paderborn,paderborn_n15_m01_f10_ki14_15_multisensor,paderborn_n15_m01_f10_ki14_15,test,KI14,multisensor,current|force|speed|temperature|torque|vibration,N15,M01_F10,n15_m01_f10,bearing_real_damage,14,fault,real,15,data/raw/paderborn/KI14/N15_M01_F10_KI14_15.mat,False,paderborn_channels_verified
paderborn_artificial_to_natural,artificial_to_real_damage,paderborn,paderborn_n15_m01_f10_ki14_16_multisensor,paderborn_n15_m01_f10_ki14_16,test,KI14,multisensor,current|force|speed|temperature|torque|vibration,N15,M01_F10,n15_m01_f10,bearing_real_damage,14,fault,real,16,data/raw/paderborn/KI14/N15_M01_F10_KI14_16.mat,False,paderborn_channels_verified
paderborn_artificial_to_natural,artificial_to_real_damage,paderborn,paderborn_n15_m01_f10_ki14_17_multisensor,paderborn_n15_m01_f10_ki14_17,test,KI14,multisensor,current|force|speed|temperature|torque|vibration,N15,M01_F10,n15_m01_f10,bearing_real_damage,14,fault,real,17,data/raw/paderborn/KI14/N15_M01_F10_KI14_17.mat,False,paderborn_channels_verified
paderborn_artificial_to_natural,artificial_to_real_damage,paderborn,paderborn_n15_m01_f10_ki14_18_multisensor,paderborn_n15_m01_f10_ki14_18,test,KI14,multisensor,current|force|speed|temperature|torque|vibration,N15,M01_F10,n15_m01_f10,bearing_real_damage,14,fault,real,18,data/raw/paderborn/KI14/N15_M01_F10_KI14_18.mat,False,paderborn_channels_verified
paderborn_artificial_to_natural,artificial_to_real_damage,paderborn,paderborn_n15_m01_f10_ki14_19_multisensor,paderborn_n15_m01_f10_ki14_19,test,KI14,multisensor,current|force|speed|temperature|torque|vibration,N15,M01_F10,n15_m01_f10,bearing_real_damage,14,fault,real,19,data/raw/paderborn/KI14/N15_M01_F10_KI14_19.mat,False,paderborn_channels_verified
paderborn_artificial_to_natural,artificial_to_real_damage,paderborn,paderborn_n15_m01_f10_ki14_1_multisensor,paderborn_n15_m01_f10_ki14_1,test,KI14,multisensor,current|force|speed|temperature|torque|vibration,N15,M01_F10,n15_m01_f10,bearing_real_damage,14,fault,real,1,data/raw/paderborn/KI14/N15_M01_F10_KI14_1.mat,False,paderborn_channels_verified
paderborn_artificial_to_natural,artificial_to_real_damage,paderborn,paderborn_n15_m01_f10_ki14_20_multisensor,paderborn_n15_m01_f10_ki14_20,test,KI14,multisensor,current|force|speed|temperature|torque|vibration,N15,M01_F10,n15_m01_f10,bearing_real_damage,14,fault,real,20,data/raw/paderborn/KI14/N15_M01_F10_KI14_20.mat,False,paderborn_channels_verified
paderborn_artificial_to_natural,artificial_to_real_damage,paderborn,paderborn_n15_m01_f10_ki14_2_multisensor,paderborn_n15_m01_f10_ki14_2,test,KI14,multisensor,current|force|speed|temperature|torque|vibration,N15,M01_F10,n15_m01_f10,bearing_real_damage,14,fault,real,2,data/raw/paderborn/KI14/N15_M01_F10_KI14_2.mat,False,paderborn_channels_verified
paderborn_artificial_to_natural,artificial_to_real_damage,paderborn,paderborn_n15_m01_f10_ki14_3_multisensor,paderborn_n15_m01_f10_ki14_3,test,KI14,multisensor,current|force|speed|temperature|torque|vibration,N15,M01_F10,n15_m01_f10,bearing_real_damage,14,fault,real,3,data/raw/paderborn/KI14/N15_M01_F10_KI14_3.mat,False,paderborn_channels_verified
paderborn_artificial_to_natural,artificial_to_real_damage,paderborn,paderborn_n15_m01_f10_ki14_4_multisensor,paderborn_n15_m01_f10_ki14_4,test,KI14,multisensor,current|force|speed|temperature|torque|vibration,N15,M01_F10,n15_m01_f10,bearing_real_damage,14,fault,real,4,data/raw/paderborn/KI14/N15_M01_F10_KI14_4.mat,False,paderborn_channels_verified
paderborn_artificial_to_natural,artificial_to_real_damage,paderborn,paderborn_n15_m01_f10_ki14_5_multisensor,paderborn_n15_m01_f10_ki14_5,test,KI14,multisensor,current|force|speed|temperature|torque|vibration,N15,M01_F10,n15_m01_f10,bearing_real_damage,14,fault,real,5,data/raw/paderborn/KI14/N15_M01_F10_KI14_5.mat,False,paderborn_channels_verified
paderborn_artificial_to_natural,artificial_to_real_damage,paderborn,paderborn_n15_m01_f10_ki14_6_multisensor,paderborn_n15_m01_f10_ki14_6,test,KI14,multisensor,current|force|speed|temperature|torque|vibration,N15,M01_F10,n15_m01_f10,bearing_real_damage,14,fault,real,6,data/raw/paderborn/KI14/N15_M01_F10_KI14_6.mat,False,paderborn_channels_verified
paderborn_artificial_to_natural,artificial_to_real_damage,paderborn,paderborn_n15_m01_f10_ki14_7_multisensor,paderborn_n15_m01_f10_ki14_7,test,KI14,multisensor,current|force|speed|temperature|torque|vibration,N15,M01_F10,n15_m01_f10,bearing_real_damage,14,fault,real,7,data/raw/paderborn/KI14/N15_M01_F10_KI14_7.mat,False,paderborn_channels_verified
paderborn_artificial_to_natural,artificial_to_real_damage,paderborn,paderborn_n15_m01_f10_ki14_8_multisensor,paderborn_n15_m01_f10_ki14_8,test,KI14,multisensor,current|force|speed|temperature|torque|vibration,N15,M01_F10,n15_m01_f10,bearing_real_damage,14,fault,real,8,data/raw/paderborn/KI14/N15_M01_F10_KI14_8.mat,False,paderborn_channels_verified
paderborn_artificial_to_natural,artificial_to_real_damage,paderborn,paderborn_n15_m01_f10_ki14_9_multisensor,paderborn_n15_m01_f10_ki14_9,test,KI14,multisensor,current|force|speed|temperature|torque|vibration,N15,M01_F10,n15_m01_f10,bearing_real_damage,14,fault,real,9,data/raw/paderborn/KI14/N15_M01_F10_KI14_9.mat,False,paderborn_channels_verified
paderborn_artificial_to_natural,artificial_to_real_damage,paderborn,paderborn_n15_m07_f04_ki14_10_multisensor,paderborn_n15_m07_f04_ki14_10,test,KI14,multisensor,current|force|speed|temperature|torque|vibration,N15,M07_F04,n15_m07_f04,bearing_real_damage,14,fault,real,10,data/raw/paderborn/KI14/N15_M07_F04_KI14_10.mat,False,paderborn_channels_verified
paderborn_artificial_to_natural,artificial_to_real_damage,paderborn,paderborn_n15_m07_f04_ki14_11_multisensor,paderborn_n15_m07_f04_ki14_11,test,KI14,multisensor,current|force|speed|temperature|torque|vibration,N15,M07_F04,n15_m07_f04,bearing_real_damage,14,fault,real,11,data/raw/paderborn/KI14/N15_M07_F04_KI14_11.mat,False,paderborn_channels_verified
paderborn_artificial_to_natural,artificial_to_real_damage,paderborn,paderborn_n15_m07_f04_ki14_12_multisensor,paderborn_n15_m07_f04_ki14_12,test,KI14,multisensor,current|force|speed|temperature|torque|vibration,N15,M07_F04,n15_m07_f04,bearing_real_damage,14,fault,real,12,data/raw/paderborn/KI14/N15_M07_F04_KI14_12.mat,False,paderborn_channels_verified
paderborn_artificial_to_natural,artificial_to_real_damage,paderborn,paderborn_n15_m07_f04_ki14_13_multisensor,paderborn_n15_m07_f04_ki14_13,test,KI14,multisensor,current|force|speed|temperature|torque|vibration,N15,M07_F04,n15_m07_f04,bearing_real_damage,14,fault,real,13,data/raw/paderborn/KI14/N15_M07_F04_KI14_13.mat,False,paderborn_channels_verified
paderborn_artificial_to_natural,artificial_to_real_damage,paderborn,paderborn_n15_m07_f04_ki14_14_multisensor,paderborn_n15_m07_f04_ki14_14,test,KI14,multisensor,current|force|speed|temperature|torque|vibration,N15,M07_F04,n15_m07_f04,bearing_real_damage,14,fault,real,14,data/raw/paderborn/KI14/N15_M07_F04_KI14_14.mat,False,paderborn_channels_verified
paderborn_artificial_to_natural,artificial_to_real_damage,paderborn,paderborn_n15_m07_f04_ki14_15_multisensor,paderborn_n15_m07_f04_ki14_15,test,KI14,multisensor,current|force|speed|temperature|torque|vibration,N15,M07_F04,n15_m07_f04,bearing_real_damage,14,fault,real,15,data/raw/paderborn/KI14/N15_M07_F04_KI14_15.mat,False,paderborn_channels_verified
paderborn_artificial_to_natural,artificial_to_real_damage,paderborn,paderborn_n15_m07_f04_ki14_16_multisensor,paderborn_n15_m07_f04_ki14_16,test,KI14,multisensor,current|force|speed|temperature|torque|vibration,N15,M07_F04,n15_m07_f04,bearing_real_damage,14,fault,real,16,data/raw/paderborn/KI14/N15_M07_F04_KI14_16.mat,False,paderborn_channels_verified
paderborn_artificial_to_natural,artificial_to_real_damage,paderborn,paderborn_n15_m07_f04_ki14_17_multisensor,paderborn_n15_m07_f04_ki14_17,test,KI14,multisensor,current|force|speed|temperature|torque|vibration,N15,M07_F04,n15_m07_f04,bearing_real_damage,14,fault,real,17,data/raw/paderborn/KI14/N15_M07_F04_KI14_17.mat,False,paderborn_channels_verified
paderborn_artificial_to_natural,artificial_to_real_damage,paderborn,paderborn_n15_m07_f04_ki14_18_multisensor,paderborn_n15_m07_f04_ki14_18,test,KI14,multisensor,current|force|speed|temperature|torque|vibration,N15,M07_F04,n15_m07_f04,bearing_real_damage,14,fault,real,18,data/raw/paderborn/KI14/N15_M07_F04_KI14_18.mat,False,paderborn_channels_verified
paderborn_artificial_to_natural,artificial_to_real_damage,paderborn,paderborn_n15_m07_f04_ki14_19_multisensor,paderborn_n15_m07_f04_ki14_19,test,KI14,multisensor,current|force|speed|temperature|torque|vibration,N15,M07_F04,n15_m07_f04,bearing_real_damage,14,fault,real,19,data/raw/paderborn/KI14/N15_M07_F04_KI14_19.mat,False,paderborn_channels_verified
paderborn_artificial_to_natural,artificial_to_real_damage,paderborn,paderborn_n15_m07_f04_ki14_1_multisensor,paderborn_n15_m07_f04_ki14_1,test,KI14,multisensor,current|force|speed|temperature|torque|vibration,N15,M07_F04,n15_m07_f04,bearing_real_damage,14,fault,real,1,data/raw/paderborn/KI14/N15_M07_F04_KI14_1.mat,False,paderborn_channels_verified
paderborn_artificial_to_natural,artificial_to_real_damage,paderborn,paderborn_n15_m07_f04_ki14_20_multisensor,paderborn_n15_m07_f04_ki14_20,test,KI14,multisensor,current|force|speed|temperature|torque|vibration,N15,M07_F04,n15_m07_f04,bearing_real_damage,14,fault,real,20,data/raw/paderborn/KI14/N15_M07_F04_KI14_20.mat,False,paderborn_channels_verified
paderborn_artificial_to_natural,artificial_to_real_damage,paderborn,paderborn_n15_m07_f04_ki14_2_multisensor,paderborn_n15_m07_f04_ki14_2,test,KI14,multisensor,current|force|speed|temperature|torque|vibration,N15,M07_F04,n15_m07_f04,bearing_real_damage,14,fault,real,2,data/raw/paderborn/KI14/N15_M07_F04_KI14_2.mat,False,paderborn_channels_verified
paderborn_artificial_to_natural,artificial_to_real_damage,paderborn,paderborn_n15_m07_f04_ki14_3_multisensor,paderborn_n15_m07_f04_ki14_3,test,KI14,multisensor,current|force|speed|temperature|torque|vibration,N15,M07_F04,n15_m07_f04,bearing_real_damage,14,fault,real,3,data/raw/paderborn/KI14/N15_M07_F04_KI14_3.mat,False,paderborn_channels_verified
paderborn_artificial_to_natural,artificial_to_real_damage,paderborn,paderborn_n15_m07_f04_ki14_4_multisensor,paderborn_n15_m07_f04_ki14_4,test,KI14,multisensor,current|force|speed|temperature|torque|vibration,N15,M07_F04,n15_m07_f04,bearing_real_damage,14,fault,real,4,data/raw/paderborn/KI14/N15_M07_F04_KI14_4.mat,False,paderborn_channels_verified
paderborn_artificial_to_natural,artificial_to_real_damage,paderborn,paderborn_n15_m07_f04_ki14_5_multisensor,paderborn_n15_m07_f04_ki14_5,test,KI14,multisensor,current|force|speed|temperature|torque|vibration,N15,M07_F04,n15_m07_f04,bearing_real_damage,14,fault,real,5,data/raw/paderborn/KI14/N15_M07_F04_KI14_5.mat,False,paderborn_channels_verified
paderborn_artificial_to_natural,artificial_to_real_damage,paderborn,paderborn_n15_m07_f04_ki14_6_multisensor,paderborn_n15_m07_f04_ki14_6,test,KI14,multisensor,current|force|speed|temperature|torque|vibration,N15,M07_F04,n15_m07_f04,bearing_real_damage,14,fault,real,6,data/raw/paderborn/KI14/N15_M07_F04_KI14_6.mat,False,paderborn_channels_verified
paderborn_artificial_to_natural,artificial_to_real_damage,paderborn,paderborn_n15_m07_f04_ki14_7_multisensor,paderborn_n15_m07_f04_ki14_7,test,KI14,multisensor,current|force|speed|temperature|torque|vibration,N15,M07_F04,n15_m07_f04,bearing_real_damage,14,fault,real,7,data/raw/paderborn/KI14/N15_M07_F04_KI14_7.mat,False,paderborn_channels_verified
paderborn_artificial_to_natural,artificial_to_real_damage,paderborn,paderborn_n15_m07_f04_ki14_8_multisensor,paderborn_n15_m07_f04_ki14_8,test,KI14,multisensor,current|force|speed|temperature|torque|vibration,N15,M07_F04,n15_m07_f04,bearing_real_damage,14,fault,real,8,data/raw/paderborn/KI14/N15_M07_F04_KI14_8.mat,False,paderborn_channels_verified
paderborn_artificial_to_natural,artificial_to_real_damage,paderborn,paderborn_n15_m07_f04_ki14_9_multisensor,paderborn_n15_m07_f04_ki14_9,test,KI14,multisensor,current|force|speed|temperature|torque|vibration,N15,M07_F04,n15_m07_f04,bearing_real_damage,14,fault,real,9,data/raw/paderborn/KI14/N15_M07_F04_KI14_9.mat,False,paderborn_channels_verified
paderborn_artificial_to_natural,artificial_to_real_damage,paderborn,paderborn_n15_m07_f10_ki14_10_multisensor,paderborn_n15_m07_f10_ki14_10,test,KI14,multisensor,current|force|speed|temperature|torque|vibration,N15,M07_F10,n15_m07_f10,bearing_real_damage,14,fault,real,10,data/raw/paderborn/KI14/N15_M07_F10_KI14_10.mat,False,paderborn_channels_verified
paderborn_artificial_to_natural,artificial_to_real_damage,paderborn,paderborn_n15_m07_f10_ki14_11_multisensor,paderborn_n15_m07_f10_ki14_11,test,KI14,multisensor,current|force|speed|temperature|torque|vibration,N15,M07_F10,n15_m07_f10,bearing_real_damage,14,fault,real,11,data/raw/paderborn/KI14/N15_M07_F10_KI14_11.mat,False,paderborn_channels_verified
paderborn_artificial_to_natural,artificial_to_real_damage,paderborn,paderborn_n15_m07_f10_ki14_12_multisensor,paderborn_n15_m07_f10_ki14_12,test,KI14,multisensor,current|force|speed|temperature|torque|vibration,N15,M07_F10,n15_m07_f10,bearing_real_damage,14,fault,real,12,data/raw/paderborn/KI14/N15_M07_F10_KI14_12.mat,False,paderborn_channels_verified
paderborn_artificial_to_natural,artificial_to_real_damage,paderborn,paderborn_n15_m07_f10_ki14_13_multisensor,paderborn_n15_m07_f10_ki14_13,test,KI14,multisensor,current|force|speed|temperature|torque|vibration,N15,M07_F10,n15_m07_f10,bearing_real_damage,14,fault,real,13,data/raw/paderborn/KI14/N15_M07_F10_KI14_13.mat,False,paderborn_channels_verified
paderborn_artificial_to_natural,artificial_to_real_damage,paderborn,paderborn_n15_m07_f10_ki14_14_multisensor,paderborn_n15_m07_f10_ki14_14,test,KI14,multisensor,current|force|speed|temperature|torque|vibration,N15,M07_F10,n15_m07_f10,bearing_real_damage,14,fault,real,14,data/raw/paderborn/KI14/N15_M07_F10_KI14_14.mat,False,paderborn_channels_verified
paderborn_artificial_to_natural,artificial_to_real_damage,paderborn,paderborn_n15_m07_f10_ki14_15_multisensor,paderborn_n15_m07_f10_ki14_15,test,KI14,multisensor,current|force|speed|temperature|torque|vibration,N15,M07_F10,n15_m07_f10,bearing_real_damage,14,fault,real,15,data/raw/paderborn/KI14/N15_M07_F10_KI14_15.mat,False,paderborn_channels_verified
paderborn_artificial_to_natural,artificial_to_real_damage,paderborn,paderborn_n15_m07_f10_ki14_16_multisensor,paderborn_n15_m07_f10_ki14_16,test,KI14,multisensor,current|force|speed|temperature|torque|vibration,N15,M07_F10,n15_m07_f10,bearing_real_damage,14,fault,real,16,data/raw/paderborn/KI14/N15_M07_F10_KI14_16.mat,False,paderborn_channels_verified
paderborn_artificial_to_natural,artificial_to_real_damage,paderborn,paderborn_n15_m07_f10_ki14_17_multisensor,paderborn_n15_m07_f10_ki14_17,test,KI14,multisensor,current|force|speed|temperature|torque|vibration,N15,M07_F10,n15_m07_f10,bearing_real_damage,14,fault,real,17,data/raw/paderborn/KI14/N15_M07_F10_KI14_17.mat,False,paderborn_channels_verified
paderborn_artificial_to_natural,artificial_to_real_damage,paderborn,paderborn_n15_m07_f10_ki14_18_multisensor,paderborn_n15_m07_f10_ki14_18,test,KI14,multisensor,current|force|speed|temperature|torque|vibration,N15,M07_F10,n15_m07_f10,bearing_real_damage,14,fault,real,18,data/raw/paderborn/KI14/N15_M07_F10_KI14_18.mat,False,paderborn_channels_verified
paderborn_artificial_to_natural,artificial_to_real_damage,paderborn,paderborn_n15_m07_f10_ki14_19_multisensor,paderborn_n15_m07_f10_ki14_19,test,KI14,multisensor,current|force|speed|temperature|torque|vibration,N15,M07_F10,n15_m07_f10,bearing_real_damage,14,fault,real,19,data/raw/paderborn/KI14/N15_M07_F10_KI14_19.mat,False,paderborn_channels_verified
paderborn_artificial_to_natural,artificial_to_real_damage,paderborn,paderborn_n15_m07_f10_ki14_1_multisensor,paderborn_n15_m07_f10_ki14_1,test,KI14,multisensor,current|force|speed|temperature|torque|vibration,N15,M07_F10,n15_m07_f10,bearing_real_damage,14,fault,real,1,data/raw/paderborn/KI14/N15_M07_F10_KI14_1.mat,False,paderborn_channels_verified
paderborn_artificial_to_natural,artificial_to_real_damage,paderborn,paderborn_n15_m07_f10_ki14_20_multisensor,paderborn_n15_m07_f10_ki14_20,test,KI14,multisensor,current|force|speed|temperature|torque|vibration,N15,M07_F10,n15_m07_f10,bearing_real_damage,14,fault,real,20,data/raw/paderborn/KI14/N15_M07_F10_KI14_20.mat,False,paderborn_channels_verified
paderborn_artificial_to_natural,artificial_to_real_damage,paderborn,paderborn_n15_m07_f10_ki14_2_multisensor,paderborn_n15_m07_f10_ki14_2,test,KI14,multisensor,current|force|speed|temperature|torque|vibration,N15,M07_F10,n15_m07_f10,bearing_real_damage,14,fault,real,2,data/raw/paderborn/KI14/N15_M07_F10_KI14_2.mat,False,paderborn_channels_verified
paderborn_artificial_to_natural,artificial_to_real_damage,paderborn,paderborn_n15_m07_f10_ki14_3_multisensor,paderborn_n15_m07_f10_ki14_3,test,KI14,multisensor,current|force|speed|temperature|torque|vibration,N15,M07_F10,n15_m07_f10,bearing_real_damage,14,fault,real,3,data/raw/paderborn/KI14/N15_M07_F10_KI14_3.mat,False,paderborn_channels_verified
paderborn_artificial_to_natural,artificial_to_real_damage,paderborn,paderborn_n15_m07_f10_ki14_4_multisensor,paderborn_n15_m07_f10_ki14_4,test,KI14,multisensor,current|force|speed|temperature|torque|vibration,N15,M07_F10,n15_m07_f10,bearing_real_damage,14,fault,real,4,data/raw/paderborn/KI14/N15_M07_F10_KI14_4.mat,False,paderborn_channels_verified
paderborn_artificial_to_natural,artificial_to_real_damage,paderborn,paderborn_n15_m07_f10_ki14_5_multisensor,paderborn_n15_m07_f10_ki14_5,test,KI14,multisensor,current|force|speed|temperature|torque|vibration,N15,M07_F10,n15_m07_f10,bearing_real_damage,14,fault,real,5,data/raw/paderborn/KI14/N15_M07_F10_KI14_5.mat,False,paderborn_channels_verified
paderborn_artificial_to_natural,artificial_to_real_damage,paderborn,paderborn_n15_m07_f10_ki14_6_multisensor,paderborn_n15_m07_f10_ki14_6,test,KI14,multisensor,current|force|speed|temperature|torque|vibration,N15,M07_F10,n15_m07_f10,bearing_real_damage,14,fault,real,6,data/raw/paderborn/KI14/N15_M07_F10_KI14_6.mat,False,paderborn_channels_verified
paderborn_artificial_to_natural,artificial_to_real_damage,paderborn,paderborn_n15_m07_f10_ki14_7_multisensor,paderborn_n15_m07_f10_ki14_7,test,KI14,multisensor,current|force|speed|temperature|torque|vibration,N15,M07_F10,n15_m07_f10,bearing_real_damage,14,fault,real,7,data/raw/paderborn/KI14/N15_M07_F10_KI14_7.mat,False,paderborn_channels_verified
paderborn_artificial_to_natural,artificial_to_real_damage,paderborn,paderborn_n15_m07_f10_ki14_8_multisensor,paderborn_n15_m07_f10_ki14_8,test,KI14,multisensor,current|force|speed|temperature|torque|vibration,N15,M07_F10,n15_m07_f10,bearing_real_damage,14,fault,real,8,data/raw/paderborn/KI14/N15_M07_F10_KI14_8.mat,False,paderborn_channels_verified
paderborn_artificial_to_natural,artificial_to_real_damage,paderborn,paderborn_n15_m07_f10_ki14_9_multisensor,paderborn_n15_m07_f10_ki14_9,test,KI14,multisensor,current|force|speed|temperature|torque|vibration,N15,M07_F10,n15_m07_f10,bearing_real_damage,14,fault,real,9,data/raw/paderborn/KI14/N15_M07_F10_KI14_9.mat,False,paderborn_channels_verified
paderborn_artificial_to_natural,artificial_to_real_damage,paderborn,paderborn_n09_m07_f10_ki16_10_multisensor,paderborn_n09_m07_f10_ki16_10,test,KI16,multisensor,current|force|speed|temperature|torque|vibration,N09,M07_F10,n09_m07_f10,bearing_real_damage,16,fault,real,10,data/raw/paderborn/KI16/N09_M07_F10_KI16_10.mat,False,paderborn_channels_verified
paderborn_artificial_to_natural,artificial_to_real_damage,paderborn,paderborn_n09_m07_f10_ki16_11_multisensor,paderborn_n09_m07_f10_ki16_11,test,KI16,multisensor,current|force|speed|temperature|torque|vibration,N09,M07_F10,n09_m07_f10,bearing_real_damage,16,fault,real,11,data/raw/paderborn/KI16/N09_M07_F10_KI16_11.mat,False,paderborn_channels_verified
paderborn_artificial_to_natural,artificial_to_real_damage,paderborn,paderborn_n09_m07_f10_ki16_12_multisensor,paderborn_n09_m07_f10_ki16_12,test,KI16,multisensor,current|force|speed|temperature|torque|vibration,N09,M07_F10,n09_m07_f10,bearing_real_damage,16,fault,real,12,data/raw/paderborn/KI16/N09_M07_F10_KI16_12.mat,False,paderborn_channels_verified
paderborn_artificial_to_natural,artificial_to_real_damage,paderborn,paderborn_n09_m07_f10_ki16_13_multisensor,paderborn_n09_m07_f10_ki16_13,test,KI16,multisensor,current|force|speed|temperature|torque|vibration,N09,M07_F10,n09_m07_f10,bearing_real_damage,16,fault,real,13,data/raw/paderborn/KI16/N09_M07_F10_KI16_13.mat,False,paderborn_channels_verified
paderborn_artificial_to_natural,artificial_to_real_damage,paderborn,paderborn_n09_m07_f10_ki16_14_multisensor,paderborn_n09_m07_f10_ki16_14,test,KI16,multisensor,current|force|speed|temperature|torque|vibration,N09,M07_F10,n09_m07_f10,bearing_real_damage,16,fault,real,14,data/raw/paderborn/KI16/N09_M07_F10_KI16_14.mat,False,paderborn_channels_verified
paderborn_artificial_to_natural,artificial_to_real_damage,paderborn,paderborn_n09_m07_f10_ki16_15_multisensor,paderborn_n09_m07_f10_ki16_15,test,KI16,multisensor,current|force|speed|temperature|torque|vibration,N09,M07_F10,n09_m07_f10,bearing_real_damage,16,fault,real,15,data/raw/paderborn/KI16/N09_M07_F10_KI16_15.mat,False,paderborn_channels_verified
paderborn_artificial_to_natural,artificial_to_real_damage,paderborn,paderborn_n09_m07_f10_ki16_16_multisensor,paderborn_n09_m07_f10_ki16_16,test,KI16,multisensor,current|force|speed|temperature|torque|vibration,N09,M07_F10,n09_m07_f10,bearing_real_damage,16,fault,real,16,data/raw/paderborn/KI16/N09_M07_F10_KI16_16.mat,False,paderborn_channels_verified
paderborn_artificial_to_natural,artificial_to_real_damage,paderborn,paderborn_n09_m07_f10_ki16_17_multisensor,paderborn_n09_m07_f10_ki16_17,test,KI16,multisensor,current|force|speed|temperature|torque|vibration,N09,M07_F10,n09_m07_f10,bearing_real_damage,16,fault,real,17,data/raw/paderborn/KI16/N09_M07_F10_KI16_17.mat,False,paderborn_channels_verified
paderborn_artificial_to_natural,artificial_to_real_damage,paderborn,paderborn_n09_m07_f10_ki16_18_multisensor,paderborn_n09_m07_f10_ki16_18,test,KI16,multisensor,current|force|speed|temperature|torque|vibration,N09,M07_F10,n09_m07_f10,bearing_real_damage,16,fault,real,18,data/raw/paderborn/KI16/N09_M07_F10_KI16_18.mat,False,paderborn_channels_verified
paderborn_artificial_to_natural,artificial_to_real_damage,paderborn,paderborn_n09_m07_f10_ki16_19_multisensor,paderborn_n09_m07_f10_ki16_19,test,KI16,multisensor,current|force|speed|temperature|torque|vibration,N09,M07_F10,n09_m07_f10,bearing_real_damage,16,fault,real,19,data/raw/paderborn/KI16/N09_M07_F10_KI16_19.mat,False,paderborn_channels_verified
paderborn_artificial_to_natural,artificial_to_real_damage,paderborn,paderborn_n09_m07_f10_ki16_1_multisensor,paderborn_n09_m07_f10_ki16_1,test,KI16,multisensor,current|force|speed|temperature|torque|vibration,N09,M07_F10,n09_m07_f10,bearing_real_damage,16,fault,real,1,data/raw/paderborn/KI16/N09_M07_F10_KI16_1.mat,False,paderborn_channels_verified
paderborn_artificial_to_natural,artificial_to_real_damage,paderborn,paderborn_n09_m07_f10_ki16_20_multisensor,paderborn_n09_m07_f10_ki16_20,test,KI16,multisensor,current|force|speed|temperature|torque|vibration,N09,M07_F10,n09_m07_f10,bearing_real_damage,16,fault,real,20,data/raw/paderborn/KI16/N09_M07_F10_KI16_20.mat,False,paderborn_channels_verified
paderborn_artificial_to_natural,artificial_to_real_damage,paderborn,paderborn_n09_m07_f10_ki16_2_multisensor,paderborn_n09_m07_f10_ki16_2,test,KI16,multisensor,current|force|speed|temperature|torque|vibration,N09,M07_F10,n09_m07_f10,bearing_real_damage,16,fault,real,2,data/raw/paderborn/KI16/N09_M07_F10_KI16_2.mat,False,paderborn_channels_verified
paderborn_artificial_to_natural,artificial_to_real_damage,paderborn,paderborn_n09_m07_f10_ki16_3_multisensor,paderborn_n09_m07_f10_ki16_3,test,KI16,multisensor,current|force|speed|temperature|torque|vibration,N09,M07_F10,n09_m07_f10,bearing_real_damage,16,fault,real,3,data/raw/paderborn/KI16/N09_M07_F10_KI16_3.mat,False,paderborn_channels_verified
paderborn_artificial_to_natural,artificial_to_real_damage,paderborn,paderborn_n09_m07_f10_ki16_4_multisensor,paderborn_n09_m07_f10_ki16_4,test,KI16,multisensor,current|force|speed|temperature|torque|vibration,N09,M07_F10,n09_m07_f10,bearing_real_damage,16,fault,real,4,data/raw/paderborn/KI16/N09_M07_F10_KI16_4.mat,False,paderborn_channels_verified
paderborn_artificial_to_natural,artificial_to_real_damage,paderborn,paderborn_n09_m07_f10_ki16_5_multisensor,paderborn_n09_m07_f10_ki16_5,test,KI16,multisensor,current|force|speed|temperature|torque|vibration,N09,M07_F10,n09_m07_f10,bearing_real_damage,16,fault,real,5,data/raw/paderborn/KI16/N09_M07_F10_KI16_5.mat,False,paderborn_channels_verified
paderborn_artificial_to_natural,artificial_to_real_damage,paderborn,paderborn_n09_m07_f10_ki16_6_multisensor,paderborn_n09_m07_f10_ki16_6,test,KI16,multisensor,current|force|speed|temperature|torque|vibration,N09,M07_F10,n09_m07_f10,bearing_real_damage,16,fault,real,6,data/raw/paderborn/KI16/N09_M07_F10_KI16_6.mat,False,paderborn_channels_verified
paderborn_artificial_to_natural,artificial_to_real_damage,paderborn,paderborn_n09_m07_f10_ki16_7_multisensor,paderborn_n09_m07_f10_ki16_7,test,KI16,multisensor,current|force|speed|temperature|torque|vibration,N09,M07_F10,n09_m07_f10,bearing_real_damage,16,fault,real,7,data/raw/paderborn/KI16/N09_M07_F10_KI16_7.mat,False,paderborn_channels_verified
paderborn_artificial_to_natural,artificial_to_real_damage,paderborn,paderborn_n09_m07_f10_ki16_8_multisensor,paderborn_n09_m07_f10_ki16_8,test,KI16,multisensor,current|force|speed|temperature|torque|vibration,N09,M07_F10,n09_m07_f10,bearing_real_damage,16,fault,real,8,data/raw/paderborn/KI16/N09_M07_F10_KI16_8.mat,False,paderborn_channels_verified
paderborn_artificial_to_natural,artificial_to_real_damage,paderborn,paderborn_n09_m07_f10_ki16_9_multisensor,paderborn_n09_m07_f10_ki16_9,test,KI16,multisensor,current|force|speed|temperature|torque|vibration,N09,M07_F10,n09_m07_f10,bearing_real_damage,16,fault,real,9,data/raw/paderborn/KI16/N09_M07_F10_KI16_9.mat,False,paderborn_channels_verified
paderborn_artificial_to_natural,artificial_to_real_damage,paderborn,paderborn_n15_m01_f10_ki16_10_multisensor,paderborn_n15_m01_f10_ki16_10,test,KI16,multisensor,current|force|speed|temperature|torque|vibration,N15,M01_F10,n15_m01_f10,bearing_real_damage,16,fault,real,10,data/raw/paderborn/KI16/N15_M01_F10_KI16_10.mat,False,paderborn_channels_verified
paderborn_artificial_to_natural,artificial_to_real_damage,paderborn,paderborn_n15_m01_f10_ki16_11_multisensor,paderborn_n15_m01_f10_ki16_11,test,KI16,multisensor,current|force|speed|temperature|torque|vibration,N15,M01_F10,n15_m01_f10,bearing_real_damage,16,fault,real,11,data/raw/paderborn/KI16/N15_M01_F10_KI16_11.mat,False,paderborn_channels_verified
paderborn_artificial_to_natural,artificial_to_real_damage,paderborn,paderborn_n15_m01_f10_ki16_12_multisensor,paderborn_n15_m01_f10_ki16_12,test,KI16,multisensor,current|force|speed|temperature|torque|vibration,N15,M01_F10,n15_m01_f10,bearing_real_damage,16,fault,real,12,data/raw/paderborn/KI16/N15_M01_F10_KI16_12.mat,False,paderborn_channels_verified
paderborn_artificial_to_natural,artificial_to_real_damage,paderborn,paderborn_n15_m01_f10_ki16_13_multisensor,paderborn_n15_m01_f10_ki16_13,test,KI16,multisensor,current|force|speed|temperature|torque|vibration,N15,M01_F10,n15_m01_f10,bearing_real_damage,16,fault,real,13,data/raw/paderborn/KI16/N15_M01_F10_KI16_13.mat,False,paderborn_channels_verified
paderborn_artificial_to_natural,artificial_to_real_damage,paderborn,paderborn_n15_m01_f10_ki16_14_multisensor,paderborn_n15_m01_f10_ki16_14,test,KI16,multisensor,current|force|speed|temperature|torque|vibration,N15,M01_F10,n15_m01_f10,bearing_real_damage,16,fault,real,14,data/raw/paderborn/KI16/N15_M01_F10_KI16_14.mat,False,paderborn_channels_verified
paderborn_artificial_to_natural,artificial_to_real_damage,paderborn,paderborn_n15_m01_f10_ki16_15_multisensor,paderborn_n15_m01_f10_ki16_15,test,KI16,multisensor,current|force|speed|temperature|torque|vibration,N15,M01_F10,n15_m01_f10,bearing_real_damage,16,fault,real,15,data/raw/paderborn/KI16/N15_M01_F10_KI16_15.mat,False,paderborn_channels_verified
paderborn_artificial_to_natural,artificial_to_real_damage,paderborn,paderborn_n15_m01_f10_ki16_16_multisensor,paderborn_n15_m01_f10_ki16_16,test,KI16,multisensor,current|force|speed|temperature|torque|vibration,N15,M01_F10,n15_m01_f10,bearing_real_damage,16,fault,real,16,data/raw/paderborn/KI16/N15_M01_F10_KI16_16.mat,False,paderborn_channels_verified
paderborn_artificial_to_natural,artificial_to_real_damage,paderborn,paderborn_n15_m01_f10_ki16_17_multisensor,paderborn_n15_m01_f10_ki16_17,test,KI16,multisensor,current|force|speed|temperature|torque|vibration,N15,M01_F10,n15_m01_f10,bearing_real_damage,16,fault,real,17,data/raw/paderborn/KI16/N15_M01_F10_KI16_17.mat,False,paderborn_channels_verified
paderborn_artificial_to_natural,artificial_to_real_damage,paderborn,paderborn_n15_m01_f10_ki16_18_multisensor,paderborn_n15_m01_f10_ki16_18,test,KI16,multisensor,current|force|speed|temperature|torque|vibration,N15,M01_F10,n15_m01_f10,bearing_real_damage,16,fault,real,18,data/raw/paderborn/KI16/N15_M01_F10_KI16_18.mat,False,paderborn_channels_verified
paderborn_artificial_to_natural,artificial_to_real_damage,paderborn,paderborn_n15_m01_f10_ki16_19_multisensor,paderborn_n15_m01_f10_ki16_19,test,KI16,multisensor,current|force|speed|temperature|torque|vibration,N15,M01_F10,n15_m01_f10,bearing_real_damage,16,fault,real,19,data/raw/paderborn/KI16/N15_M01_F10_KI16_19.mat,False,paderborn_channels_verified
paderborn_artificial_to_natural,artificial_to_real_damage,paderborn,paderborn_n15_m01_f10_ki16_1_multisensor,paderborn_n15_m01_f10_ki16_1,test,KI16,multisensor,current|force|speed|temperature|torque|vibration,N15,M01_F10,n15_m01_f10,bearing_real_damage,16,fault,real,1,data/raw/paderborn/KI16/N15_M01_F10_KI16_1.mat,False,paderborn_channels_verified
paderborn_artificial_to_natural,artificial_to_real_damage,paderborn,paderborn_n15_m01_f10_ki16_20_multisensor,paderborn_n15_m01_f10_ki16_20,test,KI16,multisensor,current|force|speed|temperature|torque|vibration,N15,M01_F10,n15_m01_f10,bearing_real_damage,16,fault,real,20,data/raw/paderborn/KI16/N15_M01_F10_KI16_20.mat,False,paderborn_channels_verified
paderborn_artificial_to_natural,artificial_to_real_damage,paderborn,paderborn_n15_m01_f10_ki16_2_multisensor,paderborn_n15_m01_f10_ki16_2,test,KI16,multisensor,current|force|speed|temperature|torque|vibration,N15,M01_F10,n15_m01_f10,bearing_real_damage,16,fault,real,2,data/raw/paderborn/KI16/N15_M01_F10_KI16_2.mat,False,paderborn_channels_verified
paderborn_artificial_to_natural,artificial_to_real_damage,paderborn,paderborn_n15_m01_f10_ki16_3_multisensor,paderborn_n15_m01_f10_ki16_3,test,KI16,multisensor,current|force|speed|temperature|torque|vibration,N15,M01_F10,n15_m01_f10,bearing_real_damage,16,fault,real,3,data/raw/paderborn/KI16/N15_M01_F10_KI16_3.mat,False,paderborn_channels_verified
paderborn_artificial_to_natural,artificial_to_real_damage,paderborn,paderborn_n15_m01_f10_ki16_4_multisensor,paderborn_n15_m01_f10_ki16_4,test,KI16,multisensor,current|force|speed|temperature|torque|vibration,N15,M01_F10,n15_m01_f10,bearing_real_damage,16,fault,real,4,data/raw/paderborn/KI16/N15_M01_F10_KI16_4.mat,False,paderborn_channels_verified
paderborn_artificial_to_natural,artificial_to_real_damage,paderborn,paderborn_n15_m01_f10_ki16_5_multisensor,paderborn_n15_m01_f10_ki16_5,test,KI16,multisensor,current|force|speed|temperature|torque|vibration,N15,M01_F10,n15_m01_f10,bearing_real_damage,16,fault,real,5,data/raw/paderborn/KI16/N15_M01_F10_KI16_5.mat,False,paderborn_channels_verified
paderborn_artificial_to_natural,artificial_to_real_damage,paderborn,paderborn_n15_m01_f10_ki16_6_multisensor,paderborn_n15_m01_f10_ki16_6,test,KI16,multisensor,current|force|speed|temperature|torque|vibration,N15,M01_F10,n15_m01_f10,bearing_real_damage,16,fault,real,6,data/raw/paderborn/KI16/N15_M01_F10_KI16_6.mat,False,paderborn_channels_verified
paderborn_artificial_to_natural,artificial_to_real_damage,paderborn,paderborn_n15_m01_f10_ki16_7_multisensor,paderborn_n15_m01_f10_ki16_7,test,KI16,multisensor,current|force|speed|temperature|torque|vibration,N15,M01_F10,n15_m01_f10,bearing_real_damage,16,fault,real,7,data/raw/paderborn/KI16/N15_M01_F10_KI16_7.mat,False,paderborn_channels_verified
paderborn_artificial_to_natural,artificial_to_real_damage,paderborn,paderborn_n15_m01_f10_ki16_8_multisensor,paderborn_n15_m01_f10_ki16_8,test,KI16,multisensor,current|force|speed|temperature|torque|vibration,N15,M01_F10,n15_m01_f10,bearing_real_damage,16,fault,real,8,data/raw/paderborn/KI16/N15_M01_F10_KI16_8.mat,False,paderborn_channels_verified
paderborn_artificial_to_natural,artificial_to_real_damage,paderborn,paderborn_n15_m01_f10_ki16_9_multisensor,paderborn_n15_m01_f10_ki16_9,test,KI16,multisensor,current|force|speed|temperature|torque|vibration,N15,M01_F10,n15_m01_f10,bearing_real_damage,16,fault,real,9,data/raw/paderborn/KI16/N15_M01_F10_KI16_9.mat,False,paderborn_channels_verified
paderborn_artificial_to_natural,artificial_to_real_damage,paderborn,paderborn_n15_m07_f04_ki16_10_multisensor,paderborn_n15_m07_f04_ki16_10,test,KI16,multisensor,current|force|speed|temperature|torque|vibration,N15,M07_F04,n15_m07_f04,bearing_real_damage,16,fault,real,10,data/raw/paderborn/KI16/N15_M07_F04_KI16_10.mat,False,paderborn_channels_verified
paderborn_artificial_to_natural,artificial_to_real_damage,paderborn,paderborn_n15_m07_f04_ki16_11_multisensor,paderborn_n15_m07_f04_ki16_11,test,KI16,multisensor,current|force|speed|temperature|torque|vibration,N15,M07_F04,n15_m07_f04,bearing_real_damage,16,fault,real,11,data/raw/paderborn/KI16/N15_M07_F04_KI16_11.mat,False,paderborn_channels_verified
paderborn_artificial_to_natural,artificial_to_real_damage,paderborn,paderborn_n15_m07_f04_ki16_12_multisensor,paderborn_n15_m07_f04_ki16_12,test,KI16,multisensor,current|force|speed|temperature|torque|vibration,N15,M07_F04,n15_m07_f04,bearing_real_damage,16,fault,real,12,data/raw/paderborn/KI16/N15_M07_F04_KI16_12.mat,False,paderborn_channels_verified
paderborn_artificial_to_natural,artificial_to_real_damage,paderborn,paderborn_n15_m07_f04_ki16_13_multisensor,paderborn_n15_m07_f04_ki16_13,test,KI16,multisensor,current|force|speed|temperature|torque|vibration,N15,M07_F04,n15_m07_f04,bearing_real_damage,16,fault,real,13,data/raw/paderborn/KI16/N15_M07_F04_KI16_13.mat,False,paderborn_channels_verified
paderborn_artificial_to_natural,artificial_to_real_damage,paderborn,paderborn_n15_m07_f04_ki16_14_multisensor,paderborn_n15_m07_f04_ki16_14,test,KI16,multisensor,current|force|speed|temperature|torque|vibration,N15,M07_F04,n15_m07_f04,bearing_real_damage,16,fault,real,14,data/raw/paderborn/KI16/N15_M07_F04_KI16_14.mat,False,paderborn_channels_verified
paderborn_artificial_to_natural,artificial_to_real_damage,paderborn,paderborn_n15_m07_f04_ki16_15_multisensor,paderborn_n15_m07_f04_ki16_15,test,KI16,multisensor,current|force|speed|temperature|torque|vibration,N15,M07_F04,n15_m07_f04,bearing_real_damage,16,fault,real,15,data/raw/paderborn/KI16/N15_M07_F04_KI16_15.mat,False,paderborn_channels_verified
paderborn_artificial_to_natural,artificial_to_real_damage,paderborn,paderborn_n15_m07_f04_ki16_16_multisensor,paderborn_n15_m07_f04_ki16_16,test,KI16,multisensor,current|force|speed|temperature|torque|vibration,N15,M07_F04,n15_m07_f04,bearing_real_damage,16,fault,real,16,data/raw/paderborn/KI16/N15_M07_F04_KI16_16.mat,False,paderborn_channels_verified
paderborn_artificial_to_natural,artificial_to_real_damage,paderborn,paderborn_n15_m07_f04_ki16_17_multisensor,paderborn_n15_m07_f04_ki16_17,test,KI16,multisensor,current|force|speed|temperature|torque|vibration,N15,M07_F04,n15_m07_f04,bearing_real_damage,16,fault,real,17,data/raw/paderborn/KI16/N15_M07_F04_KI16_17.mat,False,paderborn_channels_verified
paderborn_artificial_to_natural,artificial_to_real_damage,paderborn,paderborn_n15_m07_f04_ki16_18_multisensor,paderborn_n15_m07_f04_ki16_18,test,KI16,multisensor,current|force|speed|temperature|torque|vibration,N15,M07_F04,n15_m07_f04,bearing_real_damage,16,fault,real,18,data/raw/paderborn/KI16/N15_M07_F04_KI16_18.mat,False,paderborn_channels_verified
paderborn_artificial_to_natural,artificial_to_real_damage,paderborn,paderborn_n15_m07_f04_ki16_19_multisensor,paderborn_n15_m07_f04_ki16_19,test,KI16,multisensor,current|force|speed|temperature|torque|vibration,N15,M07_F04,n15_m07_f04,bearing_real_damage,16,fault,real,19,data/raw/paderborn/KI16/N15_M07_F04_KI16_19.mat,False,paderborn_channels_verified
paderborn_artificial_to_natural,artificial_to_real_damage,paderborn,paderborn_n15_m07_f04_ki16_1_multisensor,paderborn_n15_m07_f04_ki16_1,test,KI16,multisensor,current|force|speed|temperature|torque|vibration,N15,M07_F04,n15_m07_f04,bearing_real_damage,16,fault,real,1,data/raw/paderborn/KI16/N15_M07_F04_KI16_1.mat,False,paderborn_channels_verified
paderborn_artificial_to_natural,artificial_to_real_damage,paderborn,paderborn_n15_m07_f04_ki16_20_multisensor,paderborn_n15_m07_f04_ki16_20,test,KI16,multisensor,current|force|speed|temperature|torque|vibration,N15,M07_F04,n15_m07_f04,bearing_real_damage,16,fault,real,20,data/raw/paderborn/KI16/N15_M07_F04_KI16_20.mat,False,paderborn_channels_verified
paderborn_artificial_to_natural,artificial_to_real_damage,paderborn,paderborn_n15_m07_f04_ki16_2_multisensor,paderborn_n15_m07_f04_ki16_2,test,KI16,multisensor,current|force|speed|temperature|torque|vibration,N15,M07_F04,n15_m07_f04,bearing_real_damage,16,fault,real,2,data/raw/paderborn/KI16/N15_M07_F04_KI16_2.mat,False,paderborn_channels_verified
paderborn_artificial_to_natural,artificial_to_real_damage,paderborn,paderborn_n15_m07_f04_ki16_3_multisensor,paderborn_n15_m07_f04_ki16_3,test,KI16,multisensor,current|force|speed|temperature|torque|vibration,N15,M07_F04,n15_m07_f04,bearing_real_damage,16,fault,real,3,data/raw/paderborn/KI16/N15_M07_F04_KI16_3.mat,False,paderborn_channels_verified
paderborn_artificial_to_natural,artificial_to_real_damage,paderborn,paderborn_n15_m07_f04_ki16_4_multisensor,paderborn_n15_m07_f04_ki16_4,test,KI16,multisensor,current|force|speed|temperature|torque|vibration,N15,M07_F04,n15_m07_f04,bearing_real_damage,16,fault,real,4,data/raw/paderborn/KI16/N15_M07_F04_KI16_4.mat,False,paderborn_channels_verified
paderborn_artificial_to_natural,artificial_to_real_damage,paderborn,paderborn_n15_m07_f04_ki16_5_multisensor,paderborn_n15_m07_f04_ki16_5,test,KI16,multisensor,current|force|speed|temperature|torque|vibration,N15,M07_F04,n15_m07_f04,bearing_real_damage,16,fault,real,5,data/raw/paderborn/KI16/N15_M07_F04_KI16_5.mat,False,paderborn_channels_verified
paderborn_artificial_to_natural,artificial_to_real_damage,paderborn,paderborn_n15_m07_f04_ki16_6_multisensor,paderborn_n15_m07_f04_ki16_6,test,KI16,multisensor,current|force|speed|temperature|torque|vibration,N15,M07_F04,n15_m07_f04,bearing_real_damage,16,fault,real,6,data/raw/paderborn/KI16/N15_M07_F04_KI16_6.mat,False,paderborn_channels_verified
paderborn_artificial_to_natural,artificial_to_real_damage,paderborn,paderborn_n15_m07_f04_ki16_7_multisensor,paderborn_n15_m07_f04_ki16_7,test,KI16,multisensor,current|force|speed|temperature|torque|vibration,N15,M07_F04,n15_m07_f04,bearing_real_damage,16,fault,real,7,data/raw/paderborn/KI16/N15_M07_F04_KI16_7.mat,False,paderborn_channels_verified
paderborn_artificial_to_natural,artificial_to_real_damage,paderborn,paderborn_n15_m07_f04_ki16_8_multisensor,paderborn_n15_m07_f04_ki16_8,test,KI16,multisensor,current|force|speed|temperature|torque|vibration,N15,M07_F04,n15_m07_f04,bearing_real_damage,16,fault,real,8,data/raw/paderborn/KI16/N15_M07_F04_KI16_8.mat,False,paderborn_channels_verified
paderborn_artificial_to_natural,artificial_to_real_damage,paderborn,paderborn_n15_m07_f04_ki16_9_multisensor,paderborn_n15_m07_f04_ki16_9,test,KI16,multisensor,current|force|speed|temperature|torque|vibration,N15,M07_F04,n15_m07_f04,bearing_real_damage,16,fault,real,9,data/raw/paderborn/KI16/N15_M07_F04_KI16_9.mat,False,paderborn_channels_verified
paderborn_artificial_to_natural,artificial_to_real_damage,paderborn,paderborn_n15_m07_f10_ki16_10_multisensor,paderborn_n15_m07_f10_ki16_10,test,KI16,multisensor,current|force|speed|temperature|torque|vibration,N15,M07_F10,n15_m07_f10,bearing_real_damage,16,fault,real,10,data/raw/paderborn/KI16/N15_M07_F10_KI16_10.mat,False,paderborn_channels_verified
paderborn_artificial_to_natural,artificial_to_real_damage,paderborn,paderborn_n15_m07_f10_ki16_11_multisensor,paderborn_n15_m07_f10_ki16_11,test,KI16,multisensor,current|force|speed|temperature|torque|vibration,N15,M07_F10,n15_m07_f10,bearing_real_damage,16,fault,real,11,data/raw/paderborn/KI16/N15_M07_F10_KI16_11.mat,False,paderborn_channels_verified
paderborn_artificial_to_natural,artificial_to_real_damage,paderborn,paderborn_n15_m07_f10_ki16_12_multisensor,paderborn_n15_m07_f10_ki16_12,test,KI16,multisensor,current|force|speed|temperature|torque|vibration,N15,M07_F10,n15_m07_f10,bearing_real_damage,16,fault,real,12,data/raw/paderborn/KI16/N15_M07_F10_KI16_12.mat,False,paderborn_channels_verified
paderborn_artificial_to_natural,artificial_to_real_damage,paderborn,paderborn_n15_m07_f10_ki16_13_multisensor,paderborn_n15_m07_f10_ki16_13,test,KI16,multisensor,current|force|speed|temperature|torque|vibration,N15,M07_F10,n15_m07_f10,bearing_real_damage,16,fault,real,13,data/raw/paderborn/KI16/N15_M07_F10_KI16_13.mat,False,paderborn_channels_verified
paderborn_artificial_to_natural,artificial_to_real_damage,paderborn,paderborn_n15_m07_f10_ki16_14_multisensor,paderborn_n15_m07_f10_ki16_14,test,KI16,multisensor,current|force|speed|temperature|torque|vibration,N15,M07_F10,n15_m07_f10,bearing_real_damage,16,fault,real,14,data/raw/paderborn/KI16/N15_M07_F10_KI16_14.mat,False,paderborn_channels_verified
paderborn_artificial_to_natural,artificial_to_real_damage,paderborn,paderborn_n15_m07_f10_ki16_15_multisensor,paderborn_n15_m07_f10_ki16_15,test,KI16,multisensor,current|force|speed|temperature|torque|vibration,N15,M07_F10,n15_m07_f10,bearing_real_damage,16,fault,real,15,data/raw/paderborn/KI16/N15_M07_F10_KI16_15.mat,False,paderborn_channels_verified
paderborn_artificial_to_natural,artificial_to_real_damage,paderborn,paderborn_n15_m07_f10_ki16_16_multisensor,paderborn_n15_m07_f10_ki16_16,test,KI16,multisensor,current|force|speed|temperature|torque|vibration,N15,M07_F10,n15_m07_f10,bearing_real_damage,16,fault,real,16,data/raw/paderborn/KI16/N15_M07_F10_KI16_16.mat,False,paderborn_channels_verified
paderborn_artificial_to_natural,artificial_to_real_damage,paderborn,paderborn_n15_m07_f10_ki16_17_multisensor,paderborn_n15_m07_f10_ki16_17,test,KI16,multisensor,current|force|speed|temperature|torque|vibration,N15,M07_F10,n15_m07_f10,bearing_real_damage,16,fault,real,17,data/raw/paderborn/KI16/N15_M07_F10_KI16_17.mat,False,paderborn_channels_verified
paderborn_artificial_to_natural,artificial_to_real_damage,paderborn,paderborn_n15_m07_f10_ki16_18_multisensor,paderborn_n15_m07_f10_ki16_18,test,KI16,multisensor,current|force|speed|temperature|torque|vibration,N15,M07_F10,n15_m07_f10,bearing_real_damage,16,fault,real,18,data/raw/paderborn/KI16/N15_M07_F10_KI16_18.mat,False,paderborn_channels_verified
paderborn_artificial_to_natural,artificial_to_real_damage,paderborn,paderborn_n15_m07_f10_ki16_19_multisensor,paderborn_n15_m07_f10_ki16_19,test,KI16,multisensor,current|force|speed|temperature|torque|vibration,N15,M07_F10,n15_m07_f10,bearing_real_damage,16,fault,real,19,data/raw/paderborn/KI16/N15_M07_F10_KI16_19.mat,False,paderborn_channels_verified
paderborn_artificial_to_natural,artificial_to_real_damage,paderborn,paderborn_n15_m07_f10_ki16_1_multisensor,paderborn_n15_m07_f10_ki16_1,test,KI16,multisensor,current|force|speed|temperature|torque|vibration,N15,M07_F10,n15_m07_f10,bearing_real_damage,16,fault,real,1,data/raw/paderborn/KI16/N15_M07_F10_KI16_1.mat,False,paderborn_channels_verified
paderborn_artificial_to_natural,artificial_to_real_damage,paderborn,paderborn_n15_m07_f10_ki16_20_multisensor,paderborn_n15_m07_f10_ki16_20,test,KI16,multisensor,current|force|speed|temperature|torque|vibration,N15,M07_F10,n15_m07_f10,bearing_real_damage,16,fault,real,20,data/raw/paderborn/KI16/N15_M07_F10_KI16_20.mat,False,paderborn_channels_verified
paderborn_artificial_to_natural,artificial_to_real_damage,paderborn,paderborn_n15_m07_f10_ki16_2_multisensor,paderborn_n15_m07_f10_ki16_2,test,KI16,multisensor,current|force|speed|temperature|torque|vibration,N15,M07_F10,n15_m07_f10,bearing_real_damage,16,fault,real,2,data/raw/paderborn/KI16/N15_M07_F10_KI16_2.mat,False,paderborn_channels_verified
paderborn_artificial_to_natural,artificial_to_real_damage,paderborn,paderborn_n15_m07_f10_ki16_3_multisensor,paderborn_n15_m07_f10_ki16_3,test,KI16,multisensor,current|force|speed|temperature|torque|vibration,N15,M07_F10,n15_m07_f10,bearing_real_damage,16,fault,real,3,data/raw/paderborn/KI16/N15_M07_F10_KI16_3.mat,False,paderborn_channels_verified
paderborn_artificial_to_natural,artificial_to_real_damage,paderborn,paderborn_n15_m07_f10_ki16_4_multisensor,paderborn_n15_m07_f10_ki16_4,test,KI16,multisensor,current|force|speed|temperature|torque|vibration,N15,M07_F10,n15_m07_f10,bearing_real_damage,16,fault,real,4,data/raw/paderborn/KI16/N15_M07_F10_KI16_4.mat,False,paderborn_channels_verified
paderborn_artificial_to_natural,artificial_to_real_damage,paderborn,paderborn_n15_m07_f10_ki16_5_multisensor,paderborn_n15_m07_f10_ki16_5,test,KI16,multisensor,current|force|speed|temperature|torque|vibration,N15,M07_F10,n15_m07_f10,bearing_real_damage,16,fault,real,5,data/raw/paderborn/KI16/N15_M07_F10_KI16_5.mat,False,paderborn_channels_verified
paderborn_artificial_to_natural,artificial_to_real_damage,paderborn,paderborn_n15_m07_f10_ki16_6_multisensor,paderborn_n15_m07_f10_ki16_6,test,KI16,multisensor,current|force|speed|temperature|torque|vibration,N15,M07_F10,n15_m07_f10,bearing_real_damage,16,fault,real,6,data/raw/paderborn/KI16/N15_M07_F10_KI16_6.mat,False,paderborn_channels_verified
paderborn_artificial_to_natural,artificial_to_real_damage,paderborn,paderborn_n15_m07_f10_ki16_7_multisensor,paderborn_n15_m07_f10_ki16_7,test,KI16,multisensor,current|force|speed|temperature|torque|vibration,N15,M07_F10,n15_m07_f10,bearing_real_damage,16,fault,real,7,data/raw/paderborn/KI16/N15_M07_F10_KI16_7.mat,False,paderborn_channels_verified
paderborn_artificial_to_natural,artificial_to_real_damage,paderborn,paderborn_n15_m07_f10_ki16_8_multisensor,paderborn_n15_m07_f10_ki16_8,test,KI16,multisensor,current|force|speed|temperature|torque|vibration,N15,M07_F10,n15_m07_f10,bearing_real_damage,16,fault,real,8,data/raw/paderborn/KI16/N15_M07_F10_KI16_8.mat,False,paderborn_channels_verified
paderborn_artificial_to_natural,artificial_to_real_damage,paderborn,paderborn_n15_m07_f10_ki16_9_multisensor,paderborn_n15_m07_f10_ki16_9,test,KI16,multisensor,current|force|speed|temperature|torque|vibration,N15,M07_F10,n15_m07_f10,bearing_real_damage,16,fault,real,9,data/raw/paderborn/KI16/N15_M07_F10_KI16_9.mat,False,paderborn_channels_verified
paderborn_artificial_to_natural,artificial_to_real_damage,paderborn,paderborn_n09_m07_f10_ki17_10_multisensor,paderborn_n09_m07_f10_ki17_10,test,KI17,multisensor,current|force|speed|temperature|torque|vibration,N09,M07_F10,n09_m07_f10,bearing_real_damage,17,fault,real,10,data/raw/paderborn/KI17/N09_M07_F10_KI17_10.mat,False,paderborn_channels_verified
paderborn_artificial_to_natural,artificial_to_real_damage,paderborn,paderborn_n09_m07_f10_ki17_11_multisensor,paderborn_n09_m07_f10_ki17_11,test,KI17,multisensor,current|force|speed|temperature|torque|vibration,N09,M07_F10,n09_m07_f10,bearing_real_damage,17,fault,real,11,data/raw/paderborn/KI17/N09_M07_F10_KI17_11.mat,False,paderborn_channels_verified
paderborn_artificial_to_natural,artificial_to_real_damage,paderborn,paderborn_n09_m07_f10_ki17_12_multisensor,paderborn_n09_m07_f10_ki17_12,test,KI17,multisensor,current|force|speed|temperature|torque|vibration,N09,M07_F10,n09_m07_f10,bearing_real_damage,17,fault,real,12,data/raw/paderborn/KI17/N09_M07_F10_KI17_12.mat,False,paderborn_channels_verified
paderborn_artificial_to_natural,artificial_to_real_damage,paderborn,paderborn_n09_m07_f10_ki17_13_multisensor,paderborn_n09_m07_f10_ki17_13,test,KI17,multisensor,current|force|speed|temperature|torque|vibration,N09,M07_F10,n09_m07_f10,bearing_real_damage,17,fault,real,13,data/raw/paderborn/KI17/N09_M07_F10_KI17_13.mat,False,paderborn_channels_verified
paderborn_artificial_to_natural,artificial_to_real_damage,paderborn,paderborn_n09_m07_f10_ki17_14_multisensor,paderborn_n09_m07_f10_ki17_14,test,KI17,multisensor,current|force|speed|temperature|torque|vibration,N09,M07_F10,n09_m07_f10,bearing_real_damage,17,fault,real,14,data/raw/paderborn/KI17/N09_M07_F10_KI17_14.mat,False,paderborn_channels_verified
paderborn_artificial_to_natural,artificial_to_real_damage,paderborn,paderborn_n09_m07_f10_ki17_15_multisensor,paderborn_n09_m07_f10_ki17_15,test,KI17,multisensor,current|force|speed|temperature|torque|vibration,N09,M07_F10,n09_m07_f10,bearing_real_damage,17,fault,real,15,data/raw/paderborn/KI17/N09_M07_F10_KI17_15.mat,False,paderborn_channels_verified
paderborn_artificial_to_natural,artificial_to_real_damage,paderborn,paderborn_n09_m07_f10_ki17_16_multisensor,paderborn_n09_m07_f10_ki17_16,test,KI17,multisensor,current|force|speed|temperature|torque|vibration,N09,M07_F10,n09_m07_f10,bearing_real_damage,17,fault,real,16,data/raw/paderborn/KI17/N09_M07_F10_KI17_16.mat,False,paderborn_channels_verified
paderborn_artificial_to_natural,artificial_to_real_damage,paderborn,paderborn_n09_m07_f10_ki17_17_multisensor,paderborn_n09_m07_f10_ki17_17,test,KI17,multisensor,current|force|speed|temperature|torque|vibration,N09,M07_F10,n09_m07_f10,bearing_real_damage,17,fault,real,17,data/raw/paderborn/KI17/N09_M07_F10_KI17_17.mat,False,paderborn_channels_verified
paderborn_artificial_to_natural,artificial_to_real_damage,paderborn,paderborn_n09_m07_f10_ki17_18_multisensor,paderborn_n09_m07_f10_ki17_18,test,KI17,multisensor,current|force|speed|temperature|torque|vibration,N09,M07_F10,n09_m07_f10,bearing_real_damage,17,fault,real,18,data/raw/paderborn/KI17/N09_M07_F10_KI17_18.mat,False,paderborn_channels_verified
paderborn_artificial_to_natural,artificial_to_real_damage,paderborn,paderborn_n09_m07_f10_ki17_19_multisensor,paderborn_n09_m07_f10_ki17_19,test,KI17,multisensor,current|force|speed|temperature|torque|vibration,N09,M07_F10,n09_m07_f10,bearing_real_damage,17,fault,real,19,data/raw/paderborn/KI17/N09_M07_F10_KI17_19.mat,False,paderborn_channels_verified
paderborn_artificial_to_natural,artificial_to_real_damage,paderborn,paderborn_n09_m07_f10_ki17_1_multisensor,paderborn_n09_m07_f10_ki17_1,test,KI17,multisensor,current|force|speed|temperature|torque|vibration,N09,M07_F10,n09_m07_f10,bearing_real_damage,17,fault,real,1,data/raw/paderborn/KI17/N09_M07_F10_KI17_1.mat,False,paderborn_channels_verified
paderborn_artificial_to_natural,artificial_to_real_damage,paderborn,paderborn_n09_m07_f10_ki17_20_multisensor,paderborn_n09_m07_f10_ki17_20,test,KI17,multisensor,current|force|speed|temperature|torque|vibration,N09,M07_F10,n09_m07_f10,bearing_real_damage,17,fault,real,20,data/raw/paderborn/KI17/N09_M07_F10_KI17_20.mat,False,paderborn_channels_verified
paderborn_artificial_to_natural,artificial_to_real_damage,paderborn,paderborn_n09_m07_f10_ki17_2_multisensor,paderborn_n09_m07_f10_ki17_2,test,KI17,multisensor,current|force|speed|temperature|torque|vibration,N09,M07_F10,n09_m07_f10,bearing_real_damage,17,fault,real,2,data/raw/paderborn/KI17/N09_M07_F10_KI17_2.mat,False,paderborn_channels_verified
paderborn_artificial_to_natural,artificial_to_real_damage,paderborn,paderborn_n09_m07_f10_ki17_3_multisensor,paderborn_n09_m07_f10_ki17_3,test,KI17,multisensor,current|force|speed|temperature|torque|vibration,N09,M07_F10,n09_m07_f10,bearing_real_damage,17,fault,real,3,data/raw/paderborn/KI17/N09_M07_F10_KI17_3.mat,False,paderborn_channels_verified
paderborn_artificial_to_natural,artificial_to_real_damage,paderborn,paderborn_n09_m07_f10_ki17_4_multisensor,paderborn_n09_m07_f10_ki17_4,test,KI17,multisensor,current|force|speed|temperature|torque|vibration,N09,M07_F10,n09_m07_f10,bearing_real_damage,17,fault,real,4,data/raw/paderborn/KI17/N09_M07_F10_KI17_4.mat,False,paderborn_channels_verified
paderborn_artificial_to_natural,artificial_to_real_damage,paderborn,paderborn_n09_m07_f10_ki17_5_multisensor,paderborn_n09_m07_f10_ki17_5,test,KI17,multisensor,current|force|speed|temperature|torque|vibration,N09,M07_F10,n09_m07_f10,bearing_real_damage,17,fault,real,5,data/raw/paderborn/KI17/N09_M07_F10_KI17_5.mat,False,paderborn_channels_verified
paderborn_artificial_to_natural,artificial_to_real_damage,paderborn,paderborn_n09_m07_f10_ki17_6_multisensor,paderborn_n09_m07_f10_ki17_6,test,KI17,multisensor,current|force|speed|temperature|torque|vibration,N09,M07_F10,n09_m07_f10,bearing_real_damage,17,fault,real,6,data/raw/paderborn/KI17/N09_M07_F10_KI17_6.mat,False,paderborn_channels_verified
paderborn_artificial_to_natural,artificial_to_real_damage,paderborn,paderborn_n09_m07_f10_ki17_7_multisensor,paderborn_n09_m07_f10_ki17_7,test,KI17,multisensor,current|force|speed|temperature|torque|vibration,N09,M07_F10,n09_m07_f10,bearing_real_damage,17,fault,real,7,data/raw/paderborn/KI17/N09_M07_F10_KI17_7.mat,False,paderborn_channels_verified
paderborn_artificial_to_natural,artificial_to_real_damage,paderborn,paderborn_n09_m07_f10_ki17_8_multisensor,paderborn_n09_m07_f10_ki17_8,test,KI17,multisensor,current|force|speed|temperature|torque|vibration,N09,M07_F10,n09_m07_f10,bearing_real_damage,17,fault,real,8,data/raw/paderborn/KI17/N09_M07_F10_KI17_8.mat,False,paderborn_channels_verified
paderborn_artificial_to_natural,artificial_to_real_damage,paderborn,paderborn_n09_m07_f10_ki17_9_multisensor,paderborn_n09_m07_f10_ki17_9,test,KI17,multisensor,current|force|speed|temperature|torque|vibration,N09,M07_F10,n09_m07_f10,bearing_real_damage,17,fault,real,9,data/raw/paderborn/KI17/N09_M07_F10_KI17_9.mat,False,paderborn_channels_verified
paderborn_artificial_to_natural,artificial_to_real_damage,paderborn,paderborn_n15_m01_f10_ki17_10_multisensor,paderborn_n15_m01_f10_ki17_10,test,KI17,multisensor,current|force|speed|temperature|torque|vibration,N15,M01_F10,n15_m01_f10,bearing_real_damage,17,fault,real,10,data/raw/paderborn/KI17/N15_M01_F10_KI17_10.mat,False,paderborn_channels_verified
paderborn_artificial_to_natural,artificial_to_real_damage,paderborn,paderborn_n15_m01_f10_ki17_11_multisensor,paderborn_n15_m01_f10_ki17_11,test,KI17,multisensor,current|force|speed|temperature|torque|vibration,N15,M01_F10,n15_m01_f10,bearing_real_damage,17,fault,real,11,data/raw/paderborn/KI17/N15_M01_F10_KI17_11.mat,False,paderborn_channels_verified
paderborn_artificial_to_natural,artificial_to_real_damage,paderborn,paderborn_n15_m01_f10_ki17_12_multisensor,paderborn_n15_m01_f10_ki17_12,test,KI17,multisensor,current|force|speed|temperature|torque|vibration,N15,M01_F10,n15_m01_f10,bearing_real_damage,17,fault,real,12,data/raw/paderborn/KI17/N15_M01_F10_KI17_12.mat,False,paderborn_channels_verified
paderborn_artificial_to_natural,artificial_to_real_damage,paderborn,paderborn_n15_m01_f10_ki17_13_multisensor,paderborn_n15_m01_f10_ki17_13,test,KI17,multisensor,current|force|speed|temperature|torque|vibration,N15,M01_F10,n15_m01_f10,bearing_real_damage,17,fault,real,13,data/raw/paderborn/KI17/N15_M01_F10_KI17_13.mat,False,paderborn_channels_verified
paderborn_artificial_to_natural,artificial_to_real_damage,paderborn,paderborn_n15_m01_f10_ki17_14_multisensor,paderborn_n15_m01_f10_ki17_14,test,KI17,multisensor,current|force|speed|temperature|torque|vibration,N15,M01_F10,n15_m01_f10,bearing_real_damage,17,fault,real,14,data/raw/paderborn/KI17/N15_M01_F10_KI17_14.mat,False,paderborn_channels_verified
paderborn_artificial_to_natural,artificial_to_real_damage,paderborn,paderborn_n15_m01_f10_ki17_15_multisensor,paderborn_n15_m01_f10_ki17_15,test,KI17,multisensor,current|force|speed|temperature|torque|vibration,N15,M01_F10,n15_m01_f10,bearing_real_damage,17,fault,real,15,data/raw/paderborn/KI17/N15_M01_F10_KI17_15.mat,False,paderborn_channels_verified
paderborn_artificial_to_natural,artificial_to_real_damage,paderborn,paderborn_n15_m01_f10_ki17_16_multisensor,paderborn_n15_m01_f10_ki17_16,test,KI17,multisensor,current|force|speed|temperature|torque|vibration,N15,M01_F10,n15_m01_f10,bearing_real_damage,17,fault,real,16,data/raw/paderborn/KI17/N15_M01_F10_KI17_16.mat,False,paderborn_channels_verified
paderborn_artificial_to_natural,artificial_to_real_damage,paderborn,paderborn_n15_m01_f10_ki17_17_multisensor,paderborn_n15_m01_f10_ki17_17,test,KI17,multisensor,current|force|speed|temperature|torque|vibration,N15,M01_F10,n15_m01_f10,bearing_real_damage,17,fault,real,17,data/raw/paderborn/KI17/N15_M01_F10_KI17_17.mat,False,paderborn_channels_verified
paderborn_artificial_to_natural,artificial_to_real_damage,paderborn,paderborn_n15_m01_f10_ki17_18_multisensor,paderborn_n15_m01_f10_ki17_18,test,KI17,multisensor,current|force|speed|temperature|torque|vibration,N15,M01_F10,n15_m01_f10,bearing_real_damage,17,fault,real,18,data/raw/paderborn/KI17/N15_M01_F10_KI17_18.mat,False,paderborn_channels_verified
paderborn_artificial_to_natural,artificial_to_real_damage,paderborn,paderborn_n15_m01_f10_ki17_19_multisensor,paderborn_n15_m01_f10_ki17_19,test,KI17,multisensor,current|force|speed|temperature|torque|vibration,N15,M01_F10,n15_m01_f10,bearing_real_damage,17,fault,real,19,data/raw/paderborn/KI17/N15_M01_F10_KI17_19.mat,False,paderborn_channels_verified
paderborn_artificial_to_natural,artificial_to_real_damage,paderborn,paderborn_n15_m01_f10_ki17_1_multisensor,paderborn_n15_m01_f10_ki17_1,test,KI17,multisensor,current|force|speed|temperature|torque|vibration,N15,M01_F10,n15_m01_f10,bearing_real_damage,17,fault,real,1,data/raw/paderborn/KI17/N15_M01_F10_KI17_1.mat,False,paderborn_channels_verified
paderborn_artificial_to_natural,artificial_to_real_damage,paderborn,paderborn_n15_m01_f10_ki17_20_multisensor,paderborn_n15_m01_f10_ki17_20,test,KI17,multisensor,current|force|speed|temperature|torque|vibration,N15,M01_F10,n15_m01_f10,bearing_real_damage,17,fault,real,20,data/raw/paderborn/KI17/N15_M01_F10_KI17_20.mat,False,paderborn_channels_verified
paderborn_artificial_to_natural,artificial_to_real_damage,paderborn,paderborn_n15_m01_f10_ki17_2_multisensor,paderborn_n15_m01_f10_ki17_2,test,KI17,multisensor,current|force|speed|temperature|torque|vibration,N15,M01_F10,n15_m01_f10,bearing_real_damage,17,fault,real,2,data/raw/paderborn/KI17/N15_M01_F10_KI17_2.mat,False,paderborn_channels_verified
paderborn_artificial_to_natural,artificial_to_real_damage,paderborn,paderborn_n15_m01_f10_ki17_3_multisensor,paderborn_n15_m01_f10_ki17_3,test,KI17,multisensor,current|force|speed|temperature|torque|vibration,N15,M01_F10,n15_m01_f10,bearing_real_damage,17,fault,real,3,data/raw/paderborn/KI17/N15_M01_F10_KI17_3.mat,False,paderborn_channels_verified
paderborn_artificial_to_natural,artificial_to_real_damage,paderborn,paderborn_n15_m01_f10_ki17_4_multisensor,paderborn_n15_m01_f10_ki17_4,test,KI17,multisensor,current|force|speed|temperature|torque|vibration,N15,M01_F10,n15_m01_f10,bearing_real_damage,17,fault,real,4,data/raw/paderborn/KI17/N15_M01_F10_KI17_4.mat,False,paderborn_channels_verified
paderborn_artificial_to_natural,artificial_to_real_damage,paderborn,paderborn_n15_m01_f10_ki17_5_multisensor,paderborn_n15_m01_f10_ki17_5,test,KI17,multisensor,current|force|speed|temperature|torque|vibration,N15,M01_F10,n15_m01_f10,bearing_real_damage,17,fault,real,5,data/raw/paderborn/KI17/N15_M01_F10_KI17_5.mat,False,paderborn_channels_verified
paderborn_artificial_to_natural,artificial_to_real_damage,paderborn,paderborn_n15_m01_f10_ki17_6_multisensor,paderborn_n15_m01_f10_ki17_6,test,KI17,multisensor,current|force|speed|temperature|torque|vibration,N15,M01_F10,n15_m01_f10,bearing_real_damage,17,fault,real,6,data/raw/paderborn/KI17/N15_M01_F10_KI17_6.mat,False,paderborn_channels_verified
paderborn_artificial_to_natural,artificial_to_real_damage,paderborn,paderborn_n15_m01_f10_ki17_7_multisensor,paderborn_n15_m01_f10_ki17_7,test,KI17,multisensor,current|force|speed|temperature|torque|vibration,N15,M01_F10,n15_m01_f10,bearing_real_damage,17,fault,real,7,data/raw/paderborn/KI17/N15_M01_F10_KI17_7.mat,False,paderborn_channels_verified
paderborn_artificial_to_natural,artificial_to_real_damage,paderborn,paderborn_n15_m01_f10_ki17_8_multisensor,paderborn_n15_m01_f10_ki17_8,test,KI17,multisensor,current|force|speed|temperature|torque|vibration,N15,M01_F10,n15_m01_f10,bearing_real_damage,17,fault,real,8,data/raw/paderborn/KI17/N15_M01_F10_KI17_8.mat,False,paderborn_channels_verified
paderborn_artificial_to_natural,artificial_to_real_damage,paderborn,paderborn_n15_m01_f10_ki17_9_multisensor,paderborn_n15_m01_f10_ki17_9,test,KI17,multisensor,current|force|speed|temperature|torque|vibration,N15,M01_F10,n15_m01_f10,bearing_real_damage,17,fault,real,9,data/raw/paderborn/KI17/N15_M01_F10_KI17_9.mat,False,paderborn_channels_verified
paderborn_artificial_to_natural,artificial_to_real_damage,paderborn,paderborn_n15_m07_f04_ki17_10_multisensor,paderborn_n15_m07_f04_ki17_10,test,KI17,multisensor,current|force|speed|temperature|torque|vibration,N15,M07_F04,n15_m07_f04,bearing_real_damage,17,fault,real,10,data/raw/paderborn/KI17/N15_M07_F04_KI17_10.mat,False,paderborn_channels_verified
paderborn_artificial_to_natural,artificial_to_real_damage,paderborn,paderborn_n15_m07_f04_ki17_11_multisensor,paderborn_n15_m07_f04_ki17_11,test,KI17,multisensor,current|force|speed|temperature|torque|vibration,N15,M07_F04,n15_m07_f04,bearing_real_damage,17,fault,real,11,data/raw/paderborn/KI17/N15_M07_F04_KI17_11.mat,False,paderborn_channels_verified
paderborn_artificial_to_natural,artificial_to_real_damage,paderborn,paderborn_n15_m07_f04_ki17_12_multisensor,paderborn_n15_m07_f04_ki17_12,test,KI17,multisensor,current|force|speed|temperature|torque|vibration,N15,M07_F04,n15_m07_f04,bearing_real_damage,17,fault,real,12,data/raw/paderborn/KI17/N15_M07_F04_KI17_12.mat,False,paderborn_channels_verified
paderborn_artificial_to_natural,artificial_to_real_damage,paderborn,paderborn_n15_m07_f04_ki17_13_multisensor,paderborn_n15_m07_f04_ki17_13,test,KI17,multisensor,current|force|speed|temperature|torque|vibration,N15,M07_F04,n15_m07_f04,bearing_real_damage,17,fault,real,13,data/raw/paderborn/KI17/N15_M07_F04_KI17_13.mat,False,paderborn_channels_verified
paderborn_artificial_to_natural,artificial_to_real_damage,paderborn,paderborn_n15_m07_f04_ki17_14_multisensor,paderborn_n15_m07_f04_ki17_14,test,KI17,multisensor,current|force|speed|temperature|torque|vibration,N15,M07_F04,n15_m07_f04,bearing_real_damage,17,fault,real,14,data/raw/paderborn/KI17/N15_M07_F04_KI17_14.mat,False,paderborn_channels_verified
paderborn_artificial_to_natural,artificial_to_real_damage,paderborn,paderborn_n15_m07_f04_ki17_15_multisensor,paderborn_n15_m07_f04_ki17_15,test,KI17,multisensor,current|force|speed|temperature|torque|vibration,N15,M07_F04,n15_m07_f04,bearing_real_damage,17,fault,real,15,data/raw/paderborn/KI17/N15_M07_F04_KI17_15.mat,False,paderborn_channels_verified
paderborn_artificial_to_natural,artificial_to_real_damage,paderborn,paderborn_n15_m07_f04_ki17_16_multisensor,paderborn_n15_m07_f04_ki17_16,test,KI17,multisensor,current|force|speed|temperature|torque|vibration,N15,M07_F04,n15_m07_f04,bearing_real_damage,17,fault,real,16,data/raw/paderborn/KI17/N15_M07_F04_KI17_16.mat,False,paderborn_channels_verified
paderborn_artificial_to_natural,artificial_to_real_damage,paderborn,paderborn_n15_m07_f04_ki17_17_multisensor,paderborn_n15_m07_f04_ki17_17,test,KI17,multisensor,current|force|speed|temperature|torque|vibration,N15,M07_F04,n15_m07_f04,bearing_real_damage,17,fault,real,17,data/raw/paderborn/KI17/N15_M07_F04_KI17_17.mat,False,paderborn_channels_verified
paderborn_artificial_to_natural,artificial_to_real_damage,paderborn,paderborn_n15_m07_f04_ki17_18_multisensor,paderborn_n15_m07_f04_ki17_18,test,KI17,multisensor,current|force|speed|temperature|torque|vibration,N15,M07_F04,n15_m07_f04,bearing_real_damage,17,fault,real,18,data/raw/paderborn/KI17/N15_M07_F04_KI17_18.mat,False,paderborn_channels_verified
paderborn_artificial_to_natural,artificial_to_real_damage,paderborn,paderborn_n15_m07_f04_ki17_19_multisensor,paderborn_n15_m07_f04_ki17_19,test,KI17,multisensor,current|force|speed|temperature|torque|vibration,N15,M07_F04,n15_m07_f04,bearing_real_damage,17,fault,real,19,data/raw/paderborn/KI17/N15_M07_F04_KI17_19.mat,False,paderborn_channels_verified
paderborn_artificial_to_natural,artificial_to_real_damage,paderborn,paderborn_n15_m07_f04_ki17_1_multisensor,paderborn_n15_m07_f04_ki17_1,test,KI17,multisensor,current|force|speed|temperature|torque|vibration,N15,M07_F04,n15_m07_f04,bearing_real_damage,17,fault,real,1,data/raw/paderborn/KI17/N15_M07_F04_KI17_1.mat,False,paderborn_channels_verified
paderborn_artificial_to_natural,artificial_to_real_damage,paderborn,paderborn_n15_m07_f04_ki17_20_multisensor,paderborn_n15_m07_f04_ki17_20,test,KI17,multisensor,current|force|speed|temperature|torque|vibration,N15,M07_F04,n15_m07_f04,bearing_real_damage,17,fault,real,20,data/raw/paderborn/KI17/N15_M07_F04_KI17_20.mat,False,paderborn_channels_verified
paderborn_artificial_to_natural,artificial_to_real_damage,paderborn,paderborn_n15_m07_f04_ki17_2_multisensor,paderborn_n15_m07_f04_ki17_2,test,KI17,multisensor,current|force|speed|temperature|torque|vibration,N15,M07_F04,n15_m07_f04,bearing_real_damage,17,fault,real,2,data/raw/paderborn/KI17/N15_M07_F04_KI17_2.mat,False,paderborn_channels_verified
paderborn_artificial_to_natural,artificial_to_real_damage,paderborn,paderborn_n15_m07_f04_ki17_3_multisensor,paderborn_n15_m07_f04_ki17_3,test,KI17,multisensor,current|force|speed|temperature|torque|vibration,N15,M07_F04,n15_m07_f04,bearing_real_damage,17,fault,real,3,data/raw/paderborn/KI17/N15_M07_F04_KI17_3.mat,False,paderborn_channels_verified
paderborn_artificial_to_natural,artificial_to_real_damage,paderborn,paderborn_n15_m07_f04_ki17_4_multisensor,paderborn_n15_m07_f04_ki17_4,test,KI17,multisensor,current|force|speed|temperature|torque|vibration,N15,M07_F04,n15_m07_f04,bearing_real_damage,17,fault,real,4,data/raw/paderborn/KI17/N15_M07_F04_KI17_4.mat,False,paderborn_channels_verified
paderborn_artificial_to_natural,artificial_to_real_damage,paderborn,paderborn_n15_m07_f04_ki17_5_multisensor,paderborn_n15_m07_f04_ki17_5,test,KI17,multisensor,current|force|speed|temperature|torque|vibration,N15,M07_F04,n15_m07_f04,bearing_real_damage,17,fault,real,5,data/raw/paderborn/KI17/N15_M07_F04_KI17_5.mat,False,paderborn_channels_verified
paderborn_artificial_to_natural,artificial_to_real_damage,paderborn,paderborn_n15_m07_f04_ki17_6_multisensor,paderborn_n15_m07_f04_ki17_6,test,KI17,multisensor,current|force|speed|temperature|torque|vibration,N15,M07_F04,n15_m07_f04,bearing_real_damage,17,fault,real,6,data/raw/paderborn/KI17/N15_M07_F04_KI17_6.mat,False,paderborn_channels_verified
paderborn_artificial_to_natural,artificial_to_real_damage,paderborn,paderborn_n15_m07_f04_ki17_7_multisensor,paderborn_n15_m07_f04_ki17_7,test,KI17,multisensor,current|force|speed|temperature|torque|vibration,N15,M07_F04,n15_m07_f04,bearing_real_damage,17,fault,real,7,data/raw/paderborn/KI17/N15_M07_F04_KI17_7.mat,False,paderborn_channels_verified
paderborn_artificial_to_natural,artificial_to_real_damage,paderborn,paderborn_n15_m07_f04_ki17_8_multisensor,paderborn_n15_m07_f04_ki17_8,test,KI17,multisensor,current|force|speed|temperature|torque|vibration,N15,M07_F04,n15_m07_f04,bearing_real_damage,17,fault,real,8,data/raw/paderborn/KI17/N15_M07_F04_KI17_8.mat,False,paderborn_channels_verified
paderborn_artificial_to_natural,artificial_to_real_damage,paderborn,paderborn_n15_m07_f04_ki17_9_multisensor,paderborn_n15_m07_f04_ki17_9,test,KI17,multisensor,current|force|speed|temperature|torque|vibration,N15,M07_F04,n15_m07_f04,bearing_real_damage,17,fault,real,9,data/raw/paderborn/KI17/N15_M07_F04_KI17_9.mat,False,paderborn_channels_verified
paderborn_artificial_to_natural,artificial_to_real_damage,paderborn,paderborn_n15_m07_f10_ki17_10_multisensor,paderborn_n15_m07_f10_ki17_10,test,KI17,multisensor,current|force|speed|temperature|torque|vibration,N15,M07_F10,n15_m07_f10,bearing_real_damage,17,fault,real,10,data/raw/paderborn/KI17/N15_M07_F10_KI17_10.mat,False,paderborn_channels_verified
paderborn_artificial_to_natural,artificial_to_real_damage,paderborn,paderborn_n15_m07_f10_ki17_11_multisensor,paderborn_n15_m07_f10_ki17_11,test,KI17,multisensor,current|force|speed|temperature|torque|vibration,N15,M07_F10,n15_m07_f10,bearing_real_damage,17,fault,real,11,data/raw/paderborn/KI17/N15_M07_F10_KI17_11.mat,False,paderborn_channels_verified
paderborn_artificial_to_natural,artificial_to_real_damage,paderborn,paderborn_n15_m07_f10_ki17_12_multisensor,paderborn_n15_m07_f10_ki17_12,test,KI17,multisensor,current|force|speed|temperature|torque|vibration,N15,M07_F10,n15_m07_f10,bearing_real_damage,17,fault,real,12,data/raw/paderborn/KI17/N15_M07_F10_KI17_12.mat,False,paderborn_channels_verified
paderborn_artificial_to_natural,artificial_to_real_damage,paderborn,paderborn_n15_m07_f10_ki17_13_multisensor,paderborn_n15_m07_f10_ki17_13,test,KI17,multisensor,current|force|speed|temperature|torque|vibration,N15,M07_F10,n15_m07_f10,bearing_real_damage,17,fault,real,13,data/raw/paderborn/KI17/N15_M07_F10_KI17_13.mat,False,paderborn_channels_verified
paderborn_artificial_to_natural,artificial_to_real_damage,paderborn,paderborn_n15_m07_f10_ki17_14_multisensor,paderborn_n15_m07_f10_ki17_14,test,KI17,multisensor,current|force|speed|temperature|torque|vibration,N15,M07_F10,n15_m07_f10,bearing_real_damage,17,fault,real,14,data/raw/paderborn/KI17/N15_M07_F10_KI17_14.mat,False,paderborn_channels_verified
paderborn_artificial_to_natural,artificial_to_real_damage,paderborn,paderborn_n15_m07_f10_ki17_15_multisensor,paderborn_n15_m07_f10_ki17_15,test,KI17,multisensor,current|force|speed|temperature|torque|vibration,N15,M07_F10,n15_m07_f10,bearing_real_damage,17,fault,real,15,data/raw/paderborn/KI17/N15_M07_F10_KI17_15.mat,False,paderborn_channels_verified
paderborn_artificial_to_natural,artificial_to_real_damage,paderborn,paderborn_n15_m07_f10_ki17_16_multisensor,paderborn_n15_m07_f10_ki17_16,test,KI17,multisensor,current|force|speed|temperature|torque|vibration,N15,M07_F10,n15_m07_f10,bearing_real_damage,17,fault,real,16,data/raw/paderborn/KI17/N15_M07_F10_KI17_16.mat,False,paderborn_channels_verified
paderborn_artificial_to_natural,artificial_to_real_damage,paderborn,paderborn_n15_m07_f10_ki17_17_multisensor,paderborn_n15_m07_f10_ki17_17,test,KI17,multisensor,current|force|speed|temperature|torque|vibration,N15,M07_F10,n15_m07_f10,bearing_real_damage,17,fault,real,17,data/raw/paderborn/KI17/N15_M07_F10_KI17_17.mat,False,paderborn_channels_verified
paderborn_artificial_to_natural,artificial_to_real_damage,paderborn,paderborn_n15_m07_f10_ki17_18_multisensor,paderborn_n15_m07_f10_ki17_18,test,KI17,multisensor,current|force|speed|temperature|torque|vibration,N15,M07_F10,n15_m07_f10,bearing_real_damage,17,fault,real,18,data/raw/paderborn/KI17/N15_M07_F10_KI17_18.mat,False,paderborn_channels_verified
paderborn_artificial_to_natural,artificial_to_real_damage,paderborn,paderborn_n15_m07_f10_ki17_19_multisensor,paderborn_n15_m07_f10_ki17_19,test,KI17,multisensor,current|force|speed|temperature|torque|vibration,N15,M07_F10,n15_m07_f10,bearing_real_damage,17,fault,real,19,data/raw/paderborn/KI17/N15_M07_F10_KI17_19.mat,False,paderborn_channels_verified
paderborn_artificial_to_natural,artificial_to_real_damage,paderborn,paderborn_n15_m07_f10_ki17_1_multisensor,paderborn_n15_m07_f10_ki17_1,test,KI17,multisensor,current|force|speed|temperature|torque|vibration,N15,M07_F10,n15_m07_f10,bearing_real_damage,17,fault,real,1,data/raw/paderborn/KI17/N15_M07_F10_KI17_1.mat,False,paderborn_channels_verified
paderborn_artificial_to_natural,artificial_to_real_damage,paderborn,paderborn_n15_m07_f10_ki17_20_multisensor,paderborn_n15_m07_f10_ki17_20,test,KI17,multisensor,current|force|speed|temperature|torque|vibration,N15,M07_F10,n15_m07_f10,bearing_real_damage,17,fault,real,20,data/raw/paderborn/KI17/N15_M07_F10_KI17_20.mat,False,paderborn_channels_verified
paderborn_artificial_to_natural,artificial_to_real_damage,paderborn,paderborn_n15_m07_f10_ki17_2_multisensor,paderborn_n15_m07_f10_ki17_2,test,KI17,multisensor,current|force|speed|temperature|torque|vibration,N15,M07_F10,n15_m07_f10,bearing_real_damage,17,fault,real,2,data/raw/paderborn/KI17/N15_M07_F10_KI17_2.mat,False,paderborn_channels_verified
paderborn_artificial_to_natural,artificial_to_real_damage,paderborn,paderborn_n15_m07_f10_ki17_3_multisensor,paderborn_n15_m07_f10_ki17_3,test,KI17,multisensor,current|force|speed|temperature|torque|vibration,N15,M07_F10,n15_m07_f10,bearing_real_damage,17,fault,real,3,data/raw/paderborn/KI17/N15_M07_F10_KI17_3.mat,False,paderborn_channels_verified
paderborn_artificial_to_natural,artificial_to_real_damage,paderborn,paderborn_n15_m07_f10_ki17_4_multisensor,paderborn_n15_m07_f10_ki17_4,test,KI17,multisensor,current|force|speed|temperature|torque|vibration,N15,M07_F10,n15_m07_f10,bearing_real_damage,17,fault,real,4,data/raw/paderborn/KI17/N15_M07_F10_KI17_4.mat,False,paderborn_channels_verified
paderborn_artificial_to_natural,artificial_to_real_damage,paderborn,paderborn_n15_m07_f10_ki17_5_multisensor,paderborn_n15_m07_f10_ki17_5,test,KI17,multisensor,current|force|speed|temperature|torque|vibration,N15,M07_F10,n15_m07_f10,bearing_real_damage,17,fault,real,5,data/raw/paderborn/KI17/N15_M07_F10_KI17_5.mat,False,paderborn_channels_verified
paderborn_artificial_to_natural,artificial_to_real_damage,paderborn,paderborn_n15_m07_f10_ki17_6_multisensor,paderborn_n15_m07_f10_ki17_6,test,KI17,multisensor,current|force|speed|temperature|torque|vibration,N15,M07_F10,n15_m07_f10,bearing_real_damage,17,fault,real,6,data/raw/paderborn/KI17/N15_M07_F10_KI17_6.mat,False,paderborn_channels_verified
paderborn_artificial_to_natural,artificial_to_real_damage,paderborn,paderborn_n15_m07_f10_ki17_7_multisensor,paderborn_n15_m07_f10_ki17_7,test,KI17,multisensor,current|force|speed|temperature|torque|vibration,N15,M07_F10,n15_m07_f10,bearing_real_damage,17,fault,real,7,data/raw/paderborn/KI17/N15_M07_F10_KI17_7.mat,False,paderborn_channels_verified
paderborn_artificial_to_natural,artificial_to_real_damage,paderborn,paderborn_n15_m07_f10_ki17_8_multisensor,paderborn_n15_m07_f10_ki17_8,test,KI17,multisensor,current|force|speed|temperature|torque|vibration,N15,M07_F10,n15_m07_f10,bearing_real_damage,17,fault,real,8,data/raw/paderborn/KI17/N15_M07_F10_KI17_8.mat,False,paderborn_channels_verified
paderborn_artificial_to_natural,artificial_to_real_damage,paderborn,paderborn_n15_m07_f10_ki17_9_multisensor,paderborn_n15_m07_f10_ki17_9,test,KI17,multisensor,current|force|speed|temperature|torque|vibration,N15,M07_F10,n15_m07_f10,bearing_real_damage,17,fault,real,9,data/raw/paderborn/KI17/N15_M07_F10_KI17_9.mat,False,paderborn_channels_verified
paderborn_artificial_to_natural,artificial_to_real_damage,paderborn,paderborn_n09_m07_f10_ki18_10_multisensor,paderborn_n09_m07_f10_ki18_10,test,KI18,multisensor,current|force|speed|temperature|torque|vibration,N09,M07_F10,n09_m07_f10,bearing_real_damage,18,fault,real,10,data/raw/paderborn/KI18/N09_M07_F10_KI18_10.mat,False,paderborn_channels_verified
paderborn_artificial_to_natural,artificial_to_real_damage,paderborn,paderborn_n09_m07_f10_ki18_11_multisensor,paderborn_n09_m07_f10_ki18_11,test,KI18,multisensor,current|force|speed|temperature|torque|vibration,N09,M07_F10,n09_m07_f10,bearing_real_damage,18,fault,real,11,data/raw/paderborn/KI18/N09_M07_F10_KI18_11.mat,False,paderborn_channels_verified
paderborn_artificial_to_natural,artificial_to_real_damage,paderborn,paderborn_n09_m07_f10_ki18_12_multisensor,paderborn_n09_m07_f10_ki18_12,test,KI18,multisensor,current|force|speed|temperature|torque|vibration,N09,M07_F10,n09_m07_f10,bearing_real_damage,18,fault,real,12,data/raw/paderborn/KI18/N09_M07_F10_KI18_12.mat,False,paderborn_channels_verified
paderborn_artificial_to_natural,artificial_to_real_damage,paderborn,paderborn_n09_m07_f10_ki18_13_multisensor,paderborn_n09_m07_f10_ki18_13,test,KI18,multisensor,current|force|speed|temperature|torque|vibration,N09,M07_F10,n09_m07_f10,bearing_real_damage,18,fault,real,13,data/raw/paderborn/KI18/N09_M07_F10_KI18_13.mat,False,paderborn_channels_verified
paderborn_artificial_to_natural,artificial_to_real_damage,paderborn,paderborn_n09_m07_f10_ki18_14_multisensor,paderborn_n09_m07_f10_ki18_14,test,KI18,multisensor,current|force|speed|temperature|torque|vibration,N09,M07_F10,n09_m07_f10,bearing_real_damage,18,fault,real,14,data/raw/paderborn/KI18/N09_M07_F10_KI18_14.mat,False,paderborn_channels_verified
paderborn_artificial_to_natural,artificial_to_real_damage,paderborn,paderborn_n09_m07_f10_ki18_15_multisensor,paderborn_n09_m07_f10_ki18_15,test,KI18,multisensor,current|force|speed|temperature|torque|vibration,N09,M07_F10,n09_m07_f10,bearing_real_damage,18,fault,real,15,data/raw/paderborn/KI18/N09_M07_F10_KI18_15.mat,False,paderborn_channels_verified
paderborn_artificial_to_natural,artificial_to_real_damage,paderborn,paderborn_n09_m07_f10_ki18_16_multisensor,paderborn_n09_m07_f10_ki18_16,test,KI18,multisensor,current|force|speed|temperature|torque|vibration,N09,M07_F10,n09_m07_f10,bearing_real_damage,18,fault,real,16,data/raw/paderborn/KI18/N09_M07_F10_KI18_16.mat,False,paderborn_channels_verified
paderborn_artificial_to_natural,artificial_to_real_damage,paderborn,paderborn_n09_m07_f10_ki18_17_multisensor,paderborn_n09_m07_f10_ki18_17,test,KI18,multisensor,current|force|speed|temperature|torque|vibration,N09,M07_F10,n09_m07_f10,bearing_real_damage,18,fault,real,17,data/raw/paderborn/KI18/N09_M07_F10_KI18_17.mat,False,paderborn_channels_verified
paderborn_artificial_to_natural,artificial_to_real_damage,paderborn,paderborn_n09_m07_f10_ki18_18_multisensor,paderborn_n09_m07_f10_ki18_18,test,KI18,multisensor,current|force|speed|temperature|torque|vibration,N09,M07_F10,n09_m07_f10,bearing_real_damage,18,fault,real,18,data/raw/paderborn/KI18/N09_M07_F10_KI18_18.mat,False,paderborn_channels_verified
paderborn_artificial_to_natural,artificial_to_real_damage,paderborn,paderborn_n09_m07_f10_ki18_19_multisensor,paderborn_n09_m07_f10_ki18_19,test,KI18,multisensor,current|force|speed|temperature|torque|vibration,N09,M07_F10,n09_m07_f10,bearing_real_damage,18,fault,real,19,data/raw/paderborn/KI18/N09_M07_F10_KI18_19.mat,False,paderborn_channels_verified
paderborn_artificial_to_natural,artificial_to_real_damage,paderborn,paderborn_n09_m07_f10_ki18_1_multisensor,paderborn_n09_m07_f10_ki18_1,test,KI18,multisensor,current|force|speed|temperature|torque|vibration,N09,M07_F10,n09_m07_f10,bearing_real_damage,18,fault,real,1,data/raw/paderborn/KI18/N09_M07_F10_KI18_1.mat,False,paderborn_channels_verified
paderborn_artificial_to_natural,artificial_to_real_damage,paderborn,paderborn_n09_m07_f10_ki18_20_multisensor,paderborn_n09_m07_f10_ki18_20,test,KI18,multisensor,current|force|speed|temperature|torque|vibration,N09,M07_F10,n09_m07_f10,bearing_real_damage,18,fault,real,20,data/raw/paderborn/KI18/N09_M07_F10_KI18_20.mat,False,paderborn_channels_verified
paderborn_artificial_to_natural,artificial_to_real_damage,paderborn,paderborn_n09_m07_f10_ki18_2_multisensor,paderborn_n09_m07_f10_ki18_2,test,KI18,multisensor,current|force|speed|temperature|torque|vibration,N09,M07_F10,n09_m07_f10,bearing_real_damage,18,fault,real,2,data/raw/paderborn/KI18/N09_M07_F10_KI18_2.mat,False,paderborn_channels_verified
paderborn_artificial_to_natural,artificial_to_real_damage,paderborn,paderborn_n09_m07_f10_ki18_3_multisensor,paderborn_n09_m07_f10_ki18_3,test,KI18,multisensor,current|force|speed|temperature|torque|vibration,N09,M07_F10,n09_m07_f10,bearing_real_damage,18,fault,real,3,data/raw/paderborn/KI18/N09_M07_F10_KI18_3.mat,False,paderborn_channels_verified
paderborn_artificial_to_natural,artificial_to_real_damage,paderborn,paderborn_n09_m07_f10_ki18_4_multisensor,paderborn_n09_m07_f10_ki18_4,test,KI18,multisensor,current|force|speed|temperature|torque|vibration,N09,M07_F10,n09_m07_f10,bearing_real_damage,18,fault,real,4,data/raw/paderborn/KI18/N09_M07_F10_KI18_4.mat,False,paderborn_channels_verified
paderborn_artificial_to_natural,artificial_to_real_damage,paderborn,paderborn_n09_m07_f10_ki18_5_multisensor,paderborn_n09_m07_f10_ki18_5,test,KI18,multisensor,current|force|speed|temperature|torque|vibration,N09,M07_F10,n09_m07_f10,bearing_real_damage,18,fault,real,5,data/raw/paderborn/KI18/N09_M07_F10_KI18_5.mat,False,paderborn_channels_verified
paderborn_artificial_to_natural,artificial_to_real_damage,paderborn,paderborn_n09_m07_f10_ki18_6_multisensor,paderborn_n09_m07_f10_ki18_6,test,KI18,multisensor,current|force|speed|temperature|torque|vibration,N09,M07_F10,n09_m07_f10,bearing_real_damage,18,fault,real,6,data/raw/paderborn/KI18/N09_M07_F10_KI18_6.mat,False,paderborn_channels_verified
paderborn_artificial_to_natural,artificial_to_real_damage,paderborn,paderborn_n09_m07_f10_ki18_7_multisensor,paderborn_n09_m07_f10_ki18_7,test,KI18,multisensor,current|force|speed|temperature|torque|vibration,N09,M07_F10,n09_m07_f10,bearing_real_damage,18,fault,real,7,data/raw/paderborn/KI18/N09_M07_F10_KI18_7.mat,False,paderborn_channels_verified
paderborn_artificial_to_natural,artificial_to_real_damage,paderborn,paderborn_n09_m07_f10_ki18_8_multisensor,paderborn_n09_m07_f10_ki18_8,test,KI18,multisensor,current|force|speed|temperature|torque|vibration,N09,M07_F10,n09_m07_f10,bearing_real_damage,18,fault,real,8,data/raw/paderborn/KI18/N09_M07_F10_KI18_8.mat,False,paderborn_channels_verified
paderborn_artificial_to_natural,artificial_to_real_damage,paderborn,paderborn_n09_m07_f10_ki18_9_multisensor,paderborn_n09_m07_f10_ki18_9,test,KI18,multisensor,current|force|speed|temperature|torque|vibration,N09,M07_F10,n09_m07_f10,bearing_real_damage,18,fault,real,9,data/raw/paderborn/KI18/N09_M07_F10_KI18_9.mat,False,paderborn_channels_verified
paderborn_artificial_to_natural,artificial_to_real_damage,paderborn,paderborn_n15_m01_f10_ki18_10_multisensor,paderborn_n15_m01_f10_ki18_10,test,KI18,multisensor,current|force|speed|temperature|torque|vibration,N15,M01_F10,n15_m01_f10,bearing_real_damage,18,fault,real,10,data/raw/paderborn/KI18/N15_M01_F10_KI18_10.mat,False,paderborn_channels_verified
paderborn_artificial_to_natural,artificial_to_real_damage,paderborn,paderborn_n15_m01_f10_ki18_11_multisensor,paderborn_n15_m01_f10_ki18_11,test,KI18,multisensor,current|force|speed|temperature|torque|vibration,N15,M01_F10,n15_m01_f10,bearing_real_damage,18,fault,real,11,data/raw/paderborn/KI18/N15_M01_F10_KI18_11.mat,False,paderborn_channels_verified
paderborn_artificial_to_natural,artificial_to_real_damage,paderborn,paderborn_n15_m01_f10_ki18_12_multisensor,paderborn_n15_m01_f10_ki18_12,test,KI18,multisensor,current|force|speed|temperature|torque|vibration,N15,M01_F10,n15_m01_f10,bearing_real_damage,18,fault,real,12,data/raw/paderborn/KI18/N15_M01_F10_KI18_12.mat,False,paderborn_channels_verified
paderborn_artificial_to_natural,artificial_to_real_damage,paderborn,paderborn_n15_m01_f10_ki18_13_multisensor,paderborn_n15_m01_f10_ki18_13,test,KI18,multisensor,current|force|speed|temperature|torque|vibration,N15,M01_F10,n15_m01_f10,bearing_real_damage,18,fault,real,13,data/raw/paderborn/KI18/N15_M01_F10_KI18_13.mat,False,paderborn_channels_verified
paderborn_artificial_to_natural,artificial_to_real_damage,paderborn,paderborn_n15_m01_f10_ki18_14_multisensor,paderborn_n15_m01_f10_ki18_14,test,KI18,multisensor,current|force|speed|temperature|torque|vibration,N15,M01_F10,n15_m01_f10,bearing_real_damage,18,fault,real,14,data/raw/paderborn/KI18/N15_M01_F10_KI18_14.mat,False,paderborn_channels_verified
paderborn_artificial_to_natural,artificial_to_real_damage,paderborn,paderborn_n15_m01_f10_ki18_15_multisensor,paderborn_n15_m01_f10_ki18_15,test,KI18,multisensor,current|force|speed|temperature|torque|vibration,N15,M01_F10,n15_m01_f10,bearing_real_damage,18,fault,real,15,data/raw/paderborn/KI18/N15_M01_F10_KI18_15.mat,False,paderborn_channels_verified
paderborn_artificial_to_natural,artificial_to_real_damage,paderborn,paderborn_n15_m01_f10_ki18_16_multisensor,paderborn_n15_m01_f10_ki18_16,test,KI18,multisensor,current|force|speed|temperature|torque|vibration,N15,M01_F10,n15_m01_f10,bearing_real_damage,18,fault,real,16,data/raw/paderborn/KI18/N15_M01_F10_KI18_16.mat,False,paderborn_channels_verified
paderborn_artificial_to_natural,artificial_to_real_damage,paderborn,paderborn_n15_m01_f10_ki18_17_multisensor,paderborn_n15_m01_f10_ki18_17,test,KI18,multisensor,current|force|speed|temperature|torque|vibration,N15,M01_F10,n15_m01_f10,bearing_real_damage,18,fault,real,17,data/raw/paderborn/KI18/N15_M01_F10_KI18_17.mat,False,paderborn_channels_verified
paderborn_artificial_to_natural,artificial_to_real_damage,paderborn,paderborn_n15_m01_f10_ki18_18_multisensor,paderborn_n15_m01_f10_ki18_18,test,KI18,multisensor,current|force|speed|temperature|torque|vibration,N15,M01_F10,n15_m01_f10,bearing_real_damage,18,fault,real,18,data/raw/paderborn/KI18/N15_M01_F10_KI18_18.mat,False,paderborn_channels_verified
paderborn_artificial_to_natural,artificial_to_real_damage,paderborn,paderborn_n15_m01_f10_ki18_19_multisensor,paderborn_n15_m01_f10_ki18_19,test,KI18,multisensor,current|force|speed|temperature|torque|vibration,N15,M01_F10,n15_m01_f10,bearing_real_damage,18,fault,real,19,data/raw/paderborn/KI18/N15_M01_F10_KI18_19.mat,False,paderborn_channels_verified
paderborn_artificial_to_natural,artificial_to_real_damage,paderborn,paderborn_n15_m01_f10_ki18_1_multisensor,paderborn_n15_m01_f10_ki18_1,test,KI18,multisensor,current|force|speed|temperature|torque|vibration,N15,M01_F10,n15_m01_f10,bearing_real_damage,18,fault,real,1,data/raw/paderborn/KI18/N15_M01_F10_KI18_1.mat,False,paderborn_channels_verified
paderborn_artificial_to_natural,artificial_to_real_damage,paderborn,paderborn_n15_m01_f10_ki18_20_multisensor,paderborn_n15_m01_f10_ki18_20,test,KI18,multisensor,current|force|speed|temperature|torque|vibration,N15,M01_F10,n15_m01_f10,bearing_real_damage,18,fault,real,20,data/raw/paderborn/KI18/N15_M01_F10_KI18_20.mat,False,paderborn_channels_verified
paderborn_artificial_to_natural,artificial_to_real_damage,paderborn,paderborn_n15_m01_f10_ki18_2_multisensor,paderborn_n15_m01_f10_ki18_2,test,KI18,multisensor,current|force|speed|temperature|torque|vibration,N15,M01_F10,n15_m01_f10,bearing_real_damage,18,fault,real,2,data/raw/paderborn/KI18/N15_M01_F10_KI18_2.mat,False,paderborn_channels_verified
paderborn_artificial_to_natural,artificial_to_real_damage,paderborn,paderborn_n15_m01_f10_ki18_3_multisensor,paderborn_n15_m01_f10_ki18_3,test,KI18,multisensor,current|force|speed|temperature|torque|vibration,N15,M01_F10,n15_m01_f10,bearing_real_damage,18,fault,real,3,data/raw/paderborn/KI18/N15_M01_F10_KI18_3.mat,False,paderborn_channels_verified
paderborn_artificial_to_natural,artificial_to_real_damage,paderborn,paderborn_n15_m01_f10_ki18_4_multisensor,paderborn_n15_m01_f10_ki18_4,test,KI18,multisensor,current|force|speed|temperature|torque|vibration,N15,M01_F10,n15_m01_f10,bearing_real_damage,18,fault,real,4,data/raw/paderborn/KI18/N15_M01_F10_KI18_4.mat,False,paderborn_channels_verified
paderborn_artificial_to_natural,artificial_to_real_damage,paderborn,paderborn_n15_m01_f10_ki18_5_multisensor,paderborn_n15_m01_f10_ki18_5,test,KI18,multisensor,current|force|speed|temperature|torque|vibration,N15,M01_F10,n15_m01_f10,bearing_real_damage,18,fault,real,5,data/raw/paderborn/KI18/N15_M01_F10_KI18_5.mat,False,paderborn_channels_verified
paderborn_artificial_to_natural,artificial_to_real_damage,paderborn,paderborn_n15_m01_f10_ki18_6_multisensor,paderborn_n15_m01_f10_ki18_6,test,KI18,multisensor,current|force|speed|temperature|torque|vibration,N15,M01_F10,n15_m01_f10,bearing_real_damage,18,fault,real,6,data/raw/paderborn/KI18/N15_M01_F10_KI18_6.mat,False,paderborn_channels_verified
paderborn_artificial_to_natural,artificial_to_real_damage,paderborn,paderborn_n15_m01_f10_ki18_7_multisensor,paderborn_n15_m01_f10_ki18_7,test,KI18,multisensor,current|force|speed|temperature|torque|vibration,N15,M01_F10,n15_m01_f10,bearing_real_damage,18,fault,real,7,data/raw/paderborn/KI18/N15_M01_F10_KI18_7.mat,False,paderborn_channels_verified
paderborn_artificial_to_natural,artificial_to_real_damage,paderborn,paderborn_n15_m01_f10_ki18_8_multisensor,paderborn_n15_m01_f10_ki18_8,test,KI18,multisensor,current|force|speed|temperature|torque|vibration,N15,M01_F10,n15_m01_f10,bearing_real_damage,18,fault,real,8,data/raw/paderborn/KI18/N15_M01_F10_KI18_8.mat,False,paderborn_channels_verified
paderborn_artificial_to_natural,artificial_to_real_damage,paderborn,paderborn_n15_m01_f10_ki18_9_multisensor,paderborn_n15_m01_f10_ki18_9,test,KI18,multisensor,current|force|speed|temperature|torque|vibration,N15,M01_F10,n15_m01_f10,bearing_real_damage,18,fault,real,9,data/raw/paderborn/KI18/N15_M01_F10_KI18_9.mat,False,paderborn_channels_verified
paderborn_artificial_to_natural,artificial_to_real_damage,paderborn,paderborn_n15_m07_f04_ki18_10_multisensor,paderborn_n15_m07_f04_ki18_10,test,KI18,multisensor,current|force|speed|temperature|torque|vibration,N15,M07_F04,n15_m07_f04,bearing_real_damage,18,fault,real,10,data/raw/paderborn/KI18/N15_M07_F04_KI18_10.mat,False,paderborn_channels_verified
paderborn_artificial_to_natural,artificial_to_real_damage,paderborn,paderborn_n15_m07_f04_ki18_11_multisensor,paderborn_n15_m07_f04_ki18_11,test,KI18,multisensor,current|force|speed|temperature|torque|vibration,N15,M07_F04,n15_m07_f04,bearing_real_damage,18,fault,real,11,data/raw/paderborn/KI18/N15_M07_F04_KI18_11.mat,False,paderborn_channels_verified
paderborn_artificial_to_natural,artificial_to_real_damage,paderborn,paderborn_n15_m07_f04_ki18_12_multisensor,paderborn_n15_m07_f04_ki18_12,test,KI18,multisensor,current|force|speed|temperature|torque|vibration,N15,M07_F04,n15_m07_f04,bearing_real_damage,18,fault,real,12,data/raw/paderborn/KI18/N15_M07_F04_KI18_12.mat,False,paderborn_channels_verified
paderborn_artificial_to_natural,artificial_to_real_damage,paderborn,paderborn_n15_m07_f04_ki18_13_multisensor,paderborn_n15_m07_f04_ki18_13,test,KI18,multisensor,current|force|speed|temperature|torque|vibration,N15,M07_F04,n15_m07_f04,bearing_real_damage,18,fault,real,13,data/raw/paderborn/KI18/N15_M07_F04_KI18_13.mat,False,paderborn_channels_verified
paderborn_artificial_to_natural,artificial_to_real_damage,paderborn,paderborn_n15_m07_f04_ki18_14_multisensor,paderborn_n15_m07_f04_ki18_14,test,KI18,multisensor,current|force|speed|temperature|torque|vibration,N15,M07_F04,n15_m07_f04,bearing_real_damage,18,fault,real,14,data/raw/paderborn/KI18/N15_M07_F04_KI18_14.mat,False,paderborn_channels_verified
paderborn_artificial_to_natural,artificial_to_real_damage,paderborn,paderborn_n15_m07_f04_ki18_15_multisensor,paderborn_n15_m07_f04_ki18_15,test,KI18,multisensor,current|force|speed|temperature|torque|vibration,N15,M07_F04,n15_m07_f04,bearing_real_damage,18,fault,real,15,data/raw/paderborn/KI18/N15_M07_F04_KI18_15.mat,False,paderborn_channels_verified
paderborn_artificial_to_natural,artificial_to_real_damage,paderborn,paderborn_n15_m07_f04_ki18_16_multisensor,paderborn_n15_m07_f04_ki18_16,test,KI18,multisensor,current|force|speed|temperature|torque|vibration,N15,M07_F04,n15_m07_f04,bearing_real_damage,18,fault,real,16,data/raw/paderborn/KI18/N15_M07_F04_KI18_16.mat,False,paderborn_channels_verified
paderborn_artificial_to_natural,artificial_to_real_damage,paderborn,paderborn_n15_m07_f04_ki18_17_multisensor,paderborn_n15_m07_f04_ki18_17,test,KI18,multisensor,current|force|speed|temperature|torque|vibration,N15,M07_F04,n15_m07_f04,bearing_real_damage,18,fault,real,17,data/raw/paderborn/KI18/N15_M07_F04_KI18_17.mat,False,paderborn_channels_verified
paderborn_artificial_to_natural,artificial_to_real_damage,paderborn,paderborn_n15_m07_f04_ki18_18_multisensor,paderborn_n15_m07_f04_ki18_18,test,KI18,multisensor,current|force|speed|temperature|torque|vibration,N15,M07_F04,n15_m07_f04,bearing_real_damage,18,fault,real,18,data/raw/paderborn/KI18/N15_M07_F04_KI18_18.mat,False,paderborn_channels_verified
paderborn_artificial_to_natural,artificial_to_real_damage,paderborn,paderborn_n15_m07_f04_ki18_19_multisensor,paderborn_n15_m07_f04_ki18_19,test,KI18,multisensor,current|force|speed|temperature|torque|vibration,N15,M07_F04,n15_m07_f04,bearing_real_damage,18,fault,real,19,data/raw/paderborn/KI18/N15_M07_F04_KI18_19.mat,False,paderborn_channels_verified
paderborn_artificial_to_natural,artificial_to_real_damage,paderborn,paderborn_n15_m07_f04_ki18_1_multisensor,paderborn_n15_m07_f04_ki18_1,test,KI18,multisensor,current|force|speed|temperature|torque|vibration,N15,M07_F04,n15_m07_f04,bearing_real_damage,18,fault,real,1,data/raw/paderborn/KI18/N15_M07_F04_KI18_1.mat,False,paderborn_channels_verified
paderborn_artificial_to_natural,artificial_to_real_damage,paderborn,paderborn_n15_m07_f04_ki18_20_multisensor,paderborn_n15_m07_f04_ki18_20,test,KI18,multisensor,current|force|speed|temperature|torque|vibration,N15,M07_F04,n15_m07_f04,bearing_real_damage,18,fault,real,20,data/raw/paderborn/KI18/N15_M07_F04_KI18_20.mat,False,paderborn_channels_verified
paderborn_artificial_to_natural,artificial_to_real_damage,paderborn,paderborn_n15_m07_f04_ki18_2_multisensor,paderborn_n15_m07_f04_ki18_2,test,KI18,multisensor,current|force|speed|temperature|torque|vibration,N15,M07_F04,n15_m07_f04,bearing_real_damage,18,fault,real,2,data/raw/paderborn/KI18/N15_M07_F04_KI18_2.mat,False,paderborn_channels_verified
paderborn_artificial_to_natural,artificial_to_real_damage,paderborn,paderborn_n15_m07_f04_ki18_3_multisensor,paderborn_n15_m07_f04_ki18_3,test,KI18,multisensor,current|force|speed|temperature|torque|vibration,N15,M07_F04,n15_m07_f04,bearing_real_damage,18,fault,real,3,data/raw/paderborn/KI18/N15_M07_F04_KI18_3.mat,False,paderborn_channels_verified
paderborn_artificial_to_natural,artificial_to_real_damage,paderborn,paderborn_n15_m07_f04_ki18_4_multisensor,paderborn_n15_m07_f04_ki18_4,test,KI18,multisensor,current|force|speed|temperature|torque|vibration,N15,M07_F04,n15_m07_f04,bearing_real_damage,18,fault,real,4,data/raw/paderborn/KI18/N15_M07_F04_KI18_4.mat,False,paderborn_channels_verified
paderborn_artificial_to_natural,artificial_to_real_damage,paderborn,paderborn_n15_m07_f04_ki18_5_multisensor,paderborn_n15_m07_f04_ki18_5,test,KI18,multisensor,current|force|speed|temperature|torque|vibration,N15,M07_F04,n15_m07_f04,bearing_real_damage,18,fault,real,5,data/raw/paderborn/KI18/N15_M07_F04_KI18_5.mat,False,paderborn_channels_verified
paderborn_artificial_to_natural,artificial_to_real_damage,paderborn,paderborn_n15_m07_f04_ki18_6_multisensor,paderborn_n15_m07_f04_ki18_6,test,KI18,multisensor,current|force|speed|temperature|torque|vibration,N15,M07_F04,n15_m07_f04,bearing_real_damage,18,fault,real,6,data/raw/paderborn/KI18/N15_M07_F04_KI18_6.mat,False,paderborn_channels_verified
paderborn_artificial_to_natural,artificial_to_real_damage,paderborn,paderborn_n15_m07_f04_ki18_7_multisensor,paderborn_n15_m07_f04_ki18_7,test,KI18,multisensor,current|force|speed|temperature|torque|vibration,N15,M07_F04,n15_m07_f04,bearing_real_damage,18,fault,real,7,data/raw/paderborn/KI18/N15_M07_F04_KI18_7.mat,False,paderborn_channels_verified
paderborn_artificial_to_natural,artificial_to_real_damage,paderborn,paderborn_n15_m07_f04_ki18_8_multisensor,paderborn_n15_m07_f04_ki18_8,test,KI18,multisensor,current|force|speed|temperature|torque|vibration,N15,M07_F04,n15_m07_f04,bearing_real_damage,18,fault,real,8,data/raw/paderborn/KI18/N15_M07_F04_KI18_8.mat,False,paderborn_channels_verified
paderborn_artificial_to_natural,artificial_to_real_damage,paderborn,paderborn_n15_m07_f04_ki18_9_multisensor,paderborn_n15_m07_f04_ki18_9,test,KI18,multisensor,current|force|speed|temperature|torque|vibration,N15,M07_F04,n15_m07_f04,bearing_real_damage,18,fault,real,9,data/raw/paderborn/KI18/N15_M07_F04_KI18_9.mat,False,paderborn_channels_verified
paderborn_artificial_to_natural,artificial_to_real_damage,paderborn,paderborn_n15_m07_f10_ki18_10_multisensor,paderborn_n15_m07_f10_ki18_10,test,KI18,multisensor,current|force|speed|temperature|torque|vibration,N15,M07_F10,n15_m07_f10,bearing_real_damage,18,fault,real,10,data/raw/paderborn/KI18/N15_M07_F10_KI18_10.mat,False,paderborn_channels_verified
paderborn_artificial_to_natural,artificial_to_real_damage,paderborn,paderborn_n15_m07_f10_ki18_11_multisensor,paderborn_n15_m07_f10_ki18_11,test,KI18,multisensor,current|force|speed|temperature|torque|vibration,N15,M07_F10,n15_m07_f10,bearing_real_damage,18,fault,real,11,data/raw/paderborn/KI18/N15_M07_F10_KI18_11.mat,False,paderborn_channels_verified
paderborn_artificial_to_natural,artificial_to_real_damage,paderborn,paderborn_n15_m07_f10_ki18_12_multisensor,paderborn_n15_m07_f10_ki18_12,test,KI18,multisensor,current|force|speed|temperature|torque|vibration,N15,M07_F10,n15_m07_f10,bearing_real_damage,18,fault,real,12,data/raw/paderborn/KI18/N15_M07_F10_KI18_12.mat,False,paderborn_channels_verified
paderborn_artificial_to_natural,artificial_to_real_damage,paderborn,paderborn_n15_m07_f10_ki18_13_multisensor,paderborn_n15_m07_f10_ki18_13,test,KI18,multisensor,current|force|speed|temperature|torque|vibration,N15,M07_F10,n15_m07_f10,bearing_real_damage,18,fault,real,13,data/raw/paderborn/KI18/N15_M07_F10_KI18_13.mat,False,paderborn_channels_verified
paderborn_artificial_to_natural,artificial_to_real_damage,paderborn,paderborn_n15_m07_f10_ki18_14_multisensor,paderborn_n15_m07_f10_ki18_14,test,KI18,multisensor,current|force|speed|temperature|torque|vibration,N15,M07_F10,n15_m07_f10,bearing_real_damage,18,fault,real,14,data/raw/paderborn/KI18/N15_M07_F10_KI18_14.mat,False,paderborn_channels_verified
paderborn_artificial_to_natural,artificial_to_real_damage,paderborn,paderborn_n15_m07_f10_ki18_15_multisensor,paderborn_n15_m07_f10_ki18_15,test,KI18,multisensor,current|force|speed|temperature|torque|vibration,N15,M07_F10,n15_m07_f10,bearing_real_damage,18,fault,real,15,data/raw/paderborn/KI18/N15_M07_F10_KI18_15.mat,False,paderborn_channels_verified
paderborn_artificial_to_natural,artificial_to_real_damage,paderborn,paderborn_n15_m07_f10_ki18_16_multisensor,paderborn_n15_m07_f10_ki18_16,test,KI18,multisensor,current|force|speed|temperature|torque|vibration,N15,M07_F10,n15_m07_f10,bearing_real_damage,18,fault,real,16,data/raw/paderborn/KI18/N15_M07_F10_KI18_16.mat,False,paderborn_channels_verified
paderborn_artificial_to_natural,artificial_to_real_damage,paderborn,paderborn_n15_m07_f10_ki18_17_multisensor,paderborn_n15_m07_f10_ki18_17,test,KI18,multisensor,current|force|speed|temperature|torque|vibration,N15,M07_F10,n15_m07_f10,bearing_real_damage,18,fault,real,17,data/raw/paderborn/KI18/N15_M07_F10_KI18_17.mat,False,paderborn_channels_verified
paderborn_artificial_to_natural,artificial_to_real_damage,paderborn,paderborn_n15_m07_f10_ki18_18_multisensor,paderborn_n15_m07_f10_ki18_18,test,KI18,multisensor,current|force|speed|temperature|torque|vibration,N15,M07_F10,n15_m07_f10,bearing_real_damage,18,fault,real,18,data/raw/paderborn/KI18/N15_M07_F10_KI18_18.mat,False,paderborn_channels_verified
paderborn_artificial_to_natural,artificial_to_real_damage,paderborn,paderborn_n15_m07_f10_ki18_19_multisensor,paderborn_n15_m07_f10_ki18_19,test,KI18,multisensor,current|force|speed|temperature|torque|vibration,N15,M07_F10,n15_m07_f10,bearing_real_damage,18,fault,real,19,data/raw/paderborn/KI18/N15_M07_F10_KI18_19.mat,False,paderborn_channels_verified
paderborn_artificial_to_natural,artificial_to_real_damage,paderborn,paderborn_n15_m07_f10_ki18_1_multisensor,paderborn_n15_m07_f10_ki18_1,test,KI18,multisensor,current|force|speed|temperature|torque|vibration,N15,M07_F10,n15_m07_f10,bearing_real_damage,18,fault,real,1,data/raw/paderborn/KI18/N15_M07_F10_KI18_1.mat,False,paderborn_channels_verified
paderborn_artificial_to_natural,artificial_to_real_damage,paderborn,paderborn_n15_m07_f10_ki18_20_multisensor,paderborn_n15_m07_f10_ki18_20,test,KI18,multisensor,current|force|speed|temperature|torque|vibration,N15,M07_F10,n15_m07_f10,bearing_real_damage,18,fault,real,20,data/raw/paderborn/KI18/N15_M07_F10_KI18_20.mat,False,paderborn_channels_verified
paderborn_artificial_to_natural,artificial_to_real_damage,paderborn,paderborn_n15_m07_f10_ki18_2_multisensor,paderborn_n15_m07_f10_ki18_2,test,KI18,multisensor,current|force|speed|temperature|torque|vibration,N15,M07_F10,n15_m07_f10,bearing_real_damage,18,fault,real,2,data/raw/paderborn/KI18/N15_M07_F10_KI18_2.mat,False,paderborn_channels_verified
paderborn_artificial_to_natural,artificial_to_real_damage,paderborn,paderborn_n15_m07_f10_ki18_3_multisensor,paderborn_n15_m07_f10_ki18_3,test,KI18,multisensor,current|force|speed|temperature|torque|vibration,N15,M07_F10,n15_m07_f10,bearing_real_damage,18,fault,real,3,data/raw/paderborn/KI18/N15_M07_F10_KI18_3.mat,False,paderborn_channels_verified
paderborn_artificial_to_natural,artificial_to_real_damage,paderborn,paderborn_n15_m07_f10_ki18_4_multisensor,paderborn_n15_m07_f10_ki18_4,test,KI18,multisensor,current|force|speed|temperature|torque|vibration,N15,M07_F10,n15_m07_f10,bearing_real_damage,18,fault,real,4,data/raw/paderborn/KI18/N15_M07_F10_KI18_4.mat,False,paderborn_channels_verified
paderborn_artificial_to_natural,artificial_to_real_damage,paderborn,paderborn_n15_m07_f10_ki18_5_multisensor,paderborn_n15_m07_f10_ki18_5,test,KI18,multisensor,current|force|speed|temperature|torque|vibration,N15,M07_F10,n15_m07_f10,bearing_real_damage,18,fault,real,5,data/raw/paderborn/KI18/N15_M07_F10_KI18_5.mat,False,paderborn_channels_verified
paderborn_artificial_to_natural,artificial_to_real_damage,paderborn,paderborn_n15_m07_f10_ki18_6_multisensor,paderborn_n15_m07_f10_ki18_6,test,KI18,multisensor,current|force|speed|temperature|torque|vibration,N15,M07_F10,n15_m07_f10,bearing_real_damage,18,fault,real,6,data/raw/paderborn/KI18/N15_M07_F10_KI18_6.mat,False,paderborn_channels_verified
paderborn_artificial_to_natural,artificial_to_real_damage,paderborn,paderborn_n15_m07_f10_ki18_7_multisensor,paderborn_n15_m07_f10_ki18_7,test,KI18,multisensor,current|force|speed|temperature|torque|vibration,N15,M07_F10,n15_m07_f10,bearing_real_damage,18,fault,real,7,data/raw/paderborn/KI18/N15_M07_F10_KI18_7.mat,False,paderborn_channels_verified
paderborn_artificial_to_natural,artificial_to_real_damage,paderborn,paderborn_n15_m07_f10_ki18_8_multisensor,paderborn_n15_m07_f10_ki18_8,test,KI18,multisensor,current|force|speed|temperature|torque|vibration,N15,M07_F10,n15_m07_f10,bearing_real_damage,18,fault,real,8,data/raw/paderborn/KI18/N15_M07_F10_KI18_8.mat,False,paderborn_channels_verified
paderborn_artificial_to_natural,artificial_to_real_damage,paderborn,paderborn_n15_m07_f10_ki18_9_multisensor,paderborn_n15_m07_f10_ki18_9,test,KI18,multisensor,current|force|speed|temperature|torque|vibration,N15,M07_F10,n15_m07_f10,bearing_real_damage,18,fault,real,9,data/raw/paderborn/KI18/N15_M07_F10_KI18_9.mat,False,paderborn_channels_verified
paderborn_artificial_to_natural,artificial_to_real_damage,paderborn,paderborn_n09_m07_f10_ki21_10_multisensor,paderborn_n09_m07_f10_ki21_10,test,KI21,multisensor,current|force|speed|temperature|torque|vibration,N09,M07_F10,n09_m07_f10,bearing_real_damage,21,fault,real,10,data/raw/paderborn/KI21/N09_M07_F10_KI21_10.mat,False,paderborn_channels_verified
paderborn_artificial_to_natural,artificial_to_real_damage,paderborn,paderborn_n09_m07_f10_ki21_11_multisensor,paderborn_n09_m07_f10_ki21_11,test,KI21,multisensor,current|force|speed|temperature|torque|vibration,N09,M07_F10,n09_m07_f10,bearing_real_damage,21,fault,real,11,data/raw/paderborn/KI21/N09_M07_F10_KI21_11.mat,False,paderborn_channels_verified
paderborn_artificial_to_natural,artificial_to_real_damage,paderborn,paderborn_n09_m07_f10_ki21_12_multisensor,paderborn_n09_m07_f10_ki21_12,test,KI21,multisensor,current|force|speed|temperature|torque|vibration,N09,M07_F10,n09_m07_f10,bearing_real_damage,21,fault,real,12,data/raw/paderborn/KI21/N09_M07_F10_KI21_12.mat,False,paderborn_channels_verified
paderborn_artificial_to_natural,artificial_to_real_damage,paderborn,paderborn_n09_m07_f10_ki21_13_multisensor,paderborn_n09_m07_f10_ki21_13,test,KI21,multisensor,current|force|speed|temperature|torque|vibration,N09,M07_F10,n09_m07_f10,bearing_real_damage,21,fault,real,13,data/raw/paderborn/KI21/N09_M07_F10_KI21_13.mat,False,paderborn_channels_verified
paderborn_artificial_to_natural,artificial_to_real_damage,paderborn,paderborn_n09_m07_f10_ki21_14_multisensor,paderborn_n09_m07_f10_ki21_14,test,KI21,multisensor,current|force|speed|temperature|torque|vibration,N09,M07_F10,n09_m07_f10,bearing_real_damage,21,fault,real,14,data/raw/paderborn/KI21/N09_M07_F10_KI21_14.mat,False,paderborn_channels_verified
paderborn_artificial_to_natural,artificial_to_real_damage,paderborn,paderborn_n09_m07_f10_ki21_15_multisensor,paderborn_n09_m07_f10_ki21_15,test,KI21,multisensor,current|force|speed|temperature|torque|vibration,N09,M07_F10,n09_m07_f10,bearing_real_damage,21,fault,real,15,data/raw/paderborn/KI21/N09_M07_F10_KI21_15.mat,False,paderborn_channels_verified
paderborn_artificial_to_natural,artificial_to_real_damage,paderborn,paderborn_n09_m07_f10_ki21_16_multisensor,paderborn_n09_m07_f10_ki21_16,test,KI21,multisensor,current|force|speed|temperature|torque|vibration,N09,M07_F10,n09_m07_f10,bearing_real_damage,21,fault,real,16,data/raw/paderborn/KI21/N09_M07_F10_KI21_16.mat,False,paderborn_channels_verified
paderborn_artificial_to_natural,artificial_to_real_damage,paderborn,paderborn_n09_m07_f10_ki21_17_multisensor,paderborn_n09_m07_f10_ki21_17,test,KI21,multisensor,current|force|speed|temperature|torque|vibration,N09,M07_F10,n09_m07_f10,bearing_real_damage,21,fault,real,17,data/raw/paderborn/KI21/N09_M07_F10_KI21_17.mat,False,paderborn_channels_verified
paderborn_artificial_to_natural,artificial_to_real_damage,paderborn,paderborn_n09_m07_f10_ki21_18_multisensor,paderborn_n09_m07_f10_ki21_18,test,KI21,multisensor,current|force|speed|temperature|torque|vibration,N09,M07_F10,n09_m07_f10,bearing_real_damage,21,fault,real,18,data/raw/paderborn/KI21/N09_M07_F10_KI21_18.mat,False,paderborn_channels_verified
paderborn_artificial_to_natural,artificial_to_real_damage,paderborn,paderborn_n09_m07_f10_ki21_19_multisensor,paderborn_n09_m07_f10_ki21_19,test,KI21,multisensor,current|force|speed|temperature|torque|vibration,N09,M07_F10,n09_m07_f10,bearing_real_damage,21,fault,real,19,data/raw/paderborn/KI21/N09_M07_F10_KI21_19.mat,False,paderborn_channels_verified
paderborn_artificial_to_natural,artificial_to_real_damage,paderborn,paderborn_n09_m07_f10_ki21_1_multisensor,paderborn_n09_m07_f10_ki21_1,test,KI21,multisensor,current|force|speed|temperature|torque|vibration,N09,M07_F10,n09_m07_f10,bearing_real_damage,21,fault,real,1,data/raw/paderborn/KI21/N09_M07_F10_KI21_1.mat,False,paderborn_channels_verified
paderborn_artificial_to_natural,artificial_to_real_damage,paderborn,paderborn_n09_m07_f10_ki21_20_multisensor,paderborn_n09_m07_f10_ki21_20,test,KI21,multisensor,current|force|speed|temperature|torque|vibration,N09,M07_F10,n09_m07_f10,bearing_real_damage,21,fault,real,20,data/raw/paderborn/KI21/N09_M07_F10_KI21_20.mat,False,paderborn_channels_verified
paderborn_artificial_to_natural,artificial_to_real_damage,paderborn,paderborn_n09_m07_f10_ki21_2_multisensor,paderborn_n09_m07_f10_ki21_2,test,KI21,multisensor,current|force|speed|temperature|torque|vibration,N09,M07_F10,n09_m07_f10,bearing_real_damage,21,fault,real,2,data/raw/paderborn/KI21/N09_M07_F10_KI21_2.mat,False,paderborn_channels_verified
paderborn_artificial_to_natural,artificial_to_real_damage,paderborn,paderborn_n09_m07_f10_ki21_3_multisensor,paderborn_n09_m07_f10_ki21_3,test,KI21,multisensor,current|force|speed|temperature|torque|vibration,N09,M07_F10,n09_m07_f10,bearing_real_damage,21,fault,real,3,data/raw/paderborn/KI21/N09_M07_F10_KI21_3.mat,False,paderborn_channels_verified
paderborn_artificial_to_natural,artificial_to_real_damage,paderborn,paderborn_n09_m07_f10_ki21_4_multisensor,paderborn_n09_m07_f10_ki21_4,test,KI21,multisensor,current|force|speed|temperature|torque|vibration,N09,M07_F10,n09_m07_f10,bearing_real_damage,21,fault,real,4,data/raw/paderborn/KI21/N09_M07_F10_KI21_4.mat,False,paderborn_channels_verified
paderborn_artificial_to_natural,artificial_to_real_damage,paderborn,paderborn_n09_m07_f10_ki21_5_multisensor,paderborn_n09_m07_f10_ki21_5,test,KI21,multisensor,current|force|speed|temperature|torque|vibration,N09,M07_F10,n09_m07_f10,bearing_real_damage,21,fault,real,5,data/raw/paderborn/KI21/N09_M07_F10_KI21_5.mat,False,paderborn_channels_verified
paderborn_artificial_to_natural,artificial_to_real_damage,paderborn,paderborn_n09_m07_f10_ki21_6_multisensor,paderborn_n09_m07_f10_ki21_6,test,KI21,multisensor,current|force|speed|temperature|torque|vibration,N09,M07_F10,n09_m07_f10,bearing_real_damage,21,fault,real,6,data/raw/paderborn/KI21/N09_M07_F10_KI21_6.mat,False,paderborn_channels_verified
paderborn_artificial_to_natural,artificial_to_real_damage,paderborn,paderborn_n09_m07_f10_ki21_7_multisensor,paderborn_n09_m07_f10_ki21_7,test,KI21,multisensor,current|force|speed|temperature|torque|vibration,N09,M07_F10,n09_m07_f10,bearing_real_damage,21,fault,real,7,data/raw/paderborn/KI21/N09_M07_F10_KI21_7.mat,False,paderborn_channels_verified
paderborn_artificial_to_natural,artificial_to_real_damage,paderborn,paderborn_n09_m07_f10_ki21_8_multisensor,paderborn_n09_m07_f10_ki21_8,test,KI21,multisensor,current|force|speed|temperature|torque|vibration,N09,M07_F10,n09_m07_f10,bearing_real_damage,21,fault,real,8,data/raw/paderborn/KI21/N09_M07_F10_KI21_8.mat,False,paderborn_channels_verified
paderborn_artificial_to_natural,artificial_to_real_damage,paderborn,paderborn_n09_m07_f10_ki21_9_multisensor,paderborn_n09_m07_f10_ki21_9,test,KI21,multisensor,current|force|speed|temperature|torque|vibration,N09,M07_F10,n09_m07_f10,bearing_real_damage,21,fault,real,9,data/raw/paderborn/KI21/N09_M07_F10_KI21_9.mat,False,paderborn_channels_verified
paderborn_artificial_to_natural,artificial_to_real_damage,paderborn,paderborn_n15_m01_f10_ki21_10_multisensor,paderborn_n15_m01_f10_ki21_10,test,KI21,multisensor,current|force|speed|temperature|torque|vibration,N15,M01_F10,n15_m01_f10,bearing_real_damage,21,fault,real,10,data/raw/paderborn/KI21/N15_M01_F10_KI21_10.mat,False,paderborn_channels_verified
paderborn_artificial_to_natural,artificial_to_real_damage,paderborn,paderborn_n15_m01_f10_ki21_11_multisensor,paderborn_n15_m01_f10_ki21_11,test,KI21,multisensor,current|force|speed|temperature|torque|vibration,N15,M01_F10,n15_m01_f10,bearing_real_damage,21,fault,real,11,data/raw/paderborn/KI21/N15_M01_F10_KI21_11.mat,False,paderborn_channels_verified
paderborn_artificial_to_natural,artificial_to_real_damage,paderborn,paderborn_n15_m01_f10_ki21_12_multisensor,paderborn_n15_m01_f10_ki21_12,test,KI21,multisensor,current|force|speed|temperature|torque|vibration,N15,M01_F10,n15_m01_f10,bearing_real_damage,21,fault,real,12,data/raw/paderborn/KI21/N15_M01_F10_KI21_12.mat,False,paderborn_channels_verified
paderborn_artificial_to_natural,artificial_to_real_damage,paderborn,paderborn_n15_m01_f10_ki21_13_multisensor,paderborn_n15_m01_f10_ki21_13,test,KI21,multisensor,current|force|speed|temperature|torque|vibration,N15,M01_F10,n15_m01_f10,bearing_real_damage,21,fault,real,13,data/raw/paderborn/KI21/N15_M01_F10_KI21_13.mat,False,paderborn_channels_verified
paderborn_artificial_to_natural,artificial_to_real_damage,paderborn,paderborn_n15_m01_f10_ki21_14_multisensor,paderborn_n15_m01_f10_ki21_14,test,KI21,multisensor,current|force|speed|temperature|torque|vibration,N15,M01_F10,n15_m01_f10,bearing_real_damage,21,fault,real,14,data/raw/paderborn/KI21/N15_M01_F10_KI21_14.mat,False,paderborn_channels_verified
paderborn_artificial_to_natural,artificial_to_real_damage,paderborn,paderborn_n15_m01_f10_ki21_15_multisensor,paderborn_n15_m01_f10_ki21_15,test,KI21,multisensor,current|force|speed|temperature|torque|vibration,N15,M01_F10,n15_m01_f10,bearing_real_damage,21,fault,real,15,data/raw/paderborn/KI21/N15_M01_F10_KI21_15.mat,False,paderborn_channels_verified
paderborn_artificial_to_natural,artificial_to_real_damage,paderborn,paderborn_n15_m01_f10_ki21_16_multisensor,paderborn_n15_m01_f10_ki21_16,test,KI21,multisensor,current|force|speed|temperature|torque|vibration,N15,M01_F10,n15_m01_f10,bearing_real_damage,21,fault,real,16,data/raw/paderborn/KI21/N15_M01_F10_KI21_16.mat,False,paderborn_channels_verified
paderborn_artificial_to_natural,artificial_to_real_damage,paderborn,paderborn_n15_m01_f10_ki21_17_multisensor,paderborn_n15_m01_f10_ki21_17,test,KI21,multisensor,current|force|speed|temperature|torque|vibration,N15,M01_F10,n15_m01_f10,bearing_real_damage,21,fault,real,17,data/raw/paderborn/KI21/N15_M01_F10_KI21_17.mat,False,paderborn_channels_verified
paderborn_artificial_to_natural,artificial_to_real_damage,paderborn,paderborn_n15_m01_f10_ki21_18_multisensor,paderborn_n15_m01_f10_ki21_18,test,KI21,multisensor,current|force|speed|temperature|torque|vibration,N15,M01_F10,n15_m01_f10,bearing_real_damage,21,fault,real,18,data/raw/paderborn/KI21/N15_M01_F10_KI21_18.mat,False,paderborn_channels_verified
paderborn_artificial_to_natural,artificial_to_real_damage,paderborn,paderborn_n15_m01_f10_ki21_19_multisensor,paderborn_n15_m01_f10_ki21_19,test,KI21,multisensor,current|force|speed|temperature|torque|vibration,N15,M01_F10,n15_m01_f10,bearing_real_damage,21,fault,real,19,data/raw/paderborn/KI21/N15_M01_F10_KI21_19.mat,False,paderborn_channels_verified
paderborn_artificial_to_natural,artificial_to_real_damage,paderborn,paderborn_n15_m01_f10_ki21_1_multisensor,paderborn_n15_m01_f10_ki21_1,test,KI21,multisensor,current|force|speed|temperature|torque|vibration,N15,M01_F10,n15_m01_f10,bearing_real_damage,21,fault,real,1,data/raw/paderborn/KI21/N15_M01_F10_KI21_1.mat,False,paderborn_channels_verified
paderborn_artificial_to_natural,artificial_to_real_damage,paderborn,paderborn_n15_m01_f10_ki21_20_multisensor,paderborn_n15_m01_f10_ki21_20,test,KI21,multisensor,current|force|speed|temperature|torque|vibration,N15,M01_F10,n15_m01_f10,bearing_real_damage,21,fault,real,20,data/raw/paderborn/KI21/N15_M01_F10_KI21_20.mat,False,paderborn_channels_verified
paderborn_artificial_to_natural,artificial_to_real_damage,paderborn,paderborn_n15_m01_f10_ki21_2_multisensor,paderborn_n15_m01_f10_ki21_2,test,KI21,multisensor,current|force|speed|temperature|torque|vibration,N15,M01_F10,n15_m01_f10,bearing_real_damage,21,fault,real,2,data/raw/paderborn/KI21/N15_M01_F10_KI21_2.mat,False,paderborn_channels_verified
paderborn_artificial_to_natural,artificial_to_real_damage,paderborn,paderborn_n15_m01_f10_ki21_3_multisensor,paderborn_n15_m01_f10_ki21_3,test,KI21,multisensor,current|force|speed|temperature|torque|vibration,N15,M01_F10,n15_m01_f10,bearing_real_damage,21,fault,real,3,data/raw/paderborn/KI21/N15_M01_F10_KI21_3.mat,False,paderborn_channels_verified
paderborn_artificial_to_natural,artificial_to_real_damage,paderborn,paderborn_n15_m01_f10_ki21_4_multisensor,paderborn_n15_m01_f10_ki21_4,test,KI21,multisensor,current|force|speed|temperature|torque|vibration,N15,M01_F10,n15_m01_f10,bearing_real_damage,21,fault,real,4,data/raw/paderborn/KI21/N15_M01_F10_KI21_4.mat,False,paderborn_channels_verified
paderborn_artificial_to_natural,artificial_to_real_damage,paderborn,paderborn_n15_m01_f10_ki21_5_multisensor,paderborn_n15_m01_f10_ki21_5,test,KI21,multisensor,current|force|speed|temperature|torque|vibration,N15,M01_F10,n15_m01_f10,bearing_real_damage,21,fault,real,5,data/raw/paderborn/KI21/N15_M01_F10_KI21_5.mat,False,paderborn_channels_verified
paderborn_artificial_to_natural,artificial_to_real_damage,paderborn,paderborn_n15_m01_f10_ki21_6_multisensor,paderborn_n15_m01_f10_ki21_6,test,KI21,multisensor,current|force|speed|temperature|torque|vibration,N15,M01_F10,n15_m01_f10,bearing_real_damage,21,fault,real,6,data/raw/paderborn/KI21/N15_M01_F10_KI21_6.mat,False,paderborn_channels_verified
paderborn_artificial_to_natural,artificial_to_real_damage,paderborn,paderborn_n15_m01_f10_ki21_7_multisensor,paderborn_n15_m01_f10_ki21_7,test,KI21,multisensor,current|force|speed|temperature|torque|vibration,N15,M01_F10,n15_m01_f10,bearing_real_damage,21,fault,real,7,data/raw/paderborn/KI21/N15_M01_F10_KI21_7.mat,False,paderborn_channels_verified
paderborn_artificial_to_natural,artificial_to_real_damage,paderborn,paderborn_n15_m01_f10_ki21_8_multisensor,paderborn_n15_m01_f10_ki21_8,test,KI21,multisensor,current|force|speed|temperature|torque|vibration,N15,M01_F10,n15_m01_f10,bearing_real_damage,21,fault,real,8,data/raw/paderborn/KI21/N15_M01_F10_KI21_8.mat,False,paderborn_channels_verified
paderborn_artificial_to_natural,artificial_to_real_damage,paderborn,paderborn_n15_m01_f10_ki21_9_multisensor,paderborn_n15_m01_f10_ki21_9,test,KI21,multisensor,current|force|speed|temperature|torque|vibration,N15,M01_F10,n15_m01_f10,bearing_real_damage,21,fault,real,9,data/raw/paderborn/KI21/N15_M01_F10_KI21_9.mat,False,paderborn_channels_verified
paderborn_artificial_to_natural,artificial_to_real_damage,paderborn,paderborn_n15_m07_f04_ki21_10_multisensor,paderborn_n15_m07_f04_ki21_10,test,KI21,multisensor,current|force|speed|temperature|torque|vibration,N15,M07_F04,n15_m07_f04,bearing_real_damage,21,fault,real,10,data/raw/paderborn/KI21/N15_M07_F04_KI21_10.mat,False,paderborn_channels_verified
paderborn_artificial_to_natural,artificial_to_real_damage,paderborn,paderborn_n15_m07_f04_ki21_11_multisensor,paderborn_n15_m07_f04_ki21_11,test,KI21,multisensor,current|force|speed|temperature|torque|vibration,N15,M07_F04,n15_m07_f04,bearing_real_damage,21,fault,real,11,data/raw/paderborn/KI21/N15_M07_F04_KI21_11.mat,False,paderborn_channels_verified
paderborn_artificial_to_natural,artificial_to_real_damage,paderborn,paderborn_n15_m07_f04_ki21_12_multisensor,paderborn_n15_m07_f04_ki21_12,test,KI21,multisensor,current|force|speed|temperature|torque|vibration,N15,M07_F04,n15_m07_f04,bearing_real_damage,21,fault,real,12,data/raw/paderborn/KI21/N15_M07_F04_KI21_12.mat,False,paderborn_channels_verified
paderborn_artificial_to_natural,artificial_to_real_damage,paderborn,paderborn_n15_m07_f04_ki21_13_multisensor,paderborn_n15_m07_f04_ki21_13,test,KI21,multisensor,current|force|speed|temperature|torque|vibration,N15,M07_F04,n15_m07_f04,bearing_real_damage,21,fault,real,13,data/raw/paderborn/KI21/N15_M07_F04_KI21_13.mat,False,paderborn_channels_verified
paderborn_artificial_to_natural,artificial_to_real_damage,paderborn,paderborn_n15_m07_f04_ki21_14_multisensor,paderborn_n15_m07_f04_ki21_14,test,KI21,multisensor,current|force|speed|temperature|torque|vibration,N15,M07_F04,n15_m07_f04,bearing_real_damage,21,fault,real,14,data/raw/paderborn/KI21/N15_M07_F04_KI21_14.mat,False,paderborn_channels_verified
paderborn_artificial_to_natural,artificial_to_real_damage,paderborn,paderborn_n15_m07_f04_ki21_15_multisensor,paderborn_n15_m07_f04_ki21_15,test,KI21,multisensor,current|force|speed|temperature|torque|vibration,N15,M07_F04,n15_m07_f04,bearing_real_damage,21,fault,real,15,data/raw/paderborn/KI21/N15_M07_F04_KI21_15.mat,False,paderborn_channels_verified
paderborn_artificial_to_natural,artificial_to_real_damage,paderborn,paderborn_n15_m07_f04_ki21_16_multisensor,paderborn_n15_m07_f04_ki21_16,test,KI21,multisensor,current|force|speed|temperature|torque|vibration,N15,M07_F04,n15_m07_f04,bearing_real_damage,21,fault,real,16,data/raw/paderborn/KI21/N15_M07_F04_KI21_16.mat,False,paderborn_channels_verified
paderborn_artificial_to_natural,artificial_to_real_damage,paderborn,paderborn_n15_m07_f04_ki21_17_multisensor,paderborn_n15_m07_f04_ki21_17,test,KI21,multisensor,current|force|speed|temperature|torque|vibration,N15,M07_F04,n15_m07_f04,bearing_real_damage,21,fault,real,17,data/raw/paderborn/KI21/N15_M07_F04_KI21_17.mat,False,paderborn_channels_verified
paderborn_artificial_to_natural,artificial_to_real_damage,paderborn,paderborn_n15_m07_f04_ki21_18_multisensor,paderborn_n15_m07_f04_ki21_18,test,KI21,multisensor,current|force|speed|temperature|torque|vibration,N15,M07_F04,n15_m07_f04,bearing_real_damage,21,fault,real,18,data/raw/paderborn/KI21/N15_M07_F04_KI21_18.mat,False,paderborn_channels_verified
paderborn_artificial_to_natural,artificial_to_real_damage,paderborn,paderborn_n15_m07_f04_ki21_19_multisensor,paderborn_n15_m07_f04_ki21_19,test,KI21,multisensor,current|force|speed|temperature|torque|vibration,N15,M07_F04,n15_m07_f04,bearing_real_damage,21,fault,real,19,data/raw/paderborn/KI21/N15_M07_F04_KI21_19.mat,False,paderborn_channels_verified
paderborn_artificial_to_natural,artificial_to_real_damage,paderborn,paderborn_n15_m07_f04_ki21_1_multisensor,paderborn_n15_m07_f04_ki21_1,test,KI21,multisensor,current|force|speed|temperature|torque|vibration,N15,M07_F04,n15_m07_f04,bearing_real_damage,21,fault,real,1,data/raw/paderborn/KI21/N15_M07_F04_KI21_1.mat,False,paderborn_channels_verified
paderborn_artificial_to_natural,artificial_to_real_damage,paderborn,paderborn_n15_m07_f04_ki21_20_multisensor,paderborn_n15_m07_f04_ki21_20,test,KI21,multisensor,current|force|speed|temperature|torque|vibration,N15,M07_F04,n15_m07_f04,bearing_real_damage,21,fault,real,20,data/raw/paderborn/KI21/N15_M07_F04_KI21_20.mat,False,paderborn_channels_verified
paderborn_artificial_to_natural,artificial_to_real_damage,paderborn,paderborn_n15_m07_f04_ki21_2_multisensor,paderborn_n15_m07_f04_ki21_2,test,KI21,multisensor,current|force|speed|temperature|torque|vibration,N15,M07_F04,n15_m07_f04,bearing_real_damage,21,fault,real,2,data/raw/paderborn/KI21/N15_M07_F04_KI21_2.mat,False,paderborn_channels_verified
paderborn_artificial_to_natural,artificial_to_real_damage,paderborn,paderborn_n15_m07_f04_ki21_3_multisensor,paderborn_n15_m07_f04_ki21_3,test,KI21,multisensor,current|force|speed|temperature|torque|vibration,N15,M07_F04,n15_m07_f04,bearing_real_damage,21,fault,real,3,data/raw/paderborn/KI21/N15_M07_F04_KI21_3.mat,False,paderborn_channels_verified
paderborn_artificial_to_natural,artificial_to_real_damage,paderborn,paderborn_n15_m07_f04_ki21_4_multisensor,paderborn_n15_m07_f04_ki21_4,test,KI21,multisensor,current|force|speed|temperature|torque|vibration,N15,M07_F04,n15_m07_f04,bearing_real_damage,21,fault,real,4,data/raw/paderborn/KI21/N15_M07_F04_KI21_4.mat,False,paderborn_channels_verified
paderborn_artificial_to_natural,artificial_to_real_damage,paderborn,paderborn_n15_m07_f04_ki21_5_multisensor,paderborn_n15_m07_f04_ki21_5,test,KI21,multisensor,current|force|speed|temperature|torque|vibration,N15,M07_F04,n15_m07_f04,bearing_real_damage,21,fault,real,5,data/raw/paderborn/KI21/N15_M07_F04_KI21_5.mat,False,paderborn_channels_verified
paderborn_artificial_to_natural,artificial_to_real_damage,paderborn,paderborn_n15_m07_f04_ki21_6_multisensor,paderborn_n15_m07_f04_ki21_6,test,KI21,multisensor,current|force|speed|temperature|torque|vibration,N15,M07_F04,n15_m07_f04,bearing_real_damage,21,fault,real,6,data/raw/paderborn/KI21/N15_M07_F04_KI21_6.mat,False,paderborn_channels_verified
paderborn_artificial_to_natural,artificial_to_real_damage,paderborn,paderborn_n15_m07_f04_ki21_7_multisensor,paderborn_n15_m07_f04_ki21_7,test,KI21,multisensor,current|force|speed|temperature|torque|vibration,N15,M07_F04,n15_m07_f04,bearing_real_damage,21,fault,real,7,data/raw/paderborn/KI21/N15_M07_F04_KI21_7.mat,False,paderborn_channels_verified
paderborn_artificial_to_natural,artificial_to_real_damage,paderborn,paderborn_n15_m07_f04_ki21_8_multisensor,paderborn_n15_m07_f04_ki21_8,test,KI21,multisensor,current|force|speed|temperature|torque|vibration,N15,M07_F04,n15_m07_f04,bearing_real_damage,21,fault,real,8,data/raw/paderborn/KI21/N15_M07_F04_KI21_8.mat,False,paderborn_channels_verified
paderborn_artificial_to_natural,artificial_to_real_damage,paderborn,paderborn_n15_m07_f04_ki21_9_multisensor,paderborn_n15_m07_f04_ki21_9,test,KI21,multisensor,current|force|speed|temperature|torque|vibration,N15,M07_F04,n15_m07_f04,bearing_real_damage,21,fault,real,9,data/raw/paderborn/KI21/N15_M07_F04_KI21_9.mat,False,paderborn_channels_verified
paderborn_artificial_to_natural,artificial_to_real_damage,paderborn,paderborn_n15_m07_f10_ki21_10_multisensor,paderborn_n15_m07_f10_ki21_10,test,KI21,multisensor,current|force|speed|temperature|torque|vibration,N15,M07_F10,n15_m07_f10,bearing_real_damage,21,fault,real,10,data/raw/paderborn/KI21/N15_M07_F10_KI21_10.mat,False,paderborn_channels_verified
paderborn_artificial_to_natural,artificial_to_real_damage,paderborn,paderborn_n15_m07_f10_ki21_11_multisensor,paderborn_n15_m07_f10_ki21_11,test,KI21,multisensor,current|force|speed|temperature|torque|vibration,N15,M07_F10,n15_m07_f10,bearing_real_damage,21,fault,real,11,data/raw/paderborn/KI21/N15_M07_F10_KI21_11.mat,False,paderborn_channels_verified
paderborn_artificial_to_natural,artificial_to_real_damage,paderborn,paderborn_n15_m07_f10_ki21_12_multisensor,paderborn_n15_m07_f10_ki21_12,test,KI21,multisensor,current|force|speed|temperature|torque|vibration,N15,M07_F10,n15_m07_f10,bearing_real_damage,21,fault,real,12,data/raw/paderborn/KI21/N15_M07_F10_KI21_12.mat,False,paderborn_channels_verified
paderborn_artificial_to_natural,artificial_to_real_damage,paderborn,paderborn_n15_m07_f10_ki21_13_multisensor,paderborn_n15_m07_f10_ki21_13,test,KI21,multisensor,current|force|speed|temperature|torque|vibration,N15,M07_F10,n15_m07_f10,bearing_real_damage,21,fault,real,13,data/raw/paderborn/KI21/N15_M07_F10_KI21_13.mat,False,paderborn_channels_verified
paderborn_artificial_to_natural,artificial_to_real_damage,paderborn,paderborn_n15_m07_f10_ki21_14_multisensor,paderborn_n15_m07_f10_ki21_14,test,KI21,multisensor,current|force|speed|temperature|torque|vibration,N15,M07_F10,n15_m07_f10,bearing_real_damage,21,fault,real,14,data/raw/paderborn/KI21/N15_M07_F10_KI21_14.mat,False,paderborn_channels_verified
paderborn_artificial_to_natural,artificial_to_real_damage,paderborn,paderborn_n15_m07_f10_ki21_15_multisensor,paderborn_n15_m07_f10_ki21_15,test,KI21,multisensor,current|force|speed|temperature|torque|vibration,N15,M07_F10,n15_m07_f10,bearing_real_damage,21,fault,real,15,data/raw/paderborn/KI21/N15_M07_F10_KI21_15.mat,False,paderborn_channels_verified
paderborn_artificial_to_natural,artificial_to_real_damage,paderborn,paderborn_n15_m07_f10_ki21_16_multisensor,paderborn_n15_m07_f10_ki21_16,test,KI21,multisensor,current|force|speed|temperature|torque|vibration,N15,M07_F10,n15_m07_f10,bearing_real_damage,21,fault,real,16,data/raw/paderborn/KI21/N15_M07_F10_KI21_16.mat,False,paderborn_channels_verified
paderborn_artificial_to_natural,artificial_to_real_damage,paderborn,paderborn_n15_m07_f10_ki21_17_multisensor,paderborn_n15_m07_f10_ki21_17,test,KI21,multisensor,current|force|speed|temperature|torque|vibration,N15,M07_F10,n15_m07_f10,bearing_real_damage,21,fault,real,17,data/raw/paderborn/KI21/N15_M07_F10_KI21_17.mat,False,paderborn_channels_verified
paderborn_artificial_to_natural,artificial_to_real_damage,paderborn,paderborn_n15_m07_f10_ki21_18_multisensor,paderborn_n15_m07_f10_ki21_18,test,KI21,multisensor,current|force|speed|temperature|torque|vibration,N15,M07_F10,n15_m07_f10,bearing_real_damage,21,fault,real,18,data/raw/paderborn/KI21/N15_M07_F10_KI21_18.mat,False,paderborn_channels_verified
paderborn_artificial_to_natural,artificial_to_real_damage,paderborn,paderborn_n15_m07_f10_ki21_19_multisensor,paderborn_n15_m07_f10_ki21_19,test,KI21,multisensor,current|force|speed|temperature|torque|vibration,N15,M07_F10,n15_m07_f10,bearing_real_damage,21,fault,real,19,data/raw/paderborn/KI21/N15_M07_F10_KI21_19.mat,False,paderborn_channels_verified
paderborn_artificial_to_natural,artificial_to_real_damage,paderborn,paderborn_n15_m07_f10_ki21_1_multisensor,paderborn_n15_m07_f10_ki21_1,test,KI21,multisensor,current|force|speed|temperature|torque|vibration,N15,M07_F10,n15_m07_f10,bearing_real_damage,21,fault,real,1,data/raw/paderborn/KI21/N15_M07_F10_KI21_1.mat,False,paderborn_channels_verified
paderborn_artificial_to_natural,artificial_to_real_damage,paderborn,paderborn_n15_m07_f10_ki21_20_multisensor,paderborn_n15_m07_f10_ki21_20,test,KI21,multisensor,current|force|speed|temperature|torque|vibration,N15,M07_F10,n15_m07_f10,bearing_real_damage,21,fault,real,20,data/raw/paderborn/KI21/N15_M07_F10_KI21_20.mat,False,paderborn_channels_verified
paderborn_artificial_to_natural,artificial_to_real_damage,paderborn,paderborn_n15_m07_f10_ki21_2_multisensor,paderborn_n15_m07_f10_ki21_2,test,KI21,multisensor,current|force|speed|temperature|torque|vibration,N15,M07_F10,n15_m07_f10,bearing_real_damage,21,fault,real,2,data/raw/paderborn/KI21/N15_M07_F10_KI21_2.mat,False,paderborn_channels_verified
paderborn_artificial_to_natural,artificial_to_real_damage,paderborn,paderborn_n15_m07_f10_ki21_3_multisensor,paderborn_n15_m07_f10_ki21_3,test,KI21,multisensor,current|force|speed|temperature|torque|vibration,N15,M07_F10,n15_m07_f10,bearing_real_damage,21,fault,real,3,data/raw/paderborn/KI21/N15_M07_F10_KI21_3.mat,False,paderborn_channels_verified
paderborn_artificial_to_natural,artificial_to_real_damage,paderborn,paderborn_n15_m07_f10_ki21_4_multisensor,paderborn_n15_m07_f10_ki21_4,test,KI21,multisensor,current|force|speed|temperature|torque|vibration,N15,M07_F10,n15_m07_f10,bearing_real_damage,21,fault,real,4,data/raw/paderborn/KI21/N15_M07_F10_KI21_4.mat,False,paderborn_channels_verified
paderborn_artificial_to_natural,artificial_to_real_damage,paderborn,paderborn_n15_m07_f10_ki21_5_multisensor,paderborn_n15_m07_f10_ki21_5,test,KI21,multisensor,current|force|speed|temperature|torque|vibration,N15,M07_F10,n15_m07_f10,bearing_real_damage,21,fault,real,5,data/raw/paderborn/KI21/N15_M07_F10_KI21_5.mat,False,paderborn_channels_verified
paderborn_artificial_to_natural,artificial_to_real_damage,paderborn,paderborn_n15_m07_f10_ki21_6_multisensor,paderborn_n15_m07_f10_ki21_6,test,KI21,multisensor,current|force|speed|temperature|torque|vibration,N15,M07_F10,n15_m07_f10,bearing_real_damage,21,fault,real,6,data/raw/paderborn/KI21/N15_M07_F10_KI21_6.mat,False,paderborn_channels_verified
paderborn_artificial_to_natural,artificial_to_real_damage,paderborn,paderborn_n15_m07_f10_ki21_7_multisensor,paderborn_n15_m07_f10_ki21_7,test,KI21,multisensor,current|force|speed|temperature|torque|vibration,N15,M07_F10,n15_m07_f10,bearing_real_damage,21,fault,real,7,data/raw/paderborn/KI21/N15_M07_F10_KI21_7.mat,False,paderborn_channels_verified
paderborn_artificial_to_natural,artificial_to_real_damage,paderborn,paderborn_n15_m07_f10_ki21_8_multisensor,paderborn_n15_m07_f10_ki21_8,test,KI21,multisensor,current|force|speed|temperature|torque|vibration,N15,M07_F10,n15_m07_f10,bearing_real_damage,21,fault,real,8,data/raw/paderborn/KI21/N15_M07_F10_KI21_8.mat,False,paderborn_channels_verified
paderborn_artificial_to_natural,artificial_to_real_damage,paderborn,paderborn_n15_m07_f10_ki21_9_multisensor,paderborn_n15_m07_f10_ki21_9,test,KI21,multisensor,current|force|speed|temperature|torque|vibration,N15,M07_F10,n15_m07_f10,bearing_real_damage,21,fault,real,9,data/raw/paderborn/KI21/N15_M07_F10_KI21_9.mat,False,paderborn_channels_verified
