relative_path,original_filename,candidate_recording_id,mat_keys,n_mat_keys,sensor_types_present,read_error
data/raw/paderborn/K001/N09_M07_F10_K001_1.mat,N09_M07_F10_K001_1.mat,n09_m07_f10_k001_1,N09_M07_F10_K001_1,1,unknown,False
data/raw/paderborn/K001/N09_M07_F10_K001_10.mat,N09_M07_F10_K001_10.mat,n09_m07_f10_k001_10,N09_M07_F10_K001_10,1,unknown,False
data/raw/paderborn/K001/N09_M07_F10_K001_11.mat,N09_M07_F10_K001_11.mat,n09_m07_f10_k001_11,N09_M07_F10_K001_11,1,unknown,False
data/raw/paderborn/K001/N09_M07_F10_K001_12.mat,N09_M07_F10_K001_12.mat,n09_m07_f10_k001_12,N09_M07_F10_K001_12,1,unknown,False
data/raw/paderborn/K001/N09_M07_F10_K001_13.mat,N09_M07_F10_K001_13.mat,n09_m07_f10_k001_13,N09_M07_F10_K001_13,1,unknown,False
data/raw/paderborn/K001/N09_M07_F10_K001_14.mat,N09_M07_F10_K001_14.mat,n09_m07_f10_k001_14,N09_M07_F10_K001_14,1,unknown,False
data/raw/paderborn/K001/N09_M07_F10_K001_15.mat,N09_M07_F10_K001_15.mat,n09_m07_f10_k001_15,N09_M07_F10_K001_15,1,unknown,False
data/raw/paderborn/K001/N09_M07_F10_K001_16.mat,N09_M07_F10_K001_16.mat,n09_m07_f10_k001_16,N09_M07_F10_K001_16,1,unknown,False
data/raw/paderborn/K001/N09_M07_F10_K001_17.mat,N09_M07_F10_K001_17.mat,n09_m07_f10_k001_17,N09_M07_F10_K001_17,1,unknown,False
data/raw/paderborn/K001/N09_M07_F10_K001_18.mat,N09_M07_F10_K001_18.mat,n09_m07_f10_k001_18,N09_M07_F10_K001_18,1,unknown,False
data/raw/paderborn/K001/N09_M07_F10_K001_19.mat,N09_M07_F10_K001_19.mat,n09_m07_f10_k001_19,N09_M07_F10_K001_19,1,unknown,False
data/raw/paderborn/K001/N09_M07_F10_K001_2.mat,N09_M07_F10_K001_2.mat,n09_m07_f10_k001_2,N09_M07_F10_K001_2,1,unknown,False
data/raw/paderborn/K001/N09_M07_F10_K001_20.mat,N09_M07_F10_K001_20.mat,n09_m07_f10_k001_20,N09_M07_F10_K001_20,1,unknown,False
data/raw/paderborn/K001/N09_M07_F10_K001_3.mat,N09_M07_F10_K001_3.mat,n09_m07_f10_k001_3,N09_M07_F10_K001_3,1,unknown,False
data/raw/paderborn/K001/N09_M07_F10_K001_4.mat,N09_M07_F10_K001_4.mat,n09_m07_f10_k001_4,N09_M07_F10_K001_4,1,unknown,False
data/raw/paderborn/K001/N09_M07_F10_K001_5.mat,N09_M07_F10_K001_5.mat,n09_m07_f10_k001_5,N09_M07_F10_K001_5,1,unknown,False
data/raw/paderborn/K001/N09_M07_F10_K001_6.mat,N09_M07_F10_K001_6.mat,n09_m07_f10_k001_6,N09_M07_F10_K001_6,1,unknown,False
data/raw/paderborn/K001/N09_M07_F10_K001_7.mat,N09_M07_F10_K001_7.mat,n09_m07_f10_k001_7,N09_M07_F10_K001_7,1,unknown,False
data/raw/paderborn/K001/N09_M07_F10_K001_8.mat,N09_M07_F10_K001_8.mat,n09_m07_f10_k001_8,N09_M07_F10_K001_8,1,unknown,False
data/raw/paderborn/K001/N09_M07_F10_K001_9.mat,N09_M07_F10_K001_9.mat,n09_m07_f10_k001_9,N09_M07_F10_K001_9,1,unknown,False
data/raw/paderborn/K001/N15_M01_F10_K001_1.mat,N15_M01_F10_K001_1.mat,n15_m01_f10_k001_1,N15_M01_F10_K001_1,1,unknown,False
data/raw/paderborn/K001/N15_M01_F10_K001_10.mat,N15_M01_F10_K001_10.mat,n15_m01_f10_k001_10,N15_M01_F10_K001_10,1,unknown,False
data/raw/paderborn/K001/N15_M01_F10_K001_11.mat,N15_M01_F10_K001_11.mat,n15_m01_f10_k001_11,N15_M01_F10_K001_11,1,unknown,False
data/raw/paderborn/K001/N15_M01_F10_K001_12.mat,N15_M01_F10_K001_12.mat,n15_m01_f10_k001_12,N15_M01_F10_K001_12,1,unknown,False
data/raw/paderborn/K001/N15_M01_F10_K001_13.mat,N15_M01_F10_K001_13.mat,n15_m01_f10_k001_13,N15_M01_F10_K001_13,1,unknown,False
data/raw/paderborn/K001/N15_M01_F10_K001_14.mat,N15_M01_F10_K001_14.mat,n15_m01_f10_k001_14,N15_M01_F10_K001_14,1,unknown,False
data/raw/paderborn/K001/N15_M01_F10_K001_15.mat,N15_M01_F10_K001_15.mat,n15_m01_f10_k001_15,N15_M01_F10_K001_15,1,unknown,False
data/raw/paderborn/K001/N15_M01_F10_K001_16.mat,N15_M01_F10_K001_16.mat,n15_m01_f10_k001_16,N15_M01_F10_K001_16,1,unknown,False
data/raw/paderborn/K001/N15_M01_F10_K001_17.mat,N15_M01_F10_K001_17.mat,n15_m01_f10_k001_17,N15_M01_F10_K001_17,1,unknown,False
data/raw/paderborn/K001/N15_M01_F10_K001_18.mat,N15_M01_F10_K001_18.mat,n15_m01_f10_k001_18,N15_M01_F10_K001_18,1,unknown,False
data/raw/paderborn/K001/N15_M01_F10_K001_19.mat,N15_M01_F10_K001_19.mat,n15_m01_f10_k001_19,N15_M01_F10_K001_19,1,unknown,False
data/raw/paderborn/K001/N15_M01_F10_K001_2.mat,N15_M01_F10_K001_2.mat,n15_m01_f10_k001_2,N15_M01_F10_K001_2,1,unknown,False
data/raw/paderborn/K001/N15_M01_F10_K001_20.mat,N15_M01_F10_K001_20.mat,n15_m01_f10_k001_20,N15_M01_F10_K001_20,1,unknown,False
data/raw/paderborn/K001/N15_M01_F10_K001_3.mat,N15_M01_F10_K001_3.mat,n15_m01_f10_k001_3,N15_M01_F10_K001_3,1,unknown,False
data/raw/paderborn/K001/N15_M01_F10_K001_4.mat,N15_M01_F10_K001_4.mat,n15_m01_f10_k001_4,N15_M01_F10_K001_4,1,unknown,False
data/raw/paderborn/K001/N15_M01_F10_K001_5.mat,N15_M01_F10_K001_5.mat,n15_m01_f10_k001_5,N15_M01_F10_K001_5,1,unknown,False
data/raw/paderborn/K001/N15_M01_F10_K001_6.mat,N15_M01_F10_K001_6.mat,n15_m01_f10_k001_6,N15_M01_F10_K001_6,1,unknown,False
data/raw/paderborn/K001/N15_M01_F10_K001_7.mat,N15_M01_F10_K001_7.mat,n15_m01_f10_k001_7,N15_M01_F10_K001_7,1,unknown,False
data/raw/paderborn/K001/N15_M01_F10_K001_8.mat,N15_M01_F10_K001_8.mat,n15_m01_f10_k001_8,N15_M01_F10_K001_8,1,unknown,False
data/raw/paderborn/K001/N15_M01_F10_K001_9.mat,N15_M01_F10_K001_9.mat,n15_m01_f10_k001_9,N15_M01_F10_K001_9,1,unknown,False
data/raw/paderborn/K001/N15_M07_F04_K001_1.mat,N15_M07_F04_K001_1.mat,n15_m07_f04_k001_1,N15_M07_F04_K001_1,1,unknown,False
data/raw/paderborn/K001/N15_M07_F04_K001_10.mat,N15_M07_F04_K001_10.mat,n15_m07_f04_k001_10,N15_M07_F04_K001_10,1,unknown,False
data/raw/paderborn/K001/N15_M07_F04_K001_11.mat,N15_M07_F04_K001_11.mat,n15_m07_f04_k001_11,N15_M07_F04_K001_11,1,unknown,False
data/raw/paderborn/K001/N15_M07_F04_K001_12.mat,N15_M07_F04_K001_12.mat,n15_m07_f04_k001_12,N15_M07_F04_K001_12,1,unknown,False
data/raw/paderborn/K001/N15_M07_F04_K001_13.mat,N15_M07_F04_K001_13.mat,n15_m07_f04_k001_13,N15_M07_F04_K001_13,1,unknown,False
data/raw/paderborn/K001/N15_M07_F04_K001_14.mat,N15_M07_F04_K001_14.mat,n15_m07_f04_k001_14,N15_M07_F04_K001_14,1,unknown,False
data/raw/paderborn/K001/N15_M07_F04_K001_15.mat,N15_M07_F04_K001_15.mat,n15_m07_f04_k001_15,N15_M07_F04_K001_15,1,unknown,False
data/raw/paderborn/K001/N15_M07_F04_K001_16.mat,N15_M07_F04_K001_16.mat,n15_m07_f04_k001_16,N15_M07_F04_K001_16,1,unknown,False
data/raw/paderborn/K001/N15_M07_F04_K001_17.mat,N15_M07_F04_K001_17.mat,n15_m07_f04_k001_17,N15_M07_F04_K001_17,1,unknown,False
data/raw/paderborn/K001/N15_M07_F04_K001_18.mat,N15_M07_F04_K001_18.mat,n15_m07_f04_k001_18,N15_M07_F04_K001_18,1,unknown,False
data/raw/paderborn/K001/N15_M07_F04_K001_19.mat,N15_M07_F04_K001_19.mat,n15_m07_f04_k001_19,N15_M07_F04_K001_19,1,unknown,False
data/raw/paderborn/K001/N15_M07_F04_K001_2.mat,N15_M07_F04_K001_2.mat,n15_m07_f04_k001_2,N15_M07_F04_K001_2,1,unknown,False
data/raw/paderborn/K001/N15_M07_F04_K001_20.mat,N15_M07_F04_K001_20.mat,n15_m07_f04_k001_20,N15_M07_F04_K001_20,1,unknown,False
data/raw/paderborn/K001/N15_M07_F04_K001_3.mat,N15_M07_F04_K001_3.mat,n15_m07_f04_k001_3,N15_M07_F04_K001_3,1,unknown,False
data/raw/paderborn/K001/N15_M07_F04_K001_4.mat,N15_M07_F04_K001_4.mat,n15_m07_f04_k001_4,N15_M07_F04_K001_4,1,unknown,False
data/raw/paderborn/K001/N15_M07_F04_K001_5.mat,N15_M07_F04_K001_5.mat,n15_m07_f04_k001_5,N15_M07_F04_K001_5,1,unknown,False
data/raw/paderborn/K001/N15_M07_F04_K001_6.mat,N15_M07_F04_K001_6.mat,n15_m07_f04_k001_6,N15_M07_F04_K001_6,1,unknown,False
data/raw/paderborn/K001/N15_M07_F04_K001_7.mat,N15_M07_F04_K001_7.mat,n15_m07_f04_k001_7,N15_M07_F04_K001_7,1,unknown,False
data/raw/paderborn/K001/N15_M07_F04_K001_8.mat,N15_M07_F04_K001_8.mat,n15_m07_f04_k001_8,N15_M07_F04_K001_8,1,unknown,False
data/raw/paderborn/K001/N15_M07_F04_K001_9.mat,N15_M07_F04_K001_9.mat,n15_m07_f04_k001_9,N15_M07_F04_K001_9,1,unknown,False
data/raw/paderborn/K001/N15_M07_F10_K001_1.mat,N15_M07_F10_K001_1.mat,n15_m07_f10_k001_1,N15_M07_F10_K001_1,1,unknown,False
data/raw/paderborn/K001/N15_M07_F10_K001_10.mat,N15_M07_F10_K001_10.mat,n15_m07_f10_k001_10,N15_M07_F10_K001_10,1,unknown,False
data/raw/paderborn/K001/N15_M07_F10_K001_11.mat,N15_M07_F10_K001_11.mat,n15_m07_f10_k001_11,N15_M07_F10_K001_11,1,unknown,False
data/raw/paderborn/K001/N15_M07_F10_K001_12.mat,N15_M07_F10_K001_12.mat,n15_m07_f10_k001_12,N15_M07_F10_K001_12,1,unknown,False
data/raw/paderborn/K001/N15_M07_F10_K001_13.mat,N15_M07_F10_K001_13.mat,n15_m07_f10_k001_13,N15_M07_F10_K001_13,1,unknown,False
data/raw/paderborn/K001/N15_M07_F10_K001_14.mat,N15_M07_F10_K001_14.mat,n15_m07_f10_k001_14,N15_M07_F10_K001_14,1,unknown,False
data/raw/paderborn/K001/N15_M07_F10_K001_15.mat,N15_M07_F10_K001_15.mat,n15_m07_f10_k001_15,N15_M07_F10_K001_15,1,unknown,False
data/raw/paderborn/K001/N15_M07_F10_K001_16.mat,N15_M07_F10_K001_16.mat,n15_m07_f10_k001_16,N15_M07_F10_K001_16,1,unknown,False
data/raw/paderborn/K001/N15_M07_F10_K001_17.mat,N15_M07_F10_K001_17.mat,n15_m07_f10_k001_17,N15_M07_F10_K001_17,1,unknown,False
data/raw/paderborn/K001/N15_M07_F10_K001_18.mat,N15_M07_F10_K001_18.mat,n15_m07_f10_k001_18,N15_M07_F10_K001_18,1,unknown,False
data/raw/paderborn/K001/N15_M07_F10_K001_19.mat,N15_M07_F10_K001_19.mat,n15_m07_f10_k001_19,N15_M07_F10_K001_19,1,unknown,False
data/raw/paderborn/K001/N15_M07_F10_K001_2.mat,N15_M07_F10_K001_2.mat,n15_m07_f10_k001_2,N15_M07_F10_K001_2,1,unknown,False
data/raw/paderborn/K001/N15_M07_F10_K001_20.mat,N15_M07_F10_K001_20.mat,n15_m07_f10_k001_20,N15_M07_F10_K001_20,1,unknown,False
data/raw/paderborn/K001/N15_M07_F10_K001_3.mat,N15_M07_F10_K001_3.mat,n15_m07_f10_k001_3,N15_M07_F10_K001_3,1,unknown,False
data/raw/paderborn/K001/N15_M07_F10_K001_4.mat,N15_M07_F10_K001_4.mat,n15_m07_f10_k001_4,N15_M07_F10_K001_4,1,unknown,False
data/raw/paderborn/K001/N15_M07_F10_K001_5.mat,N15_M07_F10_K001_5.mat,n15_m07_f10_k001_5,N15_M07_F10_K001_5,1,unknown,False
data/raw/paderborn/K001/N15_M07_F10_K001_6.mat,N15_M07_F10_K001_6.mat,n15_m07_f10_k001_6,N15_M07_F10_K001_6,1,unknown,False
data/raw/paderborn/K001/N15_M07_F10_K001_7.mat,N15_M07_F10_K001_7.mat,n15_m07_f10_k001_7,N15_M07_F10_K001_7,1,unknown,False
data/raw/paderborn/K001/N15_M07_F10_K001_8.mat,N15_M07_F10_K001_8.mat,n15_m07_f10_k001_8,N15_M07_F10_K001_8,1,unknown,False
data/raw/paderborn/K001/N15_M07_F10_K001_9.mat,N15_M07_F10_K001_9.mat,n15_m07_f10_k001_9,N15_M07_F10_K001_9,1,unknown,False
data/raw/paderborn/K002/N09_M07_F10_K002_1.mat,N09_M07_F10_K002_1.mat,n09_m07_f10_k002_1,N09_M07_F10_K002_1,1,unknown,False
data/raw/paderborn/K002/N09_M07_F10_K002_10.mat,N09_M07_F10_K002_10.mat,n09_m07_f10_k002_10,N09_M07_F10_K002_10,1,unknown,False
data/raw/paderborn/K002/N09_M07_F10_K002_11.mat,N09_M07_F10_K002_11.mat,n09_m07_f10_k002_11,N09_M07_F10_K002_11,1,unknown,False
data/raw/paderborn/K002/N09_M07_F10_K002_12.mat,N09_M07_F10_K002_12.mat,n09_m07_f10_k002_12,N09_M07_F10_K002_12,1,unknown,False
data/raw/paderborn/K002/N09_M07_F10_K002_13.mat,N09_M07_F10_K002_13.mat,n09_m07_f10_k002_13,N09_M07_F10_K002_13,1,unknown,False
data/raw/paderborn/K002/N09_M07_F10_K002_14.mat,N09_M07_F10_K002_14.mat,n09_m07_f10_k002_14,N09_M07_F10_K002_14,1,unknown,False
data/raw/paderborn/K002/N09_M07_F10_K002_15.mat,N09_M07_F10_K002_15.mat,n09_m07_f10_k002_15,N09_M07_F10_K002_15,1,unknown,False
data/raw/paderborn/K002/N09_M07_F10_K002_16.mat,N09_M07_F10_K002_16.mat,n09_m07_f10_k002_16,N09_M07_F10_K002_16,1,unknown,False
data/raw/paderborn/K002/N09_M07_F10_K002_17.mat,N09_M07_F10_K002_17.mat,n09_m07_f10_k002_17,N09_M07_F10_K002_17,1,unknown,False
data/raw/paderborn/K002/N09_M07_F10_K002_18.mat,N09_M07_F10_K002_18.mat,n09_m07_f10_k002_18,N09_M07_F10_K002_18,1,unknown,False
data/raw/paderborn/K002/N09_M07_F10_K002_19.mat,N09_M07_F10_K002_19.mat,n09_m07_f10_k002_19,N09_M07_F10_K002_19,1,unknown,False
data/raw/paderborn/K002/N09_M07_F10_K002_2.mat,N09_M07_F10_K002_2.mat,n09_m07_f10_k002_2,N09_M07_F10_K002_2,1,unknown,False
data/raw/paderborn/K002/N09_M07_F10_K002_20.mat,N09_M07_F10_K002_20.mat,n09_m07_f10_k002_20,N09_M07_F10_K002_20,1,unknown,False
data/raw/paderborn/K002/N09_M07_F10_K002_3.mat,N09_M07_F10_K002_3.mat,n09_m07_f10_k002_3,N09_M07_F10_K002_3,1,unknown,False
data/raw/paderborn/K002/N09_M07_F10_K002_4.mat,N09_M07_F10_K002_4.mat,n09_m07_f10_k002_4,N09_M07_F10_K002_4,1,unknown,False
data/raw/paderborn/K002/N09_M07_F10_K002_5.mat,N09_M07_F10_K002_5.mat,n09_m07_f10_k002_5,N09_M07_F10_K002_5,1,unknown,False
data/raw/paderborn/K002/N09_M07_F10_K002_6.mat,N09_M07_F10_K002_6.mat,n09_m07_f10_k002_6,N09_M07_F10_K002_6,1,unknown,False
data/raw/paderborn/K002/N09_M07_F10_K002_7.mat,N09_M07_F10_K002_7.mat,n09_m07_f10_k002_7,N09_M07_F10_K002_7,1,unknown,False
data/raw/paderborn/K002/N09_M07_F10_K002_8.mat,N09_M07_F10_K002_8.mat,n09_m07_f10_k002_8,N09_M07_F10_K002_8,1,unknown,False
data/raw/paderborn/K002/N09_M07_F10_K002_9.mat,N09_M07_F10_K002_9.mat,n09_m07_f10_k002_9,N09_M07_F10_K002_9,1,unknown,False
data/raw/paderborn/K002/N15_M01_F10_K002_1.mat,N15_M01_F10_K002_1.mat,n15_m01_f10_k002_1,N15_M01_F10_K002_1,1,unknown,False
data/raw/paderborn/K002/N15_M01_F10_K002_10.mat,N15_M01_F10_K002_10.mat,n15_m01_f10_k002_10,N15_M01_F10_K002_10,1,unknown,False
data/raw/paderborn/K002/N15_M01_F10_K002_11.mat,N15_M01_F10_K002_11.mat,n15_m01_f10_k002_11,N15_M01_F10_K002_11,1,unknown,False
data/raw/paderborn/K002/N15_M01_F10_K002_12.mat,N15_M01_F10_K002_12.mat,n15_m01_f10_k002_12,N15_M01_F10_K002_12,1,unknown,False
data/raw/paderborn/K002/N15_M01_F10_K002_13.mat,N15_M01_F10_K002_13.mat,n15_m01_f10_k002_13,N15_M01_F10_K002_13,1,unknown,False
data/raw/paderborn/K002/N15_M01_F10_K002_14.mat,N15_M01_F10_K002_14.mat,n15_m01_f10_k002_14,N15_M01_F10_K002_14,1,unknown,False
data/raw/paderborn/K002/N15_M01_F10_K002_15.mat,N15_M01_F10_K002_15.mat,n15_m01_f10_k002_15,N15_M01_F10_K002_15,1,unknown,False
data/raw/paderborn/K002/N15_M01_F10_K002_16.mat,N15_M01_F10_K002_16.mat,n15_m01_f10_k002_16,N15_M01_F10_K002_16,1,unknown,False
data/raw/paderborn/K002/N15_M01_F10_K002_17.mat,N15_M01_F10_K002_17.mat,n15_m01_f10_k002_17,N15_M01_F10_K002_17,1,unknown,False
data/raw/paderborn/K002/N15_M01_F10_K002_18.mat,N15_M01_F10_K002_18.mat,n15_m01_f10_k002_18,N15_M01_F10_K002_18,1,unknown,False
data/raw/paderborn/K002/N15_M01_F10_K002_19.mat,N15_M01_F10_K002_19.mat,n15_m01_f10_k002_19,N15_M01_F10_K002_19,1,unknown,False
data/raw/paderborn/K002/N15_M01_F10_K002_2.mat,N15_M01_F10_K002_2.mat,n15_m01_f10_k002_2,N15_M01_F10_K002_2,1,unknown,False
data/raw/paderborn/K002/N15_M01_F10_K002_20.mat,N15_M01_F10_K002_20.mat,n15_m01_f10_k002_20,N15_M01_F10_K002_20,1,unknown,False
data/raw/paderborn/K002/N15_M01_F10_K002_3.mat,N15_M01_F10_K002_3.mat,n15_m01_f10_k002_3,N15_M01_F10_K002_3,1,unknown,False
data/raw/paderborn/K002/N15_M01_F10_K002_4.mat,N15_M01_F10_K002_4.mat,n15_m01_f10_k002_4,N15_M01_F10_K002_4,1,unknown,False
data/raw/paderborn/K002/N15_M01_F10_K002_5.mat,N15_M01_F10_K002_5.mat,n15_m01_f10_k002_5,N15_M01_F10_K002_5,1,unknown,False
data/raw/paderborn/K002/N15_M01_F10_K002_6.mat,N15_M01_F10_K002_6.mat,n15_m01_f10_k002_6,N15_M01_F10_K002_6,1,unknown,False
data/raw/paderborn/K002/N15_M01_F10_K002_7.mat,N15_M01_F10_K002_7.mat,n15_m01_f10_k002_7,N15_M01_F10_K002_7,1,unknown,False
data/raw/paderborn/K002/N15_M01_F10_K002_8.mat,N15_M01_F10_K002_8.mat,n15_m01_f10_k002_8,N15_M01_F10_K002_8,1,unknown,False
data/raw/paderborn/K002/N15_M01_F10_K002_9.mat,N15_M01_F10_K002_9.mat,n15_m01_f10_k002_9,N15_M01_F10_K002_9,1,unknown,False
data/raw/paderborn/K002/N15_M07_F04_K002_1.mat,N15_M07_F04_K002_1.mat,n15_m07_f04_k002_1,N15_M07_F04_K002_1,1,unknown,False
data/raw/paderborn/K002/N15_M07_F04_K002_10.mat,N15_M07_F04_K002_10.mat,n15_m07_f04_k002_10,N15_M07_F04_K002_10,1,unknown,False
data/raw/paderborn/K002/N15_M07_F04_K002_11.mat,N15_M07_F04_K002_11.mat,n15_m07_f04_k002_11,N15_M07_F04_K002_11,1,unknown,False
data/raw/paderborn/K002/N15_M07_F04_K002_12.mat,N15_M07_F04_K002_12.mat,n15_m07_f04_k002_12,N15_M07_F04_K002_12,1,unknown,False
data/raw/paderborn/K002/N15_M07_F04_K002_13.mat,N15_M07_F04_K002_13.mat,n15_m07_f04_k002_13,N15_M07_F04_K002_13,1,unknown,False
data/raw/paderborn/K002/N15_M07_F04_K002_14.mat,N15_M07_F04_K002_14.mat,n15_m07_f04_k002_14,N15_M07_F04_K002_14,1,unknown,False
data/raw/paderborn/K002/N15_M07_F04_K002_15.mat,N15_M07_F04_K002_15.mat,n15_m07_f04_k002_15,N15_M07_F04_K002_15,1,unknown,False
data/raw/paderborn/K002/N15_M07_F04_K002_16.mat,N15_M07_F04_K002_16.mat,n15_m07_f04_k002_16,N15_M07_F04_K002_16,1,unknown,False
data/raw/paderborn/K002/N15_M07_F04_K002_17.mat,N15_M07_F04_K002_17.mat,n15_m07_f04_k002_17,N15_M07_F04_K002_17,1,unknown,False
data/raw/paderborn/K002/N15_M07_F04_K002_18.mat,N15_M07_F04_K002_18.mat,n15_m07_f04_k002_18,N15_M07_F04_K002_18,1,unknown,False
data/raw/paderborn/K002/N15_M07_F04_K002_19.mat,N15_M07_F04_K002_19.mat,n15_m07_f04_k002_19,N15_M07_F04_K002_19,1,unknown,False
data/raw/paderborn/K002/N15_M07_F04_K002_2.mat,N15_M07_F04_K002_2.mat,n15_m07_f04_k002_2,N15_M07_F04_K002_2,1,unknown,False
data/raw/paderborn/K002/N15_M07_F04_K002_20.mat,N15_M07_F04_K002_20.mat,n15_m07_f04_k002_20,N15_M07_F04_K002_20,1,unknown,False
data/raw/paderborn/K002/N15_M07_F04_K002_3.mat,N15_M07_F04_K002_3.mat,n15_m07_f04_k002_3,N15_M07_F04_K002_3,1,unknown,False
data/raw/paderborn/K002/N15_M07_F04_K002_4.mat,N15_M07_F04_K002_4.mat,n15_m07_f04_k002_4,N15_M07_F04_K002_4,1,unknown,False
data/raw/paderborn/K002/N15_M07_F04_K002_5.mat,N15_M07_F04_K002_5.mat,n15_m07_f04_k002_5,N15_M07_F04_K002_5,1,unknown,False
data/raw/paderborn/K002/N15_M07_F04_K002_6.mat,N15_M07_F04_K002_6.mat,n15_m07_f04_k002_6,N15_M07_F04_K002_6,1,unknown,False
data/raw/paderborn/K002/N15_M07_F04_K002_7.mat,N15_M07_F04_K002_7.mat,n15_m07_f04_k002_7,N15_M07_F04_K002_7,1,unknown,False
data/raw/paderborn/K002/N15_M07_F04_K002_8.mat,N15_M07_F04_K002_8.mat,n15_m07_f04_k002_8,N15_M07_F04_K002_8,1,unknown,False
data/raw/paderborn/K002/N15_M07_F04_K002_9.mat,N15_M07_F04_K002_9.mat,n15_m07_f04_k002_9,N15_M07_F04_K002_9,1,unknown,False
data/raw/paderborn/K002/N15_M07_F10_K002_1.mat,N15_M07_F10_K002_1.mat,n15_m07_f10_k002_1,N15_M07_F10_K002_1,1,unknown,False
data/raw/paderborn/K002/N15_M07_F10_K002_10.mat,N15_M07_F10_K002_10.mat,n15_m07_f10_k002_10,N15_M07_F10_K002_10,1,unknown,False
data/raw/paderborn/K002/N15_M07_F10_K002_11.mat,N15_M07_F10_K002_11.mat,n15_m07_f10_k002_11,N15_M07_F10_K002_11,1,unknown,False
data/raw/paderborn/K002/N15_M07_F10_K002_12.mat,N15_M07_F10_K002_12.mat,n15_m07_f10_k002_12,N15_M07_F10_K002_12,1,unknown,False
data/raw/paderborn/K002/N15_M07_F10_K002_13.mat,N15_M07_F10_K002_13.mat,n15_m07_f10_k002_13,N15_M07_F10_K002_13,1,unknown,False
data/raw/paderborn/K002/N15_M07_F10_K002_14.mat,N15_M07_F10_K002_14.mat,n15_m07_f10_k002_14,N15_M07_F10_K002_14,1,unknown,False
data/raw/paderborn/K002/N15_M07_F10_K002_15.mat,N15_M07_F10_K002_15.mat,n15_m07_f10_k002_15,N15_M07_F10_K002_15,1,unknown,False
data/raw/paderborn/K002/N15_M07_F10_K002_16.mat,N15_M07_F10_K002_16.mat,n15_m07_f10_k002_16,N15_M07_F10_K002_16,1,unknown,False
data/raw/paderborn/K002/N15_M07_F10_K002_17.mat,N15_M07_F10_K002_17.mat,n15_m07_f10_k002_17,N15_M07_F10_K002_17,1,unknown,False
data/raw/paderborn/K002/N15_M07_F10_K002_18.mat,N15_M07_F10_K002_18.mat,n15_m07_f10_k002_18,N15_M07_F10_K002_18,1,unknown,False
data/raw/paderborn/K002/N15_M07_F10_K002_19.mat,N15_M07_F10_K002_19.mat,n15_m07_f10_k002_19,N15_M07_F10_K002_19,1,unknown,False
data/raw/paderborn/K002/N15_M07_F10_K002_2.mat,N15_M07_F10_K002_2.mat,n15_m07_f10_k002_2,N15_M07_F10_K002_2,1,unknown,False
data/raw/paderborn/K002/N15_M07_F10_K002_20.mat,N15_M07_F10_K002_20.mat,n15_m07_f10_k002_20,N15_M07_F10_K002_20,1,unknown,False
data/raw/paderborn/K002/N15_M07_F10_K002_3.mat,N15_M07_F10_K002_3.mat,n15_m07_f10_k002_3,N15_M07_F10_K002_3,1,unknown,False
data/raw/paderborn/K002/N15_M07_F10_K002_4.mat,N15_M07_F10_K002_4.mat,n15_m07_f10_k002_4,N15_M07_F10_K002_4,1,unknown,False
data/raw/paderborn/K002/N15_M07_F10_K002_5.mat,N15_M07_F10_K002_5.mat,n15_m07_f10_k002_5,N15_M07_F10_K002_5,1,unknown,False
data/raw/paderborn/K002/N15_M07_F10_K002_6.mat,N15_M07_F10_K002_6.mat,n15_m07_f10_k002_6,N15_M07_F10_K002_6,1,unknown,False
data/raw/paderborn/K002/N15_M07_F10_K002_7.mat,N15_M07_F10_K002_7.mat,n15_m07_f10_k002_7,N15_M07_F10_K002_7,1,unknown,False
data/raw/paderborn/K002/N15_M07_F10_K002_8.mat,N15_M07_F10_K002_8.mat,n15_m07_f10_k002_8,N15_M07_F10_K002_8,1,unknown,False
data/raw/paderborn/K002/N15_M07_F10_K002_9.mat,N15_M07_F10_K002_9.mat,n15_m07_f10_k002_9,N15_M07_F10_K002_9,1,unknown,False
data/raw/paderborn/K003/N09_M07_F10_K003_1.mat,N09_M07_F10_K003_1.mat,n09_m07_f10_k003_1,N09_M07_F10_K003_1,1,unknown,False
data/raw/paderborn/K003/N09_M07_F10_K003_10.mat,N09_M07_F10_K003_10.mat,n09_m07_f10_k003_10,N09_M07_F10_K003_10,1,unknown,False
data/raw/paderborn/K003/N09_M07_F10_K003_11.mat,N09_M07_F10_K003_11.mat,n09_m07_f10_k003_11,N09_M07_F10_K003_11,1,unknown,False
data/raw/paderborn/K003/N09_M07_F10_K003_12.mat,N09_M07_F10_K003_12.mat,n09_m07_f10_k003_12,N09_M07_F10_K003_12,1,unknown,False
data/raw/paderborn/K003/N09_M07_F10_K003_13.mat,N09_M07_F10_K003_13.mat,n09_m07_f10_k003_13,N09_M07_F10_K003_13,1,unknown,False
data/raw/paderborn/K003/N09_M07_F10_K003_14.mat,N09_M07_F10_K003_14.mat,n09_m07_f10_k003_14,N09_M07_F10_K003_14,1,unknown,False
data/raw/paderborn/K003/N09_M07_F10_K003_15.mat,N09_M07_F10_K003_15.mat,n09_m07_f10_k003_15,N09_M07_F10_K003_15,1,unknown,False
data/raw/paderborn/K003/N09_M07_F10_K003_16.mat,N09_M07_F10_K003_16.mat,n09_m07_f10_k003_16,N09_M07_F10_K003_16,1,unknown,False
data/raw/paderborn/K003/N09_M07_F10_K003_17.mat,N09_M07_F10_K003_17.mat,n09_m07_f10_k003_17,N09_M07_F10_K003_17,1,unknown,False
data/raw/paderborn/K003/N09_M07_F10_K003_18.mat,N09_M07_F10_K003_18.mat,n09_m07_f10_k003_18,N09_M07_F10_K003_18,1,unknown,False
data/raw/paderborn/K003/N09_M07_F10_K003_19.mat,N09_M07_F10_K003_19.mat,n09_m07_f10_k003_19,N09_M07_F10_K003_19,1,unknown,False
data/raw/paderborn/K003/N09_M07_F10_K003_2.mat,N09_M07_F10_K003_2.mat,n09_m07_f10_k003_2,N09_M07_F10_K003_2,1,unknown,False
data/raw/paderborn/K003/N09_M07_F10_K003_20.mat,N09_M07_F10_K003_20.mat,n09_m07_f10_k003_20,N09_M07_F10_K003_20,1,unknown,False
data/raw/paderborn/K003/N09_M07_F10_K003_3.mat,N09_M07_F10_K003_3.mat,n09_m07_f10_k003_3,N09_M07_F10_K003_3,1,unknown,False
data/raw/paderborn/K003/N09_M07_F10_K003_4.mat,N09_M07_F10_K003_4.mat,n09_m07_f10_k003_4,N09_M07_F10_K003_4,1,unknown,False
data/raw/paderborn/K003/N09_M07_F10_K003_5.mat,N09_M07_F10_K003_5.mat,n09_m07_f10_k003_5,N09_M07_F10_K003_5,1,unknown,False
data/raw/paderborn/K003/N09_M07_F10_K003_6.mat,N09_M07_F10_K003_6.mat,n09_m07_f10_k003_6,N09_M07_F10_K003_6,1,unknown,False
data/raw/paderborn/K003/N09_M07_F10_K003_7.mat,N09_M07_F10_K003_7.mat,n09_m07_f10_k003_7,N09_M07_F10_K003_7,1,unknown,False
data/raw/paderborn/K003/N09_M07_F10_K003_8.mat,N09_M07_F10_K003_8.mat,n09_m07_f10_k003_8,N09_M07_F10_K003_8,1,unknown,False
data/raw/paderborn/K003/N09_M07_F10_K003_9.mat,N09_M07_F10_K003_9.mat,n09_m07_f10_k003_9,N09_M07_F10_K003_9,1,unknown,False
data/raw/paderborn/K003/N15_M01_F10_K003_1.mat,N15_M01_F10_K003_1.mat,n15_m01_f10_k003_1,N15_M01_F10_K003_1,1,unknown,False
data/raw/paderborn/K003/N15_M01_F10_K003_10.mat,N15_M01_F10_K003_10.mat,n15_m01_f10_k003_10,N15_M01_F10_K003_10,1,unknown,False
data/raw/paderborn/K003/N15_M01_F10_K003_11.mat,N15_M01_F10_K003_11.mat,n15_m01_f10_k003_11,N15_M01_F10_K003_11,1,unknown,False
data/raw/paderborn/K003/N15_M01_F10_K003_12.mat,N15_M01_F10_K003_12.mat,n15_m01_f10_k003_12,N15_M01_F10_K003_12,1,unknown,False
data/raw/paderborn/K003/N15_M01_F10_K003_13.mat,N15_M01_F10_K003_13.mat,n15_m01_f10_k003_13,N15_M01_F10_K003_13,1,unknown,False
data/raw/paderborn/K003/N15_M01_F10_K003_14.mat,N15_M01_F10_K003_14.mat,n15_m01_f10_k003_14,N15_M01_F10_K003_14,1,unknown,False
data/raw/paderborn/K003/N15_M01_F10_K003_15.mat,N15_M01_F10_K003_15.mat,n15_m01_f10_k003_15,N15_M01_F10_K003_15,1,unknown,False
data/raw/paderborn/K003/N15_M01_F10_K003_16.mat,N15_M01_F10_K003_16.mat,n15_m01_f10_k003_16,N15_M01_F10_K003_16,1,unknown,False
data/raw/paderborn/K003/N15_M01_F10_K003_17.mat,N15_M01_F10_K003_17.mat,n15_m01_f10_k003_17,N15_M01_F10_K003_17,1,unknown,False
data/raw/paderborn/K003/N15_M01_F10_K003_18.mat,N15_M01_F10_K003_18.mat,n15_m01_f10_k003_18,N15_M01_F10_K003_18,1,unknown,False
data/raw/paderborn/K003/N15_M01_F10_K003_19.mat,N15_M01_F10_K003_19.mat,n15_m01_f10_k003_19,N15_M01_F10_K003_19,1,unknown,False
data/raw/paderborn/K003/N15_M01_F10_K003_2.mat,N15_M01_F10_K003_2.mat,n15_m01_f10_k003_2,N15_M01_F10_K003_2,1,unknown,False
data/raw/paderborn/K003/N15_M01_F10_K003_20.mat,N15_M01_F10_K003_20.mat,n15_m01_f10_k003_20,N15_M01_F10_K003_20,1,unknown,False
data/raw/paderborn/K003/N15_M01_F10_K003_3.mat,N15_M01_F10_K003_3.mat,n15_m01_f10_k003_3,N15_M01_F10_K003_3,1,unknown,False
data/raw/paderborn/K003/N15_M01_F10_K003_4.mat,N15_M01_F10_K003_4.mat,n15_m01_f10_k003_4,N15_M01_F10_K003_4,1,unknown,False
data/raw/paderborn/K003/N15_M01_F10_K003_5.mat,N15_M01_F10_K003_5.mat,n15_m01_f10_k003_5,N15_M01_F10_K003_5,1,unknown,False
data/raw/paderborn/K003/N15_M01_F10_K003_6.mat,N15_M01_F10_K003_6.mat,n15_m01_f10_k003_6,N15_M01_F10_K003_6,1,unknown,False
data/raw/paderborn/K003/N15_M01_F10_K003_7.mat,N15_M01_F10_K003_7.mat,n15_m01_f10_k003_7,N15_M01_F10_K003_7,1,unknown,False
data/raw/paderborn/K003/N15_M01_F10_K003_8.mat,N15_M01_F10_K003_8.mat,n15_m01_f10_k003_8,N15_M01_F10_K003_8,1,unknown,False
data/raw/paderborn/K003/N15_M01_F10_K003_9.mat,N15_M01_F10_K003_9.mat,n15_m01_f10_k003_9,N15_M01_F10_K003_9,1,unknown,False
data/raw/paderborn/K003/N15_M07_F04_K003_1.mat,N15_M07_F04_K003_1.mat,n15_m07_f04_k003_1,N15_M07_F04_K003_1,1,unknown,False
data/raw/paderborn/K003/N15_M07_F04_K003_10.mat,N15_M07_F04_K003_10.mat,n15_m07_f04_k003_10,N15_M07_F04_K003_10,1,unknown,False
data/raw/paderborn/K003/N15_M07_F04_K003_11.mat,N15_M07_F04_K003_11.mat,n15_m07_f04_k003_11,N15_M07_F04_K003_11,1,unknown,False
data/raw/paderborn/K003/N15_M07_F04_K003_12.mat,N15_M07_F04_K003_12.mat,n15_m07_f04_k003_12,N15_M07_F04_K003_12,1,unknown,False
data/raw/paderborn/K003/N15_M07_F04_K003_13.mat,N15_M07_F04_K003_13.mat,n15_m07_f04_k003_13,N15_M07_F04_K003_13,1,unknown,False
data/raw/paderborn/K003/N15_M07_F04_K003_14.mat,N15_M07_F04_K003_14.mat,n15_m07_f04_k003_14,N15_M07_F04_K003_14,1,unknown,False
data/raw/paderborn/K003/N15_M07_F04_K003_15.mat,N15_M07_F04_K003_15.mat,n15_m07_f04_k003_15,N15_M07_F04_K003_15,1,unknown,False
data/raw/paderborn/K003/N15_M07_F04_K003_16.mat,N15_M07_F04_K003_16.mat,n15_m07_f04_k003_16,N15_M07_F04_K003_16,1,unknown,False
data/raw/paderborn/K003/N15_M07_F04_K003_17.mat,N15_M07_F04_K003_17.mat,n15_m07_f04_k003_17,N15_M07_F04_K003_17,1,unknown,False
data/raw/paderborn/K003/N15_M07_F04_K003_18.mat,N15_M07_F04_K003_18.mat,n15_m07_f04_k003_18,N15_M07_F04_K003_18,1,unknown,False
data/raw/paderborn/K003/N15_M07_F04_K003_19.mat,N15_M07_F04_K003_19.mat,n15_m07_f04_k003_19,N15_M07_F04_K003_19,1,unknown,False
data/raw/paderborn/K003/N15_M07_F04_K003_2.mat,N15_M07_F04_K003_2.mat,n15_m07_f04_k003_2,N15_M07_F04_K003_2,1,unknown,False
data/raw/paderborn/K003/N15_M07_F04_K003_20.mat,N15_M07_F04_K003_20.mat,n15_m07_f04_k003_20,N15_M07_F04_K003_20,1,unknown,False
data/raw/paderborn/K003/N15_M07_F04_K003_3.mat,N15_M07_F04_K003_3.mat,n15_m07_f04_k003_3,N15_M07_F04_K003_3,1,unknown,False
data/raw/paderborn/K003/N15_M07_F04_K003_4.mat,N15_M07_F04_K003_4.mat,n15_m07_f04_k003_4,N15_M07_F04_K003_4,1,unknown,False
data/raw/paderborn/K003/N15_M07_F04_K003_5.mat,N15_M07_F04_K003_5.mat,n15_m07_f04_k003_5,N15_M07_F04_K003_5,1,unknown,False
data/raw/paderborn/K003/N15_M07_F04_K003_6.mat,N15_M07_F04_K003_6.mat,n15_m07_f04_k003_6,N15_M07_F04_K003_6,1,unknown,False
data/raw/paderborn/K003/N15_M07_F04_K003_7.mat,N15_M07_F04_K003_7.mat,n15_m07_f04_k003_7,N15_M07_F04_K003_7,1,unknown,False
data/raw/paderborn/K003/N15_M07_F04_K003_8.mat,N15_M07_F04_K003_8.mat,n15_m07_f04_k003_8,N15_M07_F04_K003_8,1,unknown,False
data/raw/paderborn/K003/N15_M07_F04_K003_9.mat,N15_M07_F04_K003_9.mat,n15_m07_f04_k003_9,N15_M07_F04_K003_9,1,unknown,False
data/raw/paderborn/K003/N15_M07_F10_K003_1.mat,N15_M07_F10_K003_1.mat,n15_m07_f10_k003_1,N15_M07_F10_K003_1,1,unknown,False
data/raw/paderborn/K003/N15_M07_F10_K003_10.mat,N15_M07_F10_K003_10.mat,n15_m07_f10_k003_10,N15_M07_F10_K003_10,1,unknown,False
data/raw/paderborn/K003/N15_M07_F10_K003_11.mat,N15_M07_F10_K003_11.mat,n15_m07_f10_k003_11,N15_M07_F10_K003_11,1,unknown,False
data/raw/paderborn/K003/N15_M07_F10_K003_12.mat,N15_M07_F10_K003_12.mat,n15_m07_f10_k003_12,N15_M07_F10_K003_12,1,unknown,False
data/raw/paderborn/K003/N15_M07_F10_K003_13.mat,N15_M07_F10_K003_13.mat,n15_m07_f10_k003_13,N15_M07_F10_K003_13,1,unknown,False
data/raw/paderborn/K003/N15_M07_F10_K003_14.mat,N15_M07_F10_K003_14.mat,n15_m07_f10_k003_14,N15_M07_F10_K003_14,1,unknown,False
data/raw/paderborn/K003/N15_M07_F10_K003_15.mat,N15_M07_F10_K003_15.mat,n15_m07_f10_k003_15,N15_M07_F10_K003_15,1,unknown,False
data/raw/paderborn/K003/N15_M07_F10_K003_16.mat,N15_M07_F10_K003_16.mat,n15_m07_f10_k003_16,N15_M07_F10_K003_16,1,unknown,False
data/raw/paderborn/K003/N15_M07_F10_K003_17.mat,N15_M07_F10_K003_17.mat,n15_m07_f10_k003_17,N15_M07_F10_K003_17,1,unknown,False
data/raw/paderborn/K003/N15_M07_F10_K003_18.mat,N15_M07_F10_K003_18.mat,n15_m07_f10_k003_18,N15_M07_F10_K003_18,1,unknown,False
data/raw/paderborn/K003/N15_M07_F10_K003_19.mat,N15_M07_F10_K003_19.mat,n15_m07_f10_k003_19,N15_M07_F10_K003_19,1,unknown,False
data/raw/paderborn/K003/N15_M07_F10_K003_2.mat,N15_M07_F10_K003_2.mat,n15_m07_f10_k003_2,N15_M07_F10_K003_2,1,unknown,False
data/raw/paderborn/K003/N15_M07_F10_K003_20.mat,N15_M07_F10_K003_20.mat,n15_m07_f10_k003_20,N15_M07_F10_K003_20,1,unknown,False
data/raw/paderborn/K003/N15_M07_F10_K003_3.mat,N15_M07_F10_K003_3.mat,n15_m07_f10_k003_3,N15_M07_F10_K003_3,1,unknown,False
data/raw/paderborn/K003/N15_M07_F10_K003_4.mat,N15_M07_F10_K003_4.mat,n15_m07_f10_k003_4,N15_M07_F10_K003_4,1,unknown,False
data/raw/paderborn/K003/N15_M07_F10_K003_5.mat,N15_M07_F10_K003_5.mat,n15_m07_f10_k003_5,N15_M07_F10_K003_5,1,unknown,False
data/raw/paderborn/K003/N15_M07_F10_K003_6.mat,N15_M07_F10_K003_6.mat,n15_m07_f10_k003_6,N15_M07_F10_K003_6,1,unknown,False
data/raw/paderborn/K003/N15_M07_F10_K003_7.mat,N15_M07_F10_K003_7.mat,n15_m07_f10_k003_7,N15_M07_F10_K003_7,1,unknown,False
data/raw/paderborn/K003/N15_M07_F10_K003_8.mat,N15_M07_F10_K003_8.mat,n15_m07_f10_k003_8,N15_M07_F10_K003_8,1,unknown,False
data/raw/paderborn/K003/N15_M07_F10_K003_9.mat,N15_M07_F10_K003_9.mat,n15_m07_f10_k003_9,N15_M07_F10_K003_9,1,unknown,False
data/raw/paderborn/K004/N09_M07_F10_K004_1.mat,N09_M07_F10_K004_1.mat,n09_m07_f10_k004_1,N09_M07_F10_K004_1,1,unknown,False
data/raw/paderborn/K004/N09_M07_F10_K004_10.mat,N09_M07_F10_K004_10.mat,n09_m07_f10_k004_10,N09_M07_F10_K004_10,1,unknown,False
data/raw/paderborn/K004/N09_M07_F10_K004_11.mat,N09_M07_F10_K004_11.mat,n09_m07_f10_k004_11,N09_M07_F10_K004_11,1,unknown,False
data/raw/paderborn/K004/N09_M07_F10_K004_12.mat,N09_M07_F10_K004_12.mat,n09_m07_f10_k004_12,N09_M07_F10_K004_12,1,unknown,False
data/raw/paderborn/K004/N09_M07_F10_K004_13.mat,N09_M07_F10_K004_13.mat,n09_m07_f10_k004_13,N09_M07_F10_K004_13,1,unknown,False
data/raw/paderborn/K004/N09_M07_F10_K004_14.mat,N09_M07_F10_K004_14.mat,n09_m07_f10_k004_14,N09_M07_F10_K004_14,1,unknown,False
data/raw/paderborn/K004/N09_M07_F10_K004_15.mat,N09_M07_F10_K004_15.mat,n09_m07_f10_k004_15,N09_M07_F10_K004_15,1,unknown,False
data/raw/paderborn/K004/N09_M07_F10_K004_16.mat,N09_M07_F10_K004_16.mat,n09_m07_f10_k004_16,N09_M07_F10_K004_16,1,unknown,False
data/raw/paderborn/K004/N09_M07_F10_K004_17.mat,N09_M07_F10_K004_17.mat,n09_m07_f10_k004_17,N09_M07_F10_K004_17,1,unknown,False
data/raw/paderborn/K004/N09_M07_F10_K004_18.mat,N09_M07_F10_K004_18.mat,n09_m07_f10_k004_18,N09_M07_F10_K004_18,1,unknown,False
data/raw/paderborn/K004/N09_M07_F10_K004_19.mat,N09_M07_F10_K004_19.mat,n09_m07_f10_k004_19,N09_M07_F10_K004_19,1,unknown,False
data/raw/paderborn/K004/N09_M07_F10_K004_2.mat,N09_M07_F10_K004_2.mat,n09_m07_f10_k004_2,N09_M07_F10_K004_2,1,unknown,False
data/raw/paderborn/K004/N09_M07_F10_K004_20.mat,N09_M07_F10_K004_20.mat,n09_m07_f10_k004_20,N09_M07_F10_K004_20,1,unknown,False
data/raw/paderborn/K004/N09_M07_F10_K004_3.mat,N09_M07_F10_K004_3.mat,n09_m07_f10_k004_3,N09_M07_F10_K004_3,1,unknown,False
data/raw/paderborn/K004/N09_M07_F10_K004_4.mat,N09_M07_F10_K004_4.mat,n09_m07_f10_k004_4,N09_M07_F10_K004_4,1,unknown,False
data/raw/paderborn/K004/N09_M07_F10_K004_5.mat,N09_M07_F10_K004_5.mat,n09_m07_f10_k004_5,N09_M07_F10_K004_5,1,unknown,False
data/raw/paderborn/K004/N09_M07_F10_K004_6.mat,N09_M07_F10_K004_6.mat,n09_m07_f10_k004_6,N09_M07_F10_K004_6,1,unknown,False
data/raw/paderborn/K004/N09_M07_F10_K004_7.mat,N09_M07_F10_K004_7.mat,n09_m07_f10_k004_7,N09_M07_F10_K004_7,1,unknown,False
data/raw/paderborn/K004/N09_M07_F10_K004_8.mat,N09_M07_F10_K004_8.mat,n09_m07_f10_k004_8,N09_M07_F10_K004_8,1,unknown,False
data/raw/paderborn/K004/N09_M07_F10_K004_9.mat,N09_M07_F10_K004_9.mat,n09_m07_f10_k004_9,N09_M07_F10_K004_9,1,unknown,False
data/raw/paderborn/K004/N15_M01_F10_K004_1.mat,N15_M01_F10_K004_1.mat,n15_m01_f10_k004_1,N15_M01_F10_K004_1,1,unknown,False
data/raw/paderborn/K004/N15_M01_F10_K004_10.mat,N15_M01_F10_K004_10.mat,n15_m01_f10_k004_10,N15_M01_F10_K004_10,1,unknown,False
data/raw/paderborn/K004/N15_M01_F10_K004_11.mat,N15_M01_F10_K004_11.mat,n15_m01_f10_k004_11,N15_M01_F10_K004_11,1,unknown,False
data/raw/paderborn/K004/N15_M01_F10_K004_12.mat,N15_M01_F10_K004_12.mat,n15_m01_f10_k004_12,N15_M01_F10_K004_12,1,unknown,False
data/raw/paderborn/K004/N15_M01_F10_K004_13.mat,N15_M01_F10_K004_13.mat,n15_m01_f10_k004_13,N15_M01_F10_K004_13,1,unknown,False
data/raw/paderborn/K004/N15_M01_F10_K004_14.mat,N15_M01_F10_K004_14.mat,n15_m01_f10_k004_14,N15_M01_F10_K004_14,1,unknown,False
data/raw/paderborn/K004/N15_M01_F10_K004_15.mat,N15_M01_F10_K004_15.mat,n15_m01_f10_k004_15,N15_M01_F10_K004_15,1,unknown,False
data/raw/paderborn/K004/N15_M01_F10_K004_16.mat,N15_M01_F10_K004_16.mat,n15_m01_f10_k004_16,N15_M01_F10_K004_16,1,unknown,False
data/raw/paderborn/K004/N15_M01_F10_K004_17.mat,N15_M01_F10_K004_17.mat,n15_m01_f10_k004_17,N15_M01_F10_K004_17,1,unknown,False
data/raw/paderborn/K004/N15_M01_F10_K004_18.mat,N15_M01_F10_K004_18.mat,n15_m01_f10_k004_18,N15_M01_F10_K004_18,1,unknown,False
data/raw/paderborn/K004/N15_M01_F10_K004_19.mat,N15_M01_F10_K004_19.mat,n15_m01_f10_k004_19,N15_M01_F10_K004_19,1,unknown,False
data/raw/paderborn/K004/N15_M01_F10_K004_2.mat,N15_M01_F10_K004_2.mat,n15_m01_f10_k004_2,N15_M01_F10_K004_2,1,unknown,False
data/raw/paderborn/K004/N15_M01_F10_K004_20.mat,N15_M01_F10_K004_20.mat,n15_m01_f10_k004_20,N15_M01_F10_K004_20,1,unknown,False
data/raw/paderborn/K004/N15_M01_F10_K004_3.mat,N15_M01_F10_K004_3.mat,n15_m01_f10_k004_3,N15_M01_F10_K004_3,1,unknown,False
data/raw/paderborn/K004/N15_M01_F10_K004_4.mat,N15_M01_F10_K004_4.mat,n15_m01_f10_k004_4,N15_M01_F10_K004_4,1,unknown,False
data/raw/paderborn/K004/N15_M01_F10_K004_5.mat,N15_M01_F10_K004_5.mat,n15_m01_f10_k004_5,N15_M01_F10_K004_5,1,unknown,False
data/raw/paderborn/K004/N15_M01_F10_K004_6.mat,N15_M01_F10_K004_6.mat,n15_m01_f10_k004_6,N15_M01_F10_K004_6,1,unknown,False
data/raw/paderborn/K004/N15_M01_F10_K004_7.mat,N15_M01_F10_K004_7.mat,n15_m01_f10_k004_7,N15_M01_F10_K004_7,1,unknown,False
data/raw/paderborn/K004/N15_M01_F10_K004_8.mat,N15_M01_F10_K004_8.mat,n15_m01_f10_k004_8,N15_M01_F10_K004_8,1,unknown,False
data/raw/paderborn/K004/N15_M01_F10_K004_9.mat,N15_M01_F10_K004_9.mat,n15_m01_f10_k004_9,N15_M01_F10_K004_9,1,unknown,False
data/raw/paderborn/K004/N15_M07_F04_K004_1.mat,N15_M07_F04_K004_1.mat,n15_m07_f04_k004_1,N15_M07_F04_K004_1,1,unknown,False
data/raw/paderborn/K004/N15_M07_F04_K004_10.mat,N15_M07_F04_K004_10.mat,n15_m07_f04_k004_10,N15_M07_F04_K004_10,1,unknown,False
data/raw/paderborn/K004/N15_M07_F04_K004_11.mat,N15_M07_F04_K004_11.mat,n15_m07_f04_k004_11,N15_M07_F04_K004_11,1,unknown,False
data/raw/paderborn/K004/N15_M07_F04_K004_12.mat,N15_M07_F04_K004_12.mat,n15_m07_f04_k004_12,N15_M07_F04_K004_12,1,unknown,False
data/raw/paderborn/K004/N15_M07_F04_K004_13.mat,N15_M07_F04_K004_13.mat,n15_m07_f04_k004_13,N15_M07_F04_K004_13,1,unknown,False
data/raw/paderborn/K004/N15_M07_F04_K004_14.mat,N15_M07_F04_K004_14.mat,n15_m07_f04_k004_14,N15_M07_F04_K004_14,1,unknown,False
data/raw/paderborn/K004/N15_M07_F04_K004_15.mat,N15_M07_F04_K004_15.mat,n15_m07_f04_k004_15,N15_M07_F04_K004_15,1,unknown,False
data/raw/paderborn/K004/N15_M07_F04_K004_16.mat,N15_M07_F04_K004_16.mat,n15_m07_f04_k004_16,N15_M07_F04_K004_16,1,unknown,False
data/raw/paderborn/K004/N15_M07_F04_K004_17.mat,N15_M07_F04_K004_17.mat,n15_m07_f04_k004_17,N15_M07_F04_K004_17,1,unknown,False
data/raw/paderborn/K004/N15_M07_F04_K004_18.mat,N15_M07_F04_K004_18.mat,n15_m07_f04_k004_18,N15_M07_F04_K004_18,1,unknown,False
data/raw/paderborn/K004/N15_M07_F04_K004_19.mat,N15_M07_F04_K004_19.mat,n15_m07_f04_k004_19,N15_M07_F04_K004_19,1,unknown,False
data/raw/paderborn/K004/N15_M07_F04_K004_2.mat,N15_M07_F04_K004_2.mat,n15_m07_f04_k004_2,N15_M07_F04_K004_2,1,unknown,False
data/raw/paderborn/K004/N15_M07_F04_K004_20.mat,N15_M07_F04_K004_20.mat,n15_m07_f04_k004_20,N15_M07_F04_K004_20,1,unknown,False
data/raw/paderborn/K004/N15_M07_F04_K004_3.mat,N15_M07_F04_K004_3.mat,n15_m07_f04_k004_3,N15_M07_F04_K004_3,1,unknown,False
data/raw/paderborn/K004/N15_M07_F04_K004_4.mat,N15_M07_F04_K004_4.mat,n15_m07_f04_k004_4,N15_M07_F04_K004_4,1,unknown,False
data/raw/paderborn/K004/N15_M07_F04_K004_5.mat,N15_M07_F04_K004_5.mat,n15_m07_f04_k004_5,N15_M07_F04_K004_5,1,unknown,False
data/raw/paderborn/K004/N15_M07_F04_K004_6.mat,N15_M07_F04_K004_6.mat,n15_m07_f04_k004_6,N15_M07_F04_K004_6,1,unknown,False
data/raw/paderborn/K004/N15_M07_F04_K004_7.mat,N15_M07_F04_K004_7.mat,n15_m07_f04_k004_7,N15_M07_F04_K004_7,1,unknown,False
data/raw/paderborn/K004/N15_M07_F04_K004_8.mat,N15_M07_F04_K004_8.mat,n15_m07_f04_k004_8,N15_M07_F04_K004_8,1,unknown,False
data/raw/paderborn/K004/N15_M07_F04_K004_9.mat,N15_M07_F04_K004_9.mat,n15_m07_f04_k004_9,N15_M07_F04_K004_9,1,unknown,False
data/raw/paderborn/K004/N15_M07_F10_K004_1.mat,N15_M07_F10_K004_1.mat,n15_m07_f10_k004_1,N15_M07_F10_K004_1,1,unknown,False
data/raw/paderborn/K004/N15_M07_F10_K004_10.mat,N15_M07_F10_K004_10.mat,n15_m07_f10_k004_10,N15_M07_F10_K004_10,1,unknown,False
data/raw/paderborn/K004/N15_M07_F10_K004_11.mat,N15_M07_F10_K004_11.mat,n15_m07_f10_k004_11,N15_M07_F10_K004_11,1,unknown,False
data/raw/paderborn/K004/N15_M07_F10_K004_12.mat,N15_M07_F10_K004_12.mat,n15_m07_f10_k004_12,N15_M07_F10_K004_12,1,unknown,False
data/raw/paderborn/K004/N15_M07_F10_K004_13.mat,N15_M07_F10_K004_13.mat,n15_m07_f10_k004_13,N15_M07_F10_K004_13,1,unknown,False
data/raw/paderborn/K004/N15_M07_F10_K004_14.mat,N15_M07_F10_K004_14.mat,n15_m07_f10_k004_14,N15_M07_F10_K004_14,1,unknown,False
data/raw/paderborn/K004/N15_M07_F10_K004_15.mat,N15_M07_F10_K004_15.mat,n15_m07_f10_k004_15,N15_M07_F10_K004_15,1,unknown,False
data/raw/paderborn/K004/N15_M07_F10_K004_16.mat,N15_M07_F10_K004_16.mat,n15_m07_f10_k004_16,N15_M07_F10_K004_16,1,unknown,False
data/raw/paderborn/K004/N15_M07_F10_K004_17.mat,N15_M07_F10_K004_17.mat,n15_m07_f10_k004_17,N15_M07_F10_K004_17,1,unknown,False
data/raw/paderborn/K004/N15_M07_F10_K004_18.mat,N15_M07_F10_K004_18.mat,n15_m07_f10_k004_18,N15_M07_F10_K004_18,1,unknown,False
data/raw/paderborn/K004/N15_M07_F10_K004_19.mat,N15_M07_F10_K004_19.mat,n15_m07_f10_k004_19,N15_M07_F10_K004_19,1,unknown,False
data/raw/paderborn/K004/N15_M07_F10_K004_2.mat,N15_M07_F10_K004_2.mat,n15_m07_f10_k004_2,N15_M07_F10_K004_2,1,unknown,False
data/raw/paderborn/K004/N15_M07_F10_K004_20.mat,N15_M07_F10_K004_20.mat,n15_m07_f10_k004_20,N15_M07_F10_K004_20,1,unknown,False
data/raw/paderborn/K004/N15_M07_F10_K004_3.mat,N15_M07_F10_K004_3.mat,n15_m07_f10_k004_3,N15_M07_F10_K004_3,1,unknown,False
data/raw/paderborn/K004/N15_M07_F10_K004_4.mat,N15_M07_F10_K004_4.mat,n15_m07_f10_k004_4,N15_M07_F10_K004_4,1,unknown,False
data/raw/paderborn/K004/N15_M07_F10_K004_5.mat,N15_M07_F10_K004_5.mat,n15_m07_f10_k004_5,N15_M07_F10_K004_5,1,unknown,False
data/raw/paderborn/K004/N15_M07_F10_K004_6.mat,N15_M07_F10_K004_6.mat,n15_m07_f10_k004_6,N15_M07_F10_K004_6,1,unknown,False
data/raw/paderborn/K004/N15_M07_F10_K004_7.mat,N15_M07_F10_K004_7.mat,n15_m07_f10_k004_7,N15_M07_F10_K004_7,1,unknown,False
data/raw/paderborn/K004/N15_M07_F10_K004_8.mat,N15_M07_F10_K004_8.mat,n15_m07_f10_k004_8,N15_M07_F10_K004_8,1,unknown,False
data/raw/paderborn/K004/N15_M07_F10_K004_9.mat,N15_M07_F10_K004_9.mat,n15_m07_f10_k004_9,N15_M07_F10_K004_9,1,unknown,False
data/raw/paderborn/K005/N09_M07_F10_K005_1.mat,N09_M07_F10_K005_1.mat,n09_m07_f10_k005_1,N09_M07_F10_K005_1,1,unknown,False
data/raw/paderborn/K005/N09_M07_F10_K005_10.mat,N09_M07_F10_K005_10.mat,n09_m07_f10_k005_10,N09_M07_F10_K005_10,1,unknown,False
data/raw/paderborn/K005/N09_M07_F10_K005_11.mat,N09_M07_F10_K005_11.mat,n09_m07_f10_k005_11,N09_M07_F10_K005_11,1,unknown,False
data/raw/paderborn/K005/N09_M07_F10_K005_12.mat,N09_M07_F10_K005_12.mat,n09_m07_f10_k005_12,N09_M07_F10_K005_12,1,unknown,False
data/raw/paderborn/K005/N09_M07_F10_K005_13.mat,N09_M07_F10_K005_13.mat,n09_m07_f10_k005_13,N09_M07_F10_K005_13,1,unknown,False
data/raw/paderborn/K005/N09_M07_F10_K005_14.mat,N09_M07_F10_K005_14.mat,n09_m07_f10_k005_14,N09_M07_F10_K005_14,1,unknown,False
data/raw/paderborn/K005/N09_M07_F10_K005_15.mat,N09_M07_F10_K005_15.mat,n09_m07_f10_k005_15,N09_M07_F10_K005_15,1,unknown,False
data/raw/paderborn/K005/N09_M07_F10_K005_16.mat,N09_M07_F10_K005_16.mat,n09_m07_f10_k005_16,N09_M07_F10_K005_16,1,unknown,False
data/raw/paderborn/K005/N09_M07_F10_K005_17.mat,N09_M07_F10_K005_17.mat,n09_m07_f10_k005_17,N09_M07_F10_K005_17,1,unknown,False
data/raw/paderborn/K005/N09_M07_F10_K005_18.mat,N09_M07_F10_K005_18.mat,n09_m07_f10_k005_18,N09_M07_F10_K005_18,1,unknown,False
data/raw/paderborn/K005/N09_M07_F10_K005_19.mat,N09_M07_F10_K005_19.mat,n09_m07_f10_k005_19,N09_M07_F10_K005_19,1,unknown,False
data/raw/paderborn/K005/N09_M07_F10_K005_2.mat,N09_M07_F10_K005_2.mat,n09_m07_f10_k005_2,N09_M07_F10_K005_2,1,unknown,False
data/raw/paderborn/K005/N09_M07_F10_K005_20.mat,N09_M07_F10_K005_20.mat,n09_m07_f10_k005_20,N09_M07_F10_K005_20,1,unknown,False
data/raw/paderborn/K005/N09_M07_F10_K005_3.mat,N09_M07_F10_K005_3.mat,n09_m07_f10_k005_3,N09_M07_F10_K005_3,1,unknown,False
data/raw/paderborn/K005/N09_M07_F10_K005_4.mat,N09_M07_F10_K005_4.mat,n09_m07_f10_k005_4,N09_M07_F10_K005_4,1,unknown,False
data/raw/paderborn/K005/N09_M07_F10_K005_5.mat,N09_M07_F10_K005_5.mat,n09_m07_f10_k005_5,N09_M07_F10_K005_5,1,unknown,False
data/raw/paderborn/K005/N09_M07_F10_K005_6.mat,N09_M07_F10_K005_6.mat,n09_m07_f10_k005_6,N09_M07_F10_K005_6,1,unknown,False
data/raw/paderborn/K005/N09_M07_F10_K005_7.mat,N09_M07_F10_K005_7.mat,n09_m07_f10_k005_7,N09_M07_F10_K005_7,1,unknown,False
data/raw/paderborn/K005/N09_M07_F10_K005_8.mat,N09_M07_F10_K005_8.mat,n09_m07_f10_k005_8,N09_M07_F10_K005_8,1,unknown,False
data/raw/paderborn/K005/N09_M07_F10_K005_9.mat,N09_M07_F10_K005_9.mat,n09_m07_f10_k005_9,N09_M07_F10_K005_9,1,unknown,False
data/raw/paderborn/K005/N15_M01_F10_K005_1.mat,N15_M01_F10_K005_1.mat,n15_m01_f10_k005_1,N15_M01_F10_K005_1,1,unknown,False
data/raw/paderborn/K005/N15_M01_F10_K005_10.mat,N15_M01_F10_K005_10.mat,n15_m01_f10_k005_10,N15_M01_F10_K005_10,1,unknown,False
data/raw/paderborn/K005/N15_M01_F10_K005_11.mat,N15_M01_F10_K005_11.mat,n15_m01_f10_k005_11,N15_M01_F10_K005_11,1,unknown,False
data/raw/paderborn/K005/N15_M01_F10_K005_12.mat,N15_M01_F10_K005_12.mat,n15_m01_f10_k005_12,N15_M01_F10_K005_12,1,unknown,False
data/raw/paderborn/K005/N15_M01_F10_K005_13.mat,N15_M01_F10_K005_13.mat,n15_m01_f10_k005_13,N15_M01_F10_K005_13,1,unknown,False
data/raw/paderborn/K005/N15_M01_F10_K005_14.mat,N15_M01_F10_K005_14.mat,n15_m01_f10_k005_14,N15_M01_F10_K005_14,1,unknown,False
data/raw/paderborn/K005/N15_M01_F10_K005_15.mat,N15_M01_F10_K005_15.mat,n15_m01_f10_k005_15,N15_M01_F10_K005_15,1,unknown,False
data/raw/paderborn/K005/N15_M01_F10_K005_16.mat,N15_M01_F10_K005_16.mat,n15_m01_f10_k005_16,N15_M01_F10_K005_16,1,unknown,False
data/raw/paderborn/K005/N15_M01_F10_K005_17.mat,N15_M01_F10_K005_17.mat,n15_m01_f10_k005_17,N15_M01_F10_K005_17,1,unknown,False
data/raw/paderborn/K005/N15_M01_F10_K005_18.mat,N15_M01_F10_K005_18.mat,n15_m01_f10_k005_18,N15_M01_F10_K005_18,1,unknown,False
data/raw/paderborn/K005/N15_M01_F10_K005_19.mat,N15_M01_F10_K005_19.mat,n15_m01_f10_k005_19,N15_M01_F10_K005_19,1,unknown,False
data/raw/paderborn/K005/N15_M01_F10_K005_2.mat,N15_M01_F10_K005_2.mat,n15_m01_f10_k005_2,N15_M01_F10_K005_2,1,unknown,False
data/raw/paderborn/K005/N15_M01_F10_K005_20.mat,N15_M01_F10_K005_20.mat,n15_m01_f10_k005_20,N15_M01_F10_K005_20,1,unknown,False
data/raw/paderborn/K005/N15_M01_F10_K005_3.mat,N15_M01_F10_K005_3.mat,n15_m01_f10_k005_3,N15_M01_F10_K005_3,1,unknown,False
data/raw/paderborn/K005/N15_M01_F10_K005_4.mat,N15_M01_F10_K005_4.mat,n15_m01_f10_k005_4,N15_M01_F10_K005_4,1,unknown,False
data/raw/paderborn/K005/N15_M01_F10_K005_5.mat,N15_M01_F10_K005_5.mat,n15_m01_f10_k005_5,N15_M01_F10_K005_5,1,unknown,False
data/raw/paderborn/K005/N15_M01_F10_K005_6.mat,N15_M01_F10_K005_6.mat,n15_m01_f10_k005_6,N15_M01_F10_K005_6,1,unknown,False
data/raw/paderborn/K005/N15_M01_F10_K005_7.mat,N15_M01_F10_K005_7.mat,n15_m01_f10_k005_7,N15_M01_F10_K005_7,1,unknown,False
data/raw/paderborn/K005/N15_M01_F10_K005_8.mat,N15_M01_F10_K005_8.mat,n15_m01_f10_k005_8,N15_M01_F10_K005_8,1,unknown,False
data/raw/paderborn/K005/N15_M01_F10_K005_9.mat,N15_M01_F10_K005_9.mat,n15_m01_f10_k005_9,N15_M01_F10_K005_9,1,unknown,False
data/raw/paderborn/K005/N15_M07_F04_K005_1.mat,N15_M07_F04_K005_1.mat,n15_m07_f04_k005_1,N15_M07_F04_K005_1,1,unknown,False
data/raw/paderborn/K005/N15_M07_F04_K005_10.mat,N15_M07_F04_K005_10.mat,n15_m07_f04_k005_10,N15_M07_F04_K005_10,1,unknown,False
data/raw/paderborn/K005/N15_M07_F04_K005_11.mat,N15_M07_F04_K005_11.mat,n15_m07_f04_k005_11,N15_M07_F04_K005_11,1,unknown,False
data/raw/paderborn/K005/N15_M07_F04_K005_12.mat,N15_M07_F04_K005_12.mat,n15_m07_f04_k005_12,N15_M07_F04_K005_12,1,unknown,False
data/raw/paderborn/K005/N15_M07_F04_K005_13.mat,N15_M07_F04_K005_13.mat,n15_m07_f04_k005_13,N15_M07_F04_K005_13,1,unknown,False
data/raw/paderborn/K005/N15_M07_F04_K005_14.mat,N15_M07_F04_K005_14.mat,n15_m07_f04_k005_14,N15_M07_F04_K005_14,1,unknown,False
data/raw/paderborn/K005/N15_M07_F04_K005_15.mat,N15_M07_F04_K005_15.mat,n15_m07_f04_k005_15,N15_M07_F04_K005_15,1,unknown,False
data/raw/paderborn/K005/N15_M07_F04_K005_16.mat,N15_M07_F04_K005_16.mat,n15_m07_f04_k005_16,N15_M07_F04_K005_16,1,unknown,False
data/raw/paderborn/K005/N15_M07_F04_K005_17.mat,N15_M07_F04_K005_17.mat,n15_m07_f04_k005_17,N15_M07_F04_K005_17,1,unknown,False
data/raw/paderborn/K005/N15_M07_F04_K005_18.mat,N15_M07_F04_K005_18.mat,n15_m07_f04_k005_18,N15_M07_F04_K005_18,1,unknown,False
data/raw/paderborn/K005/N15_M07_F04_K005_19.mat,N15_M07_F04_K005_19.mat,n15_m07_f04_k005_19,N15_M07_F04_K005_19,1,unknown,False
data/raw/paderborn/K005/N15_M07_F04_K005_2.mat,N15_M07_F04_K005_2.mat,n15_m07_f04_k005_2,N15_M07_F04_K005_2,1,unknown,False
data/raw/paderborn/K005/N15_M07_F04_K005_20.mat,N15_M07_F04_K005_20.mat,n15_m07_f04_k005_20,N15_M07_F04_K005_20,1,unknown,False
data/raw/paderborn/K005/N15_M07_F04_K005_3.mat,N15_M07_F04_K005_3.mat,n15_m07_f04_k005_3,N15_M07_F04_K005_3,1,unknown,False
data/raw/paderborn/K005/N15_M07_F04_K005_4.mat,N15_M07_F04_K005_4.mat,n15_m07_f04_k005_4,N15_M07_F04_K005_4,1,unknown,False
data/raw/paderborn/K005/N15_M07_F04_K005_5.mat,N15_M07_F04_K005_5.mat,n15_m07_f04_k005_5,N15_M07_F04_K005_5,1,unknown,False
data/raw/paderborn/K005/N15_M07_F04_K005_6.mat,N15_M07_F04_K005_6.mat,n15_m07_f04_k005_6,N15_M07_F04_K005_6,1,unknown,False
data/raw/paderborn/K005/N15_M07_F04_K005_7.mat,N15_M07_F04_K005_7.mat,n15_m07_f04_k005_7,N15_M07_F04_K005_7,1,unknown,False
data/raw/paderborn/K005/N15_M07_F04_K005_8.mat,N15_M07_F04_K005_8.mat,n15_m07_f04_k005_8,N15_M07_F04_K005_8,1,unknown,False
data/raw/paderborn/K005/N15_M07_F04_K005_9.mat,N15_M07_F04_K005_9.mat,n15_m07_f04_k005_9,N15_M07_F04_K005_9,1,unknown,False
data/raw/paderborn/K005/N15_M07_F10_K005_1.mat,N15_M07_F10_K005_1.mat,n15_m07_f10_k005_1,N15_M07_F10_K005_1,1,unknown,False
data/raw/paderborn/K005/N15_M07_F10_K005_10.mat,N15_M07_F10_K005_10.mat,n15_m07_f10_k005_10,N15_M07_F10_K005_10,1,unknown,False
data/raw/paderborn/K005/N15_M07_F10_K005_11.mat,N15_M07_F10_K005_11.mat,n15_m07_f10_k005_11,N15_M07_F10_K005_11,1,unknown,False
data/raw/paderborn/K005/N15_M07_F10_K005_12.mat,N15_M07_F10_K005_12.mat,n15_m07_f10_k005_12,N15_M07_F10_K005_12,1,unknown,False
data/raw/paderborn/K005/N15_M07_F10_K005_13.mat,N15_M07_F10_K005_13.mat,n15_m07_f10_k005_13,N15_M07_F10_K005_13,1,unknown,False
data/raw/paderborn/K005/N15_M07_F10_K005_14.mat,N15_M07_F10_K005_14.mat,n15_m07_f10_k005_14,N15_M07_F10_K005_14,1,unknown,False
data/raw/paderborn/K005/N15_M07_F10_K005_15.mat,N15_M07_F10_K005_15.mat,n15_m07_f10_k005_15,N15_M07_F10_K005_15,1,unknown,False
data/raw/paderborn/K005/N15_M07_F10_K005_16.mat,N15_M07_F10_K005_16.mat,n15_m07_f10_k005_16,N15_M07_F10_K005_16,1,unknown,False
data/raw/paderborn/K005/N15_M07_F10_K005_17.mat,N15_M07_F10_K005_17.mat,n15_m07_f10_k005_17,N15_M07_F10_K005_17,1,unknown,False
data/raw/paderborn/K005/N15_M07_F10_K005_18.mat,N15_M07_F10_K005_18.mat,n15_m07_f10_k005_18,N15_M07_F10_K005_18,1,unknown,False
data/raw/paderborn/K005/N15_M07_F10_K005_19.mat,N15_M07_F10_K005_19.mat,n15_m07_f10_k005_19,N15_M07_F10_K005_19,1,unknown,False
data/raw/paderborn/K005/N15_M07_F10_K005_2.mat,N15_M07_F10_K005_2.mat,n15_m07_f10_k005_2,N15_M07_F10_K005_2,1,unknown,False
data/raw/paderborn/K005/N15_M07_F10_K005_20.mat,N15_M07_F10_K005_20.mat,n15_m07_f10_k005_20,N15_M07_F10_K005_20,1,unknown,False
data/raw/paderborn/K005/N15_M07_F10_K005_3.mat,N15_M07_F10_K005_3.mat,n15_m07_f10_k005_3,N15_M07_F10_K005_3,1,unknown,False
data/raw/paderborn/K005/N15_M07_F10_K005_4.mat,N15_M07_F10_K005_4.mat,n15_m07_f10_k005_4,N15_M07_F10_K005_4,1,unknown,False
data/raw/paderborn/K005/N15_M07_F10_K005_5.mat,N15_M07_F10_K005_5.mat,n15_m07_f10_k005_5,N15_M07_F10_K005_5,1,unknown,False
data/raw/paderborn/K005/N15_M07_F10_K005_6.mat,N15_M07_F10_K005_6.mat,n15_m07_f10_k005_6,N15_M07_F10_K005_6,1,unknown,False
data/raw/paderborn/K005/N15_M07_F10_K005_7.mat,N15_M07_F10_K005_7.mat,n15_m07_f10_k005_7,N15_M07_F10_K005_7,1,unknown,False
data/raw/paderborn/K005/N15_M07_F10_K005_8.mat,N15_M07_F10_K005_8.mat,n15_m07_f10_k005_8,N15_M07_F10_K005_8,1,unknown,False
data/raw/paderborn/K005/N15_M07_F10_K005_9.mat,N15_M07_F10_K005_9.mat,n15_m07_f10_k005_9,N15_M07_F10_K005_9,1,unknown,False
data/raw/paderborn/K006/N09_M07_F10_K006_1.mat,N09_M07_F10_K006_1.mat,n09_m07_f10_k006_1,N09_M07_F10_K006_1,1,unknown,False
data/raw/paderborn/K006/N09_M07_F10_K006_10.mat,N09_M07_F10_K006_10.mat,n09_m07_f10_k006_10,N09_M07_F10_K006_10,1,unknown,False
data/raw/paderborn/K006/N09_M07_F10_K006_11.mat,N09_M07_F10_K006_11.mat,n09_m07_f10_k006_11,N09_M07_F10_K006_11,1,unknown,False
data/raw/paderborn/K006/N09_M07_F10_K006_12.mat,N09_M07_F10_K006_12.mat,n09_m07_f10_k006_12,N09_M07_F10_K006_12,1,unknown,False
data/raw/paderborn/K006/N09_M07_F10_K006_13.mat,N09_M07_F10_K006_13.mat,n09_m07_f10_k006_13,N09_M07_F10_K006_13,1,unknown,False
data/raw/paderborn/K006/N09_M07_F10_K006_14.mat,N09_M07_F10_K006_14.mat,n09_m07_f10_k006_14,N09_M07_F10_K006_14,1,unknown,False
data/raw/paderborn/K006/N09_M07_F10_K006_15.mat,N09_M07_F10_K006_15.mat,n09_m07_f10_k006_15,N09_M07_F10_K006_15,1,unknown,False
data/raw/paderborn/K006/N09_M07_F10_K006_16.mat,N09_M07_F10_K006_16.mat,n09_m07_f10_k006_16,N09_M07_F10_K006_16,1,unknown,False
data/raw/paderborn/K006/N09_M07_F10_K006_17.mat,N09_M07_F10_K006_17.mat,n09_m07_f10_k006_17,N09_M07_F10_K006_17,1,unknown,False
data/raw/paderborn/K006/N09_M07_F10_K006_18.mat,N09_M07_F10_K006_18.mat,n09_m07_f10_k006_18,N09_M07_F10_K006_18,1,unknown,False
data/raw/paderborn/K006/N09_M07_F10_K006_19.mat,N09_M07_F10_K006_19.mat,n09_m07_f10_k006_19,N09_M07_F10_K006_19,1,unknown,False
data/raw/paderborn/K006/N09_M07_F10_K006_2.mat,N09_M07_F10_K006_2.mat,n09_m07_f10_k006_2,N09_M07_F10_K006_2,1,unknown,False
data/raw/paderborn/K006/N09_M07_F10_K006_20.mat,N09_M07_F10_K006_20.mat,n09_m07_f10_k006_20,N09_M07_F10_K006_20,1,unknown,False
data/raw/paderborn/K006/N09_M07_F10_K006_3.mat,N09_M07_F10_K006_3.mat,n09_m07_f10_k006_3,N09_M07_F10_K006_3,1,unknown,False
data/raw/paderborn/K006/N09_M07_F10_K006_4.mat,N09_M07_F10_K006_4.mat,n09_m07_f10_k006_4,N09_M07_F10_K006_4,1,unknown,False
data/raw/paderborn/K006/N09_M07_F10_K006_5.mat,N09_M07_F10_K006_5.mat,n09_m07_f10_k006_5,N09_M07_F10_K006_5,1,unknown,False
data/raw/paderborn/K006/N09_M07_F10_K006_6.mat,N09_M07_F10_K006_6.mat,n09_m07_f10_k006_6,N09_M07_F10_K006_6,1,unknown,False
data/raw/paderborn/K006/N09_M07_F10_K006_7.mat,N09_M07_F10_K006_7.mat,n09_m07_f10_k006_7,N09_M07_F10_K006_7,1,unknown,False
data/raw/paderborn/K006/N09_M07_F10_K006_8.mat,N09_M07_F10_K006_8.mat,n09_m07_f10_k006_8,N09_M07_F10_K006_8,1,unknown,False
data/raw/paderborn/K006/N09_M07_F10_K006_9.mat,N09_M07_F10_K006_9.mat,n09_m07_f10_k006_9,N09_M07_F10_K006_9,1,unknown,False
data/raw/paderborn/K006/N15_M01_F10_K006_1.mat,N15_M01_F10_K006_1.mat,n15_m01_f10_k006_1,N15_M01_F10_K006_1,1,unknown,False
data/raw/paderborn/K006/N15_M01_F10_K006_10.mat,N15_M01_F10_K006_10.mat,n15_m01_f10_k006_10,N15_M01_F10_K006_10,1,unknown,False
data/raw/paderborn/K006/N15_M01_F10_K006_11.mat,N15_M01_F10_K006_11.mat,n15_m01_f10_k006_11,N15_M01_F10_K006_11,1,unknown,False
data/raw/paderborn/K006/N15_M01_F10_K006_12.mat,N15_M01_F10_K006_12.mat,n15_m01_f10_k006_12,N15_M01_F10_K006_12,1,unknown,False
data/raw/paderborn/K006/N15_M01_F10_K006_13.mat,N15_M01_F10_K006_13.mat,n15_m01_f10_k006_13,N15_M01_F10_K006_13,1,unknown,False
data/raw/paderborn/K006/N15_M01_F10_K006_14.mat,N15_M01_F10_K006_14.mat,n15_m01_f10_k006_14,N15_M01_F10_K006_14,1,unknown,False
data/raw/paderborn/K006/N15_M01_F10_K006_15.mat,N15_M01_F10_K006_15.mat,n15_m01_f10_k006_15,N15_M01_F10_K006_15,1,unknown,False
data/raw/paderborn/K006/N15_M01_F10_K006_16.mat,N15_M01_F10_K006_16.mat,n15_m01_f10_k006_16,N15_M01_F10_K006_16,1,unknown,False
data/raw/paderborn/K006/N15_M01_F10_K006_17.mat,N15_M01_F10_K006_17.mat,n15_m01_f10_k006_17,N15_M01_F10_K006_17,1,unknown,False
data/raw/paderborn/K006/N15_M01_F10_K006_18.mat,N15_M01_F10_K006_18.mat,n15_m01_f10_k006_18,N15_M01_F10_K006_18,1,unknown,False
data/raw/paderborn/K006/N15_M01_F10_K006_19.mat,N15_M01_F10_K006_19.mat,n15_m01_f10_k006_19,N15_M01_F10_K006_19,1,unknown,False
data/raw/paderborn/K006/N15_M01_F10_K006_2.mat,N15_M01_F10_K006_2.mat,n15_m01_f10_k006_2,N15_M01_F10_K006_2,1,unknown,False
data/raw/paderborn/K006/N15_M01_F10_K006_20.mat,N15_M01_F10_K006_20.mat,n15_m01_f10_k006_20,N15_M01_F10_K006_20,1,unknown,False
data/raw/paderborn/K006/N15_M01_F10_K006_3.mat,N15_M01_F10_K006_3.mat,n15_m01_f10_k006_3,N15_M01_F10_K006_3,1,unknown,False
data/raw/paderborn/K006/N15_M01_F10_K006_4.mat,N15_M01_F10_K006_4.mat,n15_m01_f10_k006_4,N15_M01_F10_K006_4,1,unknown,False
data/raw/paderborn/K006/N15_M01_F10_K006_5.mat,N15_M01_F10_K006_5.mat,n15_m01_f10_k006_5,N15_M01_F10_K006_5,1,unknown,False
data/raw/paderborn/K006/N15_M01_F10_K006_6.mat,N15_M01_F10_K006_6.mat,n15_m01_f10_k006_6,N15_M01_F10_K006_6,1,unknown,False
data/raw/paderborn/K006/N15_M01_F10_K006_7.mat,N15_M01_F10_K006_7.mat,n15_m01_f10_k006_7,N15_M01_F10_K006_7,1,unknown,False
data/raw/paderborn/K006/N15_M01_F10_K006_8.mat,N15_M01_F10_K006_8.mat,n15_m01_f10_k006_8,N15_M01_F10_K006_8,1,unknown,False
data/raw/paderborn/K006/N15_M01_F10_K006_9.mat,N15_M01_F10_K006_9.mat,n15_m01_f10_k006_9,N15_M01_F10_K006_9,1,unknown,False
data/raw/paderborn/K006/N15_M07_F04_K006_1.mat,N15_M07_F04_K006_1.mat,n15_m07_f04_k006_1,N15_M07_F04_K006_1,1,unknown,False
data/raw/paderborn/K006/N15_M07_F04_K006_10.mat,N15_M07_F04_K006_10.mat,n15_m07_f04_k006_10,N15_M07_F04_K006_10,1,unknown,False
data/raw/paderborn/K006/N15_M07_F04_K006_11.mat,N15_M07_F04_K006_11.mat,n15_m07_f04_k006_11,N15_M07_F04_K006_11,1,unknown,False
data/raw/paderborn/K006/N15_M07_F04_K006_12.mat,N15_M07_F04_K006_12.mat,n15_m07_f04_k006_12,N15_M07_F04_K006_12,1,unknown,False
data/raw/paderborn/K006/N15_M07_F04_K006_13.mat,N15_M07_F04_K006_13.mat,n15_m07_f04_k006_13,N15_M07_F04_K006_13,1,unknown,False
data/raw/paderborn/K006/N15_M07_F04_K006_14.mat,N15_M07_F04_K006_14.mat,n15_m07_f04_k006_14,N15_M07_F04_K006_14,1,unknown,False
data/raw/paderborn/K006/N15_M07_F04_K006_15.mat,N15_M07_F04_K006_15.mat,n15_m07_f04_k006_15,N15_M07_F04_K006_15,1,unknown,False
data/raw/paderborn/K006/N15_M07_F04_K006_16.mat,N15_M07_F04_K006_16.mat,n15_m07_f04_k006_16,N15_M07_F04_K006_16,1,unknown,False
data/raw/paderborn/K006/N15_M07_F04_K006_17.mat,N15_M07_F04_K006_17.mat,n15_m07_f04_k006_17,N15_M07_F04_K006_17,1,unknown,False
data/raw/paderborn/K006/N15_M07_F04_K006_18.mat,N15_M07_F04_K006_18.mat,n15_m07_f04_k006_18,N15_M07_F04_K006_18,1,unknown,False
data/raw/paderborn/K006/N15_M07_F04_K006_19.mat,N15_M07_F04_K006_19.mat,n15_m07_f04_k006_19,N15_M07_F04_K006_19,1,unknown,False
data/raw/paderborn/K006/N15_M07_F04_K006_2.mat,N15_M07_F04_K006_2.mat,n15_m07_f04_k006_2,N15_M07_F04_K006_2,1,unknown,False
data/raw/paderborn/K006/N15_M07_F04_K006_20.mat,N15_M07_F04_K006_20.mat,n15_m07_f04_k006_20,N15_M07_F04_K006_20,1,unknown,False
data/raw/paderborn/K006/N15_M07_F04_K006_3.mat,N15_M07_F04_K006_3.mat,n15_m07_f04_k006_3,N15_M07_F04_K006_3,1,unknown,False
data/raw/paderborn/K006/N15_M07_F04_K006_4.mat,N15_M07_F04_K006_4.mat,n15_m07_f04_k006_4,N15_M07_F04_K006_4,1,unknown,False
data/raw/paderborn/K006/N15_M07_F04_K006_5.mat,N15_M07_F04_K006_5.mat,n15_m07_f04_k006_5,N15_M07_F04_K006_5,1,unknown,False
data/raw/paderborn/K006/N15_M07_F04_K006_6.mat,N15_M07_F04_K006_6.mat,n15_m07_f04_k006_6,N15_M07_F04_K006_6,1,unknown,False
data/raw/paderborn/K006/N15_M07_F04_K006_7.mat,N15_M07_F04_K006_7.mat,n15_m07_f04_k006_7,N15_M07_F04_K006_7,1,unknown,False
data/raw/paderborn/K006/N15_M07_F04_K006_8.mat,N15_M07_F04_K006_8.mat,n15_m07_f04_k006_8,N15_M07_F04_K006_8,1,unknown,False
data/raw/paderborn/K006/N15_M07_F04_K006_9.mat,N15_M07_F04_K006_9.mat,n15_m07_f04_k006_9,N15_M07_F04_K006_9,1,unknown,False
data/raw/paderborn/K006/N15_M07_F10_K006_1.mat,N15_M07_F10_K006_1.mat,n15_m07_f10_k006_1,N15_M07_F10_K006_1,1,unknown,False
data/raw/paderborn/K006/N15_M07_F10_K006_10.mat,N15_M07_F10_K006_10.mat,n15_m07_f10_k006_10,N15_M07_F10_K006_10,1,unknown,False
data/raw/paderborn/K006/N15_M07_F10_K006_11.mat,N15_M07_F10_K006_11.mat,n15_m07_f10_k006_11,N15_M07_F10_K006_11,1,unknown,False
data/raw/paderborn/K006/N15_M07_F10_K006_12.mat,N15_M07_F10_K006_12.mat,n15_m07_f10_k006_12,N15_M07_F10_K006_12,1,unknown,False
data/raw/paderborn/K006/N15_M07_F10_K006_13.mat,N15_M07_F10_K006_13.mat,n15_m07_f10_k006_13,N15_M07_F10_K006_13,1,unknown,False
data/raw/paderborn/K006/N15_M07_F10_K006_14.mat,N15_M07_F10_K006_14.mat,n15_m07_f10_k006_14,N15_M07_F10_K006_14,1,unknown,False
data/raw/paderborn/K006/N15_M07_F10_K006_15.mat,N15_M07_F10_K006_15.mat,n15_m07_f10_k006_15,N15_M07_F10_K006_15,1,unknown,False
data/raw/paderborn/K006/N15_M07_F10_K006_16.mat,N15_M07_F10_K006_16.mat,n15_m07_f10_k006_16,N15_M07_F10_K006_16,1,unknown,False
data/raw/paderborn/K006/N15_M07_F10_K006_17.mat,N15_M07_F10_K006_17.mat,n15_m07_f10_k006_17,N15_M07_F10_K006_17,1,unknown,False
data/raw/paderborn/K006/N15_M07_F10_K006_18.mat,N15_M07_F10_K006_18.mat,n15_m07_f10_k006_18,N15_M07_F10_K006_18,1,unknown,False
data/raw/paderborn/K006/N15_M07_F10_K006_19.mat,N15_M07_F10_K006_19.mat,n15_m07_f10_k006_19,N15_M07_F10_K006_19,1,unknown,False
data/raw/paderborn/K006/N15_M07_F10_K006_2.mat,N15_M07_F10_K006_2.mat,n15_m07_f10_k006_2,N15_M07_F10_K006_2,1,unknown,False
data/raw/paderborn/K006/N15_M07_F10_K006_20.mat,N15_M07_F10_K006_20.mat,n15_m07_f10_k006_20,N15_M07_F10_K006_20,1,unknown,False
data/raw/paderborn/K006/N15_M07_F10_K006_3.mat,N15_M07_F10_K006_3.mat,n15_m07_f10_k006_3,N15_M07_F10_K006_3,1,unknown,False
data/raw/paderborn/K006/N15_M07_F10_K006_4.mat,N15_M07_F10_K006_4.mat,n15_m07_f10_k006_4,N15_M07_F10_K006_4,1,unknown,False
data/raw/paderborn/K006/N15_M07_F10_K006_5.mat,N15_M07_F10_K006_5.mat,n15_m07_f10_k006_5,N15_M07_F10_K006_5,1,unknown,False
data/raw/paderborn/K006/N15_M07_F10_K006_6.mat,N15_M07_F10_K006_6.mat,n15_m07_f10_k006_6,N15_M07_F10_K006_6,1,unknown,False
data/raw/paderborn/K006/N15_M07_F10_K006_7.mat,N15_M07_F10_K006_7.mat,n15_m07_f10_k006_7,N15_M07_F10_K006_7,1,unknown,False
data/raw/paderborn/K006/N15_M07_F10_K006_8.mat,N15_M07_F10_K006_8.mat,n15_m07_f10_k006_8,N15_M07_F10_K006_8,1,unknown,False
data/raw/paderborn/K006/N15_M07_F10_K006_9.mat,N15_M07_F10_K006_9.mat,n15_m07_f10_k006_9,N15_M07_F10_K006_9,1,unknown,False
data/raw/paderborn/KA01/N09_M07_F10_KA01_1.mat,N09_M07_F10_KA01_1.mat,n09_m07_f10_ka01_1,N09_M07_F10_KA01_1,1,unknown,False
data/raw/paderborn/KA01/N09_M07_F10_KA01_10.mat,N09_M07_F10_KA01_10.mat,n09_m07_f10_ka01_10,N09_M07_F10_KA01_10,1,unknown,False
data/raw/paderborn/KA01/N09_M07_F10_KA01_11.mat,N09_M07_F10_KA01_11.mat,n09_m07_f10_ka01_11,N09_M07_F10_KA01_11,1,unknown,False
data/raw/paderborn/KA01/N09_M07_F10_KA01_12.mat,N09_M07_F10_KA01_12.mat,n09_m07_f10_ka01_12,N09_M07_F10_KA01_12,1,unknown,False
data/raw/paderborn/KA01/N09_M07_F10_KA01_13.mat,N09_M07_F10_KA01_13.mat,n09_m07_f10_ka01_13,N09_M07_F10_KA01_13,1,unknown,False
data/raw/paderborn/KA01/N09_M07_F10_KA01_14.mat,N09_M07_F10_KA01_14.mat,n09_m07_f10_ka01_14,N09_M07_F10_KA01_14,1,unknown,False
data/raw/paderborn/KA01/N09_M07_F10_KA01_15.mat,N09_M07_F10_KA01_15.mat,n09_m07_f10_ka01_15,N09_M07_F10_KA01_15,1,unknown,False
data/raw/paderborn/KA01/N09_M07_F10_KA01_16.mat,N09_M07_F10_KA01_16.mat,n09_m07_f10_ka01_16,N09_M07_F10_KA01_16,1,unknown,False
data/raw/paderborn/KA01/N09_M07_F10_KA01_17.mat,N09_M07_F10_KA01_17.mat,n09_m07_f10_ka01_17,N09_M07_F10_KA01_17,1,unknown,False
data/raw/paderborn/KA01/N09_M07_F10_KA01_18.mat,N09_M07_F10_KA01_18.mat,n09_m07_f10_ka01_18,N09_M07_F10_KA01_18,1,unknown,False
data/raw/paderborn/KA01/N09_M07_F10_KA01_19.mat,N09_M07_F10_KA01_19.mat,n09_m07_f10_ka01_19,N09_M07_F10_KA01_19,1,unknown,False
data/raw/paderborn/KA01/N09_M07_F10_KA01_2.mat,N09_M07_F10_KA01_2.mat,n09_m07_f10_ka01_2,N09_M07_F10_KA01_2,1,unknown,False
data/raw/paderborn/KA01/N09_M07_F10_KA01_20.mat,N09_M07_F10_KA01_20.mat,n09_m07_f10_ka01_20,N09_M07_F10_KA01_20,1,unknown,False
data/raw/paderborn/KA01/N09_M07_F10_KA01_3.mat,N09_M07_F10_KA01_3.mat,n09_m07_f10_ka01_3,N09_M07_F10_KA01_3,1,unknown,False
data/raw/paderborn/KA01/N09_M07_F10_KA01_4.mat,N09_M07_F10_KA01_4.mat,n09_m07_f10_ka01_4,N09_M07_F10_KA01_4,1,unknown,False
data/raw/paderborn/KA01/N09_M07_F10_KA01_5.mat,N09_M07_F10_KA01_5.mat,n09_m07_f10_ka01_5,N09_M07_F10_KA01_5,1,unknown,False
data/raw/paderborn/KA01/N09_M07_F10_KA01_6.mat,N09_M07_F10_KA01_6.mat,n09_m07_f10_ka01_6,N09_M07_F10_KA01_6,1,unknown,False
data/raw/paderborn/KA01/N09_M07_F10_KA01_7.mat,N09_M07_F10_KA01_7.mat,n09_m07_f10_ka01_7,N09_M07_F10_KA01_7,1,unknown,False
data/raw/paderborn/KA01/N09_M07_F10_KA01_8.mat,N09_M07_F10_KA01_8.mat,n09_m07_f10_ka01_8,N09_M07_F10_KA01_8,1,unknown,False
data/raw/paderborn/KA01/N09_M07_F10_KA01_9.mat,N09_M07_F10_KA01_9.mat,n09_m07_f10_ka01_9,N09_M07_F10_KA01_9,1,unknown,False
data/raw/paderborn/KA01/N15_M01_F10_KA01_1.mat,N15_M01_F10_KA01_1.mat,n15_m01_f10_ka01_1,N15_M01_F10_KA01_1,1,unknown,False
data/raw/paderborn/KA01/N15_M01_F10_KA01_10.mat,N15_M01_F10_KA01_10.mat,n15_m01_f10_ka01_10,N15_M01_F10_KA01_10,1,unknown,False
data/raw/paderborn/KA01/N15_M01_F10_KA01_11.mat,N15_M01_F10_KA01_11.mat,n15_m01_f10_ka01_11,N15_M01_F10_KA01_11,1,unknown,False
data/raw/paderborn/KA01/N15_M01_F10_KA01_12.mat,N15_M01_F10_KA01_12.mat,n15_m01_f10_ka01_12,N15_M01_F10_KA01_12,1,unknown,False
data/raw/paderborn/KA01/N15_M01_F10_KA01_13.mat,N15_M01_F10_KA01_13.mat,n15_m01_f10_ka01_13,N15_M01_F10_KA01_13,1,unknown,False
data/raw/paderborn/KA01/N15_M01_F10_KA01_14.mat,N15_M01_F10_KA01_14.mat,n15_m01_f10_ka01_14,N15_M01_F10_KA01_14,1,unknown,False
data/raw/paderborn/KA01/N15_M01_F10_KA01_15.mat,N15_M01_F10_KA01_15.mat,n15_m01_f10_ka01_15,N15_M01_F10_KA01_15,1,unknown,False
data/raw/paderborn/KA01/N15_M01_F10_KA01_16.mat,N15_M01_F10_KA01_16.mat,n15_m01_f10_ka01_16,N15_M01_F10_KA01_16,1,unknown,False
data/raw/paderborn/KA01/N15_M01_F10_KA01_17.mat,N15_M01_F10_KA01_17.mat,n15_m01_f10_ka01_17,N15_M01_F10_KA01_17,1,unknown,False
data/raw/paderborn/KA01/N15_M01_F10_KA01_18.mat,N15_M01_F10_KA01_18.mat,n15_m01_f10_ka01_18,N15_M01_F10_KA01_18,1,unknown,False
data/raw/paderborn/KA01/N15_M01_F10_KA01_19.mat,N15_M01_F10_KA01_19.mat,n15_m01_f10_ka01_19,N15_M01_F10_KA01_19,1,unknown,False
data/raw/paderborn/KA01/N15_M01_F10_KA01_2.mat,N15_M01_F10_KA01_2.mat,n15_m01_f10_ka01_2,N15_M01_F10_KA01_2,1,unknown,False
data/raw/paderborn/KA01/N15_M01_F10_KA01_20.mat,N15_M01_F10_KA01_20.mat,n15_m01_f10_ka01_20,N15_M01_F10_KA01_20,1,unknown,False
data/raw/paderborn/KA01/N15_M01_F10_KA01_3.mat,N15_M01_F10_KA01_3.mat,n15_m01_f10_ka01_3,N15_M01_F10_KA01_3,1,unknown,False
data/raw/paderborn/KA01/N15_M01_F10_KA01_4.mat,N15_M01_F10_KA01_4.mat,n15_m01_f10_ka01_4,N15_M01_F10_KA01_4,1,unknown,False
data/raw/paderborn/KA01/N15_M01_F10_KA01_5.mat,N15_M01_F10_KA01_5.mat,n15_m01_f10_ka01_5,N15_M01_F10_KA01_5,1,unknown,False
data/raw/paderborn/KA01/N15_M01_F10_KA01_6.mat,N15_M01_F10_KA01_6.mat,n15_m01_f10_ka01_6,N15_M01_F10_KA01_6,1,unknown,False
data/raw/paderborn/KA01/N15_M01_F10_KA01_7.mat,N15_M01_F10_KA01_7.mat,n15_m01_f10_ka01_7,N15_M01_F10_KA01_7,1,unknown,False
data/raw/paderborn/KA01/N15_M01_F10_KA01_8.mat,N15_M01_F10_KA01_8.mat,n15_m01_f10_ka01_8,N15_M01_F10_KA01_8,1,unknown,False
data/raw/paderborn/KA01/N15_M01_F10_KA01_9.mat,N15_M01_F10_KA01_9.mat,n15_m01_f10_ka01_9,N15_M01_F10_KA01_9,1,unknown,False
data/raw/paderborn/KA01/N15_M07_F04_KA01_1.mat,N15_M07_F04_KA01_1.mat,n15_m07_f04_ka01_1,N15_M07_F04_KA01_1,1,unknown,False
data/raw/paderborn/KA01/N15_M07_F04_KA01_10.mat,N15_M07_F04_KA01_10.mat,n15_m07_f04_ka01_10,N15_M07_F04_KA01_10,1,unknown,False
data/raw/paderborn/KA01/N15_M07_F04_KA01_11.mat,N15_M07_F04_KA01_11.mat,n15_m07_f04_ka01_11,N15_M07_F04_KA01_11,1,unknown,False
data/raw/paderborn/KA01/N15_M07_F04_KA01_12.mat,N15_M07_F04_KA01_12.mat,n15_m07_f04_ka01_12,N15_M07_F04_KA01_12,1,unknown,False
data/raw/paderborn/KA01/N15_M07_F04_KA01_13.mat,N15_M07_F04_KA01_13.mat,n15_m07_f04_ka01_13,N15_M07_F04_KA01_13,1,unknown,False
data/raw/paderborn/KA01/N15_M07_F04_KA01_14.mat,N15_M07_F04_KA01_14.mat,n15_m07_f04_ka01_14,N15_M07_F04_KA01_14,1,unknown,False
data/raw/paderborn/KA01/N15_M07_F04_KA01_15.mat,N15_M07_F04_KA01_15.mat,n15_m07_f04_ka01_15,N15_M07_F04_KA01_15,1,unknown,False
data/raw/paderborn/KA01/N15_M07_F04_KA01_16.mat,N15_M07_F04_KA01_16.mat,n15_m07_f04_ka01_16,N15_M07_F04_KA01_16,1,unknown,False
data/raw/paderborn/KA01/N15_M07_F04_KA01_17.mat,N15_M07_F04_KA01_17.mat,n15_m07_f04_ka01_17,N15_M07_F04_KA01_17,1,unknown,False
data/raw/paderborn/KA01/N15_M07_F04_KA01_18.mat,N15_M07_F04_KA01_18.mat,n15_m07_f04_ka01_18,N15_M07_F04_KA01_18,1,unknown,False
data/raw/paderborn/KA01/N15_M07_F04_KA01_19.mat,N15_M07_F04_KA01_19.mat,n15_m07_f04_ka01_19,N15_M07_F04_KA01_19,1,unknown,False
data/raw/paderborn/KA01/N15_M07_F04_KA01_2.mat,N15_M07_F04_KA01_2.mat,n15_m07_f04_ka01_2,N15_M07_F04_KA01_2,1,unknown,False
data/raw/paderborn/KA01/N15_M07_F04_KA01_20.mat,N15_M07_F04_KA01_20.mat,n15_m07_f04_ka01_20,N15_M07_F04_KA01_20,1,unknown,False
data/raw/paderborn/KA01/N15_M07_F04_KA01_3.mat,N15_M07_F04_KA01_3.mat,n15_m07_f04_ka01_3,N15_M07_F04_KA01_3,1,unknown,False
data/raw/paderborn/KA01/N15_M07_F04_KA01_4.mat,N15_M07_F04_KA01_4.mat,n15_m07_f04_ka01_4,N15_M07_F04_KA01_4,1,unknown,False
data/raw/paderborn/KA01/N15_M07_F04_KA01_5.mat,N15_M07_F04_KA01_5.mat,n15_m07_f04_ka01_5,N15_M07_F04_KA01_5,1,unknown,False
data/raw/paderborn/KA01/N15_M07_F04_KA01_6.mat,N15_M07_F04_KA01_6.mat,n15_m07_f04_ka01_6,N15_M07_F04_KA01_6,1,unknown,False
data/raw/paderborn/KA01/N15_M07_F04_KA01_7.mat,N15_M07_F04_KA01_7.mat,n15_m07_f04_ka01_7,N15_M07_F04_KA01_7,1,unknown,False
data/raw/paderborn/KA01/N15_M07_F04_KA01_8.mat,N15_M07_F04_KA01_8.mat,n15_m07_f04_ka01_8,N15_M07_F04_KA01_8,1,unknown,False
data/raw/paderborn/KA01/N15_M07_F04_KA01_9.mat,N15_M07_F04_KA01_9.mat,n15_m07_f04_ka01_9,N15_M07_F04_KA01_9,1,unknown,False
data/raw/paderborn/KA01/N15_M07_F10_KA01_1.mat,N15_M07_F10_KA01_1.mat,n15_m07_f10_ka01_1,N15_M07_F10_KA01_1,1,unknown,False
data/raw/paderborn/KA01/N15_M07_F10_KA01_10.mat,N15_M07_F10_KA01_10.mat,n15_m07_f10_ka01_10,N15_M07_F10_KA01_10,1,unknown,False
data/raw/paderborn/KA01/N15_M07_F10_KA01_11.mat,N15_M07_F10_KA01_11.mat,n15_m07_f10_ka01_11,N15_M07_F10_KA01_11,1,unknown,False
data/raw/paderborn/KA01/N15_M07_F10_KA01_12.mat,N15_M07_F10_KA01_12.mat,n15_m07_f10_ka01_12,N15_M07_F10_KA01_12,1,unknown,False
data/raw/paderborn/KA01/N15_M07_F10_KA01_13.mat,N15_M07_F10_KA01_13.mat,n15_m07_f10_ka01_13,N15_M07_F10_KA01_13,1,unknown,False
data/raw/paderborn/KA01/N15_M07_F10_KA01_14.mat,N15_M07_F10_KA01_14.mat,n15_m07_f10_ka01_14,N15_M07_F10_KA01_14,1,unknown,False
data/raw/paderborn/KA01/N15_M07_F10_KA01_15.mat,N15_M07_F10_KA01_15.mat,n15_m07_f10_ka01_15,N15_M07_F10_KA01_15,1,unknown,False
data/raw/paderborn/KA01/N15_M07_F10_KA01_16.mat,N15_M07_F10_KA01_16.mat,n15_m07_f10_ka01_16,N15_M07_F10_KA01_16,1,unknown,False
data/raw/paderborn/KA01/N15_M07_F10_KA01_17.mat,N15_M07_F10_KA01_17.mat,n15_m07_f10_ka01_17,N15_M07_F10_KA01_17,1,unknown,False
data/raw/paderborn/KA01/N15_M07_F10_KA01_18.mat,N15_M07_F10_KA01_18.mat,n15_m07_f10_ka01_18,N15_M07_F10_KA01_18,1,unknown,False
data/raw/paderborn/KA01/N15_M07_F10_KA01_19.mat,N15_M07_F10_KA01_19.mat,n15_m07_f10_ka01_19,N15_M07_F10_KA01_19,1,unknown,False
data/raw/paderborn/KA01/N15_M07_F10_KA01_2.mat,N15_M07_F10_KA01_2.mat,n15_m07_f10_ka01_2,N15_M07_F10_KA01_2,1,unknown,False
data/raw/paderborn/KA01/N15_M07_F10_KA01_20.mat,N15_M07_F10_KA01_20.mat,n15_m07_f10_ka01_20,N15_M07_F10_KA01_20,1,unknown,False
data/raw/paderborn/KA01/N15_M07_F10_KA01_3.mat,N15_M07_F10_KA01_3.mat,n15_m07_f10_ka01_3,N15_M07_F10_KA01_3,1,unknown,False
data/raw/paderborn/KA01/N15_M07_F10_KA01_4.mat,N15_M07_F10_KA01_4.mat,n15_m07_f10_ka01_4,N15_M07_F10_KA01_4,1,unknown,False
data/raw/paderborn/KA01/N15_M07_F10_KA01_5.mat,N15_M07_F10_KA01_5.mat,n15_m07_f10_ka01_5,N15_M07_F10_KA01_5,1,unknown,False
data/raw/paderborn/KA01/N15_M07_F10_KA01_6.mat,N15_M07_F10_KA01_6.mat,n15_m07_f10_ka01_6,N15_M07_F10_KA01_6,1,unknown,False
data/raw/paderborn/KA01/N15_M07_F10_KA01_7.mat,N15_M07_F10_KA01_7.mat,n15_m07_f10_ka01_7,N15_M07_F10_KA01_7,1,unknown,False
data/raw/paderborn/KA01/N15_M07_F10_KA01_8.mat,N15_M07_F10_KA01_8.mat,n15_m07_f10_ka01_8,N15_M07_F10_KA01_8,1,unknown,False
data/raw/paderborn/KA01/N15_M07_F10_KA01_9.mat,N15_M07_F10_KA01_9.mat,n15_m07_f10_ka01_9,N15_M07_F10_KA01_9,1,unknown,False
data/raw/paderborn/KA03/N09_M07_F10_KA03_1.mat,N09_M07_F10_KA03_1.mat,n09_m07_f10_ka03_1,N09_M07_F10_KA03_1,1,unknown,False
data/raw/paderborn/KA03/N09_M07_F10_KA03_10.mat,N09_M07_F10_KA03_10.mat,n09_m07_f10_ka03_10,N09_M07_F10_KA03_10,1,unknown,False
data/raw/paderborn/KA03/N09_M07_F10_KA03_11.mat,N09_M07_F10_KA03_11.mat,n09_m07_f10_ka03_11,N09_M07_F10_KA03_11,1,unknown,False
data/raw/paderborn/KA03/N09_M07_F10_KA03_12.mat,N09_M07_F10_KA03_12.mat,n09_m07_f10_ka03_12,N09_M07_F10_KA03_12,1,unknown,False
data/raw/paderborn/KA03/N09_M07_F10_KA03_13.mat,N09_M07_F10_KA03_13.mat,n09_m07_f10_ka03_13,N09_M07_F10_KA03_13,1,unknown,False
data/raw/paderborn/KA03/N09_M07_F10_KA03_14.mat,N09_M07_F10_KA03_14.mat,n09_m07_f10_ka03_14,N09_M07_F10_KA03_14,1,unknown,False
data/raw/paderborn/KA03/N09_M07_F10_KA03_15.mat,N09_M07_F10_KA03_15.mat,n09_m07_f10_ka03_15,N09_M07_F10_KA03_15,1,unknown,False
data/raw/paderborn/KA03/N09_M07_F10_KA03_16.mat,N09_M07_F10_KA03_16.mat,n09_m07_f10_ka03_16,N09_M07_F10_KA03_16,1,unknown,False
data/raw/paderborn/KA03/N09_M07_F10_KA03_17.mat,N09_M07_F10_KA03_17.mat,n09_m07_f10_ka03_17,N09_M07_F10_KA03_17,1,unknown,False
data/raw/paderborn/KA03/N09_M07_F10_KA03_18.mat,N09_M07_F10_KA03_18.mat,n09_m07_f10_ka03_18,N09_M07_F10_KA03_18,1,unknown,False
data/raw/paderborn/KA03/N09_M07_F10_KA03_19.mat,N09_M07_F10_KA03_19.mat,n09_m07_f10_ka03_19,N09_M07_F10_KA03_19,1,unknown,False
data/raw/paderborn/KA03/N09_M07_F10_KA03_2.mat,N09_M07_F10_KA03_2.mat,n09_m07_f10_ka03_2,N09_M07_F10_KA03_2,1,unknown,False
data/raw/paderborn/KA03/N09_M07_F10_KA03_20.mat,N09_M07_F10_KA03_20.mat,n09_m07_f10_ka03_20,N09_M07_F10_KA03_20,1,unknown,False
data/raw/paderborn/KA03/N09_M07_F10_KA03_3.mat,N09_M07_F10_KA03_3.mat,n09_m07_f10_ka03_3,N09_M07_F10_KA03_3,1,unknown,False
data/raw/paderborn/KA03/N09_M07_F10_KA03_4.mat,N09_M07_F10_KA03_4.mat,n09_m07_f10_ka03_4,N09_M07_F10_KA03_4,1,unknown,False
data/raw/paderborn/KA03/N09_M07_F10_KA03_5.mat,N09_M07_F10_KA03_5.mat,n09_m07_f10_ka03_5,N09_M07_F10_KA03_5,1,unknown,False
data/raw/paderborn/KA03/N09_M07_F10_KA03_6.mat,N09_M07_F10_KA03_6.mat,n09_m07_f10_ka03_6,N09_M07_F10_KA03_6,1,unknown,False
data/raw/paderborn/KA03/N09_M07_F10_KA03_7.mat,N09_M07_F10_KA03_7.mat,n09_m07_f10_ka03_7,N09_M07_F10_KA03_7,1,unknown,False
data/raw/paderborn/KA03/N09_M07_F10_KA03_8.mat,N09_M07_F10_KA03_8.mat,n09_m07_f10_ka03_8,N09_M07_F10_KA03_8,1,unknown,False
data/raw/paderborn/KA03/N09_M07_F10_KA03_9.mat,N09_M07_F10_KA03_9.mat,n09_m07_f10_ka03_9,N09_M07_F10_KA03_9,1,unknown,False
data/raw/paderborn/KA03/N15_M01_F10_KA03_1.mat,N15_M01_F10_KA03_1.mat,n15_m01_f10_ka03_1,N15_M01_F10_KA03_1,1,unknown,False
data/raw/paderborn/KA03/N15_M01_F10_KA03_10.mat,N15_M01_F10_KA03_10.mat,n15_m01_f10_ka03_10,N15_M01_F10_KA03_10,1,unknown,False
data/raw/paderborn/KA03/N15_M01_F10_KA03_11.mat,N15_M01_F10_KA03_11.mat,n15_m01_f10_ka03_11,N15_M01_F10_KA03_11,1,unknown,False
data/raw/paderborn/KA03/N15_M01_F10_KA03_12.mat,N15_M01_F10_KA03_12.mat,n15_m01_f10_ka03_12,N15_M01_F10_KA03_12,1,unknown,False
data/raw/paderborn/KA03/N15_M01_F10_KA03_13.mat,N15_M01_F10_KA03_13.mat,n15_m01_f10_ka03_13,N15_M01_F10_KA03_13,1,unknown,False
data/raw/paderborn/KA03/N15_M01_F10_KA03_14.mat,N15_M01_F10_KA03_14.mat,n15_m01_f10_ka03_14,N15_M01_F10_KA03_14,1,unknown,False
data/raw/paderborn/KA03/N15_M01_F10_KA03_15.mat,N15_M01_F10_KA03_15.mat,n15_m01_f10_ka03_15,N15_M01_F10_KA03_15,1,unknown,False
data/raw/paderborn/KA03/N15_M01_F10_KA03_16.mat,N15_M01_F10_KA03_16.mat,n15_m01_f10_ka03_16,N15_M01_F10_KA03_16,1,unknown,False
data/raw/paderborn/KA03/N15_M01_F10_KA03_17.mat,N15_M01_F10_KA03_17.mat,n15_m01_f10_ka03_17,N15_M01_F10_KA03_17,1,unknown,False
data/raw/paderborn/KA03/N15_M01_F10_KA03_18.mat,N15_M01_F10_KA03_18.mat,n15_m01_f10_ka03_18,N15_M01_F10_KA03_18,1,unknown,False
data/raw/paderborn/KA03/N15_M01_F10_KA03_19.mat,N15_M01_F10_KA03_19.mat,n15_m01_f10_ka03_19,N15_M01_F10_KA03_19,1,unknown,False
data/raw/paderborn/KA03/N15_M01_F10_KA03_2.mat,N15_M01_F10_KA03_2.mat,n15_m01_f10_ka03_2,N15_M01_F10_KA03_2,1,unknown,False
data/raw/paderborn/KA03/N15_M01_F10_KA03_20.mat,N15_M01_F10_KA03_20.mat,n15_m01_f10_ka03_20,N15_M01_F10_KA03_20,1,unknown,False
data/raw/paderborn/KA03/N15_M01_F10_KA03_3.mat,N15_M01_F10_KA03_3.mat,n15_m01_f10_ka03_3,N15_M01_F10_KA03_3,1,unknown,False
data/raw/paderborn/KA03/N15_M01_F10_KA03_4.mat,N15_M01_F10_KA03_4.mat,n15_m01_f10_ka03_4,N15_M01_F10_KA03_4,1,unknown,False
data/raw/paderborn/KA03/N15_M01_F10_KA03_5.mat,N15_M01_F10_KA03_5.mat,n15_m01_f10_ka03_5,N15_M01_F10_KA03_5,1,unknown,False
data/raw/paderborn/KA03/N15_M01_F10_KA03_6.mat,N15_M01_F10_KA03_6.mat,n15_m01_f10_ka03_6,N15_M01_F10_KA03_6,1,unknown,False
data/raw/paderborn/KA03/N15_M01_F10_KA03_7.mat,N15_M01_F10_KA03_7.mat,n15_m01_f10_ka03_7,N15_M01_F10_KA03_7,1,unknown,False
data/raw/paderborn/KA03/N15_M01_F10_KA03_8.mat,N15_M01_F10_KA03_8.mat,n15_m01_f10_ka03_8,N15_M01_F10_KA03_8,1,unknown,False
data/raw/paderborn/KA03/N15_M01_F10_KA03_9.mat,N15_M01_F10_KA03_9.mat,n15_m01_f10_ka03_9,N15_M01_F10_KA03_9,1,unknown,False
data/raw/paderborn/KA03/N15_M07_F04_KA03_1.mat,N15_M07_F04_KA03_1.mat,n15_m07_f04_ka03_1,N15_M07_F04_KA03_1,1,unknown,False
data/raw/paderborn/KA03/N15_M07_F04_KA03_10.mat,N15_M07_F04_KA03_10.mat,n15_m07_f04_ka03_10,N15_M07_F04_KA03_10,1,unknown,False
data/raw/paderborn/KA03/N15_M07_F04_KA03_11.mat,N15_M07_F04_KA03_11.mat,n15_m07_f04_ka03_11,N15_M07_F04_KA03_11,1,unknown,False
data/raw/paderborn/KA03/N15_M07_F04_KA03_12.mat,N15_M07_F04_KA03_12.mat,n15_m07_f04_ka03_12,N15_M07_F04_KA03_12,1,unknown,False
data/raw/paderborn/KA03/N15_M07_F04_KA03_13.mat,N15_M07_F04_KA03_13.mat,n15_m07_f04_ka03_13,N15_M07_F04_KA03_13,1,unknown,False
data/raw/paderborn/KA03/N15_M07_F04_KA03_14.mat,N15_M07_F04_KA03_14.mat,n15_m07_f04_ka03_14,N15_M07_F04_KA03_14,1,unknown,False
data/raw/paderborn/KA03/N15_M07_F04_KA03_15.mat,N15_M07_F04_KA03_15.mat,n15_m07_f04_ka03_15,N15_M07_F04_KA03_15,1,unknown,False
data/raw/paderborn/KA03/N15_M07_F04_KA03_16.mat,N15_M07_F04_KA03_16.mat,n15_m07_f04_ka03_16,N15_M07_F04_KA03_16,1,unknown,False
data/raw/paderborn/KA03/N15_M07_F04_KA03_17.mat,N15_M07_F04_KA03_17.mat,n15_m07_f04_ka03_17,N15_M07_F04_KA03_17,1,unknown,False
data/raw/paderborn/KA03/N15_M07_F04_KA03_18.mat,N15_M07_F04_KA03_18.mat,n15_m07_f04_ka03_18,N15_M07_F04_KA03_18,1,unknown,False
data/raw/paderborn/KA03/N15_M07_F04_KA03_19.mat,N15_M07_F04_KA03_19.mat,n15_m07_f04_ka03_19,N15_M07_F04_KA03_19,1,unknown,False
data/raw/paderborn/KA03/N15_M07_F04_KA03_2.mat,N15_M07_F04_KA03_2.mat,n15_m07_f04_ka03_2,N15_M07_F04_KA03_2,1,unknown,False
data/raw/paderborn/KA03/N15_M07_F04_KA03_20.mat,N15_M07_F04_KA03_20.mat,n15_m07_f04_ka03_20,N15_M07_F04_KA03_20,1,unknown,False
data/raw/paderborn/KA03/N15_M07_F04_KA03_3.mat,N15_M07_F04_KA03_3.mat,n15_m07_f04_ka03_3,N15_M07_F04_KA03_3,1,unknown,False
data/raw/paderborn/KA03/N15_M07_F04_KA03_4.mat,N15_M07_F04_KA03_4.mat,n15_m07_f04_ka03_4,N15_M07_F04_KA03_4,1,unknown,False
data/raw/paderborn/KA03/N15_M07_F04_KA03_5.mat,N15_M07_F04_KA03_5.mat,n15_m07_f04_ka03_5,N15_M07_F04_KA03_5,1,unknown,False
data/raw/paderborn/KA03/N15_M07_F04_KA03_6.mat,N15_M07_F04_KA03_6.mat,n15_m07_f04_ka03_6,N15_M07_F04_KA03_6,1,unknown,False
data/raw/paderborn/KA03/N15_M07_F04_KA03_7.mat,N15_M07_F04_KA03_7.mat,n15_m07_f04_ka03_7,N15_M07_F04_KA03_7,1,unknown,False
data/raw/paderborn/KA03/N15_M07_F04_KA03_8.mat,N15_M07_F04_KA03_8.mat,n15_m07_f04_ka03_8,N15_M07_F04_KA03_8,1,unknown,False
data/raw/paderborn/KA03/N15_M07_F04_KA03_9.mat,N15_M07_F04_KA03_9.mat,n15_m07_f04_ka03_9,N15_M07_F04_KA03_9,1,unknown,False
data/raw/paderborn/KA03/N15_M07_F10_KA03_1.mat,N15_M07_F10_KA03_1.mat,n15_m07_f10_ka03_1,N15_M07_F10_KA03_1,1,unknown,False
data/raw/paderborn/KA03/N15_M07_F10_KA03_10.mat,N15_M07_F10_KA03_10.mat,n15_m07_f10_ka03_10,N15_M07_F10_KA03_10,1,unknown,False
data/raw/paderborn/KA03/N15_M07_F10_KA03_11.mat,N15_M07_F10_KA03_11.mat,n15_m07_f10_ka03_11,N15_M07_F10_KA03_11,1,unknown,False
data/raw/paderborn/KA03/N15_M07_F10_KA03_12.mat,N15_M07_F10_KA03_12.mat,n15_m07_f10_ka03_12,N15_M07_F10_KA03_12,1,unknown,False
data/raw/paderborn/KA03/N15_M07_F10_KA03_13.mat,N15_M07_F10_KA03_13.mat,n15_m07_f10_ka03_13,N15_M07_F10_KA03_13,1,unknown,False
data/raw/paderborn/KA03/N15_M07_F10_KA03_14.mat,N15_M07_F10_KA03_14.mat,n15_m07_f10_ka03_14,N15_M07_F10_KA03_14,1,unknown,False
data/raw/paderborn/KA03/N15_M07_F10_KA03_15.mat,N15_M07_F10_KA03_15.mat,n15_m07_f10_ka03_15,N15_M07_F10_KA03_15,1,unknown,False
data/raw/paderborn/KA03/N15_M07_F10_KA03_16.mat,N15_M07_F10_KA03_16.mat,n15_m07_f10_ka03_16,N15_M07_F10_KA03_16,1,unknown,False
data/raw/paderborn/KA03/N15_M07_F10_KA03_17.mat,N15_M07_F10_KA03_17.mat,n15_m07_f10_ka03_17,N15_M07_F10_KA03_17,1,unknown,False
data/raw/paderborn/KA03/N15_M07_F10_KA03_18.mat,N15_M07_F10_KA03_18.mat,n15_m07_f10_ka03_18,N15_M07_F10_KA03_18,1,unknown,False
data/raw/paderborn/KA03/N15_M07_F10_KA03_19.mat,N15_M07_F10_KA03_19.mat,n15_m07_f10_ka03_19,N15_M07_F10_KA03_19,1,unknown,False
data/raw/paderborn/KA03/N15_M07_F10_KA03_2.mat,N15_M07_F10_KA03_2.mat,n15_m07_f10_ka03_2,N15_M07_F10_KA03_2,1,unknown,False
data/raw/paderborn/KA03/N15_M07_F10_KA03_20.mat,N15_M07_F10_KA03_20.mat,n15_m07_f10_ka03_20,N15_M07_F10_KA03_20,1,unknown,False
data/raw/paderborn/KA03/N15_M07_F10_KA03_3.mat,N15_M07_F10_KA03_3.mat,n15_m07_f10_ka03_3,N15_M07_F10_KA03_3,1,unknown,False
data/raw/paderborn/KA03/N15_M07_F10_KA03_4.mat,N15_M07_F10_KA03_4.mat,n15_m07_f10_ka03_4,N15_M07_F10_KA03_4,1,unknown,False
data/raw/paderborn/KA03/N15_M07_F10_KA03_5.mat,N15_M07_F10_KA03_5.mat,n15_m07_f10_ka03_5,N15_M07_F10_KA03_5,1,unknown,False
data/raw/paderborn/KA03/N15_M07_F10_KA03_6.mat,N15_M07_F10_KA03_6.mat,n15_m07_f10_ka03_6,N15_M07_F10_KA03_6,1,unknown,False
data/raw/paderborn/KA03/N15_M07_F10_KA03_7.mat,N15_M07_F10_KA03_7.mat,n15_m07_f10_ka03_7,N15_M07_F10_KA03_7,1,unknown,False
data/raw/paderborn/KA03/N15_M07_F10_KA03_8.mat,N15_M07_F10_KA03_8.mat,n15_m07_f10_ka03_8,N15_M07_F10_KA03_8,1,unknown,False
data/raw/paderborn/KA03/N15_M07_F10_KA03_9.mat,N15_M07_F10_KA03_9.mat,n15_m07_f10_ka03_9,N15_M07_F10_KA03_9,1,unknown,False
data/raw/paderborn/KA04/N09_M07_F10_KA04_1.mat,N09_M07_F10_KA04_1.mat,n09_m07_f10_ka04_1,N09_M07_F10_KA04_1,1,unknown,False
data/raw/paderborn/KA04/N09_M07_F10_KA04_10.mat,N09_M07_F10_KA04_10.mat,n09_m07_f10_ka04_10,N09_M07_F10_KA04_10,1,unknown,False
data/raw/paderborn/KA04/N09_M07_F10_KA04_11.mat,N09_M07_F10_KA04_11.mat,n09_m07_f10_ka04_11,N09_M07_F10_KA04_11,1,unknown,False
data/raw/paderborn/KA04/N09_M07_F10_KA04_12.mat,N09_M07_F10_KA04_12.mat,n09_m07_f10_ka04_12,N09_M07_F10_KA04_12,1,unknown,False
data/raw/paderborn/KA04/N09_M07_F10_KA04_13.mat,N09_M07_F10_KA04_13.mat,n09_m07_f10_ka04_13,N09_M07_F10_KA04_13,1,unknown,False
data/raw/paderborn/KA04/N09_M07_F10_KA04_14.mat,N09_M07_F10_KA04_14.mat,n09_m07_f10_ka04_14,N09_M07_F10_KA04_14,1,unknown,False
data/raw/paderborn/KA04/N09_M07_F10_KA04_15.mat,N09_M07_F10_KA04_15.mat,n09_m07_f10_ka04_15,N09_M07_F10_KA04_15,1,unknown,False
data/raw/paderborn/KA04/N09_M07_F10_KA04_16.mat,N09_M07_F10_KA04_16.mat,n09_m07_f10_ka04_16,N09_M07_F10_KA04_16,1,unknown,False
data/raw/paderborn/KA04/N09_M07_F10_KA04_17.mat,N09_M07_F10_KA04_17.mat,n09_m07_f10_ka04_17,N09_M07_F10_KA04_17,1,unknown,False
data/raw/paderborn/KA04/N09_M07_F10_KA04_18.mat,N09_M07_F10_KA04_18.mat,n09_m07_f10_ka04_18,N09_M07_F10_KA04_18,1,unknown,False
data/raw/paderborn/KA04/N09_M07_F10_KA04_19.mat,N09_M07_F10_KA04_19.mat,n09_m07_f10_ka04_19,N09_M07_F10_KA04_19,1,unknown,False
data/raw/paderborn/KA04/N09_M07_F10_KA04_2.mat,N09_M07_F10_KA04_2.mat,n09_m07_f10_ka04_2,N09_M07_F10_KA04_2,1,unknown,False
data/raw/paderborn/KA04/N09_M07_F10_KA04_20.mat,N09_M07_F10_KA04_20.mat,n09_m07_f10_ka04_20,N09_M07_F10_KA04_20,1,unknown,False
data/raw/paderborn/KA04/N09_M07_F10_KA04_3.mat,N09_M07_F10_KA04_3.mat,n09_m07_f10_ka04_3,N09_M07_F10_KA04_3,1,unknown,False
data/raw/paderborn/KA04/N09_M07_F10_KA04_4.mat,N09_M07_F10_KA04_4.mat,n09_m07_f10_ka04_4,N09_M07_F10_KA04_4,1,unknown,False
data/raw/paderborn/KA04/N09_M07_F10_KA04_5.mat,N09_M07_F10_KA04_5.mat,n09_m07_f10_ka04_5,N09_M07_F10_KA04_5,1,unknown,False
data/raw/paderborn/KA04/N09_M07_F10_KA04_6.mat,N09_M07_F10_KA04_6.mat,n09_m07_f10_ka04_6,N09_M07_F10_KA04_6,1,unknown,False
data/raw/paderborn/KA04/N09_M07_F10_KA04_7.mat,N09_M07_F10_KA04_7.mat,n09_m07_f10_ka04_7,N09_M07_F10_KA04_7,1,unknown,False
data/raw/paderborn/KA04/N09_M07_F10_KA04_8.mat,N09_M07_F10_KA04_8.mat,n09_m07_f10_ka04_8,N09_M07_F10_KA04_8,1,unknown,False
data/raw/paderborn/KA04/N09_M07_F10_KA04_9.mat,N09_M07_F10_KA04_9.mat,n09_m07_f10_ka04_9,N09_M07_F10_KA04_9,1,unknown,False
data/raw/paderborn/KA04/N15_M01_F10_KA04_1.mat,N15_M01_F10_KA04_1.mat,n15_m01_f10_ka04_1,N15_M01_F10_KA04_1,1,unknown,False
data/raw/paderborn/KA04/N15_M01_F10_KA04_10.mat,N15_M01_F10_KA04_10.mat,n15_m01_f10_ka04_10,N15_M01_F10_KA04_10,1,unknown,False
data/raw/paderborn/KA04/N15_M01_F10_KA04_11.mat,N15_M01_F10_KA04_11.mat,n15_m01_f10_ka04_11,N15_M01_F10_KA04_11,1,unknown,False
data/raw/paderborn/KA04/N15_M01_F10_KA04_12.mat,N15_M01_F10_KA04_12.mat,n15_m01_f10_ka04_12,N15_M01_F10_KA04_12,1,unknown,False
data/raw/paderborn/KA04/N15_M01_F10_KA04_13.mat,N15_M01_F10_KA04_13.mat,n15_m01_f10_ka04_13,N15_M01_F10_KA04_13,1,unknown,False
data/raw/paderborn/KA04/N15_M01_F10_KA04_14.mat,N15_M01_F10_KA04_14.mat,n15_m01_f10_ka04_14,N15_M01_F10_KA04_14,1,unknown,False
data/raw/paderborn/KA04/N15_M01_F10_KA04_15.mat,N15_M01_F10_KA04_15.mat,n15_m01_f10_ka04_15,N15_M01_F10_KA04_15,1,unknown,False
data/raw/paderborn/KA04/N15_M01_F10_KA04_16.mat,N15_M01_F10_KA04_16.mat,n15_m01_f10_ka04_16,N15_M01_F10_KA04_16,1,unknown,False
data/raw/paderborn/KA04/N15_M01_F10_KA04_17.mat,N15_M01_F10_KA04_17.mat,n15_m01_f10_ka04_17,N15_M01_F10_KA04_17,1,unknown,False
data/raw/paderborn/KA04/N15_M01_F10_KA04_18.mat,N15_M01_F10_KA04_18.mat,n15_m01_f10_ka04_18,N15_M01_F10_KA04_18,1,unknown,False
data/raw/paderborn/KA04/N15_M01_F10_KA04_19.mat,N15_M01_F10_KA04_19.mat,n15_m01_f10_ka04_19,N15_M01_F10_KA04_19,1,unknown,False
data/raw/paderborn/KA04/N15_M01_F10_KA04_2.mat,N15_M01_F10_KA04_2.mat,n15_m01_f10_ka04_2,N15_M01_F10_KA04_2,1,unknown,False
data/raw/paderborn/KA04/N15_M01_F10_KA04_20.mat,N15_M01_F10_KA04_20.mat,n15_m01_f10_ka04_20,N15_M01_F10_KA04_20,1,unknown,False
data/raw/paderborn/KA04/N15_M01_F10_KA04_3.mat,N15_M01_F10_KA04_3.mat,n15_m01_f10_ka04_3,N15_M01_F10_KA04_3,1,unknown,False
data/raw/paderborn/KA04/N15_M01_F10_KA04_4.mat,N15_M01_F10_KA04_4.mat,n15_m01_f10_ka04_4,N15_M01_F10_KA04_4,1,unknown,False
data/raw/paderborn/KA04/N15_M01_F10_KA04_5.mat,N15_M01_F10_KA04_5.mat,n15_m01_f10_ka04_5,N15_M01_F10_KA04_5,1,unknown,False
data/raw/paderborn/KA04/N15_M01_F10_KA04_6.mat,N15_M01_F10_KA04_6.mat,n15_m01_f10_ka04_6,N15_M01_F10_KA04_6,1,unknown,False
data/raw/paderborn/KA04/N15_M01_F10_KA04_7.mat,N15_M01_F10_KA04_7.mat,n15_m01_f10_ka04_7,N15_M01_F10_KA04_7,1,unknown,False
data/raw/paderborn/KA04/N15_M01_F10_KA04_8.mat,N15_M01_F10_KA04_8.mat,n15_m01_f10_ka04_8,N15_M01_F10_KA04_8,1,unknown,False
data/raw/paderborn/KA04/N15_M01_F10_KA04_9.mat,N15_M01_F10_KA04_9.mat,n15_m01_f10_ka04_9,N15_M01_F10_KA04_9,1,unknown,False
data/raw/paderborn/KA04/N15_M07_F04_KA04_1.mat,N15_M07_F04_KA04_1.mat,n15_m07_f04_ka04_1,N15_M07_F04_KA04_1,1,unknown,False
data/raw/paderborn/KA04/N15_M07_F04_KA04_10.mat,N15_M07_F04_KA04_10.mat,n15_m07_f04_ka04_10,N15_M07_F04_KA04_10,1,unknown,False
data/raw/paderborn/KA04/N15_M07_F04_KA04_11.mat,N15_M07_F04_KA04_11.mat,n15_m07_f04_ka04_11,N15_M07_F04_KA04_11,1,unknown,False
data/raw/paderborn/KA04/N15_M07_F04_KA04_12.mat,N15_M07_F04_KA04_12.mat,n15_m07_f04_ka04_12,N15_M07_F04_KA04_12,1,unknown,False
data/raw/paderborn/KA04/N15_M07_F04_KA04_13.mat,N15_M07_F04_KA04_13.mat,n15_m07_f04_ka04_13,N15_M07_F04_KA04_13,1,unknown,False
data/raw/paderborn/KA04/N15_M07_F04_KA04_14.mat,N15_M07_F04_KA04_14.mat,n15_m07_f04_ka04_14,N15_M07_F04_KA04_14,1,unknown,False
data/raw/paderborn/KA04/N15_M07_F04_KA04_15.mat,N15_M07_F04_KA04_15.mat,n15_m07_f04_ka04_15,N15_M07_F04_KA04_15,1,unknown,False
data/raw/paderborn/KA04/N15_M07_F04_KA04_16.mat,N15_M07_F04_KA04_16.mat,n15_m07_f04_ka04_16,N15_M07_F04_KA04_16,1,unknown,False
data/raw/paderborn/KA04/N15_M07_F04_KA04_17.mat,N15_M07_F04_KA04_17.mat,n15_m07_f04_ka04_17,N15_M07_F04_KA04_17,1,unknown,False
data/raw/paderborn/KA04/N15_M07_F04_KA04_18.mat,N15_M07_F04_KA04_18.mat,n15_m07_f04_ka04_18,N15_M07_F04_KA04_18,1,unknown,False
data/raw/paderborn/KA04/N15_M07_F04_KA04_19.mat,N15_M07_F04_KA04_19.mat,n15_m07_f04_ka04_19,N15_M07_F04_KA04_19,1,unknown,False
data/raw/paderborn/KA04/N15_M07_F04_KA04_2.mat,N15_M07_F04_KA04_2.mat,n15_m07_f04_ka04_2,N15_M07_F04_KA04_2,1,unknown,False
data/raw/paderborn/KA04/N15_M07_F04_KA04_20.mat,N15_M07_F04_KA04_20.mat,n15_m07_f04_ka04_20,N15_M07_F04_KA04_20,1,unknown,False
data/raw/paderborn/KA04/N15_M07_F04_KA04_3.mat,N15_M07_F04_KA04_3.mat,n15_m07_f04_ka04_3,N15_M07_F04_KA04_3,1,unknown,False
data/raw/paderborn/KA04/N15_M07_F04_KA04_4.mat,N15_M07_F04_KA04_4.mat,n15_m07_f04_ka04_4,N15_M07_F04_KA04_4,1,unknown,False
data/raw/paderborn/KA04/N15_M07_F04_KA04_5.mat,N15_M07_F04_KA04_5.mat,n15_m07_f04_ka04_5,N15_M07_F04_KA04_5,1,unknown,False
data/raw/paderborn/KA04/N15_M07_F04_KA04_6.mat,N15_M07_F04_KA04_6.mat,n15_m07_f04_ka04_6,N15_M07_F04_KA04_6,1,unknown,False
data/raw/paderborn/KA04/N15_M07_F04_KA04_7.mat,N15_M07_F04_KA04_7.mat,n15_m07_f04_ka04_7,N15_M07_F04_KA04_7,1,unknown,False
data/raw/paderborn/KA04/N15_M07_F04_KA04_8.mat,N15_M07_F04_KA04_8.mat,n15_m07_f04_ka04_8,N15_M07_F04_KA04_8,1,unknown,False
data/raw/paderborn/KA04/N15_M07_F04_KA04_9.mat,N15_M07_F04_KA04_9.mat,n15_m07_f04_ka04_9,N15_M07_F04_KA04_9,1,unknown,False
data/raw/paderborn/KA04/N15_M07_F10_KA04_1.mat,N15_M07_F10_KA04_1.mat,n15_m07_f10_ka04_1,N15_M07_F10_KA04_1,1,unknown,False
data/raw/paderborn/KA04/N15_M07_F10_KA04_10.mat,N15_M07_F10_KA04_10.mat,n15_m07_f10_ka04_10,N15_M07_F10_KA04_10,1,unknown,False
data/raw/paderborn/KA04/N15_M07_F10_KA04_11.mat,N15_M07_F10_KA04_11.mat,n15_m07_f10_ka04_11,N15_M07_F10_KA04_11,1,unknown,False
data/raw/paderborn/KA04/N15_M07_F10_KA04_12.mat,N15_M07_F10_KA04_12.mat,n15_m07_f10_ka04_12,N15_M07_F10_KA04_12,1,unknown,False
data/raw/paderborn/KA04/N15_M07_F10_KA04_13.mat,N15_M07_F10_KA04_13.mat,n15_m07_f10_ka04_13,N15_M07_F10_KA04_13,1,unknown,False
data/raw/paderborn/KA04/N15_M07_F10_KA04_14.mat,N15_M07_F10_KA04_14.mat,n15_m07_f10_ka04_14,N15_M07_F10_KA04_14,1,unknown,False
data/raw/paderborn/KA04/N15_M07_F10_KA04_15.mat,N15_M07_F10_KA04_15.mat,n15_m07_f10_ka04_15,N15_M07_F10_KA04_15,1,unknown,False
data/raw/paderborn/KA04/N15_M07_F10_KA04_16.mat,N15_M07_F10_KA04_16.mat,n15_m07_f10_ka04_16,N15_M07_F10_KA04_16,1,unknown,False
data/raw/paderborn/KA04/N15_M07_F10_KA04_17.mat,N15_M07_F10_KA04_17.mat,n15_m07_f10_ka04_17,N15_M07_F10_KA04_17,1,unknown,False
data/raw/paderborn/KA04/N15_M07_F10_KA04_18.mat,N15_M07_F10_KA04_18.mat,n15_m07_f10_ka04_18,N15_M07_F10_KA04_18,1,unknown,False
data/raw/paderborn/KA04/N15_M07_F10_KA04_19.mat,N15_M07_F10_KA04_19.mat,n15_m07_f10_ka04_19,N15_M07_F10_KA04_19,1,unknown,False
data/raw/paderborn/KA04/N15_M07_F10_KA04_2.mat,N15_M07_F10_KA04_2.mat,n15_m07_f10_ka04_2,N15_M07_F10_KA04_2,1,unknown,False
data/raw/paderborn/KA04/N15_M07_F10_KA04_20.mat,N15_M07_F10_KA04_20.mat,n15_m07_f10_ka04_20,N15_M07_F10_KA04_20,1,unknown,False
data/raw/paderborn/KA04/N15_M07_F10_KA04_3.mat,N15_M07_F10_KA04_3.mat,n15_m07_f10_ka04_3,N15_M07_F10_KA04_3,1,unknown,False
data/raw/paderborn/KA04/N15_M07_F10_KA04_4.mat,N15_M07_F10_KA04_4.mat,n15_m07_f10_ka04_4,N15_M07_F10_KA04_4,1,unknown,False
data/raw/paderborn/KA04/N15_M07_F10_KA04_5.mat,N15_M07_F10_KA04_5.mat,n15_m07_f10_ka04_5,N15_M07_F10_KA04_5,1,unknown,False
data/raw/paderborn/KA04/N15_M07_F10_KA04_6.mat,N15_M07_F10_KA04_6.mat,n15_m07_f10_ka04_6,N15_M07_F10_KA04_6,1,unknown,False
data/raw/paderborn/KA04/N15_M07_F10_KA04_7.mat,N15_M07_F10_KA04_7.mat,n15_m07_f10_ka04_7,N15_M07_F10_KA04_7,1,unknown,False
data/raw/paderborn/KA04/N15_M07_F10_KA04_8.mat,N15_M07_F10_KA04_8.mat,n15_m07_f10_ka04_8,N15_M07_F10_KA04_8,1,unknown,False
data/raw/paderborn/KA04/N15_M07_F10_KA04_9.mat,N15_M07_F10_KA04_9.mat,n15_m07_f10_ka04_9,N15_M07_F10_KA04_9,1,unknown,False
data/raw/paderborn/KA05/N09_M07_F10_KA05_1.mat,N09_M07_F10_KA05_1.mat,n09_m07_f10_ka05_1,N09_M07_F10_KA05_1,1,unknown,False
data/raw/paderborn/KA05/N09_M07_F10_KA05_10.mat,N09_M07_F10_KA05_10.mat,n09_m07_f10_ka05_10,N09_M07_F10_KA05_10,1,unknown,False
data/raw/paderborn/KA05/N09_M07_F10_KA05_11.mat,N09_M07_F10_KA05_11.mat,n09_m07_f10_ka05_11,N09_M07_F10_KA05_11,1,unknown,False
data/raw/paderborn/KA05/N09_M07_F10_KA05_12.mat,N09_M07_F10_KA05_12.mat,n09_m07_f10_ka05_12,N09_M07_F10_KA05_12,1,unknown,False
data/raw/paderborn/KA05/N09_M07_F10_KA05_13.mat,N09_M07_F10_KA05_13.mat,n09_m07_f10_ka05_13,N09_M07_F10_KA05_13,1,unknown,False
data/raw/paderborn/KA05/N09_M07_F10_KA05_14.mat,N09_M07_F10_KA05_14.mat,n09_m07_f10_ka05_14,N09_M07_F10_KA05_14,1,unknown,False
data/raw/paderborn/KA05/N09_M07_F10_KA05_15.mat,N09_M07_F10_KA05_15.mat,n09_m07_f10_ka05_15,N09_M07_F10_KA05_15,1,unknown,False
data/raw/paderborn/KA05/N09_M07_F10_KA05_16.mat,N09_M07_F10_KA05_16.mat,n09_m07_f10_ka05_16,N09_M07_F10_KA05_16,1,unknown,False
data/raw/paderborn/KA05/N09_M07_F10_KA05_17.mat,N09_M07_F10_KA05_17.mat,n09_m07_f10_ka05_17,N09_M07_F10_KA05_17,1,unknown,False
data/raw/paderborn/KA05/N09_M07_F10_KA05_18.mat,N09_M07_F10_KA05_18.mat,n09_m07_f10_ka05_18,N09_M07_F10_KA05_18,1,unknown,False
data/raw/paderborn/KA05/N09_M07_F10_KA05_19.mat,N09_M07_F10_KA05_19.mat,n09_m07_f10_ka05_19,N09_M07_F10_KA05_19,1,unknown,False
data/raw/paderborn/KA05/N09_M07_F10_KA05_2.mat,N09_M07_F10_KA05_2.mat,n09_m07_f10_ka05_2,N09_M07_F10_KA05_2,1,unknown,False
data/raw/paderborn/KA05/N09_M07_F10_KA05_20.mat,N09_M07_F10_KA05_20.mat,n09_m07_f10_ka05_20,N09_M07_F10_KA05_20,1,unknown,False
data/raw/paderborn/KA05/N09_M07_F10_KA05_3.mat,N09_M07_F10_KA05_3.mat,n09_m07_f10_ka05_3,N09_M07_F10_KA05_3,1,unknown,False
data/raw/paderborn/KA05/N09_M07_F10_KA05_4.mat,N09_M07_F10_KA05_4.mat,n09_m07_f10_ka05_4,N09_M07_F10_KA05_4,1,unknown,False
data/raw/paderborn/KA05/N09_M07_F10_KA05_5.mat,N09_M07_F10_KA05_5.mat,n09_m07_f10_ka05_5,N09_M07_F10_KA05_5,1,unknown,False
data/raw/paderborn/KA05/N09_M07_F10_KA05_6.mat,N09_M07_F10_KA05_6.mat,n09_m07_f10_ka05_6,N09_M07_F10_KA05_6,1,unknown,False
data/raw/paderborn/KA05/N09_M07_F10_KA05_7.mat,N09_M07_F10_KA05_7.mat,n09_m07_f10_ka05_7,N09_M07_F10_KA05_7,1,unknown,False
data/raw/paderborn/KA05/N09_M07_F10_KA05_8.mat,N09_M07_F10_KA05_8.mat,n09_m07_f10_ka05_8,N09_M07_F10_KA05_8,1,unknown,False
data/raw/paderborn/KA05/N09_M07_F10_KA05_9.mat,N09_M07_F10_KA05_9.mat,n09_m07_f10_ka05_9,N09_M07_F10_KA05_9,1,unknown,False
data/raw/paderborn/KA05/N15_M01_F10_KA05_1.mat,N15_M01_F10_KA05_1.mat,n15_m01_f10_ka05_1,N15_M01_F10_KA05_1,1,unknown,False
data/raw/paderborn/KA05/N15_M01_F10_KA05_10.mat,N15_M01_F10_KA05_10.mat,n15_m01_f10_ka05_10,N15_M01_F10_KA05_10,1,unknown,False
data/raw/paderborn/KA05/N15_M01_F10_KA05_11.mat,N15_M01_F10_KA05_11.mat,n15_m01_f10_ka05_11,N15_M01_F10_KA05_11,1,unknown,False
data/raw/paderborn/KA05/N15_M01_F10_KA05_12.mat,N15_M01_F10_KA05_12.mat,n15_m01_f10_ka05_12,N15_M01_F10_KA05_12,1,unknown,False
data/raw/paderborn/KA05/N15_M01_F10_KA05_13.mat,N15_M01_F10_KA05_13.mat,n15_m01_f10_ka05_13,N15_M01_F10_KA05_13,1,unknown,False
data/raw/paderborn/KA05/N15_M01_F10_KA05_14.mat,N15_M01_F10_KA05_14.mat,n15_m01_f10_ka05_14,N15_M01_F10_KA05_14,1,unknown,False
data/raw/paderborn/KA05/N15_M01_F10_KA05_15.mat,N15_M01_F10_KA05_15.mat,n15_m01_f10_ka05_15,N15_M01_F10_KA05_15,1,unknown,False
data/raw/paderborn/KA05/N15_M01_F10_KA05_16.mat,N15_M01_F10_KA05_16.mat,n15_m01_f10_ka05_16,N15_M01_F10_KA05_16,1,unknown,False
data/raw/paderborn/KA05/N15_M01_F10_KA05_17.mat,N15_M01_F10_KA05_17.mat,n15_m01_f10_ka05_17,N15_M01_F10_KA05_17,1,unknown,False
data/raw/paderborn/KA05/N15_M01_F10_KA05_18.mat,N15_M01_F10_KA05_18.mat,n15_m01_f10_ka05_18,N15_M01_F10_KA05_18,1,unknown,False
data/raw/paderborn/KA05/N15_M01_F10_KA05_19.mat,N15_M01_F10_KA05_19.mat,n15_m01_f10_ka05_19,N15_M01_F10_KA05_19,1,unknown,False
data/raw/paderborn/KA05/N15_M01_F10_KA05_2.mat,N15_M01_F10_KA05_2.mat,n15_m01_f10_ka05_2,N15_M01_F10_KA05_2,1,unknown,False
data/raw/paderborn/KA05/N15_M01_F10_KA05_20.mat,N15_M01_F10_KA05_20.mat,n15_m01_f10_ka05_20,N15_M01_F10_KA05_20,1,unknown,False
data/raw/paderborn/KA05/N15_M01_F10_KA05_3.mat,N15_M01_F10_KA05_3.mat,n15_m01_f10_ka05_3,N15_M01_F10_KA05_3,1,unknown,False
data/raw/paderborn/KA05/N15_M01_F10_KA05_4.mat,N15_M01_F10_KA05_4.mat,n15_m01_f10_ka05_4,N15_M01_F10_KA05_4,1,unknown,False
data/raw/paderborn/KA05/N15_M01_F10_KA05_5.mat,N15_M01_F10_KA05_5.mat,n15_m01_f10_ka05_5,N15_M01_F10_KA05_5,1,unknown,False
data/raw/paderborn/KA05/N15_M01_F10_KA05_6.mat,N15_M01_F10_KA05_6.mat,n15_m01_f10_ka05_6,N15_M01_F10_KA05_6,1,unknown,False
data/raw/paderborn/KA05/N15_M01_F10_KA05_7.mat,N15_M01_F10_KA05_7.mat,n15_m01_f10_ka05_7,N15_M01_F10_KA05_7,1,unknown,False
data/raw/paderborn/KA05/N15_M01_F10_KA05_8.mat,N15_M01_F10_KA05_8.mat,n15_m01_f10_ka05_8,N15_M01_F10_KA05_8,1,unknown,False
data/raw/paderborn/KA05/N15_M01_F10_KA05_9.mat,N15_M01_F10_KA05_9.mat,n15_m01_f10_ka05_9,N15_M01_F10_KA05_9,1,unknown,False
data/raw/paderborn/KA05/N15_M07_F04_KA05_1.mat,N15_M07_F04_KA05_1.mat,n15_m07_f04_ka05_1,N15_M07_F04_KA05_1,1,unknown,False
data/raw/paderborn/KA05/N15_M07_F04_KA05_10.mat,N15_M07_F04_KA05_10.mat,n15_m07_f04_ka05_10,N15_M07_F04_KA05_10,1,unknown,False
data/raw/paderborn/KA05/N15_M07_F04_KA05_11.mat,N15_M07_F04_KA05_11.mat,n15_m07_f04_ka05_11,N15_M07_F04_KA05_11,1,unknown,False
data/raw/paderborn/KA05/N15_M07_F04_KA05_12.mat,N15_M07_F04_KA05_12.mat,n15_m07_f04_ka05_12,N15_M07_F04_KA05_12,1,unknown,False
data/raw/paderborn/KA05/N15_M07_F04_KA05_13.mat,N15_M07_F04_KA05_13.mat,n15_m07_f04_ka05_13,N15_M07_F04_KA05_13,1,unknown,False
data/raw/paderborn/KA05/N15_M07_F04_KA05_14.mat,N15_M07_F04_KA05_14.mat,n15_m07_f04_ka05_14,N15_M07_F04_KA05_14,1,unknown,False
data/raw/paderborn/KA05/N15_M07_F04_KA05_15.mat,N15_M07_F04_KA05_15.mat,n15_m07_f04_ka05_15,N15_M07_F04_KA05_15,1,unknown,False
data/raw/paderborn/KA05/N15_M07_F04_KA05_16.mat,N15_M07_F04_KA05_16.mat,n15_m07_f04_ka05_16,N15_M07_F04_KA05_16,1,unknown,False
data/raw/paderborn/KA05/N15_M07_F04_KA05_17.mat,N15_M07_F04_KA05_17.mat,n15_m07_f04_ka05_17,N15_M07_F04_KA05_17,1,unknown,False
data/raw/paderborn/KA05/N15_M07_F04_KA05_18.mat,N15_M07_F04_KA05_18.mat,n15_m07_f04_ka05_18,N15_M07_F04_KA05_18,1,unknown,False
data/raw/paderborn/KA05/N15_M07_F04_KA05_19.mat,N15_M07_F04_KA05_19.mat,n15_m07_f04_ka05_19,N15_M07_F04_KA05_19,1,unknown,False
data/raw/paderborn/KA05/N15_M07_F04_KA05_2.mat,N15_M07_F04_KA05_2.mat,n15_m07_f04_ka05_2,N15_M07_F04_KA05_2,1,unknown,False
data/raw/paderborn/KA05/N15_M07_F04_KA05_20.mat,N15_M07_F04_KA05_20.mat,n15_m07_f04_ka05_20,N15_M07_F04_KA05_20,1,unknown,False
data/raw/paderborn/KA05/N15_M07_F04_KA05_3.mat,N15_M07_F04_KA05_3.mat,n15_m07_f04_ka05_3,N15_M07_F04_KA05_3,1,unknown,False
data/raw/paderborn/KA05/N15_M07_F04_KA05_4.mat,N15_M07_F04_KA05_4.mat,n15_m07_f04_ka05_4,N15_M07_F04_KA05_4,1,unknown,False
data/raw/paderborn/KA05/N15_M07_F04_KA05_5.mat,N15_M07_F04_KA05_5.mat,n15_m07_f04_ka05_5,N15_M07_F04_KA05_5,1,unknown,False
data/raw/paderborn/KA05/N15_M07_F04_KA05_6.mat,N15_M07_F04_KA05_6.mat,n15_m07_f04_ka05_6,N15_M07_F04_KA05_6,1,unknown,False
data/raw/paderborn/KA05/N15_M07_F04_KA05_7.mat,N15_M07_F04_KA05_7.mat,n15_m07_f04_ka05_7,N15_M07_F04_KA05_7,1,unknown,False
data/raw/paderborn/KA05/N15_M07_F04_KA05_8.mat,N15_M07_F04_KA05_8.mat,n15_m07_f04_ka05_8,N15_M07_F04_KA05_8,1,unknown,False
data/raw/paderborn/KA05/N15_M07_F04_KA05_9.mat,N15_M07_F04_KA05_9.mat,n15_m07_f04_ka05_9,N15_M07_F04_KA05_9,1,unknown,False
data/raw/paderborn/KA05/N15_M07_F10_KA05_1.mat,N15_M07_F10_KA05_1.mat,n15_m07_f10_ka05_1,N15_M07_F10_KA05_1,1,unknown,False
data/raw/paderborn/KA05/N15_M07_F10_KA05_10.mat,N15_M07_F10_KA05_10.mat,n15_m07_f10_ka05_10,N15_M07_F10_KA05_10,1,unknown,False
data/raw/paderborn/KA05/N15_M07_F10_KA05_11.mat,N15_M07_F10_KA05_11.mat,n15_m07_f10_ka05_11,N15_M07_F10_KA05_11,1,unknown,False
data/raw/paderborn/KA05/N15_M07_F10_KA05_12.mat,N15_M07_F10_KA05_12.mat,n15_m07_f10_ka05_12,N15_M07_F10_KA05_12,1,unknown,False
data/raw/paderborn/KA05/N15_M07_F10_KA05_13.mat,N15_M07_F10_KA05_13.mat,n15_m07_f10_ka05_13,N15_M07_F10_KA05_13,1,unknown,False
data/raw/paderborn/KA05/N15_M07_F10_KA05_14.mat,N15_M07_F10_KA05_14.mat,n15_m07_f10_ka05_14,N15_M07_F10_KA05_14,1,unknown,False
data/raw/paderborn/KA05/N15_M07_F10_KA05_15.mat,N15_M07_F10_KA05_15.mat,n15_m07_f10_ka05_15,N15_M07_F10_KA05_15,1,unknown,False
data/raw/paderborn/KA05/N15_M07_F10_KA05_16.mat,N15_M07_F10_KA05_16.mat,n15_m07_f10_ka05_16,N15_M07_F10_KA05_16,1,unknown,False
data/raw/paderborn/KA05/N15_M07_F10_KA05_17.mat,N15_M07_F10_KA05_17.mat,n15_m07_f10_ka05_17,N15_M07_F10_KA05_17,1,unknown,False
data/raw/paderborn/KA05/N15_M07_F10_KA05_18.mat,N15_M07_F10_KA05_18.mat,n15_m07_f10_ka05_18,N15_M07_F10_KA05_18,1,unknown,False
data/raw/paderborn/KA05/N15_M07_F10_KA05_19.mat,N15_M07_F10_KA05_19.mat,n15_m07_f10_ka05_19,N15_M07_F10_KA05_19,1,unknown,False
data/raw/paderborn/KA05/N15_M07_F10_KA05_2.mat,N15_M07_F10_KA05_2.mat,n15_m07_f10_ka05_2,N15_M07_F10_KA05_2,1,unknown,False
data/raw/paderborn/KA05/N15_M07_F10_KA05_20.mat,N15_M07_F10_KA05_20.mat,n15_m07_f10_ka05_20,N15_M07_F10_KA05_20,1,unknown,False
data/raw/paderborn/KA05/N15_M07_F10_KA05_3.mat,N15_M07_F10_KA05_3.mat,n15_m07_f10_ka05_3,N15_M07_F10_KA05_3,1,unknown,False
data/raw/paderborn/KA05/N15_M07_F10_KA05_4.mat,N15_M07_F10_KA05_4.mat,n15_m07_f10_ka05_4,N15_M07_F10_KA05_4,1,unknown,False
data/raw/paderborn/KA05/N15_M07_F10_KA05_5.mat,N15_M07_F10_KA05_5.mat,n15_m07_f10_ka05_5,N15_M07_F10_KA05_5,1,unknown,False
data/raw/paderborn/KA05/N15_M07_F10_KA05_6.mat,N15_M07_F10_KA05_6.mat,n15_m07_f10_ka05_6,N15_M07_F10_KA05_6,1,unknown,False
data/raw/paderborn/KA05/N15_M07_F10_KA05_7.mat,N15_M07_F10_KA05_7.mat,n15_m07_f10_ka05_7,N15_M07_F10_KA05_7,1,unknown,False
data/raw/paderborn/KA05/N15_M07_F10_KA05_8.mat,N15_M07_F10_KA05_8.mat,n15_m07_f10_ka05_8,N15_M07_F10_KA05_8,1,unknown,False
data/raw/paderborn/KA05/N15_M07_F10_KA05_9.mat,N15_M07_F10_KA05_9.mat,n15_m07_f10_ka05_9,N15_M07_F10_KA05_9,1,unknown,False
data/raw/paderborn/KA06/N09_M07_F10_KA06_1.mat,N09_M07_F10_KA06_1.mat,n09_m07_f10_ka06_1,N09_M07_F10_KA06_1,1,unknown,False
data/raw/paderborn/KA06/N09_M07_F10_KA06_10.mat,N09_M07_F10_KA06_10.mat,n09_m07_f10_ka06_10,N09_M07_F10_KA06_10,1,unknown,False
data/raw/paderborn/KA06/N09_M07_F10_KA06_11.mat,N09_M07_F10_KA06_11.mat,n09_m07_f10_ka06_11,N09_M07_F10_KA06_11,1,unknown,False
data/raw/paderborn/KA06/N09_M07_F10_KA06_12.mat,N09_M07_F10_KA06_12.mat,n09_m07_f10_ka06_12,N09_M07_F10_KA06_12,1,unknown,False
data/raw/paderborn/KA06/N09_M07_F10_KA06_13.mat,N09_M07_F10_KA06_13.mat,n09_m07_f10_ka06_13,N09_M07_F10_KA06_13,1,unknown,False
data/raw/paderborn/KA06/N09_M07_F10_KA06_14.mat,N09_M07_F10_KA06_14.mat,n09_m07_f10_ka06_14,N09_M07_F10_KA06_14,1,unknown,False
data/raw/paderborn/KA06/N09_M07_F10_KA06_15.mat,N09_M07_F10_KA06_15.mat,n09_m07_f10_ka06_15,N09_M07_F10_KA06_15,1,unknown,False
data/raw/paderborn/KA06/N09_M07_F10_KA06_16.mat,N09_M07_F10_KA06_16.mat,n09_m07_f10_ka06_16,N09_M07_F10_KA06_16,1,unknown,False
data/raw/paderborn/KA06/N09_M07_F10_KA06_17.mat,N09_M07_F10_KA06_17.mat,n09_m07_f10_ka06_17,N09_M07_F10_KA06_17,1,unknown,False
data/raw/paderborn/KA06/N09_M07_F10_KA06_18.mat,N09_M07_F10_KA06_18.mat,n09_m07_f10_ka06_18,N09_M07_F10_KA06_18,1,unknown,False
data/raw/paderborn/KA06/N09_M07_F10_KA06_19.mat,N09_M07_F10_KA06_19.mat,n09_m07_f10_ka06_19,N09_M07_F10_KA06_19,1,unknown,False
data/raw/paderborn/KA06/N09_M07_F10_KA06_2.mat,N09_M07_F10_KA06_2.mat,n09_m07_f10_ka06_2,N09_M07_F10_KA06_2,1,unknown,False
data/raw/paderborn/KA06/N09_M07_F10_KA06_20.mat,N09_M07_F10_KA06_20.mat,n09_m07_f10_ka06_20,N09_M07_F10_KA06_20,1,unknown,False
data/raw/paderborn/KA06/N09_M07_F10_KA06_3.mat,N09_M07_F10_KA06_3.mat,n09_m07_f10_ka06_3,N09_M07_F10_KA06_3,1,unknown,False
data/raw/paderborn/KA06/N09_M07_F10_KA06_4.mat,N09_M07_F10_KA06_4.mat,n09_m07_f10_ka06_4,N09_M07_F10_KA06_4,1,unknown,False
data/raw/paderborn/KA06/N09_M07_F10_KA06_5.mat,N09_M07_F10_KA06_5.mat,n09_m07_f10_ka06_5,N09_M07_F10_KA06_5,1,unknown,False
data/raw/paderborn/KA06/N09_M07_F10_KA06_6.mat,N09_M07_F10_KA06_6.mat,n09_m07_f10_ka06_6,N09_M07_F10_KA06_6,1,unknown,False
data/raw/paderborn/KA06/N09_M07_F10_KA06_7.mat,N09_M07_F10_KA06_7.mat,n09_m07_f10_ka06_7,N09_M07_F10_KA06_7,1,unknown,False
data/raw/paderborn/KA06/N09_M07_F10_KA06_8.mat,N09_M07_F10_KA06_8.mat,n09_m07_f10_ka06_8,N09_M07_F10_KA06_8,1,unknown,False
data/raw/paderborn/KA06/N09_M07_F10_KA06_9.mat,N09_M07_F10_KA06_9.mat,n09_m07_f10_ka06_9,N09_M07_F10_KA06_9,1,unknown,False
data/raw/paderborn/KA06/N15_M01_F10_KA06_1.mat,N15_M01_F10_KA06_1.mat,n15_m01_f10_ka06_1,N15_M01_F10_KA06_1,1,unknown,False
data/raw/paderborn/KA06/N15_M01_F10_KA06_10.mat,N15_M01_F10_KA06_10.mat,n15_m01_f10_ka06_10,N15_M01_F10_KA06_10,1,unknown,False
data/raw/paderborn/KA06/N15_M01_F10_KA06_11.mat,N15_M01_F10_KA06_11.mat,n15_m01_f10_ka06_11,N15_M01_F10_KA06_11,1,unknown,False
data/raw/paderborn/KA06/N15_M01_F10_KA06_12.mat,N15_M01_F10_KA06_12.mat,n15_m01_f10_ka06_12,N15_M01_F10_KA06_12,1,unknown,False
data/raw/paderborn/KA06/N15_M01_F10_KA06_13.mat,N15_M01_F10_KA06_13.mat,n15_m01_f10_ka06_13,N15_M01_F10_KA06_13,1,unknown,False
data/raw/paderborn/KA06/N15_M01_F10_KA06_14.mat,N15_M01_F10_KA06_14.mat,n15_m01_f10_ka06_14,N15_M01_F10_KA06_14,1,unknown,False
data/raw/paderborn/KA06/N15_M01_F10_KA06_15.mat,N15_M01_F10_KA06_15.mat,n15_m01_f10_ka06_15,N15_M01_F10_KA06_15,1,unknown,False
data/raw/paderborn/KA06/N15_M01_F10_KA06_16.mat,N15_M01_F10_KA06_16.mat,n15_m01_f10_ka06_16,N15_M01_F10_KA06_16,1,unknown,False
data/raw/paderborn/KA06/N15_M01_F10_KA06_17.mat,N15_M01_F10_KA06_17.mat,n15_m01_f10_ka06_17,N15_M01_F10_KA06_17,1,unknown,False
data/raw/paderborn/KA06/N15_M01_F10_KA06_18.mat,N15_M01_F10_KA06_18.mat,n15_m01_f10_ka06_18,N15_M01_F10_KA06_18,1,unknown,False
data/raw/paderborn/KA06/N15_M01_F10_KA06_19.mat,N15_M01_F10_KA06_19.mat,n15_m01_f10_ka06_19,N15_M01_F10_KA06_19,1,unknown,False
data/raw/paderborn/KA06/N15_M01_F10_KA06_2.mat,N15_M01_F10_KA06_2.mat,n15_m01_f10_ka06_2,N15_M01_F10_KA06_2,1,unknown,False
data/raw/paderborn/KA06/N15_M01_F10_KA06_20.mat,N15_M01_F10_KA06_20.mat,n15_m01_f10_ka06_20,N15_M01_F10_KA06_20,1,unknown,False
data/raw/paderborn/KA06/N15_M01_F10_KA06_3.mat,N15_M01_F10_KA06_3.mat,n15_m01_f10_ka06_3,N15_M01_F10_KA06_3,1,unknown,False
data/raw/paderborn/KA06/N15_M01_F10_KA06_4.mat,N15_M01_F10_KA06_4.mat,n15_m01_f10_ka06_4,N15_M01_F10_KA06_4,1,unknown,False
data/raw/paderborn/KA06/N15_M01_F10_KA06_5.mat,N15_M01_F10_KA06_5.mat,n15_m01_f10_ka06_5,N15_M01_F10_KA06_5,1,unknown,False
data/raw/paderborn/KA06/N15_M01_F10_KA06_6.mat,N15_M01_F10_KA06_6.mat,n15_m01_f10_ka06_6,N15_M01_F10_KA06_6,1,unknown,False
data/raw/paderborn/KA06/N15_M01_F10_KA06_7.mat,N15_M01_F10_KA06_7.mat,n15_m01_f10_ka06_7,N15_M01_F10_KA06_7,1,unknown,False
data/raw/paderborn/KA06/N15_M01_F10_KA06_8.mat,N15_M01_F10_KA06_8.mat,n15_m01_f10_ka06_8,N15_M01_F10_KA06_8,1,unknown,False
data/raw/paderborn/KA06/N15_M01_F10_KA06_9.mat,N15_M01_F10_KA06_9.mat,n15_m01_f10_ka06_9,N15_M01_F10_KA06_9,1,unknown,False
data/raw/paderborn/KA06/N15_M07_F04_KA06_1.mat,N15_M07_F04_KA06_1.mat,n15_m07_f04_ka06_1,N15_M07_F04_KA06_1,1,unknown,False
data/raw/paderborn/KA06/N15_M07_F04_KA06_10.mat,N15_M07_F04_KA06_10.mat,n15_m07_f04_ka06_10,N15_M07_F04_KA06_10,1,unknown,False
data/raw/paderborn/KA06/N15_M07_F04_KA06_11.mat,N15_M07_F04_KA06_11.mat,n15_m07_f04_ka06_11,N15_M07_F04_KA06_11,1,unknown,False
data/raw/paderborn/KA06/N15_M07_F04_KA06_12.mat,N15_M07_F04_KA06_12.mat,n15_m07_f04_ka06_12,N15_M07_F04_KA06_12,1,unknown,False
data/raw/paderborn/KA06/N15_M07_F04_KA06_13.mat,N15_M07_F04_KA06_13.mat,n15_m07_f04_ka06_13,N15_M07_F04_KA06_13,1,unknown,False
data/raw/paderborn/KA06/N15_M07_F04_KA06_14.mat,N15_M07_F04_KA06_14.mat,n15_m07_f04_ka06_14,N15_M07_F04_KA06_14,1,unknown,False
data/raw/paderborn/KA06/N15_M07_F04_KA06_15.mat,N15_M07_F04_KA06_15.mat,n15_m07_f04_ka06_15,N15_M07_F04_KA06_15,1,unknown,False
data/raw/paderborn/KA06/N15_M07_F04_KA06_16.mat,N15_M07_F04_KA06_16.mat,n15_m07_f04_ka06_16,N15_M07_F04_KA06_16,1,unknown,False
data/raw/paderborn/KA06/N15_M07_F04_KA06_17.mat,N15_M07_F04_KA06_17.mat,n15_m07_f04_ka06_17,N15_M07_F04_KA06_17,1,unknown,False
data/raw/paderborn/KA06/N15_M07_F04_KA06_18.mat,N15_M07_F04_KA06_18.mat,n15_m07_f04_ka06_18,N15_M07_F04_KA06_18,1,unknown,False
data/raw/paderborn/KA06/N15_M07_F04_KA06_19.mat,N15_M07_F04_KA06_19.mat,n15_m07_f04_ka06_19,N15_M07_F04_KA06_19,1,unknown,False
data/raw/paderborn/KA06/N15_M07_F04_KA06_2.mat,N15_M07_F04_KA06_2.mat,n15_m07_f04_ka06_2,N15_M07_F04_KA06_2,1,unknown,False
data/raw/paderborn/KA06/N15_M07_F04_KA06_20.mat,N15_M07_F04_KA06_20.mat,n15_m07_f04_ka06_20,N15_M07_F04_KA06_20,1,unknown,False
data/raw/paderborn/KA06/N15_M07_F04_KA06_3.mat,N15_M07_F04_KA06_3.mat,n15_m07_f04_ka06_3,N15_M07_F04_KA06_3,1,unknown,False
data/raw/paderborn/KA06/N15_M07_F04_KA06_4.mat,N15_M07_F04_KA06_4.mat,n15_m07_f04_ka06_4,N15_M07_F04_KA06_4,1,unknown,False
data/raw/paderborn/KA06/N15_M07_F04_KA06_5.mat,N15_M07_F04_KA06_5.mat,n15_m07_f04_ka06_5,N15_M07_F04_KA06_5,1,unknown,False
data/raw/paderborn/KA06/N15_M07_F04_KA06_6.mat,N15_M07_F04_KA06_6.mat,n15_m07_f04_ka06_6,N15_M07_F04_KA06_6,1,unknown,False
data/raw/paderborn/KA06/N15_M07_F04_KA06_7.mat,N15_M07_F04_KA06_7.mat,n15_m07_f04_ka06_7,N15_M07_F04_KA06_7,1,unknown,False
data/raw/paderborn/KA06/N15_M07_F04_KA06_8.mat,N15_M07_F04_KA06_8.mat,n15_m07_f04_ka06_8,N15_M07_F04_KA06_8,1,unknown,False
data/raw/paderborn/KA06/N15_M07_F04_KA06_9.mat,N15_M07_F04_KA06_9.mat,n15_m07_f04_ka06_9,N15_M07_F04_KA06_9,1,unknown,False
data/raw/paderborn/KA06/N15_M07_F10_KA06_1.mat,N15_M07_F10_KA06_1.mat,n15_m07_f10_ka06_1,N15_M07_F10_KA06_1,1,unknown,False
data/raw/paderborn/KA06/N15_M07_F10_KA06_10.mat,N15_M07_F10_KA06_10.mat,n15_m07_f10_ka06_10,N15_M07_F10_KA06_10,1,unknown,False
data/raw/paderborn/KA06/N15_M07_F10_KA06_11.mat,N15_M07_F10_KA06_11.mat,n15_m07_f10_ka06_11,N15_M07_F10_KA06_11,1,unknown,False
data/raw/paderborn/KA06/N15_M07_F10_KA06_12.mat,N15_M07_F10_KA06_12.mat,n15_m07_f10_ka06_12,N15_M07_F10_KA06_12,1,unknown,False
data/raw/paderborn/KA06/N15_M07_F10_KA06_13.mat,N15_M07_F10_KA06_13.mat,n15_m07_f10_ka06_13,N15_M07_F10_KA06_13,1,unknown,False
data/raw/paderborn/KA06/N15_M07_F10_KA06_14.mat,N15_M07_F10_KA06_14.mat,n15_m07_f10_ka06_14,N15_M07_F10_KA06_14,1,unknown,False
data/raw/paderborn/KA06/N15_M07_F10_KA06_15.mat,N15_M07_F10_KA06_15.mat,n15_m07_f10_ka06_15,N15_M07_F10_KA06_15,1,unknown,False
data/raw/paderborn/KA06/N15_M07_F10_KA06_16.mat,N15_M07_F10_KA06_16.mat,n15_m07_f10_ka06_16,N15_M07_F10_KA06_16,1,unknown,False
data/raw/paderborn/KA06/N15_M07_F10_KA06_17.mat,N15_M07_F10_KA06_17.mat,n15_m07_f10_ka06_17,N15_M07_F10_KA06_17,1,unknown,False
data/raw/paderborn/KA06/N15_M07_F10_KA06_18.mat,N15_M07_F10_KA06_18.mat,n15_m07_f10_ka06_18,N15_M07_F10_KA06_18,1,unknown,False
data/raw/paderborn/KA06/N15_M07_F10_KA06_19.mat,N15_M07_F10_KA06_19.mat,n15_m07_f10_ka06_19,N15_M07_F10_KA06_19,1,unknown,False
data/raw/paderborn/KA06/N15_M07_F10_KA06_2.mat,N15_M07_F10_KA06_2.mat,n15_m07_f10_ka06_2,N15_M07_F10_KA06_2,1,unknown,False
data/raw/paderborn/KA06/N15_M07_F10_KA06_20.mat,N15_M07_F10_KA06_20.mat,n15_m07_f10_ka06_20,N15_M07_F10_KA06_20,1,unknown,False
data/raw/paderborn/KA06/N15_M07_F10_KA06_3.mat,N15_M07_F10_KA06_3.mat,n15_m07_f10_ka06_3,N15_M07_F10_KA06_3,1,unknown,False
data/raw/paderborn/KA06/N15_M07_F10_KA06_4.mat,N15_M07_F10_KA06_4.mat,n15_m07_f10_ka06_4,N15_M07_F10_KA06_4,1,unknown,False
data/raw/paderborn/KA06/N15_M07_F10_KA06_5.mat,N15_M07_F10_KA06_5.mat,n15_m07_f10_ka06_5,N15_M07_F10_KA06_5,1,unknown,False
data/raw/paderborn/KA06/N15_M07_F10_KA06_6.mat,N15_M07_F10_KA06_6.mat,n15_m07_f10_ka06_6,N15_M07_F10_KA06_6,1,unknown,False
data/raw/paderborn/KA06/N15_M07_F10_KA06_7.mat,N15_M07_F10_KA06_7.mat,n15_m07_f10_ka06_7,N15_M07_F10_KA06_7,1,unknown,False
data/raw/paderborn/KA06/N15_M07_F10_KA06_8.mat,N15_M07_F10_KA06_8.mat,n15_m07_f10_ka06_8,N15_M07_F10_KA06_8,1,unknown,False
data/raw/paderborn/KA06/N15_M07_F10_KA06_9.mat,N15_M07_F10_KA06_9.mat,n15_m07_f10_ka06_9,N15_M07_F10_KA06_9,1,unknown,False
data/raw/paderborn/KA07/N09_M07_F10_KA07_1.mat,N09_M07_F10_KA07_1.mat,n09_m07_f10_ka07_1,N09_M07_F10_KA07_1,1,unknown,False
data/raw/paderborn/KA07/N09_M07_F10_KA07_10.mat,N09_M07_F10_KA07_10.mat,n09_m07_f10_ka07_10,N09_M07_F10_KA07_10,1,unknown,False
data/raw/paderborn/KA07/N09_M07_F10_KA07_11.mat,N09_M07_F10_KA07_11.mat,n09_m07_f10_ka07_11,N09_M07_F10_KA07_11,1,unknown,False
data/raw/paderborn/KA07/N09_M07_F10_KA07_12.mat,N09_M07_F10_KA07_12.mat,n09_m07_f10_ka07_12,N09_M07_F10_KA07_12,1,unknown,False
data/raw/paderborn/KA07/N09_M07_F10_KA07_13.mat,N09_M07_F10_KA07_13.mat,n09_m07_f10_ka07_13,N09_M07_F10_KA07_13,1,unknown,False
data/raw/paderborn/KA07/N09_M07_F10_KA07_14.mat,N09_M07_F10_KA07_14.mat,n09_m07_f10_ka07_14,N09_M07_F10_KA07_14,1,unknown,False
data/raw/paderborn/KA07/N09_M07_F10_KA07_15.mat,N09_M07_F10_KA07_15.mat,n09_m07_f10_ka07_15,N09_M07_F10_KA07_15,1,unknown,False
data/raw/paderborn/KA07/N09_M07_F10_KA07_16.mat,N09_M07_F10_KA07_16.mat,n09_m07_f10_ka07_16,N09_M07_F10_KA07_16,1,unknown,False
data/raw/paderborn/KA07/N09_M07_F10_KA07_17.mat,N09_M07_F10_KA07_17.mat,n09_m07_f10_ka07_17,N09_M07_F10_KA07_17,1,unknown,False
data/raw/paderborn/KA07/N09_M07_F10_KA07_18.mat,N09_M07_F10_KA07_18.mat,n09_m07_f10_ka07_18,N09_M07_F10_KA07_18,1,unknown,False
data/raw/paderborn/KA07/N09_M07_F10_KA07_19.mat,N09_M07_F10_KA07_19.mat,n09_m07_f10_ka07_19,N09_M07_F10_KA07_19,1,unknown,False
data/raw/paderborn/KA07/N09_M07_F10_KA07_2.mat,N09_M07_F10_KA07_2.mat,n09_m07_f10_ka07_2,N09_M07_F10_KA07_2,1,unknown,False
data/raw/paderborn/KA07/N09_M07_F10_KA07_20.mat,N09_M07_F10_KA07_20.mat,n09_m07_f10_ka07_20,N09_M07_F10_KA07_20,1,unknown,False
data/raw/paderborn/KA07/N09_M07_F10_KA07_3.mat,N09_M07_F10_KA07_3.mat,n09_m07_f10_ka07_3,N09_M07_F10_KA07_3,1,unknown,False
data/raw/paderborn/KA07/N09_M07_F10_KA07_4.mat,N09_M07_F10_KA07_4.mat,n09_m07_f10_ka07_4,N09_M07_F10_KA07_4,1,unknown,False
data/raw/paderborn/KA07/N09_M07_F10_KA07_5.mat,N09_M07_F10_KA07_5.mat,n09_m07_f10_ka07_5,N09_M07_F10_KA07_5,1,unknown,False
data/raw/paderborn/KA07/N09_M07_F10_KA07_6.mat,N09_M07_F10_KA07_6.mat,n09_m07_f10_ka07_6,N09_M07_F10_KA07_6,1,unknown,False
data/raw/paderborn/KA07/N09_M07_F10_KA07_7.mat,N09_M07_F10_KA07_7.mat,n09_m07_f10_ka07_7,N09_M07_F10_KA07_7,1,unknown,False
data/raw/paderborn/KA07/N09_M07_F10_KA07_8.mat,N09_M07_F10_KA07_8.mat,n09_m07_f10_ka07_8,N09_M07_F10_KA07_8,1,unknown,False
data/raw/paderborn/KA07/N09_M07_F10_KA07_9.mat,N09_M07_F10_KA07_9.mat,n09_m07_f10_ka07_9,N09_M07_F10_KA07_9,1,unknown,False
data/raw/paderborn/KA07/N15_M01_F10_KA07_1.mat,N15_M01_F10_KA07_1.mat,n15_m01_f10_ka07_1,N15_M01_F10_KA07_1,1,unknown,False
data/raw/paderborn/KA07/N15_M01_F10_KA07_10.mat,N15_M01_F10_KA07_10.mat,n15_m01_f10_ka07_10,N15_M01_F10_KA07_10,1,unknown,False
data/raw/paderborn/KA07/N15_M01_F10_KA07_11.mat,N15_M01_F10_KA07_11.mat,n15_m01_f10_ka07_11,N15_M01_F10_KA07_11,1,unknown,False
data/raw/paderborn/KA07/N15_M01_F10_KA07_12.mat,N15_M01_F10_KA07_12.mat,n15_m01_f10_ka07_12,N15_M01_F10_KA07_12,1,unknown,False
data/raw/paderborn/KA07/N15_M01_F10_KA07_13.mat,N15_M01_F10_KA07_13.mat,n15_m01_f10_ka07_13,N15_M01_F10_KA07_13,1,unknown,False
data/raw/paderborn/KA07/N15_M01_F10_KA07_14.mat,N15_M01_F10_KA07_14.mat,n15_m01_f10_ka07_14,N15_M01_F10_KA07_14,1,unknown,False
data/raw/paderborn/KA07/N15_M01_F10_KA07_15.mat,N15_M01_F10_KA07_15.mat,n15_m01_f10_ka07_15,N15_M01_F10_KA07_15,1,unknown,False
data/raw/paderborn/KA07/N15_M01_F10_KA07_16.mat,N15_M01_F10_KA07_16.mat,n15_m01_f10_ka07_16,N15_M01_F10_KA07_16,1,unknown,False
data/raw/paderborn/KA07/N15_M01_F10_KA07_17.mat,N15_M01_F10_KA07_17.mat,n15_m01_f10_ka07_17,N15_M01_F10_KA07_17,1,unknown,False
data/raw/paderborn/KA07/N15_M01_F10_KA07_18.mat,N15_M01_F10_KA07_18.mat,n15_m01_f10_ka07_18,N15_M01_F10_KA07_18,1,unknown,False
data/raw/paderborn/KA07/N15_M01_F10_KA07_19.mat,N15_M01_F10_KA07_19.mat,n15_m01_f10_ka07_19,N15_M01_F10_KA07_19,1,unknown,False
data/raw/paderborn/KA07/N15_M01_F10_KA07_2.mat,N15_M01_F10_KA07_2.mat,n15_m01_f10_ka07_2,N15_M01_F10_KA07_2,1,unknown,False
data/raw/paderborn/KA07/N15_M01_F10_KA07_20.mat,N15_M01_F10_KA07_20.mat,n15_m01_f10_ka07_20,N15_M01_F10_KA07_20,1,unknown,False
data/raw/paderborn/KA07/N15_M01_F10_KA07_3.mat,N15_M01_F10_KA07_3.mat,n15_m01_f10_ka07_3,N15_M01_F10_KA07_3,1,unknown,False
data/raw/paderborn/KA07/N15_M01_F10_KA07_4.mat,N15_M01_F10_KA07_4.mat,n15_m01_f10_ka07_4,N15_M01_F10_KA07_4,1,unknown,False
data/raw/paderborn/KA07/N15_M01_F10_KA07_5.mat,N15_M01_F10_KA07_5.mat,n15_m01_f10_ka07_5,N15_M01_F10_KA07_5,1,unknown,False
data/raw/paderborn/KA07/N15_M01_F10_KA07_6.mat,N15_M01_F10_KA07_6.mat,n15_m01_f10_ka07_6,N15_M01_F10_KA07_6,1,unknown,False
data/raw/paderborn/KA07/N15_M01_F10_KA07_7.mat,N15_M01_F10_KA07_7.mat,n15_m01_f10_ka07_7,N15_M01_F10_KA07_7,1,unknown,False
data/raw/paderborn/KA07/N15_M01_F10_KA07_8.mat,N15_M01_F10_KA07_8.mat,n15_m01_f10_ka07_8,N15_M01_F10_KA07_8,1,unknown,False
data/raw/paderborn/KA07/N15_M01_F10_KA07_9.mat,N15_M01_F10_KA07_9.mat,n15_m01_f10_ka07_9,N15_M01_F10_KA07_9,1,unknown,False
data/raw/paderborn/KA07/N15_M07_F04_KA07_1.mat,N15_M07_F04_KA07_1.mat,n15_m07_f04_ka07_1,N15_M07_F04_KA07_1,1,unknown,False
data/raw/paderborn/KA07/N15_M07_F04_KA07_10.mat,N15_M07_F04_KA07_10.mat,n15_m07_f04_ka07_10,N15_M07_F04_KA07_10,1,unknown,False
data/raw/paderborn/KA07/N15_M07_F04_KA07_11.mat,N15_M07_F04_KA07_11.mat,n15_m07_f04_ka07_11,N15_M07_F04_KA07_11,1,unknown,False
data/raw/paderborn/KA07/N15_M07_F04_KA07_12.mat,N15_M07_F04_KA07_12.mat,n15_m07_f04_ka07_12,N15_M07_F04_KA07_12,1,unknown,False
data/raw/paderborn/KA07/N15_M07_F04_KA07_13.mat,N15_M07_F04_KA07_13.mat,n15_m07_f04_ka07_13,N15_M07_F04_KA07_13,1,unknown,False
data/raw/paderborn/KA07/N15_M07_F04_KA07_14.mat,N15_M07_F04_KA07_14.mat,n15_m07_f04_ka07_14,N15_M07_F04_KA07_14,1,unknown,False
data/raw/paderborn/KA07/N15_M07_F04_KA07_15.mat,N15_M07_F04_KA07_15.mat,n15_m07_f04_ka07_15,N15_M07_F04_KA07_15,1,unknown,False
data/raw/paderborn/KA07/N15_M07_F04_KA07_16.mat,N15_M07_F04_KA07_16.mat,n15_m07_f04_ka07_16,N15_M07_F04_KA07_16,1,unknown,False
data/raw/paderborn/KA07/N15_M07_F04_KA07_17.mat,N15_M07_F04_KA07_17.mat,n15_m07_f04_ka07_17,N15_M07_F04_KA07_17,1,unknown,False
data/raw/paderborn/KA07/N15_M07_F04_KA07_18.mat,N15_M07_F04_KA07_18.mat,n15_m07_f04_ka07_18,N15_M07_F04_KA07_18,1,unknown,False
data/raw/paderborn/KA07/N15_M07_F04_KA07_19.mat,N15_M07_F04_KA07_19.mat,n15_m07_f04_ka07_19,N15_M07_F04_KA07_19,1,unknown,False
data/raw/paderborn/KA07/N15_M07_F04_KA07_2.mat,N15_M07_F04_KA07_2.mat,n15_m07_f04_ka07_2,N15_M07_F04_KA07_2,1,unknown,False
data/raw/paderborn/KA07/N15_M07_F04_KA07_20.mat,N15_M07_F04_KA07_20.mat,n15_m07_f04_ka07_20,N15_M07_F04_KA07_20,1,unknown,False
data/raw/paderborn/KA07/N15_M07_F04_KA07_3.mat,N15_M07_F04_KA07_3.mat,n15_m07_f04_ka07_3,N15_M07_F04_KA07_3,1,unknown,False
data/raw/paderborn/KA07/N15_M07_F04_KA07_4.mat,N15_M07_F04_KA07_4.mat,n15_m07_f04_ka07_4,N15_M07_F04_KA07_4,1,unknown,False
data/raw/paderborn/KA07/N15_M07_F04_KA07_5.mat,N15_M07_F04_KA07_5.mat,n15_m07_f04_ka07_5,N15_M07_F04_KA07_5,1,unknown,False
data/raw/paderborn/KA07/N15_M07_F04_KA07_6.mat,N15_M07_F04_KA07_6.mat,n15_m07_f04_ka07_6,N15_M07_F04_KA07_6,1,unknown,False
data/raw/paderborn/KA07/N15_M07_F04_KA07_7.mat,N15_M07_F04_KA07_7.mat,n15_m07_f04_ka07_7,N15_M07_F04_KA07_7,1,unknown,False
data/raw/paderborn/KA07/N15_M07_F04_KA07_8.mat,N15_M07_F04_KA07_8.mat,n15_m07_f04_ka07_8,N15_M07_F04_KA07_8,1,unknown,False
data/raw/paderborn/KA07/N15_M07_F04_KA07_9.mat,N15_M07_F04_KA07_9.mat,n15_m07_f04_ka07_9,N15_M07_F04_KA07_9,1,unknown,False
data/raw/paderborn/KA07/N15_M07_F10_KA07_1.mat,N15_M07_F10_KA07_1.mat,n15_m07_f10_ka07_1,N15_M07_F10_KA07_1,1,unknown,False
data/raw/paderborn/KA07/N15_M07_F10_KA07_10.mat,N15_M07_F10_KA07_10.mat,n15_m07_f10_ka07_10,N15_M07_F10_KA07_10,1,unknown,False
data/raw/paderborn/KA07/N15_M07_F10_KA07_11.mat,N15_M07_F10_KA07_11.mat,n15_m07_f10_ka07_11,N15_M07_F10_KA07_11,1,unknown,False
data/raw/paderborn/KA07/N15_M07_F10_KA07_12.mat,N15_M07_F10_KA07_12.mat,n15_m07_f10_ka07_12,N15_M07_F10_KA07_12,1,unknown,False
data/raw/paderborn/KA07/N15_M07_F10_KA07_13.mat,N15_M07_F10_KA07_13.mat,n15_m07_f10_ka07_13,N15_M07_F10_KA07_13,1,unknown,False
data/raw/paderborn/KA07/N15_M07_F10_KA07_14.mat,N15_M07_F10_KA07_14.mat,n15_m07_f10_ka07_14,N15_M07_F10_KA07_14,1,unknown,False
data/raw/paderborn/KA07/N15_M07_F10_KA07_15.mat,N15_M07_F10_KA07_15.mat,n15_m07_f10_ka07_15,N15_M07_F10_KA07_15,1,unknown,False
data/raw/paderborn/KA07/N15_M07_F10_KA07_16.mat,N15_M07_F10_KA07_16.mat,n15_m07_f10_ka07_16,N15_M07_F10_KA07_16,1,unknown,False
data/raw/paderborn/KA07/N15_M07_F10_KA07_17.mat,N15_M07_F10_KA07_17.mat,n15_m07_f10_ka07_17,N15_M07_F10_KA07_17,1,unknown,False
data/raw/paderborn/KA07/N15_M07_F10_KA07_18.mat,N15_M07_F10_KA07_18.mat,n15_m07_f10_ka07_18,N15_M07_F10_KA07_18,1,unknown,False
data/raw/paderborn/KA07/N15_M07_F10_KA07_19.mat,N15_M07_F10_KA07_19.mat,n15_m07_f10_ka07_19,N15_M07_F10_KA07_19,1,unknown,False
data/raw/paderborn/KA07/N15_M07_F10_KA07_2.mat,N15_M07_F10_KA07_2.mat,n15_m07_f10_ka07_2,N15_M07_F10_KA07_2,1,unknown,False
data/raw/paderborn/KA07/N15_M07_F10_KA07_20.mat,N15_M07_F10_KA07_20.mat,n15_m07_f10_ka07_20,N15_M07_F10_KA07_20,1,unknown,False
data/raw/paderborn/KA07/N15_M07_F10_KA07_3.mat,N15_M07_F10_KA07_3.mat,n15_m07_f10_ka07_3,N15_M07_F10_KA07_3,1,unknown,False
data/raw/paderborn/KA07/N15_M07_F10_KA07_4.mat,N15_M07_F10_KA07_4.mat,n15_m07_f10_ka07_4,N15_M07_F10_KA07_4,1,unknown,False
data/raw/paderborn/KA07/N15_M07_F10_KA07_5.mat,N15_M07_F10_KA07_5.mat,n15_m07_f10_ka07_5,N15_M07_F10_KA07_5,1,unknown,False
data/raw/paderborn/KA07/N15_M07_F10_KA07_6.mat,N15_M07_F10_KA07_6.mat,n15_m07_f10_ka07_6,N15_M07_F10_KA07_6,1,unknown,False
data/raw/paderborn/KA07/N15_M07_F10_KA07_7.mat,N15_M07_F10_KA07_7.mat,n15_m07_f10_ka07_7,N15_M07_F10_KA07_7,1,unknown,False
data/raw/paderborn/KA07/N15_M07_F10_KA07_8.mat,N15_M07_F10_KA07_8.mat,n15_m07_f10_ka07_8,N15_M07_F10_KA07_8,1,unknown,False
data/raw/paderborn/KA07/N15_M07_F10_KA07_9.mat,N15_M07_F10_KA07_9.mat,n15_m07_f10_ka07_9,N15_M07_F10_KA07_9,1,unknown,False
data/raw/paderborn/KA08/N09_M07_F10_KA08_1.mat,N09_M07_F10_KA08_1.mat,n09_m07_f10_ka08_1,N09_M07_F10_KA08_1,1,unknown,False
data/raw/paderborn/KA08/N09_M07_F10_KA08_10.mat,N09_M07_F10_KA08_10.mat,n09_m07_f10_ka08_10,N09_M07_F10_KA08_10,1,unknown,False
data/raw/paderborn/KA08/N09_M07_F10_KA08_11.mat,N09_M07_F10_KA08_11.mat,n09_m07_f10_ka08_11,N09_M07_F10_KA08_11,1,unknown,False
data/raw/paderborn/KA08/N09_M07_F10_KA08_12.mat,N09_M07_F10_KA08_12.mat,n09_m07_f10_ka08_12,N09_M07_F10_KA08_12,1,unknown,False
data/raw/paderborn/KA08/N09_M07_F10_KA08_13.mat,N09_M07_F10_KA08_13.mat,n09_m07_f10_ka08_13,N09_M07_F10_KA08_13,1,unknown,False
data/raw/paderborn/KA08/N09_M07_F10_KA08_14.mat,N09_M07_F10_KA08_14.mat,n09_m07_f10_ka08_14,N09_M07_F10_KA08_14,1,unknown,False
data/raw/paderborn/KA08/N09_M07_F10_KA08_15.mat,N09_M07_F10_KA08_15.mat,n09_m07_f10_ka08_15,N09_M07_F10_KA08_15,1,unknown,False
data/raw/paderborn/KA08/N09_M07_F10_KA08_16.mat,N09_M07_F10_KA08_16.mat,n09_m07_f10_ka08_16,N09_M07_F10_KA08_16,1,unknown,False
data/raw/paderborn/KA08/N09_M07_F10_KA08_17.mat,N09_M07_F10_KA08_17.mat,n09_m07_f10_ka08_17,N09_M07_F10_KA08_17,1,unknown,False
data/raw/paderborn/KA08/N09_M07_F10_KA08_18.mat,N09_M07_F10_KA08_18.mat,n09_m07_f10_ka08_18,N09_M07_F10_KA08_18,1,unknown,False
data/raw/paderborn/KA08/N09_M07_F10_KA08_19.mat,N09_M07_F10_KA08_19.mat,n09_m07_f10_ka08_19,N09_M07_F10_KA08_19,1,unknown,False
data/raw/paderborn/KA08/N09_M07_F10_KA08_2.mat,N09_M07_F10_KA08_2.mat,n09_m07_f10_ka08_2,N09_M07_F10_KA08_2,1,unknown,False
data/raw/paderborn/KA08/N09_M07_F10_KA08_20.mat,N09_M07_F10_KA08_20.mat,n09_m07_f10_ka08_20,N09_M07_F10_KA08_20,1,unknown,False
data/raw/paderborn/KA08/N09_M07_F10_KA08_3.mat,N09_M07_F10_KA08_3.mat,n09_m07_f10_ka08_3,N09_M07_F10_KA08_3,1,unknown,False
data/raw/paderborn/KA08/N09_M07_F10_KA08_4.mat,N09_M07_F10_KA08_4.mat,n09_m07_f10_ka08_4,N09_M07_F10_KA08_4,1,unknown,False
data/raw/paderborn/KA08/N09_M07_F10_KA08_5.mat,N09_M07_F10_KA08_5.mat,n09_m07_f10_ka08_5,N09_M07_F10_KA08_5,1,unknown,False
data/raw/paderborn/KA08/N09_M07_F10_KA08_6.mat,N09_M07_F10_KA08_6.mat,n09_m07_f10_ka08_6,N09_M07_F10_KA08_6,1,unknown,False
data/raw/paderborn/KA08/N09_M07_F10_KA08_7.mat,N09_M07_F10_KA08_7.mat,n09_m07_f10_ka08_7,N09_M07_F10_KA08_7,1,unknown,False
data/raw/paderborn/KA08/N09_M07_F10_KA08_8.mat,N09_M07_F10_KA08_8.mat,n09_m07_f10_ka08_8,N09_M07_F10_KA08_8,1,unknown,False
data/raw/paderborn/KA08/N09_M07_F10_KA08_9.mat,N09_M07_F10_KA08_9.mat,n09_m07_f10_ka08_9,N09_M07_F10_KA08_9,1,unknown,False
data/raw/paderborn/KA08/N15_M01_F10_KA08_1.mat,N15_M01_F10_KA08_1.mat,n15_m01_f10_ka08_1,N15_M01_F10_KA08_1,1,unknown,False
data/raw/paderborn/KA08/N15_M01_F10_KA08_10.mat,N15_M01_F10_KA08_10.mat,n15_m01_f10_ka08_10,N15_M01_F10_KA08_10,1,unknown,False
data/raw/paderborn/KA08/N15_M01_F10_KA08_11.mat,N15_M01_F10_KA08_11.mat,n15_m01_f10_ka08_11,N15_M01_F10_KA08_11,1,unknown,False
data/raw/paderborn/KA08/N15_M01_F10_KA08_12.mat,N15_M01_F10_KA08_12.mat,n15_m01_f10_ka08_12,N15_M01_F10_KA08_12,1,unknown,False
data/raw/paderborn/KA08/N15_M01_F10_KA08_13.mat,N15_M01_F10_KA08_13.mat,n15_m01_f10_ka08_13,N15_M01_F10_KA08_13,1,unknown,False
data/raw/paderborn/KA08/N15_M01_F10_KA08_14.mat,N15_M01_F10_KA08_14.mat,n15_m01_f10_ka08_14,N15_M01_F10_KA08_14,1,unknown,False
data/raw/paderborn/KA08/N15_M01_F10_KA08_15.mat,N15_M01_F10_KA08_15.mat,n15_m01_f10_ka08_15,N15_M01_F10_KA08_15,1,unknown,False
data/raw/paderborn/KA08/N15_M01_F10_KA08_16.mat,N15_M01_F10_KA08_16.mat,n15_m01_f10_ka08_16,N15_M01_F10_KA08_16,1,unknown,False
data/raw/paderborn/KA08/N15_M01_F10_KA08_17.mat,N15_M01_F10_KA08_17.mat,n15_m01_f10_ka08_17,N15_M01_F10_KA08_17,1,unknown,False
data/raw/paderborn/KA08/N15_M01_F10_KA08_18.mat,N15_M01_F10_KA08_18.mat,n15_m01_f10_ka08_18,N15_M01_F10_KA08_18,1,unknown,False
data/raw/paderborn/KA08/N15_M01_F10_KA08_19.mat,N15_M01_F10_KA08_19.mat,n15_m01_f10_ka08_19,N15_M01_F10_KA08_19,1,unknown,False
data/raw/paderborn/KA08/N15_M01_F10_KA08_2.mat,N15_M01_F10_KA08_2.mat,n15_m01_f10_ka08_2,READ_ERROR:OSError:Unable to synchronously open file (file signature not found),1,unknown,True
data/raw/paderborn/KA08/N15_M01_F10_KA08_20.mat,N15_M01_F10_KA08_20.mat,n15_m01_f10_ka08_20,N15_M01_F10_KA08_20,1,unknown,False
data/raw/paderborn/KA08/N15_M01_F10_KA08_3.mat,N15_M01_F10_KA08_3.mat,n15_m01_f10_ka08_3,N15_M01_F10_KA08_3,1,unknown,False
data/raw/paderborn/KA08/N15_M01_F10_KA08_4.mat,N15_M01_F10_KA08_4.mat,n15_m01_f10_ka08_4,N15_M01_F10_KA08_4,1,unknown,False
data/raw/paderborn/KA08/N15_M01_F10_KA08_5.mat,N15_M01_F10_KA08_5.mat,n15_m01_f10_ka08_5,N15_M01_F10_KA08_5,1,unknown,False
data/raw/paderborn/KA08/N15_M01_F10_KA08_6.mat,N15_M01_F10_KA08_6.mat,n15_m01_f10_ka08_6,N15_M01_F10_KA08_6,1,unknown,False
data/raw/paderborn/KA08/N15_M01_F10_KA08_7.mat,N15_M01_F10_KA08_7.mat,n15_m01_f10_ka08_7,N15_M01_F10_KA08_7,1,unknown,False
data/raw/paderborn/KA08/N15_M01_F10_KA08_8.mat,N15_M01_F10_KA08_8.mat,n15_m01_f10_ka08_8,N15_M01_F10_KA08_8,1,unknown,False
data/raw/paderborn/KA08/N15_M01_F10_KA08_9.mat,N15_M01_F10_KA08_9.mat,n15_m01_f10_ka08_9,N15_M01_F10_KA08_9,1,unknown,False
data/raw/paderborn/KA08/N15_M07_F04_KA08_1.mat,N15_M07_F04_KA08_1.mat,n15_m07_f04_ka08_1,N15_M07_F04_KA08_1,1,unknown,False
data/raw/paderborn/KA08/N15_M07_F04_KA08_10.mat,N15_M07_F04_KA08_10.mat,n15_m07_f04_ka08_10,N15_M07_F04_KA08_10,1,unknown,False
data/raw/paderborn/KA08/N15_M07_F04_KA08_11.mat,N15_M07_F04_KA08_11.mat,n15_m07_f04_ka08_11,N15_M07_F04_KA08_11,1,unknown,False
data/raw/paderborn/KA08/N15_M07_F04_KA08_12.mat,N15_M07_F04_KA08_12.mat,n15_m07_f04_ka08_12,N15_M07_F04_KA08_12,1,unknown,False
data/raw/paderborn/KA08/N15_M07_F04_KA08_13.mat,N15_M07_F04_KA08_13.mat,n15_m07_f04_ka08_13,N15_M07_F04_KA08_13,1,unknown,False
data/raw/paderborn/KA08/N15_M07_F04_KA08_14.mat,N15_M07_F04_KA08_14.mat,n15_m07_f04_ka08_14,N15_M07_F04_KA08_14,1,unknown,False
data/raw/paderborn/KA08/N15_M07_F04_KA08_15.mat,N15_M07_F04_KA08_15.mat,n15_m07_f04_ka08_15,N15_M07_F04_KA08_15,1,unknown,False
data/raw/paderborn/KA08/N15_M07_F04_KA08_16.mat,N15_M07_F04_KA08_16.mat,n15_m07_f04_ka08_16,N15_M07_F04_KA08_16,1,unknown,False
data/raw/paderborn/KA08/N15_M07_F04_KA08_17.mat,N15_M07_F04_KA08_17.mat,n15_m07_f04_ka08_17,N15_M07_F04_KA08_17,1,unknown,False
data/raw/paderborn/KA08/N15_M07_F04_KA08_18.mat,N15_M07_F04_KA08_18.mat,n15_m07_f04_ka08_18,N15_M07_F04_KA08_18,1,unknown,False
data/raw/paderborn/KA08/N15_M07_F04_KA08_19.mat,N15_M07_F04_KA08_19.mat,n15_m07_f04_ka08_19,N15_M07_F04_KA08_19,1,unknown,False
data/raw/paderborn/KA08/N15_M07_F04_KA08_2.mat,N15_M07_F04_KA08_2.mat,n15_m07_f04_ka08_2,N15_M07_F04_KA08_2,1,unknown,False
data/raw/paderborn/KA08/N15_M07_F04_KA08_20.mat,N15_M07_F04_KA08_20.mat,n15_m07_f04_ka08_20,N15_M07_F04_KA08_20,1,unknown,False
data/raw/paderborn/KA08/N15_M07_F04_KA08_3.mat,N15_M07_F04_KA08_3.mat,n15_m07_f04_ka08_3,N15_M07_F04_KA08_3,1,unknown,False
data/raw/paderborn/KA08/N15_M07_F04_KA08_4.mat,N15_M07_F04_KA08_4.mat,n15_m07_f04_ka08_4,N15_M07_F04_KA08_4,1,unknown,False
data/raw/paderborn/KA08/N15_M07_F04_KA08_5.mat,N15_M07_F04_KA08_5.mat,n15_m07_f04_ka08_5,N15_M07_F04_KA08_5,1,unknown,False
data/raw/paderborn/KA08/N15_M07_F04_KA08_6.mat,N15_M07_F04_KA08_6.mat,n15_m07_f04_ka08_6,N15_M07_F04_KA08_6,1,unknown,False
data/raw/paderborn/KA08/N15_M07_F04_KA08_7.mat,N15_M07_F04_KA08_7.mat,n15_m07_f04_ka08_7,N15_M07_F04_KA08_7,1,unknown,False
data/raw/paderborn/KA08/N15_M07_F04_KA08_8.mat,N15_M07_F04_KA08_8.mat,n15_m07_f04_ka08_8,N15_M07_F04_KA08_8,1,unknown,False
data/raw/paderborn/KA08/N15_M07_F04_KA08_9.mat,N15_M07_F04_KA08_9.mat,n15_m07_f04_ka08_9,N15_M07_F04_KA08_9,1,unknown,False
data/raw/paderborn/KA08/N15_M07_F10_KA08_1.mat,N15_M07_F10_KA08_1.mat,n15_m07_f10_ka08_1,N15_M07_F10_KA08_1,1,unknown,False
data/raw/paderborn/KA08/N15_M07_F10_KA08_10.mat,N15_M07_F10_KA08_10.mat,n15_m07_f10_ka08_10,N15_M07_F10_KA08_10,1,unknown,False
data/raw/paderborn/KA08/N15_M07_F10_KA08_11.mat,N15_M07_F10_KA08_11.mat,n15_m07_f10_ka08_11,N15_M07_F10_KA08_11,1,unknown,False
data/raw/paderborn/KA08/N15_M07_F10_KA08_12.mat,N15_M07_F10_KA08_12.mat,n15_m07_f10_ka08_12,N15_M07_F10_KA08_12,1,unknown,False
data/raw/paderborn/KA08/N15_M07_F10_KA08_13.mat,N15_M07_F10_KA08_13.mat,n15_m07_f10_ka08_13,N15_M07_F10_KA08_13,1,unknown,False
data/raw/paderborn/KA08/N15_M07_F10_KA08_14.mat,N15_M07_F10_KA08_14.mat,n15_m07_f10_ka08_14,N15_M07_F10_KA08_14,1,unknown,False
data/raw/paderborn/KA08/N15_M07_F10_KA08_15.mat,N15_M07_F10_KA08_15.mat,n15_m07_f10_ka08_15,N15_M07_F10_KA08_15,1,unknown,False
data/raw/paderborn/KA08/N15_M07_F10_KA08_16.mat,N15_M07_F10_KA08_16.mat,n15_m07_f10_ka08_16,N15_M07_F10_KA08_16,1,unknown,False
data/raw/paderborn/KA08/N15_M07_F10_KA08_17.mat,N15_M07_F10_KA08_17.mat,n15_m07_f10_ka08_17,N15_M07_F10_KA08_17,1,unknown,False
data/raw/paderborn/KA08/N15_M07_F10_KA08_18.mat,N15_M07_F10_KA08_18.mat,n15_m07_f10_ka08_18,N15_M07_F10_KA08_18,1,unknown,False
data/raw/paderborn/KA08/N15_M07_F10_KA08_19.mat,N15_M07_F10_KA08_19.mat,n15_m07_f10_ka08_19,N15_M07_F10_KA08_19,1,unknown,False
data/raw/paderborn/KA08/N15_M07_F10_KA08_2.mat,N15_M07_F10_KA08_2.mat,n15_m07_f10_ka08_2,N15_M07_F10_KA08_2,1,unknown,False
data/raw/paderborn/KA08/N15_M07_F10_KA08_20.mat,N15_M07_F10_KA08_20.mat,n15_m07_f10_ka08_20,N15_M07_F10_KA08_20,1,unknown,False
data/raw/paderborn/KA08/N15_M07_F10_KA08_3.mat,N15_M07_F10_KA08_3.mat,n15_m07_f10_ka08_3,N15_M07_F10_KA08_3,1,unknown,False
data/raw/paderborn/KA08/N15_M07_F10_KA08_4.mat,N15_M07_F10_KA08_4.mat,n15_m07_f10_ka08_4,N15_M07_F10_KA08_4,1,unknown,False
data/raw/paderborn/KA08/N15_M07_F10_KA08_5.mat,N15_M07_F10_KA08_5.mat,n15_m07_f10_ka08_5,N15_M07_F10_KA08_5,1,unknown,False
data/raw/paderborn/KA08/N15_M07_F10_KA08_6.mat,N15_M07_F10_KA08_6.mat,n15_m07_f10_ka08_6,N15_M07_F10_KA08_6,1,unknown,False
data/raw/paderborn/KA08/N15_M07_F10_KA08_7.mat,N15_M07_F10_KA08_7.mat,n15_m07_f10_ka08_7,N15_M07_F10_KA08_7,1,unknown,False
data/raw/paderborn/KA08/N15_M07_F10_KA08_8.mat,N15_M07_F10_KA08_8.mat,n15_m07_f10_ka08_8,N15_M07_F10_KA08_8,1,unknown,False
data/raw/paderborn/KA08/N15_M07_F10_KA08_9.mat,N15_M07_F10_KA08_9.mat,n15_m07_f10_ka08_9,N15_M07_F10_KA08_9,1,unknown,False
data/raw/paderborn/KA09/N09_M07_F10_KA09_1.mat,N09_M07_F10_KA09_1.mat,n09_m07_f10_ka09_1,N09_M07_F10_KA09_1,1,unknown,False
data/raw/paderborn/KA09/N09_M07_F10_KA09_10.mat,N09_M07_F10_KA09_10.mat,n09_m07_f10_ka09_10,N09_M07_F10_KA09_10,1,unknown,False
data/raw/paderborn/KA09/N09_M07_F10_KA09_11.mat,N09_M07_F10_KA09_11.mat,n09_m07_f10_ka09_11,N09_M07_F10_KA09_11,1,unknown,False
data/raw/paderborn/KA09/N09_M07_F10_KA09_12.mat,N09_M07_F10_KA09_12.mat,n09_m07_f10_ka09_12,N09_M07_F10_KA09_12,1,unknown,False
data/raw/paderborn/KA09/N09_M07_F10_KA09_13.mat,N09_M07_F10_KA09_13.mat,n09_m07_f10_ka09_13,N09_M07_F10_KA09_13,1,unknown,False
data/raw/paderborn/KA09/N09_M07_F10_KA09_14.mat,N09_M07_F10_KA09_14.mat,n09_m07_f10_ka09_14,N09_M07_F10_KA09_14,1,unknown,False
data/raw/paderborn/KA09/N09_M07_F10_KA09_15.mat,N09_M07_F10_KA09_15.mat,n09_m07_f10_ka09_15,N09_M07_F10_KA09_15,1,unknown,False
data/raw/paderborn/KA09/N09_M07_F10_KA09_16.mat,N09_M07_F10_KA09_16.mat,n09_m07_f10_ka09_16,N09_M07_F10_KA09_16,1,unknown,False
data/raw/paderborn/KA09/N09_M07_F10_KA09_17.mat,N09_M07_F10_KA09_17.mat,n09_m07_f10_ka09_17,N09_M07_F10_KA09_17,1,unknown,False
data/raw/paderborn/KA09/N09_M07_F10_KA09_18.mat,N09_M07_F10_KA09_18.mat,n09_m07_f10_ka09_18,N09_M07_F10_KA09_18,1,unknown,False
data/raw/paderborn/KA09/N09_M07_F10_KA09_19.mat,N09_M07_F10_KA09_19.mat,n09_m07_f10_ka09_19,N09_M07_F10_KA09_19,1,unknown,False
data/raw/paderborn/KA09/N09_M07_F10_KA09_2.mat,N09_M07_F10_KA09_2.mat,n09_m07_f10_ka09_2,N09_M07_F10_KA09_2,1,unknown,False
data/raw/paderborn/KA09/N09_M07_F10_KA09_20.mat,N09_M07_F10_KA09_20.mat,n09_m07_f10_ka09_20,N09_M07_F10_KA09_20,1,unknown,False
data/raw/paderborn/KA09/N09_M07_F10_KA09_3.mat,N09_M07_F10_KA09_3.mat,n09_m07_f10_ka09_3,N09_M07_F10_KA09_3,1,unknown,False
data/raw/paderborn/KA09/N09_M07_F10_KA09_4.mat,N09_M07_F10_KA09_4.mat,n09_m07_f10_ka09_4,N09_M07_F10_KA09_4,1,unknown,False
data/raw/paderborn/KA09/N09_M07_F10_KA09_5.mat,N09_M07_F10_KA09_5.mat,n09_m07_f10_ka09_5,N09_M07_F10_KA09_5,1,unknown,False
data/raw/paderborn/KA09/N09_M07_F10_KA09_6.mat,N09_M07_F10_KA09_6.mat,n09_m07_f10_ka09_6,N09_M07_F10_KA09_6,1,unknown,False
data/raw/paderborn/KA09/N09_M07_F10_KA09_7.mat,N09_M07_F10_KA09_7.mat,n09_m07_f10_ka09_7,N09_M07_F10_KA09_7,1,unknown,False
data/raw/paderborn/KA09/N09_M07_F10_KA09_8.mat,N09_M07_F10_KA09_8.mat,n09_m07_f10_ka09_8,N09_M07_F10_KA09_8,1,unknown,False
data/raw/paderborn/KA09/N09_M07_F10_KA09_9.mat,N09_M07_F10_KA09_9.mat,n09_m07_f10_ka09_9,N09_M07_F10_KA09_9,1,unknown,False
data/raw/paderborn/KA09/N15_M01_F10_KA09_1.mat,N15_M01_F10_KA09_1.mat,n15_m01_f10_ka09_1,N15_M01_F10_KA09_1,1,unknown,False
data/raw/paderborn/KA09/N15_M01_F10_KA09_10.mat,N15_M01_F10_KA09_10.mat,n15_m01_f10_ka09_10,N15_M01_F10_KA09_10,1,unknown,False
data/raw/paderborn/KA09/N15_M01_F10_KA09_11.mat,N15_M01_F10_KA09_11.mat,n15_m01_f10_ka09_11,N15_M01_F10_KA09_11,1,unknown,False
data/raw/paderborn/KA09/N15_M01_F10_KA09_12.mat,N15_M01_F10_KA09_12.mat,n15_m01_f10_ka09_12,N15_M01_F10_KA09_12,1,unknown,False
data/raw/paderborn/KA09/N15_M01_F10_KA09_13.mat,N15_M01_F10_KA09_13.mat,n15_m01_f10_ka09_13,N15_M01_F10_KA09_13,1,unknown,False
data/raw/paderborn/KA09/N15_M01_F10_KA09_14.mat,N15_M01_F10_KA09_14.mat,n15_m01_f10_ka09_14,N15_M01_F10_KA09_14,1,unknown,False
data/raw/paderborn/KA09/N15_M01_F10_KA09_15.mat,N15_M01_F10_KA09_15.mat,n15_m01_f10_ka09_15,N15_M01_F10_KA09_15,1,unknown,False
data/raw/paderborn/KA09/N15_M01_F10_KA09_16.mat,N15_M01_F10_KA09_16.mat,n15_m01_f10_ka09_16,N15_M01_F10_KA09_16,1,unknown,False
data/raw/paderborn/KA09/N15_M01_F10_KA09_17.mat,N15_M01_F10_KA09_17.mat,n15_m01_f10_ka09_17,N15_M01_F10_KA09_17,1,unknown,False
data/raw/paderborn/KA09/N15_M01_F10_KA09_18.mat,N15_M01_F10_KA09_18.mat,n15_m01_f10_ka09_18,N15_M01_F10_KA09_18,1,unknown,False
data/raw/paderborn/KA09/N15_M01_F10_KA09_19.mat,N15_M01_F10_KA09_19.mat,n15_m01_f10_ka09_19,N15_M01_F10_KA09_19,1,unknown,False
data/raw/paderborn/KA09/N15_M01_F10_KA09_2.mat,N15_M01_F10_KA09_2.mat,n15_m01_f10_ka09_2,N15_M01_F10_KA09_2,1,unknown,False
data/raw/paderborn/KA09/N15_M01_F10_KA09_20.mat,N15_M01_F10_KA09_20.mat,n15_m01_f10_ka09_20,N15_M01_F10_KA09_20,1,unknown,False
data/raw/paderborn/KA09/N15_M01_F10_KA09_3.mat,N15_M01_F10_KA09_3.mat,n15_m01_f10_ka09_3,N15_M01_F10_KA09_3,1,unknown,False
data/raw/paderborn/KA09/N15_M01_F10_KA09_4.mat,N15_M01_F10_KA09_4.mat,n15_m01_f10_ka09_4,N15_M01_F10_KA09_4,1,unknown,False
data/raw/paderborn/KA09/N15_M01_F10_KA09_5.mat,N15_M01_F10_KA09_5.mat,n15_m01_f10_ka09_5,N15_M01_F10_KA09_5,1,unknown,False
data/raw/paderborn/KA09/N15_M01_F10_KA09_6.mat,N15_M01_F10_KA09_6.mat,n15_m01_f10_ka09_6,N15_M01_F10_KA09_6,1,unknown,False
data/raw/paderborn/KA09/N15_M01_F10_KA09_7.mat,N15_M01_F10_KA09_7.mat,n15_m01_f10_ka09_7,N15_M01_F10_KA09_7,1,unknown,False
data/raw/paderborn/KA09/N15_M01_F10_KA09_8.mat,N15_M01_F10_KA09_8.mat,n15_m01_f10_ka09_8,N15_M01_F10_KA09_8,1,unknown,False
data/raw/paderborn/KA09/N15_M01_F10_KA09_9.mat,N15_M01_F10_KA09_9.mat,n15_m01_f10_ka09_9,N15_M01_F10_KA09_9,1,unknown,False
data/raw/paderborn/KA09/N15_M07_F04_KA09_1.mat,N15_M07_F04_KA09_1.mat,n15_m07_f04_ka09_1,N15_M07_F04_KA09_1,1,unknown,False
data/raw/paderborn/KA09/N15_M07_F04_KA09_10.mat,N15_M07_F04_KA09_10.mat,n15_m07_f04_ka09_10,N15_M07_F04_KA09_10,1,unknown,False
data/raw/paderborn/KA09/N15_M07_F04_KA09_11.mat,N15_M07_F04_KA09_11.mat,n15_m07_f04_ka09_11,N15_M07_F04_KA09_11,1,unknown,False
data/raw/paderborn/KA09/N15_M07_F04_KA09_12.mat,N15_M07_F04_KA09_12.mat,n15_m07_f04_ka09_12,N15_M07_F04_KA09_12,1,unknown,False
data/raw/paderborn/KA09/N15_M07_F04_KA09_13.mat,N15_M07_F04_KA09_13.mat,n15_m07_f04_ka09_13,N15_M07_F04_KA09_13,1,unknown,False
data/raw/paderborn/KA09/N15_M07_F04_KA09_14.mat,N15_M07_F04_KA09_14.mat,n15_m07_f04_ka09_14,N15_M07_F04_KA09_14,1,unknown,False
data/raw/paderborn/KA09/N15_M07_F04_KA09_15.mat,N15_M07_F04_KA09_15.mat,n15_m07_f04_ka09_15,N15_M07_F04_KA09_15,1,unknown,False
data/raw/paderborn/KA09/N15_M07_F04_KA09_16.mat,N15_M07_F04_KA09_16.mat,n15_m07_f04_ka09_16,N15_M07_F04_KA09_16,1,unknown,False
data/raw/paderborn/KA09/N15_M07_F04_KA09_17.mat,N15_M07_F04_KA09_17.mat,n15_m07_f04_ka09_17,N15_M07_F04_KA09_17,1,unknown,False
data/raw/paderborn/KA09/N15_M07_F04_KA09_18.mat,N15_M07_F04_KA09_18.mat,n15_m07_f04_ka09_18,N15_M07_F04_KA09_18,1,unknown,False
data/raw/paderborn/KA09/N15_M07_F04_KA09_19.mat,N15_M07_F04_KA09_19.mat,n15_m07_f04_ka09_19,N15_M07_F04_KA09_19,1,unknown,False
data/raw/paderborn/KA09/N15_M07_F04_KA09_2.mat,N15_M07_F04_KA09_2.mat,n15_m07_f04_ka09_2,N15_M07_F04_KA09_2,1,unknown,False
data/raw/paderborn/KA09/N15_M07_F04_KA09_20.mat,N15_M07_F04_KA09_20.mat,n15_m07_f04_ka09_20,N15_M07_F04_KA09_20,1,unknown,False
data/raw/paderborn/KA09/N15_M07_F04_KA09_3.mat,N15_M07_F04_KA09_3.mat,n15_m07_f04_ka09_3,N15_M07_F04_KA09_3,1,unknown,False
data/raw/paderborn/KA09/N15_M07_F04_KA09_4.mat,N15_M07_F04_KA09_4.mat,n15_m07_f04_ka09_4,N15_M07_F04_KA09_4,1,unknown,False
data/raw/paderborn/KA09/N15_M07_F04_KA09_5.mat,N15_M07_F04_KA09_5.mat,n15_m07_f04_ka09_5,N15_M07_F04_KA09_5,1,unknown,False
data/raw/paderborn/KA09/N15_M07_F04_KA09_6.mat,N15_M07_F04_KA09_6.mat,n15_m07_f04_ka09_6,N15_M07_F04_KA09_6,1,unknown,False
data/raw/paderborn/KA09/N15_M07_F04_KA09_7.mat,N15_M07_F04_KA09_7.mat,n15_m07_f04_ka09_7,N15_M07_F04_KA09_7,1,unknown,False
data/raw/paderborn/KA09/N15_M07_F04_KA09_8.mat,N15_M07_F04_KA09_8.mat,n15_m07_f04_ka09_8,N15_M07_F04_KA09_8,1,unknown,False
data/raw/paderborn/KA09/N15_M07_F04_KA09_9.mat,N15_M07_F04_KA09_9.mat,n15_m07_f04_ka09_9,N15_M07_F04_KA09_9,1,unknown,False
data/raw/paderborn/KA09/N15_M07_F10_KA09_1.mat,N15_M07_F10_KA09_1.mat,n15_m07_f10_ka09_1,N15_M07_F10_KA09_1,1,unknown,False
data/raw/paderborn/KA09/N15_M07_F10_KA09_10.mat,N15_M07_F10_KA09_10.mat,n15_m07_f10_ka09_10,N15_M07_F10_KA09_10,1,unknown,False
data/raw/paderborn/KA09/N15_M07_F10_KA09_11.mat,N15_M07_F10_KA09_11.mat,n15_m07_f10_ka09_11,N15_M07_F10_KA09_11,1,unknown,False
data/raw/paderborn/KA09/N15_M07_F10_KA09_12.mat,N15_M07_F10_KA09_12.mat,n15_m07_f10_ka09_12,N15_M07_F10_KA09_12,1,unknown,False
data/raw/paderborn/KA09/N15_M07_F10_KA09_13.mat,N15_M07_F10_KA09_13.mat,n15_m07_f10_ka09_13,N15_M07_F10_KA09_13,1,unknown,False
data/raw/paderborn/KA09/N15_M07_F10_KA09_14.mat,N15_M07_F10_KA09_14.mat,n15_m07_f10_ka09_14,N15_M07_F10_KA09_14,1,unknown,False
data/raw/paderborn/KA09/N15_M07_F10_KA09_15.mat,N15_M07_F10_KA09_15.mat,n15_m07_f10_ka09_15,N15_M07_F10_KA09_15,1,unknown,False
data/raw/paderborn/KA09/N15_M07_F10_KA09_16.mat,N15_M07_F10_KA09_16.mat,n15_m07_f10_ka09_16,N15_M07_F10_KA09_16,1,unknown,False
data/raw/paderborn/KA09/N15_M07_F10_KA09_17.mat,N15_M07_F10_KA09_17.mat,n15_m07_f10_ka09_17,N15_M07_F10_KA09_17,1,unknown,False
data/raw/paderborn/KA09/N15_M07_F10_KA09_18.mat,N15_M07_F10_KA09_18.mat,n15_m07_f10_ka09_18,N15_M07_F10_KA09_18,1,unknown,False
data/raw/paderborn/KA09/N15_M07_F10_KA09_19.mat,N15_M07_F10_KA09_19.mat,n15_m07_f10_ka09_19,N15_M07_F10_KA09_19,1,unknown,False
data/raw/paderborn/KA09/N15_M07_F10_KA09_2.mat,N15_M07_F10_KA09_2.mat,n15_m07_f10_ka09_2,N15_M07_F10_KA09_2,1,unknown,False
data/raw/paderborn/KA09/N15_M07_F10_KA09_20.mat,N15_M07_F10_KA09_20.mat,n15_m07_f10_ka09_20,N15_M07_F10_KA09_20,1,unknown,False
data/raw/paderborn/KA09/N15_M07_F10_KA09_3.mat,N15_M07_F10_KA09_3.mat,n15_m07_f10_ka09_3,N15_M07_F10_KA09_3,1,unknown,False
data/raw/paderborn/KA09/N15_M07_F10_KA09_4.mat,N15_M07_F10_KA09_4.mat,n15_m07_f10_ka09_4,N15_M07_F10_KA09_4,1,unknown,False
data/raw/paderborn/KA09/N15_M07_F10_KA09_5.mat,N15_M07_F10_KA09_5.mat,n15_m07_f10_ka09_5,N15_M07_F10_KA09_5,1,unknown,False
data/raw/paderborn/KA09/N15_M07_F10_KA09_6.mat,N15_M07_F10_KA09_6.mat,n15_m07_f10_ka09_6,N15_M07_F10_KA09_6,1,unknown,False
data/raw/paderborn/KA09/N15_M07_F10_KA09_7.mat,N15_M07_F10_KA09_7.mat,n15_m07_f10_ka09_7,N15_M07_F10_KA09_7,1,unknown,False
data/raw/paderborn/KA09/N15_M07_F10_KA09_8.mat,N15_M07_F10_KA09_8.mat,n15_m07_f10_ka09_8,N15_M07_F10_KA09_8,1,unknown,False
data/raw/paderborn/KA09/N15_M07_F10_KA09_9.mat,N15_M07_F10_KA09_9.mat,n15_m07_f10_ka09_9,N15_M07_F10_KA09_9,1,unknown,False
data/raw/paderborn/KA15/N09_M07_F10_KA15_1.mat,N09_M07_F10_KA15_1.mat,n09_m07_f10_ka15_1,N09_M07_F10_KA15_1,1,unknown,False
data/raw/paderborn/KA15/N09_M07_F10_KA15_10.mat,N09_M07_F10_KA15_10.mat,n09_m07_f10_ka15_10,N09_M07_F10_KA15_10,1,unknown,False
data/raw/paderborn/KA15/N09_M07_F10_KA15_11.mat,N09_M07_F10_KA15_11.mat,n09_m07_f10_ka15_11,N09_M07_F10_KA15_11,1,unknown,False
data/raw/paderborn/KA15/N09_M07_F10_KA15_12.mat,N09_M07_F10_KA15_12.mat,n09_m07_f10_ka15_12,N09_M07_F10_KA15_12,1,unknown,False
data/raw/paderborn/KA15/N09_M07_F10_KA15_13.mat,N09_M07_F10_KA15_13.mat,n09_m07_f10_ka15_13,N09_M07_F10_KA15_13,1,unknown,False
data/raw/paderborn/KA15/N09_M07_F10_KA15_14.mat,N09_M07_F10_KA15_14.mat,n09_m07_f10_ka15_14,N09_M07_F10_KA15_14,1,unknown,False
data/raw/paderborn/KA15/N09_M07_F10_KA15_15.mat,N09_M07_F10_KA15_15.mat,n09_m07_f10_ka15_15,N09_M07_F10_KA15_15,1,unknown,False
data/raw/paderborn/KA15/N09_M07_F10_KA15_16.mat,N09_M07_F10_KA15_16.mat,n09_m07_f10_ka15_16,N09_M07_F10_KA15_16,1,unknown,False
data/raw/paderborn/KA15/N09_M07_F10_KA15_17.mat,N09_M07_F10_KA15_17.mat,n09_m07_f10_ka15_17,N09_M07_F10_KA15_17,1,unknown,False
data/raw/paderborn/KA15/N09_M07_F10_KA15_18.mat,N09_M07_F10_KA15_18.mat,n09_m07_f10_ka15_18,N09_M07_F10_KA15_18,1,unknown,False
data/raw/paderborn/KA15/N09_M07_F10_KA15_19.mat,N09_M07_F10_KA15_19.mat,n09_m07_f10_ka15_19,N09_M07_F10_KA15_19,1,unknown,False
data/raw/paderborn/KA15/N09_M07_F10_KA15_2.mat,N09_M07_F10_KA15_2.mat,n09_m07_f10_ka15_2,N09_M07_F10_KA15_2,1,unknown,False
data/raw/paderborn/KA15/N09_M07_F10_KA15_20.mat,N09_M07_F10_KA15_20.mat,n09_m07_f10_ka15_20,N09_M07_F10_KA15_20,1,unknown,False
data/raw/paderborn/KA15/N09_M07_F10_KA15_3.mat,N09_M07_F10_KA15_3.mat,n09_m07_f10_ka15_3,N09_M07_F10_KA15_3,1,unknown,False
data/raw/paderborn/KA15/N09_M07_F10_KA15_4.mat,N09_M07_F10_KA15_4.mat,n09_m07_f10_ka15_4,N09_M07_F10_KA15_4,1,unknown,False
data/raw/paderborn/KA15/N09_M07_F10_KA15_5.mat,N09_M07_F10_KA15_5.mat,n09_m07_f10_ka15_5,N09_M07_F10_KA15_5,1,unknown,False
data/raw/paderborn/KA15/N09_M07_F10_KA15_6.mat,N09_M07_F10_KA15_6.mat,n09_m07_f10_ka15_6,N09_M07_F10_KA15_6,1,unknown,False
data/raw/paderborn/KA15/N09_M07_F10_KA15_7.mat,N09_M07_F10_KA15_7.mat,n09_m07_f10_ka15_7,N09_M07_F10_KA15_7,1,unknown,False
data/raw/paderborn/KA15/N09_M07_F10_KA15_8.mat,N09_M07_F10_KA15_8.mat,n09_m07_f10_ka15_8,N09_M07_F10_KA15_8,1,unknown,False
data/raw/paderborn/KA15/N09_M07_F10_KA15_9.mat,N09_M07_F10_KA15_9.mat,n09_m07_f10_ka15_9,N09_M07_F10_KA15_9,1,unknown,False
data/raw/paderborn/KA15/N15_M01_F10_KA15_1.mat,N15_M01_F10_KA15_1.mat,n15_m01_f10_ka15_1,N15_M01_F10_KA15_1,1,unknown,False
data/raw/paderborn/KA15/N15_M01_F10_KA15_10.mat,N15_M01_F10_KA15_10.mat,n15_m01_f10_ka15_10,N15_M01_F10_KA15_10,1,unknown,False
data/raw/paderborn/KA15/N15_M01_F10_KA15_11.mat,N15_M01_F10_KA15_11.mat,n15_m01_f10_ka15_11,N15_M01_F10_KA15_11,1,unknown,False
data/raw/paderborn/KA15/N15_M01_F10_KA15_12.mat,N15_M01_F10_KA15_12.mat,n15_m01_f10_ka15_12,N15_M01_F10_KA15_12,1,unknown,False
data/raw/paderborn/KA15/N15_M01_F10_KA15_13.mat,N15_M01_F10_KA15_13.mat,n15_m01_f10_ka15_13,N15_M01_F10_KA15_13,1,unknown,False
data/raw/paderborn/KA15/N15_M01_F10_KA15_14.mat,N15_M01_F10_KA15_14.mat,n15_m01_f10_ka15_14,N15_M01_F10_KA15_14,1,unknown,False
data/raw/paderborn/KA15/N15_M01_F10_KA15_15.mat,N15_M01_F10_KA15_15.mat,n15_m01_f10_ka15_15,N15_M01_F10_KA15_15,1,unknown,False
data/raw/paderborn/KA15/N15_M01_F10_KA15_16.mat,N15_M01_F10_KA15_16.mat,n15_m01_f10_ka15_16,N15_M01_F10_KA15_16,1,unknown,False
data/raw/paderborn/KA15/N15_M01_F10_KA15_17.mat,N15_M01_F10_KA15_17.mat,n15_m01_f10_ka15_17,N15_M01_F10_KA15_17,1,unknown,False
data/raw/paderborn/KA15/N15_M01_F10_KA15_18.mat,N15_M01_F10_KA15_18.mat,n15_m01_f10_ka15_18,N15_M01_F10_KA15_18,1,unknown,False
data/raw/paderborn/KA15/N15_M01_F10_KA15_19.mat,N15_M01_F10_KA15_19.mat,n15_m01_f10_ka15_19,N15_M01_F10_KA15_19,1,unknown,False
data/raw/paderborn/KA15/N15_M01_F10_KA15_2.mat,N15_M01_F10_KA15_2.mat,n15_m01_f10_ka15_2,N15_M01_F10_KA15_2,1,unknown,False
data/raw/paderborn/KA15/N15_M01_F10_KA15_20.mat,N15_M01_F10_KA15_20.mat,n15_m01_f10_ka15_20,N15_M01_F10_KA15_20,1,unknown,False
data/raw/paderborn/KA15/N15_M01_F10_KA15_3.mat,N15_M01_F10_KA15_3.mat,n15_m01_f10_ka15_3,N15_M01_F10_KA15_3,1,unknown,False
data/raw/paderborn/KA15/N15_M01_F10_KA15_4.mat,N15_M01_F10_KA15_4.mat,n15_m01_f10_ka15_4,N15_M01_F10_KA15_4,1,unknown,False
data/raw/paderborn/KA15/N15_M01_F10_KA15_5.mat,N15_M01_F10_KA15_5.mat,n15_m01_f10_ka15_5,N15_M01_F10_KA15_5,1,unknown,False
data/raw/paderborn/KA15/N15_M01_F10_KA15_6.mat,N15_M01_F10_KA15_6.mat,n15_m01_f10_ka15_6,N15_M01_F10_KA15_6,1,unknown,False
data/raw/paderborn/KA15/N15_M01_F10_KA15_7.mat,N15_M01_F10_KA15_7.mat,n15_m01_f10_ka15_7,N15_M01_F10_KA15_7,1,unknown,False
data/raw/paderborn/KA15/N15_M01_F10_KA15_8.mat,N15_M01_F10_KA15_8.mat,n15_m01_f10_ka15_8,N15_M01_F10_KA15_8,1,unknown,False
data/raw/paderborn/KA15/N15_M01_F10_KA15_9.mat,N15_M01_F10_KA15_9.mat,n15_m01_f10_ka15_9,N15_M01_F10_KA15_9,1,unknown,False
data/raw/paderborn/KA15/N15_M07_F04_KA15_1.mat,N15_M07_F04_KA15_1.mat,n15_m07_f04_ka15_1,N15_M07_F04_KA15_1,1,unknown,False
data/raw/paderborn/KA15/N15_M07_F04_KA15_10.mat,N15_M07_F04_KA15_10.mat,n15_m07_f04_ka15_10,N15_M07_F04_KA15_10,1,unknown,False
data/raw/paderborn/KA15/N15_M07_F04_KA15_11.mat,N15_M07_F04_KA15_11.mat,n15_m07_f04_ka15_11,N15_M07_F04_KA15_11,1,unknown,False
data/raw/paderborn/KA15/N15_M07_F04_KA15_12.mat,N15_M07_F04_KA15_12.mat,n15_m07_f04_ka15_12,N15_M07_F04_KA15_12,1,unknown,False
data/raw/paderborn/KA15/N15_M07_F04_KA15_13.mat,N15_M07_F04_KA15_13.mat,n15_m07_f04_ka15_13,N15_M07_F04_KA15_13,1,unknown,False
data/raw/paderborn/KA15/N15_M07_F04_KA15_14.mat,N15_M07_F04_KA15_14.mat,n15_m07_f04_ka15_14,N15_M07_F04_KA15_14,1,unknown,False
data/raw/paderborn/KA15/N15_M07_F04_KA15_15.mat,N15_M07_F04_KA15_15.mat,n15_m07_f04_ka15_15,N15_M07_F04_KA15_15,1,unknown,False
data/raw/paderborn/KA15/N15_M07_F04_KA15_16.mat,N15_M07_F04_KA15_16.mat,n15_m07_f04_ka15_16,N15_M07_F04_KA15_16,1,unknown,False
data/raw/paderborn/KA15/N15_M07_F04_KA15_17.mat,N15_M07_F04_KA15_17.mat,n15_m07_f04_ka15_17,N15_M07_F04_KA15_17,1,unknown,False
data/raw/paderborn/KA15/N15_M07_F04_KA15_18.mat,N15_M07_F04_KA15_18.mat,n15_m07_f04_ka15_18,N15_M07_F04_KA15_18,1,unknown,False
data/raw/paderborn/KA15/N15_M07_F04_KA15_19.mat,N15_M07_F04_KA15_19.mat,n15_m07_f04_ka15_19,N15_M07_F04_KA15_19,1,unknown,False
data/raw/paderborn/KA15/N15_M07_F04_KA15_2.mat,N15_M07_F04_KA15_2.mat,n15_m07_f04_ka15_2,N15_M07_F04_KA15_2,1,unknown,False
data/raw/paderborn/KA15/N15_M07_F04_KA15_20.mat,N15_M07_F04_KA15_20.mat,n15_m07_f04_ka15_20,N15_M07_F04_KA15_20,1,unknown,False
data/raw/paderborn/KA15/N15_M07_F04_KA15_3.mat,N15_M07_F04_KA15_3.mat,n15_m07_f04_ka15_3,N15_M07_F04_KA15_3,1,unknown,False
data/raw/paderborn/KA15/N15_M07_F04_KA15_4.mat,N15_M07_F04_KA15_4.mat,n15_m07_f04_ka15_4,N15_M07_F04_KA15_4,1,unknown,False
data/raw/paderborn/KA15/N15_M07_F04_KA15_5.mat,N15_M07_F04_KA15_5.mat,n15_m07_f04_ka15_5,N15_M07_F04_KA15_5,1,unknown,False
data/raw/paderborn/KA15/N15_M07_F04_KA15_6.mat,N15_M07_F04_KA15_6.mat,n15_m07_f04_ka15_6,N15_M07_F04_KA15_6,1,unknown,False
data/raw/paderborn/KA15/N15_M07_F04_KA15_7.mat,N15_M07_F04_KA15_7.mat,n15_m07_f04_ka15_7,N15_M07_F04_KA15_7,1,unknown,False
data/raw/paderborn/KA15/N15_M07_F04_KA15_8.mat,N15_M07_F04_KA15_8.mat,n15_m07_f04_ka15_8,N15_M07_F04_KA15_8,1,unknown,False
data/raw/paderborn/KA15/N15_M07_F04_KA15_9.mat,N15_M07_F04_KA15_9.mat,n15_m07_f04_ka15_9,N15_M07_F04_KA15_9,1,unknown,False
data/raw/paderborn/KA15/N15_M07_F10_KA15_1.mat,N15_M07_F10_KA15_1.mat,n15_m07_f10_ka15_1,N15_M07_F10_KA15_1,1,unknown,False
data/raw/paderborn/KA15/N15_M07_F10_KA15_10.mat,N15_M07_F10_KA15_10.mat,n15_m07_f10_ka15_10,N15_M07_F10_KA15_10,1,unknown,False
data/raw/paderborn/KA15/N15_M07_F10_KA15_11.mat,N15_M07_F10_KA15_11.mat,n15_m07_f10_ka15_11,N15_M07_F10_KA15_11,1,unknown,False
data/raw/paderborn/KA15/N15_M07_F10_KA15_12.mat,N15_M07_F10_KA15_12.mat,n15_m07_f10_ka15_12,N15_M07_F10_KA15_12,1,unknown,False
data/raw/paderborn/KA15/N15_M07_F10_KA15_13.mat,N15_M07_F10_KA15_13.mat,n15_m07_f10_ka15_13,N15_M07_F10_KA15_13,1,unknown,False
data/raw/paderborn/KA15/N15_M07_F10_KA15_14.mat,N15_M07_F10_KA15_14.mat,n15_m07_f10_ka15_14,N15_M07_F10_KA15_14,1,unknown,False
data/raw/paderborn/KA15/N15_M07_F10_KA15_15.mat,N15_M07_F10_KA15_15.mat,n15_m07_f10_ka15_15,N15_M07_F10_KA15_15,1,unknown,False
data/raw/paderborn/KA15/N15_M07_F10_KA15_16.mat,N15_M07_F10_KA15_16.mat,n15_m07_f10_ka15_16,N15_M07_F10_KA15_16,1,unknown,False
data/raw/paderborn/KA15/N15_M07_F10_KA15_17.mat,N15_M07_F10_KA15_17.mat,n15_m07_f10_ka15_17,N15_M07_F10_KA15_17,1,unknown,False
data/raw/paderborn/KA15/N15_M07_F10_KA15_18.mat,N15_M07_F10_KA15_18.mat,n15_m07_f10_ka15_18,N15_M07_F10_KA15_18,1,unknown,False
data/raw/paderborn/KA15/N15_M07_F10_KA15_19.mat,N15_M07_F10_KA15_19.mat,n15_m07_f10_ka15_19,N15_M07_F10_KA15_19,1,unknown,False
data/raw/paderborn/KA15/N15_M07_F10_KA15_2.mat,N15_M07_F10_KA15_2.mat,n15_m07_f10_ka15_2,N15_M07_F10_KA15_2,1,unknown,False
data/raw/paderborn/KA15/N15_M07_F10_KA15_20.mat,N15_M07_F10_KA15_20.mat,n15_m07_f10_ka15_20,N15_M07_F10_KA15_20,1,unknown,False
data/raw/paderborn/KA15/N15_M07_F10_KA15_3.mat,N15_M07_F10_KA15_3.mat,n15_m07_f10_ka15_3,N15_M07_F10_KA15_3,1,unknown,False
data/raw/paderborn/KA15/N15_M07_F10_KA15_4.mat,N15_M07_F10_KA15_4.mat,n15_m07_f10_ka15_4,N15_M07_F10_KA15_4,1,unknown,False
data/raw/paderborn/KA15/N15_M07_F10_KA15_5.mat,N15_M07_F10_KA15_5.mat,n15_m07_f10_ka15_5,N15_M07_F10_KA15_5,1,unknown,False
data/raw/paderborn/KA15/N15_M07_F10_KA15_6.mat,N15_M07_F10_KA15_6.mat,n15_m07_f10_ka15_6,N15_M07_F10_KA15_6,1,unknown,False
data/raw/paderborn/KA15/N15_M07_F10_KA15_7.mat,N15_M07_F10_KA15_7.mat,n15_m07_f10_ka15_7,N15_M07_F10_KA15_7,1,unknown,False
data/raw/paderborn/KA15/N15_M07_F10_KA15_8.mat,N15_M07_F10_KA15_8.mat,n15_m07_f10_ka15_8,N15_M07_F10_KA15_8,1,unknown,False
data/raw/paderborn/KA15/N15_M07_F10_KA15_9.mat,N15_M07_F10_KA15_9.mat,n15_m07_f10_ka15_9,N15_M07_F10_KA15_9,1,unknown,False
data/raw/paderborn/KA16/N09_M07_F10_KA16_1.mat,N09_M07_F10_KA16_1.mat,n09_m07_f10_ka16_1,N09_M07_F10_KA16_1,1,unknown,False
data/raw/paderborn/KA16/N09_M07_F10_KA16_10.mat,N09_M07_F10_KA16_10.mat,n09_m07_f10_ka16_10,N09_M07_F10_KA16_10,1,unknown,False
data/raw/paderborn/KA16/N09_M07_F10_KA16_11.mat,N09_M07_F10_KA16_11.mat,n09_m07_f10_ka16_11,N09_M07_F10_KA16_11,1,unknown,False
data/raw/paderborn/KA16/N09_M07_F10_KA16_12.mat,N09_M07_F10_KA16_12.mat,n09_m07_f10_ka16_12,N09_M07_F10_KA16_12,1,unknown,False
data/raw/paderborn/KA16/N09_M07_F10_KA16_13.mat,N09_M07_F10_KA16_13.mat,n09_m07_f10_ka16_13,N09_M07_F10_KA16_13,1,unknown,False
data/raw/paderborn/KA16/N09_M07_F10_KA16_14.mat,N09_M07_F10_KA16_14.mat,n09_m07_f10_ka16_14,N09_M07_F10_KA16_14,1,unknown,False
data/raw/paderborn/KA16/N09_M07_F10_KA16_15.mat,N09_M07_F10_KA16_15.mat,n09_m07_f10_ka16_15,N09_M07_F10_KA16_15,1,unknown,False
data/raw/paderborn/KA16/N09_M07_F10_KA16_16.mat,N09_M07_F10_KA16_16.mat,n09_m07_f10_ka16_16,N09_M07_F10_KA16_16,1,unknown,False
data/raw/paderborn/KA16/N09_M07_F10_KA16_17.mat,N09_M07_F10_KA16_17.mat,n09_m07_f10_ka16_17,N09_M07_F10_KA16_17,1,unknown,False
data/raw/paderborn/KA16/N09_M07_F10_KA16_18.mat,N09_M07_F10_KA16_18.mat,n09_m07_f10_ka16_18,N09_M07_F10_KA16_18,1,unknown,False
data/raw/paderborn/KA16/N09_M07_F10_KA16_19.mat,N09_M07_F10_KA16_19.mat,n09_m07_f10_ka16_19,N09_M07_F10_KA16_19,1,unknown,False
data/raw/paderborn/KA16/N09_M07_F10_KA16_2.mat,N09_M07_F10_KA16_2.mat,n09_m07_f10_ka16_2,N09_M07_F10_KA16_2,1,unknown,False
data/raw/paderborn/KA16/N09_M07_F10_KA16_20.mat,N09_M07_F10_KA16_20.mat,n09_m07_f10_ka16_20,N09_M07_F10_KA16_20,1,unknown,False
data/raw/paderborn/KA16/N09_M07_F10_KA16_3.mat,N09_M07_F10_KA16_3.mat,n09_m07_f10_ka16_3,N09_M07_F10_KA16_3,1,unknown,False
data/raw/paderborn/KA16/N09_M07_F10_KA16_4.mat,N09_M07_F10_KA16_4.mat,n09_m07_f10_ka16_4,N09_M07_F10_KA16_4,1,unknown,False
data/raw/paderborn/KA16/N09_M07_F10_KA16_5.mat,N09_M07_F10_KA16_5.mat,n09_m07_f10_ka16_5,N09_M07_F10_KA16_5,1,unknown,False
data/raw/paderborn/KA16/N09_M07_F10_KA16_6.mat,N09_M07_F10_KA16_6.mat,n09_m07_f10_ka16_6,N09_M07_F10_KA16_6,1,unknown,False
data/raw/paderborn/KA16/N09_M07_F10_KA16_7.mat,N09_M07_F10_KA16_7.mat,n09_m07_f10_ka16_7,N09_M07_F10_KA16_7,1,unknown,False
data/raw/paderborn/KA16/N09_M07_F10_KA16_8.mat,N09_M07_F10_KA16_8.mat,n09_m07_f10_ka16_8,N09_M07_F10_KA16_8,1,unknown,False
data/raw/paderborn/KA16/N09_M07_F10_KA16_9.mat,N09_M07_F10_KA16_9.mat,n09_m07_f10_ka16_9,N09_M07_F10_KA16_9,1,unknown,False
data/raw/paderborn/KA16/N15_M01_F10_KA16_1.mat,N15_M01_F10_KA16_1.mat,n15_m01_f10_ka16_1,N15_M01_F10_KA16_1,1,unknown,False
data/raw/paderborn/KA16/N15_M01_F10_KA16_10.mat,N15_M01_F10_KA16_10.mat,n15_m01_f10_ka16_10,N15_M01_F10_KA16_10,1,unknown,False
data/raw/paderborn/KA16/N15_M01_F10_KA16_11.mat,N15_M01_F10_KA16_11.mat,n15_m01_f10_ka16_11,N15_M01_F10_KA16_11,1,unknown,False
data/raw/paderborn/KA16/N15_M01_F10_KA16_12.mat,N15_M01_F10_KA16_12.mat,n15_m01_f10_ka16_12,N15_M01_F10_KA16_12,1,unknown,False
data/raw/paderborn/KA16/N15_M01_F10_KA16_13.mat,N15_M01_F10_KA16_13.mat,n15_m01_f10_ka16_13,N15_M01_F10_KA16_13,1,unknown,False
data/raw/paderborn/KA16/N15_M01_F10_KA16_14.mat,N15_M01_F10_KA16_14.mat,n15_m01_f10_ka16_14,N15_M01_F10_KA16_14,1,unknown,False
data/raw/paderborn/KA16/N15_M01_F10_KA16_15.mat,N15_M01_F10_KA16_15.mat,n15_m01_f10_ka16_15,N15_M01_F10_KA16_15,1,unknown,False
data/raw/paderborn/KA16/N15_M01_F10_KA16_16.mat,N15_M01_F10_KA16_16.mat,n15_m01_f10_ka16_16,N15_M01_F10_KA16_16,1,unknown,False
data/raw/paderborn/KA16/N15_M01_F10_KA16_17.mat,N15_M01_F10_KA16_17.mat,n15_m01_f10_ka16_17,N15_M01_F10_KA16_17,1,unknown,False
data/raw/paderborn/KA16/N15_M01_F10_KA16_18.mat,N15_M01_F10_KA16_18.mat,n15_m01_f10_ka16_18,N15_M01_F10_KA16_18,1,unknown,False
data/raw/paderborn/KA16/N15_M01_F10_KA16_19.mat,N15_M01_F10_KA16_19.mat,n15_m01_f10_ka16_19,N15_M01_F10_KA16_19,1,unknown,False
data/raw/paderborn/KA16/N15_M01_F10_KA16_2.mat,N15_M01_F10_KA16_2.mat,n15_m01_f10_ka16_2,N15_M01_F10_KA16_2,1,unknown,False
data/raw/paderborn/KA16/N15_M01_F10_KA16_20.mat,N15_M01_F10_KA16_20.mat,n15_m01_f10_ka16_20,N15_M01_F10_KA16_20,1,unknown,False
data/raw/paderborn/KA16/N15_M01_F10_KA16_3.mat,N15_M01_F10_KA16_3.mat,n15_m01_f10_ka16_3,N15_M01_F10_KA16_3,1,unknown,False
data/raw/paderborn/KA16/N15_M01_F10_KA16_4.mat,N15_M01_F10_KA16_4.mat,n15_m01_f10_ka16_4,N15_M01_F10_KA16_4,1,unknown,False
data/raw/paderborn/KA16/N15_M01_F10_KA16_5.mat,N15_M01_F10_KA16_5.mat,n15_m01_f10_ka16_5,N15_M01_F10_KA16_5,1,unknown,False
data/raw/paderborn/KA16/N15_M01_F10_KA16_6.mat,N15_M01_F10_KA16_6.mat,n15_m01_f10_ka16_6,N15_M01_F10_KA16_6,1,unknown,False
data/raw/paderborn/KA16/N15_M01_F10_KA16_7.mat,N15_M01_F10_KA16_7.mat,n15_m01_f10_ka16_7,N15_M01_F10_KA16_7,1,unknown,False
data/raw/paderborn/KA16/N15_M01_F10_KA16_8.mat,N15_M01_F10_KA16_8.mat,n15_m01_f10_ka16_8,N15_M01_F10_KA16_8,1,unknown,False
data/raw/paderborn/KA16/N15_M01_F10_KA16_9.mat,N15_M01_F10_KA16_9.mat,n15_m01_f10_ka16_9,N15_M01_F10_KA16_9,1,unknown,False
data/raw/paderborn/KA16/N15_M07_F04_KA16_1.mat,N15_M07_F04_KA16_1.mat,n15_m07_f04_ka16_1,N15_M07_F04_KA16_1,1,unknown,False
data/raw/paderborn/KA16/N15_M07_F04_KA16_10.mat,N15_M07_F04_KA16_10.mat,n15_m07_f04_ka16_10,N15_M07_F04_KA16_10,1,unknown,False
data/raw/paderborn/KA16/N15_M07_F04_KA16_11.mat,N15_M07_F04_KA16_11.mat,n15_m07_f04_ka16_11,N15_M07_F04_KA16_11,1,unknown,False
data/raw/paderborn/KA16/N15_M07_F04_KA16_12.mat,N15_M07_F04_KA16_12.mat,n15_m07_f04_ka16_12,N15_M07_F04_KA16_12,1,unknown,False
data/raw/paderborn/KA16/N15_M07_F04_KA16_13.mat,N15_M07_F04_KA16_13.mat,n15_m07_f04_ka16_13,N15_M07_F04_KA16_13,1,unknown,False
data/raw/paderborn/KA16/N15_M07_F04_KA16_14.mat,N15_M07_F04_KA16_14.mat,n15_m07_f04_ka16_14,N15_M07_F04_KA16_14,1,unknown,False
data/raw/paderborn/KA16/N15_M07_F04_KA16_15.mat,N15_M07_F04_KA16_15.mat,n15_m07_f04_ka16_15,N15_M07_F04_KA16_15,1,unknown,False
data/raw/paderborn/KA16/N15_M07_F04_KA16_16.mat,N15_M07_F04_KA16_16.mat,n15_m07_f04_ka16_16,N15_M07_F04_KA16_16,1,unknown,False
data/raw/paderborn/KA16/N15_M07_F04_KA16_17.mat,N15_M07_F04_KA16_17.mat,n15_m07_f04_ka16_17,N15_M07_F04_KA16_17,1,unknown,False
data/raw/paderborn/KA16/N15_M07_F04_KA16_18.mat,N15_M07_F04_KA16_18.mat,n15_m07_f04_ka16_18,N15_M07_F04_KA16_18,1,unknown,False
data/raw/paderborn/KA16/N15_M07_F04_KA16_19.mat,N15_M07_F04_KA16_19.mat,n15_m07_f04_ka16_19,N15_M07_F04_KA16_19,1,unknown,False
data/raw/paderborn/KA16/N15_M07_F04_KA16_2.mat,N15_M07_F04_KA16_2.mat,n15_m07_f04_ka16_2,N15_M07_F04_KA16_2,1,unknown,False
data/raw/paderborn/KA16/N15_M07_F04_KA16_20.mat,N15_M07_F04_KA16_20.mat,n15_m07_f04_ka16_20,N15_M07_F04_KA16_20,1,unknown,False
data/raw/paderborn/KA16/N15_M07_F04_KA16_3.mat,N15_M07_F04_KA16_3.mat,n15_m07_f04_ka16_3,N15_M07_F04_KA16_3,1,unknown,False
data/raw/paderborn/KA16/N15_M07_F04_KA16_4.mat,N15_M07_F04_KA16_4.mat,n15_m07_f04_ka16_4,N15_M07_F04_KA16_4,1,unknown,False
data/raw/paderborn/KA16/N15_M07_F04_KA16_5.mat,N15_M07_F04_KA16_5.mat,n15_m07_f04_ka16_5,N15_M07_F04_KA16_5,1,unknown,False
data/raw/paderborn/KA16/N15_M07_F04_KA16_6.mat,N15_M07_F04_KA16_6.mat,n15_m07_f04_ka16_6,N15_M07_F04_KA16_6,1,unknown,False
data/raw/paderborn/KA16/N15_M07_F04_KA16_7.mat,N15_M07_F04_KA16_7.mat,n15_m07_f04_ka16_7,N15_M07_F04_KA16_7,1,unknown,False
data/raw/paderborn/KA16/N15_M07_F04_KA16_8.mat,N15_M07_F04_KA16_8.mat,n15_m07_f04_ka16_8,N15_M07_F04_KA16_8,1,unknown,False
data/raw/paderborn/KA16/N15_M07_F04_KA16_9.mat,N15_M07_F04_KA16_9.mat,n15_m07_f04_ka16_9,N15_M07_F04_KA16_9,1,unknown,False
data/raw/paderborn/KA16/N15_M07_F10_KA16_1.mat,N15_M07_F10_KA16_1.mat,n15_m07_f10_ka16_1,N15_M07_F10_KA16_1,1,unknown,False
data/raw/paderborn/KA16/N15_M07_F10_KA16_10.mat,N15_M07_F10_KA16_10.mat,n15_m07_f10_ka16_10,N15_M07_F10_KA16_10,1,unknown,False
data/raw/paderborn/KA16/N15_M07_F10_KA16_11.mat,N15_M07_F10_KA16_11.mat,n15_m07_f10_ka16_11,N15_M07_F10_KA16_11,1,unknown,False
data/raw/paderborn/KA16/N15_M07_F10_KA16_12.mat,N15_M07_F10_KA16_12.mat,n15_m07_f10_ka16_12,N15_M07_F10_KA16_12,1,unknown,False
data/raw/paderborn/KA16/N15_M07_F10_KA16_13.mat,N15_M07_F10_KA16_13.mat,n15_m07_f10_ka16_13,N15_M07_F10_KA16_13,1,unknown,False
data/raw/paderborn/KA16/N15_M07_F10_KA16_14.mat,N15_M07_F10_KA16_14.mat,n15_m07_f10_ka16_14,N15_M07_F10_KA16_14,1,unknown,False
data/raw/paderborn/KA16/N15_M07_F10_KA16_15.mat,N15_M07_F10_KA16_15.mat,n15_m07_f10_ka16_15,N15_M07_F10_KA16_15,1,unknown,False
data/raw/paderborn/KA16/N15_M07_F10_KA16_16.mat,N15_M07_F10_KA16_16.mat,n15_m07_f10_ka16_16,N15_M07_F10_KA16_16,1,unknown,False
data/raw/paderborn/KA16/N15_M07_F10_KA16_17.mat,N15_M07_F10_KA16_17.mat,n15_m07_f10_ka16_17,N15_M07_F10_KA16_17,1,unknown,False
data/raw/paderborn/KA16/N15_M07_F10_KA16_18.mat,N15_M07_F10_KA16_18.mat,n15_m07_f10_ka16_18,N15_M07_F10_KA16_18,1,unknown,False
data/raw/paderborn/KA16/N15_M07_F10_KA16_19.mat,N15_M07_F10_KA16_19.mat,n15_m07_f10_ka16_19,N15_M07_F10_KA16_19,1,unknown,False
data/raw/paderborn/KA16/N15_M07_F10_KA16_2.mat,N15_M07_F10_KA16_2.mat,n15_m07_f10_ka16_2,N15_M07_F10_KA16_2,1,unknown,False
data/raw/paderborn/KA16/N15_M07_F10_KA16_20.mat,N15_M07_F10_KA16_20.mat,n15_m07_f10_ka16_20,N15_M07_F10_KA16_20,1,unknown,False
data/raw/paderborn/KA16/N15_M07_F10_KA16_3.mat,N15_M07_F10_KA16_3.mat,n15_m07_f10_ka16_3,N15_M07_F10_KA16_3,1,unknown,False
data/raw/paderborn/KA16/N15_M07_F10_KA16_4.mat,N15_M07_F10_KA16_4.mat,n15_m07_f10_ka16_4,N15_M07_F10_KA16_4,1,unknown,False
data/raw/paderborn/KA16/N15_M07_F10_KA16_5.mat,N15_M07_F10_KA16_5.mat,n15_m07_f10_ka16_5,N15_M07_F10_KA16_5,1,unknown,False
data/raw/paderborn/KA16/N15_M07_F10_KA16_6.mat,N15_M07_F10_KA16_6.mat,n15_m07_f10_ka16_6,N15_M07_F10_KA16_6,1,unknown,False
data/raw/paderborn/KA16/N15_M07_F10_KA16_7.mat,N15_M07_F10_KA16_7.mat,n15_m07_f10_ka16_7,N15_M07_F10_KA16_7,1,unknown,False
data/raw/paderborn/KA16/N15_M07_F10_KA16_8.mat,N15_M07_F10_KA16_8.mat,n15_m07_f10_ka16_8,N15_M07_F10_KA16_8,1,unknown,False
data/raw/paderborn/KA16/N15_M07_F10_KA16_9.mat,N15_M07_F10_KA16_9.mat,n15_m07_f10_ka16_9,N15_M07_F10_KA16_9,1,unknown,False
data/raw/paderborn/KA22/N09_M07_F10_KA22_1.mat,N09_M07_F10_KA22_1.mat,n09_m07_f10_ka22_1,N09_M07_F10_KA22_1,1,unknown,False
data/raw/paderborn/KA22/N09_M07_F10_KA22_10.mat,N09_M07_F10_KA22_10.mat,n09_m07_f10_ka22_10,N09_M07_F10_KA22_10,1,unknown,False
data/raw/paderborn/KA22/N09_M07_F10_KA22_11.mat,N09_M07_F10_KA22_11.mat,n09_m07_f10_ka22_11,N09_M07_F10_KA22_11,1,unknown,False
data/raw/paderborn/KA22/N09_M07_F10_KA22_12.mat,N09_M07_F10_KA22_12.mat,n09_m07_f10_ka22_12,N09_M07_F10_KA22_12,1,unknown,False
data/raw/paderborn/KA22/N09_M07_F10_KA22_13.mat,N09_M07_F10_KA22_13.mat,n09_m07_f10_ka22_13,N09_M07_F10_KA22_13,1,unknown,False
data/raw/paderborn/KA22/N09_M07_F10_KA22_14.mat,N09_M07_F10_KA22_14.mat,n09_m07_f10_ka22_14,N09_M07_F10_KA22_14,1,unknown,False
data/raw/paderborn/KA22/N09_M07_F10_KA22_15.mat,N09_M07_F10_KA22_15.mat,n09_m07_f10_ka22_15,N09_M07_F10_KA22_15,1,unknown,False
data/raw/paderborn/KA22/N09_M07_F10_KA22_16.mat,N09_M07_F10_KA22_16.mat,n09_m07_f10_ka22_16,N09_M07_F10_KA22_16,1,unknown,False
data/raw/paderborn/KA22/N09_M07_F10_KA22_17.mat,N09_M07_F10_KA22_17.mat,n09_m07_f10_ka22_17,N09_M07_F10_KA22_17,1,unknown,False
data/raw/paderborn/KA22/N09_M07_F10_KA22_18.mat,N09_M07_F10_KA22_18.mat,n09_m07_f10_ka22_18,N09_M07_F10_KA22_18,1,unknown,False
data/raw/paderborn/KA22/N09_M07_F10_KA22_19.mat,N09_M07_F10_KA22_19.mat,n09_m07_f10_ka22_19,N09_M07_F10_KA22_19,1,unknown,False
data/raw/paderborn/KA22/N09_M07_F10_KA22_2.mat,N09_M07_F10_KA22_2.mat,n09_m07_f10_ka22_2,N09_M07_F10_KA22_2,1,unknown,False
data/raw/paderborn/KA22/N09_M07_F10_KA22_20.mat,N09_M07_F10_KA22_20.mat,n09_m07_f10_ka22_20,N09_M07_F10_KA22_20,1,unknown,False
data/raw/paderborn/KA22/N09_M07_F10_KA22_3.mat,N09_M07_F10_KA22_3.mat,n09_m07_f10_ka22_3,N09_M07_F10_KA22_3,1,unknown,False
data/raw/paderborn/KA22/N09_M07_F10_KA22_4.mat,N09_M07_F10_KA22_4.mat,n09_m07_f10_ka22_4,N09_M07_F10_KA22_4,1,unknown,False
data/raw/paderborn/KA22/N09_M07_F10_KA22_5.mat,N09_M07_F10_KA22_5.mat,n09_m07_f10_ka22_5,N09_M07_F10_KA22_5,1,unknown,False
data/raw/paderborn/KA22/N09_M07_F10_KA22_6.mat,N09_M07_F10_KA22_6.mat,n09_m07_f10_ka22_6,N09_M07_F10_KA22_6,1,unknown,False
data/raw/paderborn/KA22/N09_M07_F10_KA22_7.mat,N09_M07_F10_KA22_7.mat,n09_m07_f10_ka22_7,N09_M07_F10_KA22_7,1,unknown,False
data/raw/paderborn/KA22/N09_M07_F10_KA22_8.mat,N09_M07_F10_KA22_8.mat,n09_m07_f10_ka22_8,N09_M07_F10_KA22_8,1,unknown,False
data/raw/paderborn/KA22/N09_M07_F10_KA22_9.mat,N09_M07_F10_KA22_9.mat,n09_m07_f10_ka22_9,N09_M07_F10_KA22_9,1,unknown,False
data/raw/paderborn/KA22/N15_M01_F10_KA22_1.mat,N15_M01_F10_KA22_1.mat,n15_m01_f10_ka22_1,N15_M01_F10_KA22_1,1,unknown,False
data/raw/paderborn/KA22/N15_M01_F10_KA22_10.mat,N15_M01_F10_KA22_10.mat,n15_m01_f10_ka22_10,N15_M01_F10_KA22_10,1,unknown,False
data/raw/paderborn/KA22/N15_M01_F10_KA22_11.mat,N15_M01_F10_KA22_11.mat,n15_m01_f10_ka22_11,N15_M01_F10_KA22_11,1,unknown,False
data/raw/paderborn/KA22/N15_M01_F10_KA22_12.mat,N15_M01_F10_KA22_12.mat,n15_m01_f10_ka22_12,N15_M01_F10_KA22_12,1,unknown,False
data/raw/paderborn/KA22/N15_M01_F10_KA22_13.mat,N15_M01_F10_KA22_13.mat,n15_m01_f10_ka22_13,N15_M01_F10_KA22_13,1,unknown,False
data/raw/paderborn/KA22/N15_M01_F10_KA22_14.mat,N15_M01_F10_KA22_14.mat,n15_m01_f10_ka22_14,N15_M01_F10_KA22_14,1,unknown,False
data/raw/paderborn/KA22/N15_M01_F10_KA22_15.mat,N15_M01_F10_KA22_15.mat,n15_m01_f10_ka22_15,N15_M01_F10_KA22_15,1,unknown,False
data/raw/paderborn/KA22/N15_M01_F10_KA22_16.mat,N15_M01_F10_KA22_16.mat,n15_m01_f10_ka22_16,N15_M01_F10_KA22_16,1,unknown,False
data/raw/paderborn/KA22/N15_M01_F10_KA22_17.mat,N15_M01_F10_KA22_17.mat,n15_m01_f10_ka22_17,N15_M01_F10_KA22_17,1,unknown,False
data/raw/paderborn/KA22/N15_M01_F10_KA22_18.mat,N15_M01_F10_KA22_18.mat,n15_m01_f10_ka22_18,N15_M01_F10_KA22_18,1,unknown,False
data/raw/paderborn/KA22/N15_M01_F10_KA22_19.mat,N15_M01_F10_KA22_19.mat,n15_m01_f10_ka22_19,N15_M01_F10_KA22_19,1,unknown,False
data/raw/paderborn/KA22/N15_M01_F10_KA22_2.mat,N15_M01_F10_KA22_2.mat,n15_m01_f10_ka22_2,N15_M01_F10_KA22_2,1,unknown,False
data/raw/paderborn/KA22/N15_M01_F10_KA22_20.mat,N15_M01_F10_KA22_20.mat,n15_m01_f10_ka22_20,N15_M01_F10_KA22_20,1,unknown,False
data/raw/paderborn/KA22/N15_M01_F10_KA22_3.mat,N15_M01_F10_KA22_3.mat,n15_m01_f10_ka22_3,N15_M01_F10_KA22_3,1,unknown,False
data/raw/paderborn/KA22/N15_M01_F10_KA22_4.mat,N15_M01_F10_KA22_4.mat,n15_m01_f10_ka22_4,N15_M01_F10_KA22_4,1,unknown,False
data/raw/paderborn/KA22/N15_M01_F10_KA22_5.mat,N15_M01_F10_KA22_5.mat,n15_m01_f10_ka22_5,N15_M01_F10_KA22_5,1,unknown,False
data/raw/paderborn/KA22/N15_M01_F10_KA22_6.mat,N15_M01_F10_KA22_6.mat,n15_m01_f10_ka22_6,N15_M01_F10_KA22_6,1,unknown,False
data/raw/paderborn/KA22/N15_M01_F10_KA22_7.mat,N15_M01_F10_KA22_7.mat,n15_m01_f10_ka22_7,N15_M01_F10_KA22_7,1,unknown,False
data/raw/paderborn/KA22/N15_M01_F10_KA22_8.mat,N15_M01_F10_KA22_8.mat,n15_m01_f10_ka22_8,N15_M01_F10_KA22_8,1,unknown,False
data/raw/paderborn/KA22/N15_M01_F10_KA22_9.mat,N15_M01_F10_KA22_9.mat,n15_m01_f10_ka22_9,N15_M01_F10_KA22_9,1,unknown,False
data/raw/paderborn/KA22/N15_M07_F04_KA22_1.mat,N15_M07_F04_KA22_1.mat,n15_m07_f04_ka22_1,N15_M07_F04_KA22_1,1,unknown,False
data/raw/paderborn/KA22/N15_M07_F04_KA22_10.mat,N15_M07_F04_KA22_10.mat,n15_m07_f04_ka22_10,N15_M07_F04_KA22_10,1,unknown,False
data/raw/paderborn/KA22/N15_M07_F04_KA22_11.mat,N15_M07_F04_KA22_11.mat,n15_m07_f04_ka22_11,N15_M07_F04_KA22_11,1,unknown,False
data/raw/paderborn/KA22/N15_M07_F04_KA22_12.mat,N15_M07_F04_KA22_12.mat,n15_m07_f04_ka22_12,N15_M07_F04_KA22_12,1,unknown,False
data/raw/paderborn/KA22/N15_M07_F04_KA22_13.mat,N15_M07_F04_KA22_13.mat,n15_m07_f04_ka22_13,N15_M07_F04_KA22_13,1,unknown,False
data/raw/paderborn/KA22/N15_M07_F04_KA22_14.mat,N15_M07_F04_KA22_14.mat,n15_m07_f04_ka22_14,N15_M07_F04_KA22_14,1,unknown,False
data/raw/paderborn/KA22/N15_M07_F04_KA22_15.mat,N15_M07_F04_KA22_15.mat,n15_m07_f04_ka22_15,N15_M07_F04_KA22_15,1,unknown,False
data/raw/paderborn/KA22/N15_M07_F04_KA22_16.mat,N15_M07_F04_KA22_16.mat,n15_m07_f04_ka22_16,N15_M07_F04_KA22_16,1,unknown,False
data/raw/paderborn/KA22/N15_M07_F04_KA22_17.mat,N15_M07_F04_KA22_17.mat,n15_m07_f04_ka22_17,N15_M07_F04_KA22_17,1,unknown,False
data/raw/paderborn/KA22/N15_M07_F04_KA22_18.mat,N15_M07_F04_KA22_18.mat,n15_m07_f04_ka22_18,N15_M07_F04_KA22_18,1,unknown,False
data/raw/paderborn/KA22/N15_M07_F04_KA22_19.mat,N15_M07_F04_KA22_19.mat,n15_m07_f04_ka22_19,N15_M07_F04_KA22_19,1,unknown,False
data/raw/paderborn/KA22/N15_M07_F04_KA22_2.mat,N15_M07_F04_KA22_2.mat,n15_m07_f04_ka22_2,N15_M07_F04_KA22_2,1,unknown,False
data/raw/paderborn/KA22/N15_M07_F04_KA22_20.mat,N15_M07_F04_KA22_20.mat,n15_m07_f04_ka22_20,N15_M07_F04_KA22_20,1,unknown,False
data/raw/paderborn/KA22/N15_M07_F04_KA22_3.mat,N15_M07_F04_KA22_3.mat,n15_m07_f04_ka22_3,N15_M07_F04_KA22_3,1,unknown,False
data/raw/paderborn/KA22/N15_M07_F04_KA22_4.mat,N15_M07_F04_KA22_4.mat,n15_m07_f04_ka22_4,N15_M07_F04_KA22_4,1,unknown,False
data/raw/paderborn/KA22/N15_M07_F04_KA22_5.mat,N15_M07_F04_KA22_5.mat,n15_m07_f04_ka22_5,N15_M07_F04_KA22_5,1,unknown,False
data/raw/paderborn/KA22/N15_M07_F04_KA22_6.mat,N15_M07_F04_KA22_6.mat,n15_m07_f04_ka22_6,N15_M07_F04_KA22_6,1,unknown,False
data/raw/paderborn/KA22/N15_M07_F04_KA22_7.mat,N15_M07_F04_KA22_7.mat,n15_m07_f04_ka22_7,N15_M07_F04_KA22_7,1,unknown,False
data/raw/paderborn/KA22/N15_M07_F04_KA22_8.mat,N15_M07_F04_KA22_8.mat,n15_m07_f04_ka22_8,N15_M07_F04_KA22_8,1,unknown,False
data/raw/paderborn/KA22/N15_M07_F04_KA22_9.mat,N15_M07_F04_KA22_9.mat,n15_m07_f04_ka22_9,N15_M07_F04_KA22_9,1,unknown,False
data/raw/paderborn/KA22/N15_M07_F10_KA22_1.mat,N15_M07_F10_KA22_1.mat,n15_m07_f10_ka22_1,N15_M07_F10_KA22_1,1,unknown,False
data/raw/paderborn/KA22/N15_M07_F10_KA22_10.mat,N15_M07_F10_KA22_10.mat,n15_m07_f10_ka22_10,N15_M07_F10_KA22_10,1,unknown,False
data/raw/paderborn/KA22/N15_M07_F10_KA22_11.mat,N15_M07_F10_KA22_11.mat,n15_m07_f10_ka22_11,N15_M07_F10_KA22_11,1,unknown,False
data/raw/paderborn/KA22/N15_M07_F10_KA22_12.mat,N15_M07_F10_KA22_12.mat,n15_m07_f10_ka22_12,N15_M07_F10_KA22_12,1,unknown,False
data/raw/paderborn/KA22/N15_M07_F10_KA22_13.mat,N15_M07_F10_KA22_13.mat,n15_m07_f10_ka22_13,N15_M07_F10_KA22_13,1,unknown,False
data/raw/paderborn/KA22/N15_M07_F10_KA22_14.mat,N15_M07_F10_KA22_14.mat,n15_m07_f10_ka22_14,N15_M07_F10_KA22_14,1,unknown,False
data/raw/paderborn/KA22/N15_M07_F10_KA22_15.mat,N15_M07_F10_KA22_15.mat,n15_m07_f10_ka22_15,N15_M07_F10_KA22_15,1,unknown,False
data/raw/paderborn/KA22/N15_M07_F10_KA22_16.mat,N15_M07_F10_KA22_16.mat,n15_m07_f10_ka22_16,N15_M07_F10_KA22_16,1,unknown,False
data/raw/paderborn/KA22/N15_M07_F10_KA22_17.mat,N15_M07_F10_KA22_17.mat,n15_m07_f10_ka22_17,N15_M07_F10_KA22_17,1,unknown,False
data/raw/paderborn/KA22/N15_M07_F10_KA22_18.mat,N15_M07_F10_KA22_18.mat,n15_m07_f10_ka22_18,N15_M07_F10_KA22_18,1,unknown,False
data/raw/paderborn/KA22/N15_M07_F10_KA22_19.mat,N15_M07_F10_KA22_19.mat,n15_m07_f10_ka22_19,N15_M07_F10_KA22_19,1,unknown,False
data/raw/paderborn/KA22/N15_M07_F10_KA22_2.mat,N15_M07_F10_KA22_2.mat,n15_m07_f10_ka22_2,N15_M07_F10_KA22_2,1,unknown,False
data/raw/paderborn/KA22/N15_M07_F10_KA22_20.mat,N15_M07_F10_KA22_20.mat,n15_m07_f10_ka22_20,N15_M07_F10_KA22_20,1,unknown,False
data/raw/paderborn/KA22/N15_M07_F10_KA22_3.mat,N15_M07_F10_KA22_3.mat,n15_m07_f10_ka22_3,N15_M07_F10_KA22_3,1,unknown,False
data/raw/paderborn/KA22/N15_M07_F10_KA22_4.mat,N15_M07_F10_KA22_4.mat,n15_m07_f10_ka22_4,N15_M07_F10_KA22_4,1,unknown,False
data/raw/paderborn/KA22/N15_M07_F10_KA22_5.mat,N15_M07_F10_KA22_5.mat,n15_m07_f10_ka22_5,N15_M07_F10_KA22_5,1,unknown,False
data/raw/paderborn/KA22/N15_M07_F10_KA22_6.mat,N15_M07_F10_KA22_6.mat,n15_m07_f10_ka22_6,N15_M07_F10_KA22_6,1,unknown,False
data/raw/paderborn/KA22/N15_M07_F10_KA22_7.mat,N15_M07_F10_KA22_7.mat,n15_m07_f10_ka22_7,N15_M07_F10_KA22_7,1,unknown,False
data/raw/paderborn/KA22/N15_M07_F10_KA22_8.mat,N15_M07_F10_KA22_8.mat,n15_m07_f10_ka22_8,N15_M07_F10_KA22_8,1,unknown,False
data/raw/paderborn/KA22/N15_M07_F10_KA22_9.mat,N15_M07_F10_KA22_9.mat,n15_m07_f10_ka22_9,N15_M07_F10_KA22_9,1,unknown,False
data/raw/paderborn/KA30/N09_M07_F10_KA30_1.mat,N09_M07_F10_KA30_1.mat,n09_m07_f10_ka30_1,N09_M07_F10_KA30_1,1,unknown,False
data/raw/paderborn/KA30/N09_M07_F10_KA30_10.mat,N09_M07_F10_KA30_10.mat,n09_m07_f10_ka30_10,N09_M07_F10_KA30_10,1,unknown,False
data/raw/paderborn/KA30/N09_M07_F10_KA30_11.mat,N09_M07_F10_KA30_11.mat,n09_m07_f10_ka30_11,N09_M07_F10_KA30_11,1,unknown,False
data/raw/paderborn/KA30/N09_M07_F10_KA30_12.mat,N09_M07_F10_KA30_12.mat,n09_m07_f10_ka30_12,N09_M07_F10_KA30_12,1,unknown,False
data/raw/paderborn/KA30/N09_M07_F10_KA30_13.mat,N09_M07_F10_KA30_13.mat,n09_m07_f10_ka30_13,N09_M07_F10_KA30_13,1,unknown,False
data/raw/paderborn/KA30/N09_M07_F10_KA30_14.mat,N09_M07_F10_KA30_14.mat,n09_m07_f10_ka30_14,N09_M07_F10_KA30_14,1,unknown,False
data/raw/paderborn/KA30/N09_M07_F10_KA30_15.mat,N09_M07_F10_KA30_15.mat,n09_m07_f10_ka30_15,N09_M07_F10_KA30_15,1,unknown,False
data/raw/paderborn/KA30/N09_M07_F10_KA30_16.mat,N09_M07_F10_KA30_16.mat,n09_m07_f10_ka30_16,N09_M07_F10_KA30_16,1,unknown,False
data/raw/paderborn/KA30/N09_M07_F10_KA30_17.mat,N09_M07_F10_KA30_17.mat,n09_m07_f10_ka30_17,N09_M07_F10_KA30_17,1,unknown,False
data/raw/paderborn/KA30/N09_M07_F10_KA30_18.mat,N09_M07_F10_KA30_18.mat,n09_m07_f10_ka30_18,N09_M07_F10_KA30_18,1,unknown,False
data/raw/paderborn/KA30/N09_M07_F10_KA30_19.mat,N09_M07_F10_KA30_19.mat,n09_m07_f10_ka30_19,N09_M07_F10_KA30_19,1,unknown,False
data/raw/paderborn/KA30/N09_M07_F10_KA30_2.mat,N09_M07_F10_KA30_2.mat,n09_m07_f10_ka30_2,N09_M07_F10_KA30_2,1,unknown,False
data/raw/paderborn/KA30/N09_M07_F10_KA30_20.mat,N09_M07_F10_KA30_20.mat,n09_m07_f10_ka30_20,N09_M07_F10_KA30_20,1,unknown,False
data/raw/paderborn/KA30/N09_M07_F10_KA30_3.mat,N09_M07_F10_KA30_3.mat,n09_m07_f10_ka30_3,N09_M07_F10_KA30_3,1,unknown,False
data/raw/paderborn/KA30/N09_M07_F10_KA30_4.mat,N09_M07_F10_KA30_4.mat,n09_m07_f10_ka30_4,N09_M07_F10_KA30_4,1,unknown,False
data/raw/paderborn/KA30/N09_M07_F10_KA30_5.mat,N09_M07_F10_KA30_5.mat,n09_m07_f10_ka30_5,N09_M07_F10_KA30_5,1,unknown,False
data/raw/paderborn/KA30/N09_M07_F10_KA30_6.mat,N09_M07_F10_KA30_6.mat,n09_m07_f10_ka30_6,N09_M07_F10_KA30_6,1,unknown,False
data/raw/paderborn/KA30/N09_M07_F10_KA30_7.mat,N09_M07_F10_KA30_7.mat,n09_m07_f10_ka30_7,N09_M07_F10_KA30_7,1,unknown,False
data/raw/paderborn/KA30/N09_M07_F10_KA30_8.mat,N09_M07_F10_KA30_8.mat,n09_m07_f10_ka30_8,N09_M07_F10_KA30_8,1,unknown,False
data/raw/paderborn/KA30/N09_M07_F10_KA30_9.mat,N09_M07_F10_KA30_9.mat,n09_m07_f10_ka30_9,N09_M07_F10_KA30_9,1,unknown,False
data/raw/paderborn/KA30/N15_M01_F10_KA30_1.mat,N15_M01_F10_KA30_1.mat,n15_m01_f10_ka30_1,N15_M01_F10_KA30_1,1,unknown,False
data/raw/paderborn/KA30/N15_M01_F10_KA30_10.mat,N15_M01_F10_KA30_10.mat,n15_m01_f10_ka30_10,N15_M01_F10_KA30_10,1,unknown,False
data/raw/paderborn/KA30/N15_M01_F10_KA30_11.mat,N15_M01_F10_KA30_11.mat,n15_m01_f10_ka30_11,N15_M01_F10_KA30_11,1,unknown,False
data/raw/paderborn/KA30/N15_M01_F10_KA30_12.mat,N15_M01_F10_KA30_12.mat,n15_m01_f10_ka30_12,N15_M01_F10_KA30_12,1,unknown,False
data/raw/paderborn/KA30/N15_M01_F10_KA30_13.mat,N15_M01_F10_KA30_13.mat,n15_m01_f10_ka30_13,N15_M01_F10_KA30_13,1,unknown,False
data/raw/paderborn/KA30/N15_M01_F10_KA30_14.mat,N15_M01_F10_KA30_14.mat,n15_m01_f10_ka30_14,N15_M01_F10_KA30_14,1,unknown,False
data/raw/paderborn/KA30/N15_M01_F10_KA30_15.mat,N15_M01_F10_KA30_15.mat,n15_m01_f10_ka30_15,N15_M01_F10_KA30_15,1,unknown,False
data/raw/paderborn/KA30/N15_M01_F10_KA30_16.mat,N15_M01_F10_KA30_16.mat,n15_m01_f10_ka30_16,N15_M01_F10_KA30_16,1,unknown,False
data/raw/paderborn/KA30/N15_M01_F10_KA30_17.mat,N15_M01_F10_KA30_17.mat,n15_m01_f10_ka30_17,N15_M01_F10_KA30_17,1,unknown,False
data/raw/paderborn/KA30/N15_M01_F10_KA30_18.mat,N15_M01_F10_KA30_18.mat,n15_m01_f10_ka30_18,N15_M01_F10_KA30_18,1,unknown,False
data/raw/paderborn/KA30/N15_M01_F10_KA30_19.mat,N15_M01_F10_KA30_19.mat,n15_m01_f10_ka30_19,N15_M01_F10_KA30_19,1,unknown,False
data/raw/paderborn/KA30/N15_M01_F10_KA30_2.mat,N15_M01_F10_KA30_2.mat,n15_m01_f10_ka30_2,N15_M01_F10_KA30_2,1,unknown,False
data/raw/paderborn/KA30/N15_M01_F10_KA30_20.mat,N15_M01_F10_KA30_20.mat,n15_m01_f10_ka30_20,N15_M01_F10_KA30_20,1,unknown,False
data/raw/paderborn/KA30/N15_M01_F10_KA30_3.mat,N15_M01_F10_KA30_3.mat,n15_m01_f10_ka30_3,N15_M01_F10_KA30_3,1,unknown,False
data/raw/paderborn/KA30/N15_M01_F10_KA30_4.mat,N15_M01_F10_KA30_4.mat,n15_m01_f10_ka30_4,N15_M01_F10_KA30_4,1,unknown,False
data/raw/paderborn/KA30/N15_M01_F10_KA30_5.mat,N15_M01_F10_KA30_5.mat,n15_m01_f10_ka30_5,N15_M01_F10_KA30_5,1,unknown,False
data/raw/paderborn/KA30/N15_M01_F10_KA30_6.mat,N15_M01_F10_KA30_6.mat,n15_m01_f10_ka30_6,N15_M01_F10_KA30_6,1,unknown,False
data/raw/paderborn/KA30/N15_M01_F10_KA30_7.mat,N15_M01_F10_KA30_7.mat,n15_m01_f10_ka30_7,N15_M01_F10_KA30_7,1,unknown,False
data/raw/paderborn/KA30/N15_M01_F10_KA30_8.mat,N15_M01_F10_KA30_8.mat,n15_m01_f10_ka30_8,N15_M01_F10_KA30_8,1,unknown,False
data/raw/paderborn/KA30/N15_M01_F10_KA30_9.mat,N15_M01_F10_KA30_9.mat,n15_m01_f10_ka30_9,N15_M01_F10_KA30_9,1,unknown,False
data/raw/paderborn/KA30/N15_M07_F04_KA30_1.mat,N15_M07_F04_KA30_1.mat,n15_m07_f04_ka30_1,N15_M07_F04_KA30_1,1,unknown,False
data/raw/paderborn/KA30/N15_M07_F04_KA30_10.mat,N15_M07_F04_KA30_10.mat,n15_m07_f04_ka30_10,N15_M07_F04_KA30_10,1,unknown,False
data/raw/paderborn/KA30/N15_M07_F04_KA30_11.mat,N15_M07_F04_KA30_11.mat,n15_m07_f04_ka30_11,N15_M07_F04_KA30_11,1,unknown,False
data/raw/paderborn/KA30/N15_M07_F04_KA30_12.mat,N15_M07_F04_KA30_12.mat,n15_m07_f04_ka30_12,N15_M07_F04_KA30_12,1,unknown,False
data/raw/paderborn/KA30/N15_M07_F04_KA30_13.mat,N15_M07_F04_KA30_13.mat,n15_m07_f04_ka30_13,N15_M07_F04_KA30_13,1,unknown,False
data/raw/paderborn/KA30/N15_M07_F04_KA30_14.mat,N15_M07_F04_KA30_14.mat,n15_m07_f04_ka30_14,N15_M07_F04_KA30_14,1,unknown,False
data/raw/paderborn/KA30/N15_M07_F04_KA30_15.mat,N15_M07_F04_KA30_15.mat,n15_m07_f04_ka30_15,N15_M07_F04_KA30_15,1,unknown,False
data/raw/paderborn/KA30/N15_M07_F04_KA30_16.mat,N15_M07_F04_KA30_16.mat,n15_m07_f04_ka30_16,N15_M07_F04_KA30_16,1,unknown,False
data/raw/paderborn/KA30/N15_M07_F04_KA30_17.mat,N15_M07_F04_KA30_17.mat,n15_m07_f04_ka30_17,N15_M07_F04_KA30_17,1,unknown,False
data/raw/paderborn/KA30/N15_M07_F04_KA30_18.mat,N15_M07_F04_KA30_18.mat,n15_m07_f04_ka30_18,N15_M07_F04_KA30_18,1,unknown,False
data/raw/paderborn/KA30/N15_M07_F04_KA30_19.mat,N15_M07_F04_KA30_19.mat,n15_m07_f04_ka30_19,N15_M07_F04_KA30_19,1,unknown,False
data/raw/paderborn/KA30/N15_M07_F04_KA30_2.mat,N15_M07_F04_KA30_2.mat,n15_m07_f04_ka30_2,N15_M07_F04_KA30_2,1,unknown,False
data/raw/paderborn/KA30/N15_M07_F04_KA30_20.mat,N15_M07_F04_KA30_20.mat,n15_m07_f04_ka30_20,N15_M07_F04_KA30_20,1,unknown,False
data/raw/paderborn/KA30/N15_M07_F04_KA30_3.mat,N15_M07_F04_KA30_3.mat,n15_m07_f04_ka30_3,N15_M07_F04_KA30_3,1,unknown,False
data/raw/paderborn/KA30/N15_M07_F04_KA30_4.mat,N15_M07_F04_KA30_4.mat,n15_m07_f04_ka30_4,N15_M07_F04_KA30_4,1,unknown,False
data/raw/paderborn/KA30/N15_M07_F04_KA30_5.mat,N15_M07_F04_KA30_5.mat,n15_m07_f04_ka30_5,N15_M07_F04_KA30_5,1,unknown,False
data/raw/paderborn/KA30/N15_M07_F04_KA30_6.mat,N15_M07_F04_KA30_6.mat,n15_m07_f04_ka30_6,N15_M07_F04_KA30_6,1,unknown,False
data/raw/paderborn/KA30/N15_M07_F04_KA30_7.mat,N15_M07_F04_KA30_7.mat,n15_m07_f04_ka30_7,N15_M07_F04_KA30_7,1,unknown,False
data/raw/paderborn/KA30/N15_M07_F04_KA30_8.mat,N15_M07_F04_KA30_8.mat,n15_m07_f04_ka30_8,N15_M07_F04_KA30_8,1,unknown,False
data/raw/paderborn/KA30/N15_M07_F04_KA30_9.mat,N15_M07_F04_KA30_9.mat,n15_m07_f04_ka30_9,N15_M07_F04_KA30_9,1,unknown,False
data/raw/paderborn/KA30/N15_M07_F10_KA30_1.mat,N15_M07_F10_KA30_1.mat,n15_m07_f10_ka30_1,N15_M07_F10_KA30_1,1,unknown,False
data/raw/paderborn/KA30/N15_M07_F10_KA30_10.mat,N15_M07_F10_KA30_10.mat,n15_m07_f10_ka30_10,N15_M07_F10_KA30_10,1,unknown,False
data/raw/paderborn/KA30/N15_M07_F10_KA30_11.mat,N15_M07_F10_KA30_11.mat,n15_m07_f10_ka30_11,N15_M07_F10_KA30_11,1,unknown,False
data/raw/paderborn/KA30/N15_M07_F10_KA30_12.mat,N15_M07_F10_KA30_12.mat,n15_m07_f10_ka30_12,N15_M07_F10_KA30_12,1,unknown,False
data/raw/paderborn/KA30/N15_M07_F10_KA30_13.mat,N15_M07_F10_KA30_13.mat,n15_m07_f10_ka30_13,N15_M07_F10_KA30_13,1,unknown,False
data/raw/paderborn/KA30/N15_M07_F10_KA30_14.mat,N15_M07_F10_KA30_14.mat,n15_m07_f10_ka30_14,N15_M07_F10_KA30_14,1,unknown,False
data/raw/paderborn/KA30/N15_M07_F10_KA30_15.mat,N15_M07_F10_KA30_15.mat,n15_m07_f10_ka30_15,N15_M07_F10_KA30_15,1,unknown,False
data/raw/paderborn/KA30/N15_M07_F10_KA30_16.mat,N15_M07_F10_KA30_16.mat,n15_m07_f10_ka30_16,N15_M07_F10_KA30_16,1,unknown,False
data/raw/paderborn/KA30/N15_M07_F10_KA30_17.mat,N15_M07_F10_KA30_17.mat,n15_m07_f10_ka30_17,N15_M07_F10_KA30_17,1,unknown,False
data/raw/paderborn/KA30/N15_M07_F10_KA30_18.mat,N15_M07_F10_KA30_18.mat,n15_m07_f10_ka30_18,N15_M07_F10_KA30_18,1,unknown,False
data/raw/paderborn/KA30/N15_M07_F10_KA30_19.mat,N15_M07_F10_KA30_19.mat,n15_m07_f10_ka30_19,N15_M07_F10_KA30_19,1,unknown,False
data/raw/paderborn/KA30/N15_M07_F10_KA30_2.mat,N15_M07_F10_KA30_2.mat,n15_m07_f10_ka30_2,N15_M07_F10_KA30_2,1,unknown,False
data/raw/paderborn/KA30/N15_M07_F10_KA30_20.mat,N15_M07_F10_KA30_20.mat,n15_m07_f10_ka30_20,N15_M07_F10_KA30_20,1,unknown,False
data/raw/paderborn/KA30/N15_M07_F10_KA30_3.mat,N15_M07_F10_KA30_3.mat,n15_m07_f10_ka30_3,N15_M07_F10_KA30_3,1,unknown,False
data/raw/paderborn/KA30/N15_M07_F10_KA30_4.mat,N15_M07_F10_KA30_4.mat,n15_m07_f10_ka30_4,N15_M07_F10_KA30_4,1,unknown,False
data/raw/paderborn/KA30/N15_M07_F10_KA30_5.mat,N15_M07_F10_KA30_5.mat,n15_m07_f10_ka30_5,N15_M07_F10_KA30_5,1,unknown,False
data/raw/paderborn/KA30/N15_M07_F10_KA30_6.mat,N15_M07_F10_KA30_6.mat,n15_m07_f10_ka30_6,N15_M07_F10_KA30_6,1,unknown,False
data/raw/paderborn/KA30/N15_M07_F10_KA30_7.mat,N15_M07_F10_KA30_7.mat,n15_m07_f10_ka30_7,N15_M07_F10_KA30_7,1,unknown,False
data/raw/paderborn/KA30/N15_M07_F10_KA30_8.mat,N15_M07_F10_KA30_8.mat,n15_m07_f10_ka30_8,N15_M07_F10_KA30_8,1,unknown,False
data/raw/paderborn/KA30/N15_M07_F10_KA30_9.mat,N15_M07_F10_KA30_9.mat,n15_m07_f10_ka30_9,N15_M07_F10_KA30_9,1,unknown,False
data/raw/paderborn/KB23/N09_M07_F10_KB23_1.mat,N09_M07_F10_KB23_1.mat,n09_m07_f10_kb23_1,N09_M07_F10_KB23_1,1,unknown,False
data/raw/paderborn/KB23/N09_M07_F10_KB23_10.mat,N09_M07_F10_KB23_10.mat,n09_m07_f10_kb23_10,N09_M07_F10_KB23_10,1,unknown,False
data/raw/paderborn/KB23/N09_M07_F10_KB23_11.mat,N09_M07_F10_KB23_11.mat,n09_m07_f10_kb23_11,N09_M07_F10_KB23_11,1,unknown,False
data/raw/paderborn/KB23/N09_M07_F10_KB23_12.mat,N09_M07_F10_KB23_12.mat,n09_m07_f10_kb23_12,N09_M07_F10_KB23_12,1,unknown,False
data/raw/paderborn/KB23/N09_M07_F10_KB23_13.mat,N09_M07_F10_KB23_13.mat,n09_m07_f10_kb23_13,N09_M07_F10_KB23_13,1,unknown,False
data/raw/paderborn/KB23/N09_M07_F10_KB23_14.mat,N09_M07_F10_KB23_14.mat,n09_m07_f10_kb23_14,N09_M07_F10_KB23_14,1,unknown,False
data/raw/paderborn/KB23/N09_M07_F10_KB23_15.mat,N09_M07_F10_KB23_15.mat,n09_m07_f10_kb23_15,N09_M07_F10_KB23_15,1,unknown,False
data/raw/paderborn/KB23/N09_M07_F10_KB23_16.mat,N09_M07_F10_KB23_16.mat,n09_m07_f10_kb23_16,N09_M07_F10_KB23_16,1,unknown,False
data/raw/paderborn/KB23/N09_M07_F10_KB23_17.mat,N09_M07_F10_KB23_17.mat,n09_m07_f10_kb23_17,N09_M07_F10_KB23_17,1,unknown,False
data/raw/paderborn/KB23/N09_M07_F10_KB23_18.mat,N09_M07_F10_KB23_18.mat,n09_m07_f10_kb23_18,N09_M07_F10_KB23_18,1,unknown,False
data/raw/paderborn/KB23/N09_M07_F10_KB23_19.mat,N09_M07_F10_KB23_19.mat,n09_m07_f10_kb23_19,N09_M07_F10_KB23_19,1,unknown,False
data/raw/paderborn/KB23/N09_M07_F10_KB23_2.mat,N09_M07_F10_KB23_2.mat,n09_m07_f10_kb23_2,N09_M07_F10_KB23_2,1,unknown,False
data/raw/paderborn/KB23/N09_M07_F10_KB23_20.mat,N09_M07_F10_KB23_20.mat,n09_m07_f10_kb23_20,N09_M07_F10_KB23_20,1,unknown,False
data/raw/paderborn/KB23/N09_M07_F10_KB23_3.mat,N09_M07_F10_KB23_3.mat,n09_m07_f10_kb23_3,N09_M07_F10_KB23_3,1,unknown,False
data/raw/paderborn/KB23/N09_M07_F10_KB23_4.mat,N09_M07_F10_KB23_4.mat,n09_m07_f10_kb23_4,N09_M07_F10_KB23_4,1,unknown,False
data/raw/paderborn/KB23/N09_M07_F10_KB23_5.mat,N09_M07_F10_KB23_5.mat,n09_m07_f10_kb23_5,N09_M07_F10_KB23_5,1,unknown,False
data/raw/paderborn/KB23/N09_M07_F10_KB23_6.mat,N09_M07_F10_KB23_6.mat,n09_m07_f10_kb23_6,N09_M07_F10_KB23_6,1,unknown,False
data/raw/paderborn/KB23/N09_M07_F10_KB23_7.mat,N09_M07_F10_KB23_7.mat,n09_m07_f10_kb23_7,N09_M07_F10_KB23_7,1,unknown,False
data/raw/paderborn/KB23/N09_M07_F10_KB23_8.mat,N09_M07_F10_KB23_8.mat,n09_m07_f10_kb23_8,N09_M07_F10_KB23_8,1,unknown,False
data/raw/paderborn/KB23/N09_M07_F10_KB23_9.mat,N09_M07_F10_KB23_9.mat,n09_m07_f10_kb23_9,N09_M07_F10_KB23_9,1,unknown,False
data/raw/paderborn/KB23/N15_M01_F10_KB23_1.mat,N15_M01_F10_KB23_1.mat,n15_m01_f10_kb23_1,N15_M01_F10_KB23_1,1,unknown,False
data/raw/paderborn/KB23/N15_M01_F10_KB23_10.mat,N15_M01_F10_KB23_10.mat,n15_m01_f10_kb23_10,N15_M01_F10_KB23_10,1,unknown,False
data/raw/paderborn/KB23/N15_M01_F10_KB23_11.mat,N15_M01_F10_KB23_11.mat,n15_m01_f10_kb23_11,N15_M01_F10_KB23_11,1,unknown,False
data/raw/paderborn/KB23/N15_M01_F10_KB23_12.mat,N15_M01_F10_KB23_12.mat,n15_m01_f10_kb23_12,N15_M01_F10_KB23_12,1,unknown,False
data/raw/paderborn/KB23/N15_M01_F10_KB23_13.mat,N15_M01_F10_KB23_13.mat,n15_m01_f10_kb23_13,N15_M01_F10_KB23_13,1,unknown,False
data/raw/paderborn/KB23/N15_M01_F10_KB23_14.mat,N15_M01_F10_KB23_14.mat,n15_m01_f10_kb23_14,N15_M01_F10_KB23_14,1,unknown,False
data/raw/paderborn/KB23/N15_M01_F10_KB23_15.mat,N15_M01_F10_KB23_15.mat,n15_m01_f10_kb23_15,N15_M01_F10_KB23_15,1,unknown,False
data/raw/paderborn/KB23/N15_M01_F10_KB23_16.mat,N15_M01_F10_KB23_16.mat,n15_m01_f10_kb23_16,N15_M01_F10_KB23_16,1,unknown,False
data/raw/paderborn/KB23/N15_M01_F10_KB23_17.mat,N15_M01_F10_KB23_17.mat,n15_m01_f10_kb23_17,N15_M01_F10_KB23_17,1,unknown,False
data/raw/paderborn/KB23/N15_M01_F10_KB23_18.mat,N15_M01_F10_KB23_18.mat,n15_m01_f10_kb23_18,N15_M01_F10_KB23_18,1,unknown,False
data/raw/paderborn/KB23/N15_M01_F10_KB23_19.mat,N15_M01_F10_KB23_19.mat,n15_m01_f10_kb23_19,N15_M01_F10_KB23_19,1,unknown,False
data/raw/paderborn/KB23/N15_M01_F10_KB23_2.mat,N15_M01_F10_KB23_2.mat,n15_m01_f10_kb23_2,N15_M01_F10_KB23_2,1,unknown,False
data/raw/paderborn/KB23/N15_M01_F10_KB23_20.mat,N15_M01_F10_KB23_20.mat,n15_m01_f10_kb23_20,N15_M01_F10_KB23_20,1,unknown,False
data/raw/paderborn/KB23/N15_M01_F10_KB23_3.mat,N15_M01_F10_KB23_3.mat,n15_m01_f10_kb23_3,N15_M01_F10_KB23_3,1,unknown,False
data/raw/paderborn/KB23/N15_M01_F10_KB23_4.mat,N15_M01_F10_KB23_4.mat,n15_m01_f10_kb23_4,N15_M01_F10_KB23_4,1,unknown,False
data/raw/paderborn/KB23/N15_M01_F10_KB23_5.mat,N15_M01_F10_KB23_5.mat,n15_m01_f10_kb23_5,N15_M01_F10_KB23_5,1,unknown,False
data/raw/paderborn/KB23/N15_M01_F10_KB23_6.mat,N15_M01_F10_KB23_6.mat,n15_m01_f10_kb23_6,N15_M01_F10_KB23_6,1,unknown,False
data/raw/paderborn/KB23/N15_M01_F10_KB23_7.mat,N15_M01_F10_KB23_7.mat,n15_m01_f10_kb23_7,N15_M01_F10_KB23_7,1,unknown,False
data/raw/paderborn/KB23/N15_M01_F10_KB23_8.mat,N15_M01_F10_KB23_8.mat,n15_m01_f10_kb23_8,N15_M01_F10_KB23_8,1,unknown,False
data/raw/paderborn/KB23/N15_M01_F10_KB23_9.mat,N15_M01_F10_KB23_9.mat,n15_m01_f10_kb23_9,N15_M01_F10_KB23_9,1,unknown,False
data/raw/paderborn/KB23/N15_M07_F04_KB23_1.mat,N15_M07_F04_KB23_1.mat,n15_m07_f04_kb23_1,N15_M07_F04_KB23_1,1,unknown,False
data/raw/paderborn/KB23/N15_M07_F04_KB23_10.mat,N15_M07_F04_KB23_10.mat,n15_m07_f04_kb23_10,N15_M07_F04_KB23_10,1,unknown,False
data/raw/paderborn/KB23/N15_M07_F04_KB23_11.mat,N15_M07_F04_KB23_11.mat,n15_m07_f04_kb23_11,N15_M07_F04_KB23_11,1,unknown,False
data/raw/paderborn/KB23/N15_M07_F04_KB23_12.mat,N15_M07_F04_KB23_12.mat,n15_m07_f04_kb23_12,N15_M07_F04_KB23_12,1,unknown,False
data/raw/paderborn/KB23/N15_M07_F04_KB23_13.mat,N15_M07_F04_KB23_13.mat,n15_m07_f04_kb23_13,N15_M07_F04_KB23_13,1,unknown,False
data/raw/paderborn/KB23/N15_M07_F04_KB23_14.mat,N15_M07_F04_KB23_14.mat,n15_m07_f04_kb23_14,N15_M07_F04_KB23_14,1,unknown,False
data/raw/paderborn/KB23/N15_M07_F04_KB23_15.mat,N15_M07_F04_KB23_15.mat,n15_m07_f04_kb23_15,N15_M07_F04_KB23_15,1,unknown,False
data/raw/paderborn/KB23/N15_M07_F04_KB23_16.mat,N15_M07_F04_KB23_16.mat,n15_m07_f04_kb23_16,N15_M07_F04_KB23_16,1,unknown,False
data/raw/paderborn/KB23/N15_M07_F04_KB23_17.mat,N15_M07_F04_KB23_17.mat,n15_m07_f04_kb23_17,N15_M07_F04_KB23_17,1,unknown,False
data/raw/paderborn/KB23/N15_M07_F04_KB23_18.mat,N15_M07_F04_KB23_18.mat,n15_m07_f04_kb23_18,N15_M07_F04_KB23_18,1,unknown,False
data/raw/paderborn/KB23/N15_M07_F04_KB23_19.mat,N15_M07_F04_KB23_19.mat,n15_m07_f04_kb23_19,N15_M07_F04_KB23_19,1,unknown,False
data/raw/paderborn/KB23/N15_M07_F04_KB23_2.mat,N15_M07_F04_KB23_2.mat,n15_m07_f04_kb23_2,N15_M07_F04_KB23_2,1,unknown,False
data/raw/paderborn/KB23/N15_M07_F04_KB23_20.mat,N15_M07_F04_KB23_20.mat,n15_m07_f04_kb23_20,N15_M07_F04_KB23_20,1,unknown,False
data/raw/paderborn/KB23/N15_M07_F04_KB23_3.mat,N15_M07_F04_KB23_3.mat,n15_m07_f04_kb23_3,N15_M07_F04_KB23_3,1,unknown,False
data/raw/paderborn/KB23/N15_M07_F04_KB23_4.mat,N15_M07_F04_KB23_4.mat,n15_m07_f04_kb23_4,N15_M07_F04_KB23_4,1,unknown,False
data/raw/paderborn/KB23/N15_M07_F04_KB23_5.mat,N15_M07_F04_KB23_5.mat,n15_m07_f04_kb23_5,N15_M07_F04_KB23_5,1,unknown,False
data/raw/paderborn/KB23/N15_M07_F04_KB23_6.mat,N15_M07_F04_KB23_6.mat,n15_m07_f04_kb23_6,N15_M07_F04_KB23_6,1,unknown,False
data/raw/paderborn/KB23/N15_M07_F04_KB23_7.mat,N15_M07_F04_KB23_7.mat,n15_m07_f04_kb23_7,N15_M07_F04_KB23_7,1,unknown,False
data/raw/paderborn/KB23/N15_M07_F04_KB23_8.mat,N15_M07_F04_KB23_8.mat,n15_m07_f04_kb23_8,N15_M07_F04_KB23_8,1,unknown,False
data/raw/paderborn/KB23/N15_M07_F04_KB23_9.mat,N15_M07_F04_KB23_9.mat,n15_m07_f04_kb23_9,N15_M07_F04_KB23_9,1,unknown,False
data/raw/paderborn/KB23/N15_M07_F10_KB23_1.mat,N15_M07_F10_KB23_1.mat,n15_m07_f10_kb23_1,N15_M07_F10_KB23_1,1,unknown,False
data/raw/paderborn/KB23/N15_M07_F10_KB23_10.mat,N15_M07_F10_KB23_10.mat,n15_m07_f10_kb23_10,N15_M07_F10_KB23_10,1,unknown,False
data/raw/paderborn/KB23/N15_M07_F10_KB23_11.mat,N15_M07_F10_KB23_11.mat,n15_m07_f10_kb23_11,N15_M07_F10_KB23_11,1,unknown,False
data/raw/paderborn/KB23/N15_M07_F10_KB23_12.mat,N15_M07_F10_KB23_12.mat,n15_m07_f10_kb23_12,N15_M07_F10_KB23_12,1,unknown,False
data/raw/paderborn/KB23/N15_M07_F10_KB23_13.mat,N15_M07_F10_KB23_13.mat,n15_m07_f10_kb23_13,N15_M07_F10_KB23_13,1,unknown,False
data/raw/paderborn/KB23/N15_M07_F10_KB23_14.mat,N15_M07_F10_KB23_14.mat,n15_m07_f10_kb23_14,N15_M07_F10_KB23_14,1,unknown,False
data/raw/paderborn/KB23/N15_M07_F10_KB23_15.mat,N15_M07_F10_KB23_15.mat,n15_m07_f10_kb23_15,N15_M07_F10_KB23_15,1,unknown,False
data/raw/paderborn/KB23/N15_M07_F10_KB23_16.mat,N15_M07_F10_KB23_16.mat,n15_m07_f10_kb23_16,N15_M07_F10_KB23_16,1,unknown,False
data/raw/paderborn/KB23/N15_M07_F10_KB23_17.mat,N15_M07_F10_KB23_17.mat,n15_m07_f10_kb23_17,N15_M07_F10_KB23_17,1,unknown,False
data/raw/paderborn/KB23/N15_M07_F10_KB23_18.mat,N15_M07_F10_KB23_18.mat,n15_m07_f10_kb23_18,N15_M07_F10_KB23_18,1,unknown,False
data/raw/paderborn/KB23/N15_M07_F10_KB23_19.mat,N15_M07_F10_KB23_19.mat,n15_m07_f10_kb23_19,N15_M07_F10_KB23_19,1,unknown,False
data/raw/paderborn/KB23/N15_M07_F10_KB23_2.mat,N15_M07_F10_KB23_2.mat,n15_m07_f10_kb23_2,N15_M07_F10_KB23_2,1,unknown,False
data/raw/paderborn/KB23/N15_M07_F10_KB23_20.mat,N15_M07_F10_KB23_20.mat,n15_m07_f10_kb23_20,N15_M07_F10_KB23_20,1,unknown,False
data/raw/paderborn/KB23/N15_M07_F10_KB23_3.mat,N15_M07_F10_KB23_3.mat,n15_m07_f10_kb23_3,N15_M07_F10_KB23_3,1,unknown,False
data/raw/paderborn/KB23/N15_M07_F10_KB23_4.mat,N15_M07_F10_KB23_4.mat,n15_m07_f10_kb23_4,N15_M07_F10_KB23_4,1,unknown,False
data/raw/paderborn/KB23/N15_M07_F10_KB23_5.mat,N15_M07_F10_KB23_5.mat,n15_m07_f10_kb23_5,N15_M07_F10_KB23_5,1,unknown,False
data/raw/paderborn/KB23/N15_M07_F10_KB23_6.mat,N15_M07_F10_KB23_6.mat,n15_m07_f10_kb23_6,N15_M07_F10_KB23_6,1,unknown,False
data/raw/paderborn/KB23/N15_M07_F10_KB23_7.mat,N15_M07_F10_KB23_7.mat,n15_m07_f10_kb23_7,N15_M07_F10_KB23_7,1,unknown,False
data/raw/paderborn/KB23/N15_M07_F10_KB23_8.mat,N15_M07_F10_KB23_8.mat,n15_m07_f10_kb23_8,N15_M07_F10_KB23_8,1,unknown,False
data/raw/paderborn/KB23/N15_M07_F10_KB23_9.mat,N15_M07_F10_KB23_9.mat,n15_m07_f10_kb23_9,N15_M07_F10_KB23_9,1,unknown,False
data/raw/paderborn/KB24/N09_M07_F10_KB24_1.mat,N09_M07_F10_KB24_1.mat,n09_m07_f10_kb24_1,N09_M07_F10_KB24_1,1,unknown,False
data/raw/paderborn/KB24/N09_M07_F10_KB24_10.mat,N09_M07_F10_KB24_10.mat,n09_m07_f10_kb24_10,N09_M07_F10_KB24_10,1,unknown,False
data/raw/paderborn/KB24/N09_M07_F10_KB24_11.mat,N09_M07_F10_KB24_11.mat,n09_m07_f10_kb24_11,N09_M07_F10_KB24_11,1,unknown,False
data/raw/paderborn/KB24/N09_M07_F10_KB24_12.mat,N09_M07_F10_KB24_12.mat,n09_m07_f10_kb24_12,N09_M07_F10_KB24_12,1,unknown,False
data/raw/paderborn/KB24/N09_M07_F10_KB24_13.mat,N09_M07_F10_KB24_13.mat,n09_m07_f10_kb24_13,N09_M07_F10_KB24_13,1,unknown,False
data/raw/paderborn/KB24/N09_M07_F10_KB24_14.mat,N09_M07_F10_KB24_14.mat,n09_m07_f10_kb24_14,N09_M07_F10_KB24_14,1,unknown,False
data/raw/paderborn/KB24/N09_M07_F10_KB24_15.mat,N09_M07_F10_KB24_15.mat,n09_m07_f10_kb24_15,N09_M07_F10_KB24_15,1,unknown,False
data/raw/paderborn/KB24/N09_M07_F10_KB24_16.mat,N09_M07_F10_KB24_16.mat,n09_m07_f10_kb24_16,N09_M07_F10_KB24_16,1,unknown,False
data/raw/paderborn/KB24/N09_M07_F10_KB24_17.mat,N09_M07_F10_KB24_17.mat,n09_m07_f10_kb24_17,N09_M07_F10_KB24_17,1,unknown,False
data/raw/paderborn/KB24/N09_M07_F10_KB24_18.mat,N09_M07_F10_KB24_18.mat,n09_m07_f10_kb24_18,N09_M07_F10_KB24_18,1,unknown,False
data/raw/paderborn/KB24/N09_M07_F10_KB24_19.mat,N09_M07_F10_KB24_19.mat,n09_m07_f10_kb24_19,N09_M07_F10_KB24_19,1,unknown,False
data/raw/paderborn/KB24/N09_M07_F10_KB24_2.mat,N09_M07_F10_KB24_2.mat,n09_m07_f10_kb24_2,N09_M07_F10_KB24_2,1,unknown,False
data/raw/paderborn/KB24/N09_M07_F10_KB24_20.mat,N09_M07_F10_KB24_20.mat,n09_m07_f10_kb24_20,N09_M07_F10_KB24_20,1,unknown,False
data/raw/paderborn/KB24/N09_M07_F10_KB24_3.mat,N09_M07_F10_KB24_3.mat,n09_m07_f10_kb24_3,N09_M07_F10_KB24_3,1,unknown,False
data/raw/paderborn/KB24/N09_M07_F10_KB24_4.mat,N09_M07_F10_KB24_4.mat,n09_m07_f10_kb24_4,N09_M07_F10_KB24_4,1,unknown,False
data/raw/paderborn/KB24/N09_M07_F10_KB24_5.mat,N09_M07_F10_KB24_5.mat,n09_m07_f10_kb24_5,N09_M07_F10_KB24_5,1,unknown,False
data/raw/paderborn/KB24/N09_M07_F10_KB24_6.mat,N09_M07_F10_KB24_6.mat,n09_m07_f10_kb24_6,N09_M07_F10_KB24_6,1,unknown,False
data/raw/paderborn/KB24/N09_M07_F10_KB24_7.mat,N09_M07_F10_KB24_7.mat,n09_m07_f10_kb24_7,N09_M07_F10_KB24_7,1,unknown,False
data/raw/paderborn/KB24/N09_M07_F10_KB24_8.mat,N09_M07_F10_KB24_8.mat,n09_m07_f10_kb24_8,N09_M07_F10_KB24_8,1,unknown,False
data/raw/paderborn/KB24/N09_M07_F10_KB24_9.mat,N09_M07_F10_KB24_9.mat,n09_m07_f10_kb24_9,N09_M07_F10_KB24_9,1,unknown,False
data/raw/paderborn/KB24/N15_M01_F10_KB24_1.mat,N15_M01_F10_KB24_1.mat,n15_m01_f10_kb24_1,N15_M01_F10_KB24_1,1,unknown,False
data/raw/paderborn/KB24/N15_M01_F10_KB24_10.mat,N15_M01_F10_KB24_10.mat,n15_m01_f10_kb24_10,N15_M01_F10_KB24_10,1,unknown,False
data/raw/paderborn/KB24/N15_M01_F10_KB24_11.mat,N15_M01_F10_KB24_11.mat,n15_m01_f10_kb24_11,N15_M01_F10_KB24_11,1,unknown,False
data/raw/paderborn/KB24/N15_M01_F10_KB24_12.mat,N15_M01_F10_KB24_12.mat,n15_m01_f10_kb24_12,N15_M01_F10_KB24_12,1,unknown,False
data/raw/paderborn/KB24/N15_M01_F10_KB24_13.mat,N15_M01_F10_KB24_13.mat,n15_m01_f10_kb24_13,N15_M01_F10_KB24_13,1,unknown,False
data/raw/paderborn/KB24/N15_M01_F10_KB24_14.mat,N15_M01_F10_KB24_14.mat,n15_m01_f10_kb24_14,N15_M01_F10_KB24_14,1,unknown,False
data/raw/paderborn/KB24/N15_M01_F10_KB24_15.mat,N15_M01_F10_KB24_15.mat,n15_m01_f10_kb24_15,N15_M01_F10_KB24_15,1,unknown,False
data/raw/paderborn/KB24/N15_M01_F10_KB24_16.mat,N15_M01_F10_KB24_16.mat,n15_m01_f10_kb24_16,N15_M01_F10_KB24_16,1,unknown,False
data/raw/paderborn/KB24/N15_M01_F10_KB24_17.mat,N15_M01_F10_KB24_17.mat,n15_m01_f10_kb24_17,N15_M01_F10_KB24_17,1,unknown,False
data/raw/paderborn/KB24/N15_M01_F10_KB24_18.mat,N15_M01_F10_KB24_18.mat,n15_m01_f10_kb24_18,N15_M01_F10_KB24_18,1,unknown,False
data/raw/paderborn/KB24/N15_M01_F10_KB24_19.mat,N15_M01_F10_KB24_19.mat,n15_m01_f10_kb24_19,N15_M01_F10_KB24_19,1,unknown,False
data/raw/paderborn/KB24/N15_M01_F10_KB24_2.mat,N15_M01_F10_KB24_2.mat,n15_m01_f10_kb24_2,N15_M01_F10_KB24_2,1,unknown,False
data/raw/paderborn/KB24/N15_M01_F10_KB24_20.mat,N15_M01_F10_KB24_20.mat,n15_m01_f10_kb24_20,N15_M01_F10_KB24_20,1,unknown,False
data/raw/paderborn/KB24/N15_M01_F10_KB24_3.mat,N15_M01_F10_KB24_3.mat,n15_m01_f10_kb24_3,N15_M01_F10_KB24_3,1,unknown,False
data/raw/paderborn/KB24/N15_M01_F10_KB24_4.mat,N15_M01_F10_KB24_4.mat,n15_m01_f10_kb24_4,N15_M01_F10_KB24_4,1,unknown,False
data/raw/paderborn/KB24/N15_M01_F10_KB24_5.mat,N15_M01_F10_KB24_5.mat,n15_m01_f10_kb24_5,N15_M01_F10_KB24_5,1,unknown,False
data/raw/paderborn/KB24/N15_M01_F10_KB24_6.mat,N15_M01_F10_KB24_6.mat,n15_m01_f10_kb24_6,N15_M01_F10_KB24_6,1,unknown,False
data/raw/paderborn/KB24/N15_M01_F10_KB24_7.mat,N15_M01_F10_KB24_7.mat,n15_m01_f10_kb24_7,N15_M01_F10_KB24_7,1,unknown,False
data/raw/paderborn/KB24/N15_M01_F10_KB24_8.mat,N15_M01_F10_KB24_8.mat,n15_m01_f10_kb24_8,N15_M01_F10_KB24_8,1,unknown,False
data/raw/paderborn/KB24/N15_M01_F10_KB24_9.mat,N15_M01_F10_KB24_9.mat,n15_m01_f10_kb24_9,N15_M01_F10_KB24_9,1,unknown,False
data/raw/paderborn/KB24/N15_M07_F04_KB24_1.mat,N15_M07_F04_KB24_1.mat,n15_m07_f04_kb24_1,N15_M07_F04_KB24_1,1,unknown,False
data/raw/paderborn/KB24/N15_M07_F04_KB24_10.mat,N15_M07_F04_KB24_10.mat,n15_m07_f04_kb24_10,N15_M07_F04_KB24_10,1,unknown,False
data/raw/paderborn/KB24/N15_M07_F04_KB24_11.mat,N15_M07_F04_KB24_11.mat,n15_m07_f04_kb24_11,N15_M07_F04_KB24_11,1,unknown,False
data/raw/paderborn/KB24/N15_M07_F04_KB24_12.mat,N15_M07_F04_KB24_12.mat,n15_m07_f04_kb24_12,N15_M07_F04_KB24_12,1,unknown,False
data/raw/paderborn/KB24/N15_M07_F04_KB24_13.mat,N15_M07_F04_KB24_13.mat,n15_m07_f04_kb24_13,N15_M07_F04_KB24_13,1,unknown,False
data/raw/paderborn/KB24/N15_M07_F04_KB24_14.mat,N15_M07_F04_KB24_14.mat,n15_m07_f04_kb24_14,N15_M07_F04_KB24_14,1,unknown,False
data/raw/paderborn/KB24/N15_M07_F04_KB24_15.mat,N15_M07_F04_KB24_15.mat,n15_m07_f04_kb24_15,N15_M07_F04_KB24_15,1,unknown,False
data/raw/paderborn/KB24/N15_M07_F04_KB24_16.mat,N15_M07_F04_KB24_16.mat,n15_m07_f04_kb24_16,N15_M07_F04_KB24_16,1,unknown,False
data/raw/paderborn/KB24/N15_M07_F04_KB24_17.mat,N15_M07_F04_KB24_17.mat,n15_m07_f04_kb24_17,N15_M07_F04_KB24_17,1,unknown,False
data/raw/paderborn/KB24/N15_M07_F04_KB24_18.mat,N15_M07_F04_KB24_18.mat,n15_m07_f04_kb24_18,N15_M07_F04_KB24_18,1,unknown,False
data/raw/paderborn/KB24/N15_M07_F04_KB24_19.mat,N15_M07_F04_KB24_19.mat,n15_m07_f04_kb24_19,N15_M07_F04_KB24_19,1,unknown,False
data/raw/paderborn/KB24/N15_M07_F04_KB24_2.mat,N15_M07_F04_KB24_2.mat,n15_m07_f04_kb24_2,N15_M07_F04_KB24_2,1,unknown,False
data/raw/paderborn/KB24/N15_M07_F04_KB24_20.mat,N15_M07_F04_KB24_20.mat,n15_m07_f04_kb24_20,N15_M07_F04_KB24_20,1,unknown,False
data/raw/paderborn/KB24/N15_M07_F04_KB24_3.mat,N15_M07_F04_KB24_3.mat,n15_m07_f04_kb24_3,N15_M07_F04_KB24_3,1,unknown,False
data/raw/paderborn/KB24/N15_M07_F04_KB24_4.mat,N15_M07_F04_KB24_4.mat,n15_m07_f04_kb24_4,N15_M07_F04_KB24_4,1,unknown,False
data/raw/paderborn/KB24/N15_M07_F04_KB24_5.mat,N15_M07_F04_KB24_5.mat,n15_m07_f04_kb24_5,N15_M07_F04_KB24_5,1,unknown,False
data/raw/paderborn/KB24/N15_M07_F04_KB24_6.mat,N15_M07_F04_KB24_6.mat,n15_m07_f04_kb24_6,N15_M07_F04_KB24_6,1,unknown,False
data/raw/paderborn/KB24/N15_M07_F04_KB24_7.mat,N15_M07_F04_KB24_7.mat,n15_m07_f04_kb24_7,N15_M07_F04_KB24_7,1,unknown,False
data/raw/paderborn/KB24/N15_M07_F04_KB24_8.mat,N15_M07_F04_KB24_8.mat,n15_m07_f04_kb24_8,N15_M07_F04_KB24_8,1,unknown,False
data/raw/paderborn/KB24/N15_M07_F04_KB24_9.mat,N15_M07_F04_KB24_9.mat,n15_m07_f04_kb24_9,N15_M07_F04_KB24_9,1,unknown,False
data/raw/paderborn/KB24/N15_M07_F10_KB24_1.mat,N15_M07_F10_KB24_1.mat,n15_m07_f10_kb24_1,N15_M07_F10_KB24_1,1,unknown,False
data/raw/paderborn/KB24/N15_M07_F10_KB24_10.mat,N15_M07_F10_KB24_10.mat,n15_m07_f10_kb24_10,N15_M07_F10_KB24_10,1,unknown,False
data/raw/paderborn/KB24/N15_M07_F10_KB24_11.mat,N15_M07_F10_KB24_11.mat,n15_m07_f10_kb24_11,N15_M07_F10_KB24_11,1,unknown,False
data/raw/paderborn/KB24/N15_M07_F10_KB24_12.mat,N15_M07_F10_KB24_12.mat,n15_m07_f10_kb24_12,N15_M07_F10_KB24_12,1,unknown,False
data/raw/paderborn/KB24/N15_M07_F10_KB24_13.mat,N15_M07_F10_KB24_13.mat,n15_m07_f10_kb24_13,N15_M07_F10_KB24_13,1,unknown,False
data/raw/paderborn/KB24/N15_M07_F10_KB24_14.mat,N15_M07_F10_KB24_14.mat,n15_m07_f10_kb24_14,N15_M07_F10_KB24_14,1,unknown,False
data/raw/paderborn/KB24/N15_M07_F10_KB24_15.mat,N15_M07_F10_KB24_15.mat,n15_m07_f10_kb24_15,N15_M07_F10_KB24_15,1,unknown,False
data/raw/paderborn/KB24/N15_M07_F10_KB24_16.mat,N15_M07_F10_KB24_16.mat,n15_m07_f10_kb24_16,N15_M07_F10_KB24_16,1,unknown,False
data/raw/paderborn/KB24/N15_M07_F10_KB24_17.mat,N15_M07_F10_KB24_17.mat,n15_m07_f10_kb24_17,N15_M07_F10_KB24_17,1,unknown,False
data/raw/paderborn/KB24/N15_M07_F10_KB24_18.mat,N15_M07_F10_KB24_18.mat,n15_m07_f10_kb24_18,N15_M07_F10_KB24_18,1,unknown,False
data/raw/paderborn/KB24/N15_M07_F10_KB24_19.mat,N15_M07_F10_KB24_19.mat,n15_m07_f10_kb24_19,N15_M07_F10_KB24_19,1,unknown,False
data/raw/paderborn/KB24/N15_M07_F10_KB24_2.mat,N15_M07_F10_KB24_2.mat,n15_m07_f10_kb24_2,N15_M07_F10_KB24_2,1,unknown,False
data/raw/paderborn/KB24/N15_M07_F10_KB24_20.mat,N15_M07_F10_KB24_20.mat,n15_m07_f10_kb24_20,N15_M07_F10_KB24_20,1,unknown,False
data/raw/paderborn/KB24/N15_M07_F10_KB24_3.mat,N15_M07_F10_KB24_3.mat,n15_m07_f10_kb24_3,N15_M07_F10_KB24_3,1,unknown,False
data/raw/paderborn/KB24/N15_M07_F10_KB24_4.mat,N15_M07_F10_KB24_4.mat,n15_m07_f10_kb24_4,N15_M07_F10_KB24_4,1,unknown,False
data/raw/paderborn/KB24/N15_M07_F10_KB24_5.mat,N15_M07_F10_KB24_5.mat,n15_m07_f10_kb24_5,N15_M07_F10_KB24_5,1,unknown,False
data/raw/paderborn/KB24/N15_M07_F10_KB24_6.mat,N15_M07_F10_KB24_6.mat,n15_m07_f10_kb24_6,N15_M07_F10_KB24_6,1,unknown,False
data/raw/paderborn/KB24/N15_M07_F10_KB24_7.mat,N15_M07_F10_KB24_7.mat,n15_m07_f10_kb24_7,N15_M07_F10_KB24_7,1,unknown,False
data/raw/paderborn/KB24/N15_M07_F10_KB24_8.mat,N15_M07_F10_KB24_8.mat,n15_m07_f10_kb24_8,N15_M07_F10_KB24_8,1,unknown,False
data/raw/paderborn/KB24/N15_M07_F10_KB24_9.mat,N15_M07_F10_KB24_9.mat,n15_m07_f10_kb24_9,N15_M07_F10_KB24_9,1,unknown,False
data/raw/paderborn/KB27/N09_M07_F10_KB27_1.mat,N09_M07_F10_KB27_1.mat,n09_m07_f10_kb27_1,N09_M07_F10_KB27_1,1,unknown,False
data/raw/paderborn/KB27/N09_M07_F10_KB27_10.mat,N09_M07_F10_KB27_10.mat,n09_m07_f10_kb27_10,N09_M07_F10_KB27_10,1,unknown,False
data/raw/paderborn/KB27/N09_M07_F10_KB27_11.mat,N09_M07_F10_KB27_11.mat,n09_m07_f10_kb27_11,N09_M07_F10_KB27_11,1,unknown,False
data/raw/paderborn/KB27/N09_M07_F10_KB27_12.mat,N09_M07_F10_KB27_12.mat,n09_m07_f10_kb27_12,N09_M07_F10_KB27_12,1,unknown,False
data/raw/paderborn/KB27/N09_M07_F10_KB27_13.mat,N09_M07_F10_KB27_13.mat,n09_m07_f10_kb27_13,N09_M07_F10_KB27_13,1,unknown,False
data/raw/paderborn/KB27/N09_M07_F10_KB27_14.mat,N09_M07_F10_KB27_14.mat,n09_m07_f10_kb27_14,N09_M07_F10_KB27_14,1,unknown,False
data/raw/paderborn/KB27/N09_M07_F10_KB27_15.mat,N09_M07_F10_KB27_15.mat,n09_m07_f10_kb27_15,N09_M07_F10_KB27_15,1,unknown,False
data/raw/paderborn/KB27/N09_M07_F10_KB27_16.mat,N09_M07_F10_KB27_16.mat,n09_m07_f10_kb27_16,N09_M07_F10_KB27_16,1,unknown,False
data/raw/paderborn/KB27/N09_M07_F10_KB27_17.mat,N09_M07_F10_KB27_17.mat,n09_m07_f10_kb27_17,N09_M07_F10_KB27_17,1,unknown,False
data/raw/paderborn/KB27/N09_M07_F10_KB27_18.mat,N09_M07_F10_KB27_18.mat,n09_m07_f10_kb27_18,N09_M07_F10_KB27_18,1,unknown,False
data/raw/paderborn/KB27/N09_M07_F10_KB27_19.mat,N09_M07_F10_KB27_19.mat,n09_m07_f10_kb27_19,N09_M07_F10_KB27_19,1,unknown,False
data/raw/paderborn/KB27/N09_M07_F10_KB27_2.mat,N09_M07_F10_KB27_2.mat,n09_m07_f10_kb27_2,N09_M07_F10_KB27_2,1,unknown,False
data/raw/paderborn/KB27/N09_M07_F10_KB27_20.mat,N09_M07_F10_KB27_20.mat,n09_m07_f10_kb27_20,N09_M07_F10_KB27_20,1,unknown,False
data/raw/paderborn/KB27/N09_M07_F10_KB27_3.mat,N09_M07_F10_KB27_3.mat,n09_m07_f10_kb27_3,N09_M07_F10_KB27_3,1,unknown,False
data/raw/paderborn/KB27/N09_M07_F10_KB27_4.mat,N09_M07_F10_KB27_4.mat,n09_m07_f10_kb27_4,N09_M07_F10_KB27_4,1,unknown,False
data/raw/paderborn/KB27/N09_M07_F10_KB27_5.mat,N09_M07_F10_KB27_5.mat,n09_m07_f10_kb27_5,N09_M07_F10_KB27_5,1,unknown,False
data/raw/paderborn/KB27/N09_M07_F10_KB27_6.mat,N09_M07_F10_KB27_6.mat,n09_m07_f10_kb27_6,N09_M07_F10_KB27_6,1,unknown,False
data/raw/paderborn/KB27/N09_M07_F10_KB27_7.mat,N09_M07_F10_KB27_7.mat,n09_m07_f10_kb27_7,N09_M07_F10_KB27_7,1,unknown,False
data/raw/paderborn/KB27/N09_M07_F10_KB27_8.mat,N09_M07_F10_KB27_8.mat,n09_m07_f10_kb27_8,N09_M07_F10_KB27_8,1,unknown,False
data/raw/paderborn/KB27/N09_M07_F10_KB27_9.mat,N09_M07_F10_KB27_9.mat,n09_m07_f10_kb27_9,N09_M07_F10_KB27_9,1,unknown,False
data/raw/paderborn/KB27/N15_M01_F10_KB27_1.mat,N15_M01_F10_KB27_1.mat,n15_m01_f10_kb27_1,N15_M01_F10_KB27_1,1,unknown,False
data/raw/paderborn/KB27/N15_M01_F10_KB27_10.mat,N15_M01_F10_KB27_10.mat,n15_m01_f10_kb27_10,N15_M01_F10_KB27_10,1,unknown,False
data/raw/paderborn/KB27/N15_M01_F10_KB27_11.mat,N15_M01_F10_KB27_11.mat,n15_m01_f10_kb27_11,N15_M01_F10_KB27_11,1,unknown,False
data/raw/paderborn/KB27/N15_M01_F10_KB27_12.mat,N15_M01_F10_KB27_12.mat,n15_m01_f10_kb27_12,N15_M01_F10_KB27_12,1,unknown,False
data/raw/paderborn/KB27/N15_M01_F10_KB27_13.mat,N15_M01_F10_KB27_13.mat,n15_m01_f10_kb27_13,N15_M01_F10_KB27_13,1,unknown,False
data/raw/paderborn/KB27/N15_M01_F10_KB27_14.mat,N15_M01_F10_KB27_14.mat,n15_m01_f10_kb27_14,N15_M01_F10_KB27_14,1,unknown,False
data/raw/paderborn/KB27/N15_M01_F10_KB27_15.mat,N15_M01_F10_KB27_15.mat,n15_m01_f10_kb27_15,N15_M01_F10_KB27_15,1,unknown,False
data/raw/paderborn/KB27/N15_M01_F10_KB27_16.mat,N15_M01_F10_KB27_16.mat,n15_m01_f10_kb27_16,N15_M01_F10_KB27_16,1,unknown,False
data/raw/paderborn/KB27/N15_M01_F10_KB27_17.mat,N15_M01_F10_KB27_17.mat,n15_m01_f10_kb27_17,N15_M01_F10_KB27_17,1,unknown,False
data/raw/paderborn/KB27/N15_M01_F10_KB27_18.mat,N15_M01_F10_KB27_18.mat,n15_m01_f10_kb27_18,N15_M01_F10_KB27_18,1,unknown,False
data/raw/paderborn/KB27/N15_M01_F10_KB27_19.mat,N15_M01_F10_KB27_19.mat,n15_m01_f10_kb27_19,N15_M01_F10_KB27_19,1,unknown,False
data/raw/paderborn/KB27/N15_M01_F10_KB27_2.mat,N15_M01_F10_KB27_2.mat,n15_m01_f10_kb27_2,N15_M01_F10_KB27_2,1,unknown,False
data/raw/paderborn/KB27/N15_M01_F10_KB27_20.mat,N15_M01_F10_KB27_20.mat,n15_m01_f10_kb27_20,N15_M01_F10_KB27_20,1,unknown,False
data/raw/paderborn/KB27/N15_M01_F10_KB27_3.mat,N15_M01_F10_KB27_3.mat,n15_m01_f10_kb27_3,N15_M01_F10_KB27_3,1,unknown,False
data/raw/paderborn/KB27/N15_M01_F10_KB27_4.mat,N15_M01_F10_KB27_4.mat,n15_m01_f10_kb27_4,N15_M01_F10_KB27_4,1,unknown,False
data/raw/paderborn/KB27/N15_M01_F10_KB27_5.mat,N15_M01_F10_KB27_5.mat,n15_m01_f10_kb27_5,N15_M01_F10_KB27_5,1,unknown,False
data/raw/paderborn/KB27/N15_M01_F10_KB27_6.mat,N15_M01_F10_KB27_6.mat,n15_m01_f10_kb27_6,N15_M01_F10_KB27_6,1,unknown,False
data/raw/paderborn/KB27/N15_M01_F10_KB27_7.mat,N15_M01_F10_KB27_7.mat,n15_m01_f10_kb27_7,N15_M01_F10_KB27_7,1,unknown,False
data/raw/paderborn/KB27/N15_M01_F10_KB27_8.mat,N15_M01_F10_KB27_8.mat,n15_m01_f10_kb27_8,N15_M01_F10_KB27_8,1,unknown,False
data/raw/paderborn/KB27/N15_M01_F10_KB27_9.mat,N15_M01_F10_KB27_9.mat,n15_m01_f10_kb27_9,N15_M01_F10_KB27_9,1,unknown,False
data/raw/paderborn/KB27/N15_M07_F04_KB27_1.mat,N15_M07_F04_KB27_1.mat,n15_m07_f04_kb27_1,N15_M07_F04_KB27_1,1,unknown,False
data/raw/paderborn/KB27/N15_M07_F04_KB27_10.mat,N15_M07_F04_KB27_10.mat,n15_m07_f04_kb27_10,N15_M07_F04_KB27_10,1,unknown,False
data/raw/paderborn/KB27/N15_M07_F04_KB27_11.mat,N15_M07_F04_KB27_11.mat,n15_m07_f04_kb27_11,N15_M07_F04_KB27_11,1,unknown,False
data/raw/paderborn/KB27/N15_M07_F04_KB27_12.mat,N15_M07_F04_KB27_12.mat,n15_m07_f04_kb27_12,N15_M07_F04_KB27_12,1,unknown,False
data/raw/paderborn/KB27/N15_M07_F04_KB27_13.mat,N15_M07_F04_KB27_13.mat,n15_m07_f04_kb27_13,N15_M07_F04_KB27_13,1,unknown,False
data/raw/paderborn/KB27/N15_M07_F04_KB27_14.mat,N15_M07_F04_KB27_14.mat,n15_m07_f04_kb27_14,N15_M07_F04_KB27_14,1,unknown,False
data/raw/paderborn/KB27/N15_M07_F04_KB27_15.mat,N15_M07_F04_KB27_15.mat,n15_m07_f04_kb27_15,N15_M07_F04_KB27_15,1,unknown,False
data/raw/paderborn/KB27/N15_M07_F04_KB27_16.mat,N15_M07_F04_KB27_16.mat,n15_m07_f04_kb27_16,N15_M07_F04_KB27_16,1,unknown,False
data/raw/paderborn/KB27/N15_M07_F04_KB27_17.mat,N15_M07_F04_KB27_17.mat,n15_m07_f04_kb27_17,N15_M07_F04_KB27_17,1,unknown,False
data/raw/paderborn/KB27/N15_M07_F04_KB27_18.mat,N15_M07_F04_KB27_18.mat,n15_m07_f04_kb27_18,N15_M07_F04_KB27_18,1,unknown,False
data/raw/paderborn/KB27/N15_M07_F04_KB27_19.mat,N15_M07_F04_KB27_19.mat,n15_m07_f04_kb27_19,N15_M07_F04_KB27_19,1,unknown,False
data/raw/paderborn/KB27/N15_M07_F04_KB27_2.mat,N15_M07_F04_KB27_2.mat,n15_m07_f04_kb27_2,N15_M07_F04_KB27_2,1,unknown,False
data/raw/paderborn/KB27/N15_M07_F04_KB27_20.mat,N15_M07_F04_KB27_20.mat,n15_m07_f04_kb27_20,N15_M07_F04_KB27_20,1,unknown,False
data/raw/paderborn/KB27/N15_M07_F04_KB27_3.mat,N15_M07_F04_KB27_3.mat,n15_m07_f04_kb27_3,N15_M07_F04_KB27_3,1,unknown,False
data/raw/paderborn/KB27/N15_M07_F04_KB27_4.mat,N15_M07_F04_KB27_4.mat,n15_m07_f04_kb27_4,N15_M07_F04_KB27_4,1,unknown,False
data/raw/paderborn/KB27/N15_M07_F04_KB27_5.mat,N15_M07_F04_KB27_5.mat,n15_m07_f04_kb27_5,N15_M07_F04_KB27_5,1,unknown,False
data/raw/paderborn/KB27/N15_M07_F04_KB27_6.mat,N15_M07_F04_KB27_6.mat,n15_m07_f04_kb27_6,N15_M07_F04_KB27_6,1,unknown,False
data/raw/paderborn/KB27/N15_M07_F04_KB27_7.mat,N15_M07_F04_KB27_7.mat,n15_m07_f04_kb27_7,N15_M07_F04_KB27_7,1,unknown,False
data/raw/paderborn/KB27/N15_M07_F04_KB27_8.mat,N15_M07_F04_KB27_8.mat,n15_m07_f04_kb27_8,N15_M07_F04_KB27_8,1,unknown,False
data/raw/paderborn/KB27/N15_M07_F04_KB27_9.mat,N15_M07_F04_KB27_9.mat,n15_m07_f04_kb27_9,N15_M07_F04_KB27_9,1,unknown,False
data/raw/paderborn/KB27/N15_M07_F10_KB27_1.mat,N15_M07_F10_KB27_1.mat,n15_m07_f10_kb27_1,N15_M07_F10_KB27_1,1,unknown,False
data/raw/paderborn/KB27/N15_M07_F10_KB27_10.mat,N15_M07_F10_KB27_10.mat,n15_m07_f10_kb27_10,N15_M07_F10_KB27_10,1,unknown,False
data/raw/paderborn/KB27/N15_M07_F10_KB27_11.mat,N15_M07_F10_KB27_11.mat,n15_m07_f10_kb27_11,N15_M07_F10_KB27_11,1,unknown,False
data/raw/paderborn/KB27/N15_M07_F10_KB27_12.mat,N15_M07_F10_KB27_12.mat,n15_m07_f10_kb27_12,N15_M07_F10_KB27_12,1,unknown,False
data/raw/paderborn/KB27/N15_M07_F10_KB27_13.mat,N15_M07_F10_KB27_13.mat,n15_m07_f10_kb27_13,N15_M07_F10_KB27_13,1,unknown,False
data/raw/paderborn/KB27/N15_M07_F10_KB27_14.mat,N15_M07_F10_KB27_14.mat,n15_m07_f10_kb27_14,N15_M07_F10_KB27_14,1,unknown,False
data/raw/paderborn/KB27/N15_M07_F10_KB27_15.mat,N15_M07_F10_KB27_15.mat,n15_m07_f10_kb27_15,N15_M07_F10_KB27_15,1,unknown,False
data/raw/paderborn/KB27/N15_M07_F10_KB27_16.mat,N15_M07_F10_KB27_16.mat,n15_m07_f10_kb27_16,N15_M07_F10_KB27_16,1,unknown,False
data/raw/paderborn/KB27/N15_M07_F10_KB27_17.mat,N15_M07_F10_KB27_17.mat,n15_m07_f10_kb27_17,N15_M07_F10_KB27_17,1,unknown,False
data/raw/paderborn/KB27/N15_M07_F10_KB27_18.mat,N15_M07_F10_KB27_18.mat,n15_m07_f10_kb27_18,N15_M07_F10_KB27_18,1,unknown,False
data/raw/paderborn/KB27/N15_M07_F10_KB27_19.mat,N15_M07_F10_KB27_19.mat,n15_m07_f10_kb27_19,N15_M07_F10_KB27_19,1,unknown,False
data/raw/paderborn/KB27/N15_M07_F10_KB27_2.mat,N15_M07_F10_KB27_2.mat,n15_m07_f10_kb27_2,N15_M07_F10_KB27_2,1,unknown,False
data/raw/paderborn/KB27/N15_M07_F10_KB27_20.mat,N15_M07_F10_KB27_20.mat,n15_m07_f10_kb27_20,N15_M07_F10_KB27_20,1,unknown,False
data/raw/paderborn/KB27/N15_M07_F10_KB27_3.mat,N15_M07_F10_KB27_3.mat,n15_m07_f10_kb27_3,N15_M07_F10_KB27_3,1,unknown,False
data/raw/paderborn/KB27/N15_M07_F10_KB27_4.mat,N15_M07_F10_KB27_4.mat,n15_m07_f10_kb27_4,N15_M07_F10_KB27_4,1,unknown,False
data/raw/paderborn/KB27/N15_M07_F10_KB27_5.mat,N15_M07_F10_KB27_5.mat,n15_m07_f10_kb27_5,N15_M07_F10_KB27_5,1,unknown,False
data/raw/paderborn/KB27/N15_M07_F10_KB27_6.mat,N15_M07_F10_KB27_6.mat,n15_m07_f10_kb27_6,N15_M07_F10_KB27_6,1,unknown,False
data/raw/paderborn/KB27/N15_M07_F10_KB27_7.mat,N15_M07_F10_KB27_7.mat,n15_m07_f10_kb27_7,N15_M07_F10_KB27_7,1,unknown,False
data/raw/paderborn/KB27/N15_M07_F10_KB27_8.mat,N15_M07_F10_KB27_8.mat,n15_m07_f10_kb27_8,N15_M07_F10_KB27_8,1,unknown,False
data/raw/paderborn/KB27/N15_M07_F10_KB27_9.mat,N15_M07_F10_KB27_9.mat,n15_m07_f10_kb27_9,N15_M07_F10_KB27_9,1,unknown,False
data/raw/paderborn/KI01/N09_M07_F10_KI01_1.mat,N09_M07_F10_KI01_1.mat,n09_m07_f10_ki01_1,N09_M07_F10_KI01_1,1,unknown,False
data/raw/paderborn/KI01/N09_M07_F10_KI01_10.mat,N09_M07_F10_KI01_10.mat,n09_m07_f10_ki01_10,N09_M07_F10_KI01_10,1,unknown,False
data/raw/paderborn/KI01/N09_M07_F10_KI01_11.mat,N09_M07_F10_KI01_11.mat,n09_m07_f10_ki01_11,N09_M07_F10_KI01_11,1,unknown,False
data/raw/paderborn/KI01/N09_M07_F10_KI01_12.mat,N09_M07_F10_KI01_12.mat,n09_m07_f10_ki01_12,N09_M07_F10_KI01_12,1,unknown,False
data/raw/paderborn/KI01/N09_M07_F10_KI01_13.mat,N09_M07_F10_KI01_13.mat,n09_m07_f10_ki01_13,N09_M07_F10_KI01_13,1,unknown,False
data/raw/paderborn/KI01/N09_M07_F10_KI01_14.mat,N09_M07_F10_KI01_14.mat,n09_m07_f10_ki01_14,N09_M07_F10_KI01_14,1,unknown,False
data/raw/paderborn/KI01/N09_M07_F10_KI01_15.mat,N09_M07_F10_KI01_15.mat,n09_m07_f10_ki01_15,N09_M07_F10_KI01_15,1,unknown,False
data/raw/paderborn/KI01/N09_M07_F10_KI01_16.mat,N09_M07_F10_KI01_16.mat,n09_m07_f10_ki01_16,N09_M07_F10_KI01_16,1,unknown,False
data/raw/paderborn/KI01/N09_M07_F10_KI01_17.mat,N09_M07_F10_KI01_17.mat,n09_m07_f10_ki01_17,N09_M07_F10_KI01_17,1,unknown,False
data/raw/paderborn/KI01/N09_M07_F10_KI01_18.mat,N09_M07_F10_KI01_18.mat,n09_m07_f10_ki01_18,N09_M07_F10_KI01_18,1,unknown,False
data/raw/paderborn/KI01/N09_M07_F10_KI01_19.mat,N09_M07_F10_KI01_19.mat,n09_m07_f10_ki01_19,N09_M07_F10_KI01_19,1,unknown,False
data/raw/paderborn/KI01/N09_M07_F10_KI01_2.mat,N09_M07_F10_KI01_2.mat,n09_m07_f10_ki01_2,N09_M07_F10_KI01_2,1,unknown,False
data/raw/paderborn/KI01/N09_M07_F10_KI01_20.mat,N09_M07_F10_KI01_20.mat,n09_m07_f10_ki01_20,N09_M07_F10_KI01_20,1,unknown,False
data/raw/paderborn/KI01/N09_M07_F10_KI01_3.mat,N09_M07_F10_KI01_3.mat,n09_m07_f10_ki01_3,N09_M07_F10_KI01_3,1,unknown,False
data/raw/paderborn/KI01/N09_M07_F10_KI01_4.mat,N09_M07_F10_KI01_4.mat,n09_m07_f10_ki01_4,N09_M07_F10_KI01_4,1,unknown,False
data/raw/paderborn/KI01/N09_M07_F10_KI01_5.mat,N09_M07_F10_KI01_5.mat,n09_m07_f10_ki01_5,N09_M07_F10_KI01_5,1,unknown,False
data/raw/paderborn/KI01/N09_M07_F10_KI01_6.mat,N09_M07_F10_KI01_6.mat,n09_m07_f10_ki01_6,N09_M07_F10_KI01_6,1,unknown,False
data/raw/paderborn/KI01/N09_M07_F10_KI01_7.mat,N09_M07_F10_KI01_7.mat,n09_m07_f10_ki01_7,N09_M07_F10_KI01_7,1,unknown,False
data/raw/paderborn/KI01/N09_M07_F10_KI01_8.mat,N09_M07_F10_KI01_8.mat,n09_m07_f10_ki01_8,N09_M07_F10_KI01_8,1,unknown,False
data/raw/paderborn/KI01/N09_M07_F10_KI01_9.mat,N09_M07_F10_KI01_9.mat,n09_m07_f10_ki01_9,N09_M07_F10_KI01_9,1,unknown,False
data/raw/paderborn/KI01/N15_M01_F10_KI01_1.mat,N15_M01_F10_KI01_1.mat,n15_m01_f10_ki01_1,N15_M01_F10_KI01_1,1,unknown,False
data/raw/paderborn/KI01/N15_M01_F10_KI01_10.mat,N15_M01_F10_KI01_10.mat,n15_m01_f10_ki01_10,N15_M01_F10_KI01_10,1,unknown,False
data/raw/paderborn/KI01/N15_M01_F10_KI01_11.mat,N15_M01_F10_KI01_11.mat,n15_m01_f10_ki01_11,N15_M01_F10_KI01_11,1,unknown,False
data/raw/paderborn/KI01/N15_M01_F10_KI01_12.mat,N15_M01_F10_KI01_12.mat,n15_m01_f10_ki01_12,N15_M01_F10_KI01_12,1,unknown,False
data/raw/paderborn/KI01/N15_M01_F10_KI01_13.mat,N15_M01_F10_KI01_13.mat,n15_m01_f10_ki01_13,N15_M01_F10_KI01_13,1,unknown,False
data/raw/paderborn/KI01/N15_M01_F10_KI01_14.mat,N15_M01_F10_KI01_14.mat,n15_m01_f10_ki01_14,N15_M01_F10_KI01_14,1,unknown,False
data/raw/paderborn/KI01/N15_M01_F10_KI01_15.mat,N15_M01_F10_KI01_15.mat,n15_m01_f10_ki01_15,N15_M01_F10_KI01_15,1,unknown,False
data/raw/paderborn/KI01/N15_M01_F10_KI01_16.mat,N15_M01_F10_KI01_16.mat,n15_m01_f10_ki01_16,N15_M01_F10_KI01_16,1,unknown,False
data/raw/paderborn/KI01/N15_M01_F10_KI01_17.mat,N15_M01_F10_KI01_17.mat,n15_m01_f10_ki01_17,N15_M01_F10_KI01_17,1,unknown,False
data/raw/paderborn/KI01/N15_M01_F10_KI01_18.mat,N15_M01_F10_KI01_18.mat,n15_m01_f10_ki01_18,N15_M01_F10_KI01_18,1,unknown,False
data/raw/paderborn/KI01/N15_M01_F10_KI01_19.mat,N15_M01_F10_KI01_19.mat,n15_m01_f10_ki01_19,N15_M01_F10_KI01_19,1,unknown,False
data/raw/paderborn/KI01/N15_M01_F10_KI01_2.mat,N15_M01_F10_KI01_2.mat,n15_m01_f10_ki01_2,N15_M01_F10_KI01_2,1,unknown,False
data/raw/paderborn/KI01/N15_M01_F10_KI01_20.mat,N15_M01_F10_KI01_20.mat,n15_m01_f10_ki01_20,N15_M01_F10_KI01_20,1,unknown,False
data/raw/paderborn/KI01/N15_M01_F10_KI01_3.mat,N15_M01_F10_KI01_3.mat,n15_m01_f10_ki01_3,N15_M01_F10_KI01_3,1,unknown,False
data/raw/paderborn/KI01/N15_M01_F10_KI01_4.mat,N15_M01_F10_KI01_4.mat,n15_m01_f10_ki01_4,N15_M01_F10_KI01_4,1,unknown,False
data/raw/paderborn/KI01/N15_M01_F10_KI01_5.mat,N15_M01_F10_KI01_5.mat,n15_m01_f10_ki01_5,N15_M01_F10_KI01_5,1,unknown,False
data/raw/paderborn/KI01/N15_M01_F10_KI01_6.mat,N15_M01_F10_KI01_6.mat,n15_m01_f10_ki01_6,N15_M01_F10_KI01_6,1,unknown,False
data/raw/paderborn/KI01/N15_M01_F10_KI01_7.mat,N15_M01_F10_KI01_7.mat,n15_m01_f10_ki01_7,N15_M01_F10_KI01_7,1,unknown,False
data/raw/paderborn/KI01/N15_M01_F10_KI01_8.mat,N15_M01_F10_KI01_8.mat,n15_m01_f10_ki01_8,N15_M01_F10_KI01_8,1,unknown,False
data/raw/paderborn/KI01/N15_M01_F10_KI01_9.mat,N15_M01_F10_KI01_9.mat,n15_m01_f10_ki01_9,N15_M01_F10_KI01_9,1,unknown,False
data/raw/paderborn/KI01/N15_M07_F04_KI01_1.mat,N15_M07_F04_KI01_1.mat,n15_m07_f04_ki01_1,N15_M07_F04_KI01_1,1,unknown,False
data/raw/paderborn/KI01/N15_M07_F04_KI01_10.mat,N15_M07_F04_KI01_10.mat,n15_m07_f04_ki01_10,N15_M07_F04_KI01_10,1,unknown,False
data/raw/paderborn/KI01/N15_M07_F04_KI01_11.mat,N15_M07_F04_KI01_11.mat,n15_m07_f04_ki01_11,N15_M07_F04_KI01_11,1,unknown,False
data/raw/paderborn/KI01/N15_M07_F04_KI01_12.mat,N15_M07_F04_KI01_12.mat,n15_m07_f04_ki01_12,N15_M07_F04_KI01_12,1,unknown,False
data/raw/paderborn/KI01/N15_M07_F04_KI01_13.mat,N15_M07_F04_KI01_13.mat,n15_m07_f04_ki01_13,N15_M07_F04_KI01_13,1,unknown,False
data/raw/paderborn/KI01/N15_M07_F04_KI01_14.mat,N15_M07_F04_KI01_14.mat,n15_m07_f04_ki01_14,N15_M07_F04_KI01_14,1,unknown,False
data/raw/paderborn/KI01/N15_M07_F04_KI01_15.mat,N15_M07_F04_KI01_15.mat,n15_m07_f04_ki01_15,N15_M07_F04_KI01_15,1,unknown,False
data/raw/paderborn/KI01/N15_M07_F04_KI01_16.mat,N15_M07_F04_KI01_16.mat,n15_m07_f04_ki01_16,N15_M07_F04_KI01_16,1,unknown,False
data/raw/paderborn/KI01/N15_M07_F04_KI01_17.mat,N15_M07_F04_KI01_17.mat,n15_m07_f04_ki01_17,N15_M07_F04_KI01_17,1,unknown,False
data/raw/paderborn/KI01/N15_M07_F04_KI01_18.mat,N15_M07_F04_KI01_18.mat,n15_m07_f04_ki01_18,N15_M07_F04_KI01_18,1,unknown,False
data/raw/paderborn/KI01/N15_M07_F04_KI01_19.mat,N15_M07_F04_KI01_19.mat,n15_m07_f04_ki01_19,N15_M07_F04_KI01_19,1,unknown,False
data/raw/paderborn/KI01/N15_M07_F04_KI01_2.mat,N15_M07_F04_KI01_2.mat,n15_m07_f04_ki01_2,N15_M07_F04_KI01_2,1,unknown,False
data/raw/paderborn/KI01/N15_M07_F04_KI01_20.mat,N15_M07_F04_KI01_20.mat,n15_m07_f04_ki01_20,N15_M07_F04_KI01_20,1,unknown,False
data/raw/paderborn/KI01/N15_M07_F04_KI01_3.mat,N15_M07_F04_KI01_3.mat,n15_m07_f04_ki01_3,N15_M07_F04_KI01_3,1,unknown,False
data/raw/paderborn/KI01/N15_M07_F04_KI01_4.mat,N15_M07_F04_KI01_4.mat,n15_m07_f04_ki01_4,N15_M07_F04_KI01_4,1,unknown,False
data/raw/paderborn/KI01/N15_M07_F04_KI01_5.mat,N15_M07_F04_KI01_5.mat,n15_m07_f04_ki01_5,N15_M07_F04_KI01_5,1,unknown,False
data/raw/paderborn/KI01/N15_M07_F04_KI01_6.mat,N15_M07_F04_KI01_6.mat,n15_m07_f04_ki01_6,N15_M07_F04_KI01_6,1,unknown,False
data/raw/paderborn/KI01/N15_M07_F04_KI01_7.mat,N15_M07_F04_KI01_7.mat,n15_m07_f04_ki01_7,N15_M07_F04_KI01_7,1,unknown,False
data/raw/paderborn/KI01/N15_M07_F04_KI01_8.mat,N15_M07_F04_KI01_8.mat,n15_m07_f04_ki01_8,N15_M07_F04_KI01_8,1,unknown,False
data/raw/paderborn/KI01/N15_M07_F04_KI01_9.mat,N15_M07_F04_KI01_9.mat,n15_m07_f04_ki01_9,N15_M07_F04_KI01_9,1,unknown,False
data/raw/paderborn/KI01/N15_M07_F10_KI01_1.mat,N15_M07_F10_KI01_1.mat,n15_m07_f10_ki01_1,N15_M07_F10_KI01_1,1,unknown,False
data/raw/paderborn/KI01/N15_M07_F10_KI01_10.mat,N15_M07_F10_KI01_10.mat,n15_m07_f10_ki01_10,N15_M07_F10_KI01_10,1,unknown,False
data/raw/paderborn/KI01/N15_M07_F10_KI01_11.mat,N15_M07_F10_KI01_11.mat,n15_m07_f10_ki01_11,N15_M07_F10_KI01_11,1,unknown,False
data/raw/paderborn/KI01/N15_M07_F10_KI01_12.mat,N15_M07_F10_KI01_12.mat,n15_m07_f10_ki01_12,N15_M07_F10_KI01_12,1,unknown,False
data/raw/paderborn/KI01/N15_M07_F10_KI01_13.mat,N15_M07_F10_KI01_13.mat,n15_m07_f10_ki01_13,N15_M07_F10_KI01_13,1,unknown,False
data/raw/paderborn/KI01/N15_M07_F10_KI01_14.mat,N15_M07_F10_KI01_14.mat,n15_m07_f10_ki01_14,N15_M07_F10_KI01_14,1,unknown,False
data/raw/paderborn/KI01/N15_M07_F10_KI01_15.mat,N15_M07_F10_KI01_15.mat,n15_m07_f10_ki01_15,N15_M07_F10_KI01_15,1,unknown,False
data/raw/paderborn/KI01/N15_M07_F10_KI01_16.mat,N15_M07_F10_KI01_16.mat,n15_m07_f10_ki01_16,N15_M07_F10_KI01_16,1,unknown,False
data/raw/paderborn/KI01/N15_M07_F10_KI01_17.mat,N15_M07_F10_KI01_17.mat,n15_m07_f10_ki01_17,N15_M07_F10_KI01_17,1,unknown,False
data/raw/paderborn/KI01/N15_M07_F10_KI01_18.mat,N15_M07_F10_KI01_18.mat,n15_m07_f10_ki01_18,N15_M07_F10_KI01_18,1,unknown,False
data/raw/paderborn/KI01/N15_M07_F10_KI01_19.mat,N15_M07_F10_KI01_19.mat,n15_m07_f10_ki01_19,N15_M07_F10_KI01_19,1,unknown,False
data/raw/paderborn/KI01/N15_M07_F10_KI01_2.mat,N15_M07_F10_KI01_2.mat,n15_m07_f10_ki01_2,N15_M07_F10_KI01_2,1,unknown,False
data/raw/paderborn/KI01/N15_M07_F10_KI01_20.mat,N15_M07_F10_KI01_20.mat,n15_m07_f10_ki01_20,N15_M07_F10_KI01_20,1,unknown,False
data/raw/paderborn/KI01/N15_M07_F10_KI01_3.mat,N15_M07_F10_KI01_3.mat,n15_m07_f10_ki01_3,N15_M07_F10_KI01_3,1,unknown,False
data/raw/paderborn/KI01/N15_M07_F10_KI01_4.mat,N15_M07_F10_KI01_4.mat,n15_m07_f10_ki01_4,N15_M07_F10_KI01_4,1,unknown,False
data/raw/paderborn/KI01/N15_M07_F10_KI01_5.mat,N15_M07_F10_KI01_5.mat,n15_m07_f10_ki01_5,N15_M07_F10_KI01_5,1,unknown,False
data/raw/paderborn/KI01/N15_M07_F10_KI01_6.mat,N15_M07_F10_KI01_6.mat,n15_m07_f10_ki01_6,N15_M07_F10_KI01_6,1,unknown,False
data/raw/paderborn/KI01/N15_M07_F10_KI01_7.mat,N15_M07_F10_KI01_7.mat,n15_m07_f10_ki01_7,N15_M07_F10_KI01_7,1,unknown,False
data/raw/paderborn/KI01/N15_M07_F10_KI01_8.mat,N15_M07_F10_KI01_8.mat,n15_m07_f10_ki01_8,N15_M07_F10_KI01_8,1,unknown,False
data/raw/paderborn/KI01/N15_M07_F10_KI01_9.mat,N15_M07_F10_KI01_9.mat,n15_m07_f10_ki01_9,N15_M07_F10_KI01_9,1,unknown,False
data/raw/paderborn/KI03/N09_M07_F10_KI03_1.mat,N09_M07_F10_KI03_1.mat,n09_m07_f10_ki03_1,N09_M07_F10_KI03_1,1,unknown,False
data/raw/paderborn/KI03/N09_M07_F10_KI03_10.mat,N09_M07_F10_KI03_10.mat,n09_m07_f10_ki03_10,N09_M07_F10_KI03_10,1,unknown,False
data/raw/paderborn/KI03/N09_M07_F10_KI03_11.mat,N09_M07_F10_KI03_11.mat,n09_m07_f10_ki03_11,N09_M07_F10_KI03_11,1,unknown,False
data/raw/paderborn/KI03/N09_M07_F10_KI03_12.mat,N09_M07_F10_KI03_12.mat,n09_m07_f10_ki03_12,N09_M07_F10_KI03_12,1,unknown,False
data/raw/paderborn/KI03/N09_M07_F10_KI03_13.mat,N09_M07_F10_KI03_13.mat,n09_m07_f10_ki03_13,N09_M07_F10_KI03_13,1,unknown,False
data/raw/paderborn/KI03/N09_M07_F10_KI03_14.mat,N09_M07_F10_KI03_14.mat,n09_m07_f10_ki03_14,N09_M07_F10_KI03_14,1,unknown,False
data/raw/paderborn/KI03/N09_M07_F10_KI03_15.mat,N09_M07_F10_KI03_15.mat,n09_m07_f10_ki03_15,N09_M07_F10_KI03_15,1,unknown,False
data/raw/paderborn/KI03/N09_M07_F10_KI03_16.mat,N09_M07_F10_KI03_16.mat,n09_m07_f10_ki03_16,N09_M07_F10_KI03_16,1,unknown,False
data/raw/paderborn/KI03/N09_M07_F10_KI03_17.mat,N09_M07_F10_KI03_17.mat,n09_m07_f10_ki03_17,N09_M07_F10_KI03_17,1,unknown,False
data/raw/paderborn/KI03/N09_M07_F10_KI03_18.mat,N09_M07_F10_KI03_18.mat,n09_m07_f10_ki03_18,N09_M07_F10_KI03_18,1,unknown,False
data/raw/paderborn/KI03/N09_M07_F10_KI03_19.mat,N09_M07_F10_KI03_19.mat,n09_m07_f10_ki03_19,N09_M07_F10_KI03_19,1,unknown,False
data/raw/paderborn/KI03/N09_M07_F10_KI03_2.mat,N09_M07_F10_KI03_2.mat,n09_m07_f10_ki03_2,N09_M07_F10_KI03_2,1,unknown,False
data/raw/paderborn/KI03/N09_M07_F10_KI03_20.mat,N09_M07_F10_KI03_20.mat,n09_m07_f10_ki03_20,N09_M07_F10_KI03_20,1,unknown,False
data/raw/paderborn/KI03/N09_M07_F10_KI03_3.mat,N09_M07_F10_KI03_3.mat,n09_m07_f10_ki03_3,N09_M07_F10_KI03_3,1,unknown,False
data/raw/paderborn/KI03/N09_M07_F10_KI03_4.mat,N09_M07_F10_KI03_4.mat,n09_m07_f10_ki03_4,N09_M07_F10_KI03_4,1,unknown,False
data/raw/paderborn/KI03/N09_M07_F10_KI03_5.mat,N09_M07_F10_KI03_5.mat,n09_m07_f10_ki03_5,N09_M07_F10_KI03_5,1,unknown,False
data/raw/paderborn/KI03/N09_M07_F10_KI03_6.mat,N09_M07_F10_KI03_6.mat,n09_m07_f10_ki03_6,N09_M07_F10_KI03_6,1,unknown,False
data/raw/paderborn/KI03/N09_M07_F10_KI03_7.mat,N09_M07_F10_KI03_7.mat,n09_m07_f10_ki03_7,N09_M07_F10_KI03_7,1,unknown,False
data/raw/paderborn/KI03/N09_M07_F10_KI03_8.mat,N09_M07_F10_KI03_8.mat,n09_m07_f10_ki03_8,N09_M07_F10_KI03_8,1,unknown,False
data/raw/paderborn/KI03/N09_M07_F10_KI03_9.mat,N09_M07_F10_KI03_9.mat,n09_m07_f10_ki03_9,N09_M07_F10_KI03_9,1,unknown,False
data/raw/paderborn/KI03/N15_M01_F10_KI03_1.mat,N15_M01_F10_KI03_1.mat,n15_m01_f10_ki03_1,N15_M01_F10_KI03_1,1,unknown,False
data/raw/paderborn/KI03/N15_M01_F10_KI03_10.mat,N15_M01_F10_KI03_10.mat,n15_m01_f10_ki03_10,N15_M01_F10_KI03_10,1,unknown,False
data/raw/paderborn/KI03/N15_M01_F10_KI03_11.mat,N15_M01_F10_KI03_11.mat,n15_m01_f10_ki03_11,N15_M01_F10_KI03_11,1,unknown,False
data/raw/paderborn/KI03/N15_M01_F10_KI03_12.mat,N15_M01_F10_KI03_12.mat,n15_m01_f10_ki03_12,N15_M01_F10_KI03_12,1,unknown,False
data/raw/paderborn/KI03/N15_M01_F10_KI03_13.mat,N15_M01_F10_KI03_13.mat,n15_m01_f10_ki03_13,N15_M01_F10_KI03_13,1,unknown,False
data/raw/paderborn/KI03/N15_M01_F10_KI03_14.mat,N15_M01_F10_KI03_14.mat,n15_m01_f10_ki03_14,N15_M01_F10_KI03_14,1,unknown,False
data/raw/paderborn/KI03/N15_M01_F10_KI03_15.mat,N15_M01_F10_KI03_15.mat,n15_m01_f10_ki03_15,N15_M01_F10_KI03_15,1,unknown,False
data/raw/paderborn/KI03/N15_M01_F10_KI03_16.mat,N15_M01_F10_KI03_16.mat,n15_m01_f10_ki03_16,N15_M01_F10_KI03_16,1,unknown,False
data/raw/paderborn/KI03/N15_M01_F10_KI03_17.mat,N15_M01_F10_KI03_17.mat,n15_m01_f10_ki03_17,N15_M01_F10_KI03_17,1,unknown,False
data/raw/paderborn/KI03/N15_M01_F10_KI03_18.mat,N15_M01_F10_KI03_18.mat,n15_m01_f10_ki03_18,N15_M01_F10_KI03_18,1,unknown,False
data/raw/paderborn/KI03/N15_M01_F10_KI03_19.mat,N15_M01_F10_KI03_19.mat,n15_m01_f10_ki03_19,N15_M01_F10_KI03_19,1,unknown,False
data/raw/paderborn/KI03/N15_M01_F10_KI03_2.mat,N15_M01_F10_KI03_2.mat,n15_m01_f10_ki03_2,N15_M01_F10_KI03_2,1,unknown,False
data/raw/paderborn/KI03/N15_M01_F10_KI03_20.mat,N15_M01_F10_KI03_20.mat,n15_m01_f10_ki03_20,N15_M01_F10_KI03_20,1,unknown,False
data/raw/paderborn/KI03/N15_M01_F10_KI03_3.mat,N15_M01_F10_KI03_3.mat,n15_m01_f10_ki03_3,N15_M01_F10_KI03_3,1,unknown,False
data/raw/paderborn/KI03/N15_M01_F10_KI03_4.mat,N15_M01_F10_KI03_4.mat,n15_m01_f10_ki03_4,N15_M01_F10_KI03_4,1,unknown,False
data/raw/paderborn/KI03/N15_M01_F10_KI03_5.mat,N15_M01_F10_KI03_5.mat,n15_m01_f10_ki03_5,N15_M01_F10_KI03_5,1,unknown,False
data/raw/paderborn/KI03/N15_M01_F10_KI03_6.mat,N15_M01_F10_KI03_6.mat,n15_m01_f10_ki03_6,N15_M01_F10_KI03_6,1,unknown,False
data/raw/paderborn/KI03/N15_M01_F10_KI03_7.mat,N15_M01_F10_KI03_7.mat,n15_m01_f10_ki03_7,N15_M01_F10_KI03_7,1,unknown,False
data/raw/paderborn/KI03/N15_M01_F10_KI03_8.mat,N15_M01_F10_KI03_8.mat,n15_m01_f10_ki03_8,N15_M01_F10_KI03_8,1,unknown,False
data/raw/paderborn/KI03/N15_M01_F10_KI03_9.mat,N15_M01_F10_KI03_9.mat,n15_m01_f10_ki03_9,N15_M01_F10_KI03_9,1,unknown,False
data/raw/paderborn/KI03/N15_M07_F04_KI03_1.mat,N15_M07_F04_KI03_1.mat,n15_m07_f04_ki03_1,N15_M07_F04_KI03_1,1,unknown,False
data/raw/paderborn/KI03/N15_M07_F04_KI03_10.mat,N15_M07_F04_KI03_10.mat,n15_m07_f04_ki03_10,N15_M07_F04_KI03_10,1,unknown,False
data/raw/paderborn/KI03/N15_M07_F04_KI03_11.mat,N15_M07_F04_KI03_11.mat,n15_m07_f04_ki03_11,N15_M07_F04_KI03_11,1,unknown,False
data/raw/paderborn/KI03/N15_M07_F04_KI03_12.mat,N15_M07_F04_KI03_12.mat,n15_m07_f04_ki03_12,N15_M07_F04_KI03_12,1,unknown,False
data/raw/paderborn/KI03/N15_M07_F04_KI03_13.mat,N15_M07_F04_KI03_13.mat,n15_m07_f04_ki03_13,N15_M07_F04_KI03_13,1,unknown,False
data/raw/paderborn/KI03/N15_M07_F04_KI03_14.mat,N15_M07_F04_KI03_14.mat,n15_m07_f04_ki03_14,N15_M07_F04_KI03_14,1,unknown,False
data/raw/paderborn/KI03/N15_M07_F04_KI03_15.mat,N15_M07_F04_KI03_15.mat,n15_m07_f04_ki03_15,N15_M07_F04_KI03_15,1,unknown,False
data/raw/paderborn/KI03/N15_M07_F04_KI03_16.mat,N15_M07_F04_KI03_16.mat,n15_m07_f04_ki03_16,N15_M07_F04_KI03_16,1,unknown,False
data/raw/paderborn/KI03/N15_M07_F04_KI03_17.mat,N15_M07_F04_KI03_17.mat,n15_m07_f04_ki03_17,N15_M07_F04_KI03_17,1,unknown,False
data/raw/paderborn/KI03/N15_M07_F04_KI03_18.mat,N15_M07_F04_KI03_18.mat,n15_m07_f04_ki03_18,N15_M07_F04_KI03_18,1,unknown,False
data/raw/paderborn/KI03/N15_M07_F04_KI03_19.mat,N15_M07_F04_KI03_19.mat,n15_m07_f04_ki03_19,N15_M07_F04_KI03_19,1,unknown,False
data/raw/paderborn/KI03/N15_M07_F04_KI03_2.mat,N15_M07_F04_KI03_2.mat,n15_m07_f04_ki03_2,N15_M07_F04_KI03_2,1,unknown,False
data/raw/paderborn/KI03/N15_M07_F04_KI03_20.mat,N15_M07_F04_KI03_20.mat,n15_m07_f04_ki03_20,N15_M07_F04_KI03_20,1,unknown,False
data/raw/paderborn/KI03/N15_M07_F04_KI03_3.mat,N15_M07_F04_KI03_3.mat,n15_m07_f04_ki03_3,N15_M07_F04_KI03_3,1,unknown,False
data/raw/paderborn/KI03/N15_M07_F04_KI03_4.mat,N15_M07_F04_KI03_4.mat,n15_m07_f04_ki03_4,N15_M07_F04_KI03_4,1,unknown,False
data/raw/paderborn/KI03/N15_M07_F04_KI03_5.mat,N15_M07_F04_KI03_5.mat,n15_m07_f04_ki03_5,N15_M07_F04_KI03_5,1,unknown,False
data/raw/paderborn/KI03/N15_M07_F04_KI03_6.mat,N15_M07_F04_KI03_6.mat,n15_m07_f04_ki03_6,N15_M07_F04_KI03_6,1,unknown,False
data/raw/paderborn/KI03/N15_M07_F04_KI03_7.mat,N15_M07_F04_KI03_7.mat,n15_m07_f04_ki03_7,N15_M07_F04_KI03_7,1,unknown,False
data/raw/paderborn/KI03/N15_M07_F04_KI03_8.mat,N15_M07_F04_KI03_8.mat,n15_m07_f04_ki03_8,N15_M07_F04_KI03_8,1,unknown,False
data/raw/paderborn/KI03/N15_M07_F04_KI03_9.mat,N15_M07_F04_KI03_9.mat,n15_m07_f04_ki03_9,N15_M07_F04_KI03_9,1,unknown,False
data/raw/paderborn/KI03/N15_M07_F10_KI03_1.mat,N15_M07_F10_KI03_1.mat,n15_m07_f10_ki03_1,N15_M07_F10_KI03_1,1,unknown,False
data/raw/paderborn/KI03/N15_M07_F10_KI03_10.mat,N15_M07_F10_KI03_10.mat,n15_m07_f10_ki03_10,N15_M07_F10_KI03_10,1,unknown,False
data/raw/paderborn/KI03/N15_M07_F10_KI03_11.mat,N15_M07_F10_KI03_11.mat,n15_m07_f10_ki03_11,N15_M07_F10_KI03_11,1,unknown,False
data/raw/paderborn/KI03/N15_M07_F10_KI03_12.mat,N15_M07_F10_KI03_12.mat,n15_m07_f10_ki03_12,N15_M07_F10_KI03_12,1,unknown,False
data/raw/paderborn/KI03/N15_M07_F10_KI03_13.mat,N15_M07_F10_KI03_13.mat,n15_m07_f10_ki03_13,N15_M07_F10_KI03_13,1,unknown,False
data/raw/paderborn/KI03/N15_M07_F10_KI03_14.mat,N15_M07_F10_KI03_14.mat,n15_m07_f10_ki03_14,N15_M07_F10_KI03_14,1,unknown,False
data/raw/paderborn/KI03/N15_M07_F10_KI03_15.mat,N15_M07_F10_KI03_15.mat,n15_m07_f10_ki03_15,N15_M07_F10_KI03_15,1,unknown,False
data/raw/paderborn/KI03/N15_M07_F10_KI03_16.mat,N15_M07_F10_KI03_16.mat,n15_m07_f10_ki03_16,N15_M07_F10_KI03_16,1,unknown,False
data/raw/paderborn/KI03/N15_M07_F10_KI03_17.mat,N15_M07_F10_KI03_17.mat,n15_m07_f10_ki03_17,N15_M07_F10_KI03_17,1,unknown,False
data/raw/paderborn/KI03/N15_M07_F10_KI03_18.mat,N15_M07_F10_KI03_18.mat,n15_m07_f10_ki03_18,N15_M07_F10_KI03_18,1,unknown,False
data/raw/paderborn/KI03/N15_M07_F10_KI03_19.mat,N15_M07_F10_KI03_19.mat,n15_m07_f10_ki03_19,N15_M07_F10_KI03_19,1,unknown,False
data/raw/paderborn/KI03/N15_M07_F10_KI03_2.mat,N15_M07_F10_KI03_2.mat,n15_m07_f10_ki03_2,N15_M07_F10_KI03_2,1,unknown,False
data/raw/paderborn/KI03/N15_M07_F10_KI03_20.mat,N15_M07_F10_KI03_20.mat,n15_m07_f10_ki03_20,N15_M07_F10_KI03_20,1,unknown,False
data/raw/paderborn/KI03/N15_M07_F10_KI03_3.mat,N15_M07_F10_KI03_3.mat,n15_m07_f10_ki03_3,N15_M07_F10_KI03_3,1,unknown,False
data/raw/paderborn/KI03/N15_M07_F10_KI03_4.mat,N15_M07_F10_KI03_4.mat,n15_m07_f10_ki03_4,N15_M07_F10_KI03_4,1,unknown,False
data/raw/paderborn/KI03/N15_M07_F10_KI03_5.mat,N15_M07_F10_KI03_5.mat,n15_m07_f10_ki03_5,N15_M07_F10_KI03_5,1,unknown,False
data/raw/paderborn/KI03/N15_M07_F10_KI03_6.mat,N15_M07_F10_KI03_6.mat,n15_m07_f10_ki03_6,N15_M07_F10_KI03_6,1,unknown,False
data/raw/paderborn/KI03/N15_M07_F10_KI03_7.mat,N15_M07_F10_KI03_7.mat,n15_m07_f10_ki03_7,N15_M07_F10_KI03_7,1,unknown,False
data/raw/paderborn/KI03/N15_M07_F10_KI03_8.mat,N15_M07_F10_KI03_8.mat,n15_m07_f10_ki03_8,N15_M07_F10_KI03_8,1,unknown,False
data/raw/paderborn/KI03/N15_M07_F10_KI03_9.mat,N15_M07_F10_KI03_9.mat,n15_m07_f10_ki03_9,N15_M07_F10_KI03_9,1,unknown,False
data/raw/paderborn/KI04/N09_M07_F10_KI04_1.mat,N09_M07_F10_KI04_1.mat,n09_m07_f10_ki04_1,N09_M07_F10_KI04_1,1,unknown,False
data/raw/paderborn/KI04/N09_M07_F10_KI04_10.mat,N09_M07_F10_KI04_10.mat,n09_m07_f10_ki04_10,N09_M07_F10_KI04_10,1,unknown,False
data/raw/paderborn/KI04/N09_M07_F10_KI04_11.mat,N09_M07_F10_KI04_11.mat,n09_m07_f10_ki04_11,N09_M07_F10_KI04_11,1,unknown,False
data/raw/paderborn/KI04/N09_M07_F10_KI04_12.mat,N09_M07_F10_KI04_12.mat,n09_m07_f10_ki04_12,N09_M07_F10_KI04_12,1,unknown,False
data/raw/paderborn/KI04/N09_M07_F10_KI04_13.mat,N09_M07_F10_KI04_13.mat,n09_m07_f10_ki04_13,N09_M07_F10_KI04_13,1,unknown,False
data/raw/paderborn/KI04/N09_M07_F10_KI04_14.mat,N09_M07_F10_KI04_14.mat,n09_m07_f10_ki04_14,N09_M07_F10_KI04_14,1,unknown,False
data/raw/paderborn/KI04/N09_M07_F10_KI04_15.mat,N09_M07_F10_KI04_15.mat,n09_m07_f10_ki04_15,N09_M07_F10_KI04_15,1,unknown,False
data/raw/paderborn/KI04/N09_M07_F10_KI04_16.mat,N09_M07_F10_KI04_16.mat,n09_m07_f10_ki04_16,N09_M07_F10_KI04_16,1,unknown,False
data/raw/paderborn/KI04/N09_M07_F10_KI04_17.mat,N09_M07_F10_KI04_17.mat,n09_m07_f10_ki04_17,N09_M07_F10_KI04_17,1,unknown,False
data/raw/paderborn/KI04/N09_M07_F10_KI04_18.mat,N09_M07_F10_KI04_18.mat,n09_m07_f10_ki04_18,N09_M07_F10_KI04_18,1,unknown,False
data/raw/paderborn/KI04/N09_M07_F10_KI04_19.mat,N09_M07_F10_KI04_19.mat,n09_m07_f10_ki04_19,N09_M07_F10_KI04_19,1,unknown,False
data/raw/paderborn/KI04/N09_M07_F10_KI04_2.mat,N09_M07_F10_KI04_2.mat,n09_m07_f10_ki04_2,N09_M07_F10_KI04_2,1,unknown,False
data/raw/paderborn/KI04/N09_M07_F10_KI04_20.mat,N09_M07_F10_KI04_20.mat,n09_m07_f10_ki04_20,N09_M07_F10_KI04_20,1,unknown,False
data/raw/paderborn/KI04/N09_M07_F10_KI04_3.mat,N09_M07_F10_KI04_3.mat,n09_m07_f10_ki04_3,N09_M07_F10_KI04_3,1,unknown,False
data/raw/paderborn/KI04/N09_M07_F10_KI04_4.mat,N09_M07_F10_KI04_4.mat,n09_m07_f10_ki04_4,N09_M07_F10_KI04_4,1,unknown,False
data/raw/paderborn/KI04/N09_M07_F10_KI04_5.mat,N09_M07_F10_KI04_5.mat,n09_m07_f10_ki04_5,N09_M07_F10_KI04_5,1,unknown,False
data/raw/paderborn/KI04/N09_M07_F10_KI04_6.mat,N09_M07_F10_KI04_6.mat,n09_m07_f10_ki04_6,N09_M07_F10_KI04_6,1,unknown,False
data/raw/paderborn/KI04/N09_M07_F10_KI04_7.mat,N09_M07_F10_KI04_7.mat,n09_m07_f10_ki04_7,N09_M07_F10_KI04_7,1,unknown,False
data/raw/paderborn/KI04/N09_M07_F10_KI04_8.mat,N09_M07_F10_KI04_8.mat,n09_m07_f10_ki04_8,N09_M07_F10_KI04_8,1,unknown,False
data/raw/paderborn/KI04/N09_M07_F10_KI04_9.mat,N09_M07_F10_KI04_9.mat,n09_m07_f10_ki04_9,N09_M07_F10_KI04_9,1,unknown,False
data/raw/paderborn/KI04/N15_M01_F10_KI04_1.mat,N15_M01_F10_KI04_1.mat,n15_m01_f10_ki04_1,N15_M01_F10_KI04_1,1,unknown,False
data/raw/paderborn/KI04/N15_M01_F10_KI04_10.mat,N15_M01_F10_KI04_10.mat,n15_m01_f10_ki04_10,N15_M01_F10_KI04_10,1,unknown,False
data/raw/paderborn/KI04/N15_M01_F10_KI04_11.mat,N15_M01_F10_KI04_11.mat,n15_m01_f10_ki04_11,N15_M01_F10_KI04_11,1,unknown,False
data/raw/paderborn/KI04/N15_M01_F10_KI04_12.mat,N15_M01_F10_KI04_12.mat,n15_m01_f10_ki04_12,N15_M01_F10_KI04_12,1,unknown,False
data/raw/paderborn/KI04/N15_M01_F10_KI04_13.mat,N15_M01_F10_KI04_13.mat,n15_m01_f10_ki04_13,N15_M01_F10_KI04_13,1,unknown,False
data/raw/paderborn/KI04/N15_M01_F10_KI04_14.mat,N15_M01_F10_KI04_14.mat,n15_m01_f10_ki04_14,N15_M01_F10_KI04_14,1,unknown,False
data/raw/paderborn/KI04/N15_M01_F10_KI04_15.mat,N15_M01_F10_KI04_15.mat,n15_m01_f10_ki04_15,N15_M01_F10_KI04_15,1,unknown,False
data/raw/paderborn/KI04/N15_M01_F10_KI04_16.mat,N15_M01_F10_KI04_16.mat,n15_m01_f10_ki04_16,N15_M01_F10_KI04_16,1,unknown,False
data/raw/paderborn/KI04/N15_M01_F10_KI04_17.mat,N15_M01_F10_KI04_17.mat,n15_m01_f10_ki04_17,N15_M01_F10_KI04_17,1,unknown,False
data/raw/paderborn/KI04/N15_M01_F10_KI04_18.mat,N15_M01_F10_KI04_18.mat,n15_m01_f10_ki04_18,N15_M01_F10_KI04_18,1,unknown,False
data/raw/paderborn/KI04/N15_M01_F10_KI04_19.mat,N15_M01_F10_KI04_19.mat,n15_m01_f10_ki04_19,N15_M01_F10_KI04_19,1,unknown,False
data/raw/paderborn/KI04/N15_M01_F10_KI04_2.mat,N15_M01_F10_KI04_2.mat,n15_m01_f10_ki04_2,N15_M01_F10_KI04_2,1,unknown,False
data/raw/paderborn/KI04/N15_M01_F10_KI04_20.mat,N15_M01_F10_KI04_20.mat,n15_m01_f10_ki04_20,N15_M01_F10_KI04_20,1,unknown,False
data/raw/paderborn/KI04/N15_M01_F10_KI04_3.mat,N15_M01_F10_KI04_3.mat,n15_m01_f10_ki04_3,N15_M01_F10_KI04_3,1,unknown,False
data/raw/paderborn/KI04/N15_M01_F10_KI04_4.mat,N15_M01_F10_KI04_4.mat,n15_m01_f10_ki04_4,N15_M01_F10_KI04_4,1,unknown,False
data/raw/paderborn/KI04/N15_M01_F10_KI04_5.mat,N15_M01_F10_KI04_5.mat,n15_m01_f10_ki04_5,N15_M01_F10_KI04_5,1,unknown,False
data/raw/paderborn/KI04/N15_M01_F10_KI04_6.mat,N15_M01_F10_KI04_6.mat,n15_m01_f10_ki04_6,N15_M01_F10_KI04_6,1,unknown,False
data/raw/paderborn/KI04/N15_M01_F10_KI04_7.mat,N15_M01_F10_KI04_7.mat,n15_m01_f10_ki04_7,N15_M01_F10_KI04_7,1,unknown,False
data/raw/paderborn/KI04/N15_M01_F10_KI04_8.mat,N15_M01_F10_KI04_8.mat,n15_m01_f10_ki04_8,N15_M01_F10_KI04_8,1,unknown,False
data/raw/paderborn/KI04/N15_M01_F10_KI04_9.mat,N15_M01_F10_KI04_9.mat,n15_m01_f10_ki04_9,N15_M01_F10_KI04_9,1,unknown,False
data/raw/paderborn/KI04/N15_M07_F04_KI04_1.mat,N15_M07_F04_KI04_1.mat,n15_m07_f04_ki04_1,N15_M07_F04_KI04_1,1,unknown,False
data/raw/paderborn/KI04/N15_M07_F04_KI04_10.mat,N15_M07_F04_KI04_10.mat,n15_m07_f04_ki04_10,N15_M07_F04_KI04_10,1,unknown,False
data/raw/paderborn/KI04/N15_M07_F04_KI04_11.mat,N15_M07_F04_KI04_11.mat,n15_m07_f04_ki04_11,N15_M07_F04_KI04_11,1,unknown,False
data/raw/paderborn/KI04/N15_M07_F04_KI04_12.mat,N15_M07_F04_KI04_12.mat,n15_m07_f04_ki04_12,N15_M07_F04_KI04_12,1,unknown,False
data/raw/paderborn/KI04/N15_M07_F04_KI04_13.mat,N15_M07_F04_KI04_13.mat,n15_m07_f04_ki04_13,N15_M07_F04_KI04_13,1,unknown,False
data/raw/paderborn/KI04/N15_M07_F04_KI04_14.mat,N15_M07_F04_KI04_14.mat,n15_m07_f04_ki04_14,N15_M07_F04_KI04_14,1,unknown,False
data/raw/paderborn/KI04/N15_M07_F04_KI04_15.mat,N15_M07_F04_KI04_15.mat,n15_m07_f04_ki04_15,N15_M07_F04_KI04_15,1,unknown,False
data/raw/paderborn/KI04/N15_M07_F04_KI04_16.mat,N15_M07_F04_KI04_16.mat,n15_m07_f04_ki04_16,N15_M07_F04_KI04_16,1,unknown,False
data/raw/paderborn/KI04/N15_M07_F04_KI04_17.mat,N15_M07_F04_KI04_17.mat,n15_m07_f04_ki04_17,N15_M07_F04_KI04_17,1,unknown,False
data/raw/paderborn/KI04/N15_M07_F04_KI04_18.mat,N15_M07_F04_KI04_18.mat,n15_m07_f04_ki04_18,N15_M07_F04_KI04_18,1,unknown,False
data/raw/paderborn/KI04/N15_M07_F04_KI04_19.mat,N15_M07_F04_KI04_19.mat,n15_m07_f04_ki04_19,N15_M07_F04_KI04_19,1,unknown,False
data/raw/paderborn/KI04/N15_M07_F04_KI04_2.mat,N15_M07_F04_KI04_2.mat,n15_m07_f04_ki04_2,N15_M07_F04_KI04_2,1,unknown,False
data/raw/paderborn/KI04/N15_M07_F04_KI04_20.mat,N15_M07_F04_KI04_20.mat,n15_m07_f04_ki04_20,N15_M07_F04_KI04_20,1,unknown,False
data/raw/paderborn/KI04/N15_M07_F04_KI04_3.mat,N15_M07_F04_KI04_3.mat,n15_m07_f04_ki04_3,N15_M07_F04_KI04_3,1,unknown,False
data/raw/paderborn/KI04/N15_M07_F04_KI04_4.mat,N15_M07_F04_KI04_4.mat,n15_m07_f04_ki04_4,N15_M07_F04_KI04_4,1,unknown,False
data/raw/paderborn/KI04/N15_M07_F04_KI04_5.mat,N15_M07_F04_KI04_5.mat,n15_m07_f04_ki04_5,N15_M07_F04_KI04_5,1,unknown,False
data/raw/paderborn/KI04/N15_M07_F04_KI04_6.mat,N15_M07_F04_KI04_6.mat,n15_m07_f04_ki04_6,N15_M07_F04_KI04_6,1,unknown,False
data/raw/paderborn/KI04/N15_M07_F04_KI04_7.mat,N15_M07_F04_KI04_7.mat,n15_m07_f04_ki04_7,N15_M07_F04_KI04_7,1,unknown,False
data/raw/paderborn/KI04/N15_M07_F04_KI04_8.mat,N15_M07_F04_KI04_8.mat,n15_m07_f04_ki04_8,N15_M07_F04_KI04_8,1,unknown,False
data/raw/paderborn/KI04/N15_M07_F04_KI04_9.mat,N15_M07_F04_KI04_9.mat,n15_m07_f04_ki04_9,N15_M07_F04_KI04_9,1,unknown,False
data/raw/paderborn/KI04/N15_M07_F10_KI04_1.mat,N15_M07_F10_KI04_1.mat,n15_m07_f10_ki04_1,N15_M07_F10_KI04_1,1,unknown,False
data/raw/paderborn/KI04/N15_M07_F10_KI04_10.mat,N15_M07_F10_KI04_10.mat,n15_m07_f10_ki04_10,N15_M07_F10_KI04_10,1,unknown,False
data/raw/paderborn/KI04/N15_M07_F10_KI04_11.mat,N15_M07_F10_KI04_11.mat,n15_m07_f10_ki04_11,N15_M07_F10_KI04_11,1,unknown,False
data/raw/paderborn/KI04/N15_M07_F10_KI04_12.mat,N15_M07_F10_KI04_12.mat,n15_m07_f10_ki04_12,N15_M07_F10_KI04_12,1,unknown,False
data/raw/paderborn/KI04/N15_M07_F10_KI04_13.mat,N15_M07_F10_KI04_13.mat,n15_m07_f10_ki04_13,N15_M07_F10_KI04_13,1,unknown,False
data/raw/paderborn/KI04/N15_M07_F10_KI04_14.mat,N15_M07_F10_KI04_14.mat,n15_m07_f10_ki04_14,N15_M07_F10_KI04_14,1,unknown,False
data/raw/paderborn/KI04/N15_M07_F10_KI04_15.mat,N15_M07_F10_KI04_15.mat,n15_m07_f10_ki04_15,N15_M07_F10_KI04_15,1,unknown,False
data/raw/paderborn/KI04/N15_M07_F10_KI04_16.mat,N15_M07_F10_KI04_16.mat,n15_m07_f10_ki04_16,N15_M07_F10_KI04_16,1,unknown,False
data/raw/paderborn/KI04/N15_M07_F10_KI04_17.mat,N15_M07_F10_KI04_17.mat,n15_m07_f10_ki04_17,N15_M07_F10_KI04_17,1,unknown,False
data/raw/paderborn/KI04/N15_M07_F10_KI04_18.mat,N15_M07_F10_KI04_18.mat,n15_m07_f10_ki04_18,N15_M07_F10_KI04_18,1,unknown,False
data/raw/paderborn/KI04/N15_M07_F10_KI04_19.mat,N15_M07_F10_KI04_19.mat,n15_m07_f10_ki04_19,N15_M07_F10_KI04_19,1,unknown,False
data/raw/paderborn/KI04/N15_M07_F10_KI04_2.mat,N15_M07_F10_KI04_2.mat,n15_m07_f10_ki04_2,N15_M07_F10_KI04_2,1,unknown,False
data/raw/paderborn/KI04/N15_M07_F10_KI04_20.mat,N15_M07_F10_KI04_20.mat,n15_m07_f10_ki04_20,N15_M07_F10_KI04_20,1,unknown,False
data/raw/paderborn/KI04/N15_M07_F10_KI04_3.mat,N15_M07_F10_KI04_3.mat,n15_m07_f10_ki04_3,N15_M07_F10_KI04_3,1,unknown,False
data/raw/paderborn/KI04/N15_M07_F10_KI04_4.mat,N15_M07_F10_KI04_4.mat,n15_m07_f10_ki04_4,N15_M07_F10_KI04_4,1,unknown,False
data/raw/paderborn/KI04/N15_M07_F10_KI04_5.mat,N15_M07_F10_KI04_5.mat,n15_m07_f10_ki04_5,N15_M07_F10_KI04_5,1,unknown,False
data/raw/paderborn/KI04/N15_M07_F10_KI04_6.mat,N15_M07_F10_KI04_6.mat,n15_m07_f10_ki04_6,N15_M07_F10_KI04_6,1,unknown,False
data/raw/paderborn/KI04/N15_M07_F10_KI04_7.mat,N15_M07_F10_KI04_7.mat,n15_m07_f10_ki04_7,N15_M07_F10_KI04_7,1,unknown,False
data/raw/paderborn/KI04/N15_M07_F10_KI04_8.mat,N15_M07_F10_KI04_8.mat,n15_m07_f10_ki04_8,N15_M07_F10_KI04_8,1,unknown,False
data/raw/paderborn/KI04/N15_M07_F10_KI04_9.mat,N15_M07_F10_KI04_9.mat,n15_m07_f10_ki04_9,N15_M07_F10_KI04_9,1,unknown,False
data/raw/paderborn/KI05/N09_M07_F10_KI05_1.mat,N09_M07_F10_KI05_1.mat,n09_m07_f10_ki05_1,N09_M07_F10_KI05_1,1,unknown,False
data/raw/paderborn/KI05/N09_M07_F10_KI05_10.mat,N09_M07_F10_KI05_10.mat,n09_m07_f10_ki05_10,N09_M07_F10_KI05_10,1,unknown,False
data/raw/paderborn/KI05/N09_M07_F10_KI05_11.mat,N09_M07_F10_KI05_11.mat,n09_m07_f10_ki05_11,N09_M07_F10_KI05_11,1,unknown,False
data/raw/paderborn/KI05/N09_M07_F10_KI05_12.mat,N09_M07_F10_KI05_12.mat,n09_m07_f10_ki05_12,N09_M07_F10_KI05_12,1,unknown,False
data/raw/paderborn/KI05/N09_M07_F10_KI05_13.mat,N09_M07_F10_KI05_13.mat,n09_m07_f10_ki05_13,N09_M07_F10_KI05_13,1,unknown,False
data/raw/paderborn/KI05/N09_M07_F10_KI05_14.mat,N09_M07_F10_KI05_14.mat,n09_m07_f10_ki05_14,N09_M07_F10_KI05_14,1,unknown,False
data/raw/paderborn/KI05/N09_M07_F10_KI05_15.mat,N09_M07_F10_KI05_15.mat,n09_m07_f10_ki05_15,N09_M07_F10_KI05_15,1,unknown,False
data/raw/paderborn/KI05/N09_M07_F10_KI05_16.mat,N09_M07_F10_KI05_16.mat,n09_m07_f10_ki05_16,N09_M07_F10_KI05_16,1,unknown,False
data/raw/paderborn/KI05/N09_M07_F10_KI05_17.mat,N09_M07_F10_KI05_17.mat,n09_m07_f10_ki05_17,N09_M07_F10_KI05_17,1,unknown,False
data/raw/paderborn/KI05/N09_M07_F10_KI05_18.mat,N09_M07_F10_KI05_18.mat,n09_m07_f10_ki05_18,N09_M07_F10_KI05_18,1,unknown,False
data/raw/paderborn/KI05/N09_M07_F10_KI05_19.mat,N09_M07_F10_KI05_19.mat,n09_m07_f10_ki05_19,N09_M07_F10_KI05_19,1,unknown,False
data/raw/paderborn/KI05/N09_M07_F10_KI05_2.mat,N09_M07_F10_KI05_2.mat,n09_m07_f10_ki05_2,N09_M07_F10_KI05_2,1,unknown,False
data/raw/paderborn/KI05/N09_M07_F10_KI05_20.mat,N09_M07_F10_KI05_20.mat,n09_m07_f10_ki05_20,N09_M07_F10_KI05_20,1,unknown,False
data/raw/paderborn/KI05/N09_M07_F10_KI05_3.mat,N09_M07_F10_KI05_3.mat,n09_m07_f10_ki05_3,N09_M07_F10_KI05_3,1,unknown,False
data/raw/paderborn/KI05/N09_M07_F10_KI05_4.mat,N09_M07_F10_KI05_4.mat,n09_m07_f10_ki05_4,N09_M07_F10_KI05_4,1,unknown,False
data/raw/paderborn/KI05/N09_M07_F10_KI05_5.mat,N09_M07_F10_KI05_5.mat,n09_m07_f10_ki05_5,N09_M07_F10_KI05_5,1,unknown,False
data/raw/paderborn/KI05/N09_M07_F10_KI05_6.mat,N09_M07_F10_KI05_6.mat,n09_m07_f10_ki05_6,N09_M07_F10_KI05_6,1,unknown,False
data/raw/paderborn/KI05/N09_M07_F10_KI05_7.mat,N09_M07_F10_KI05_7.mat,n09_m07_f10_ki05_7,N09_M07_F10_KI05_7,1,unknown,False
data/raw/paderborn/KI05/N09_M07_F10_KI05_8.mat,N09_M07_F10_KI05_8.mat,n09_m07_f10_ki05_8,N09_M07_F10_KI05_8,1,unknown,False
data/raw/paderborn/KI05/N09_M07_F10_KI05_9.mat,N09_M07_F10_KI05_9.mat,n09_m07_f10_ki05_9,N09_M07_F10_KI05_9,1,unknown,False
data/raw/paderborn/KI05/N15_M01_F10_KI05_1.mat,N15_M01_F10_KI05_1.mat,n15_m01_f10_ki05_1,N15_M01_F10_KI05_1,1,unknown,False
data/raw/paderborn/KI05/N15_M01_F10_KI05_10.mat,N15_M01_F10_KI05_10.mat,n15_m01_f10_ki05_10,N15_M01_F10_KI05_10,1,unknown,False
data/raw/paderborn/KI05/N15_M01_F10_KI05_11.mat,N15_M01_F10_KI05_11.mat,n15_m01_f10_ki05_11,N15_M01_F10_KI05_11,1,unknown,False
data/raw/paderborn/KI05/N15_M01_F10_KI05_12.mat,N15_M01_F10_KI05_12.mat,n15_m01_f10_ki05_12,N15_M01_F10_KI05_12,1,unknown,False
data/raw/paderborn/KI05/N15_M01_F10_KI05_13.mat,N15_M01_F10_KI05_13.mat,n15_m01_f10_ki05_13,N15_M01_F10_KI05_13,1,unknown,False
data/raw/paderborn/KI05/N15_M01_F10_KI05_14.mat,N15_M01_F10_KI05_14.mat,n15_m01_f10_ki05_14,N15_M01_F10_KI05_14,1,unknown,False
data/raw/paderborn/KI05/N15_M01_F10_KI05_15.mat,N15_M01_F10_KI05_15.mat,n15_m01_f10_ki05_15,N15_M01_F10_KI05_15,1,unknown,False
data/raw/paderborn/KI05/N15_M01_F10_KI05_16.mat,N15_M01_F10_KI05_16.mat,n15_m01_f10_ki05_16,N15_M01_F10_KI05_16,1,unknown,False
data/raw/paderborn/KI05/N15_M01_F10_KI05_17.mat,N15_M01_F10_KI05_17.mat,n15_m01_f10_ki05_17,N15_M01_F10_KI05_17,1,unknown,False
data/raw/paderborn/KI05/N15_M01_F10_KI05_18.mat,N15_M01_F10_KI05_18.mat,n15_m01_f10_ki05_18,N15_M01_F10_KI05_18,1,unknown,False
data/raw/paderborn/KI05/N15_M01_F10_KI05_19.mat,N15_M01_F10_KI05_19.mat,n15_m01_f10_ki05_19,N15_M01_F10_KI05_19,1,unknown,False
data/raw/paderborn/KI05/N15_M01_F10_KI05_2.mat,N15_M01_F10_KI05_2.mat,n15_m01_f10_ki05_2,N15_M01_F10_KI05_2,1,unknown,False
data/raw/paderborn/KI05/N15_M01_F10_KI05_20.mat,N15_M01_F10_KI05_20.mat,n15_m01_f10_ki05_20,N15_M01_F10_KI05_20,1,unknown,False
data/raw/paderborn/KI05/N15_M01_F10_KI05_3.mat,N15_M01_F10_KI05_3.mat,n15_m01_f10_ki05_3,N15_M01_F10_KI05_3,1,unknown,False
data/raw/paderborn/KI05/N15_M01_F10_KI05_4.mat,N15_M01_F10_KI05_4.mat,n15_m01_f10_ki05_4,N15_M01_F10_KI05_4,1,unknown,False
data/raw/paderborn/KI05/N15_M01_F10_KI05_5.mat,N15_M01_F10_KI05_5.mat,n15_m01_f10_ki05_5,N15_M01_F10_KI05_5,1,unknown,False
data/raw/paderborn/KI05/N15_M01_F10_KI05_6.mat,N15_M01_F10_KI05_6.mat,n15_m01_f10_ki05_6,N15_M01_F10_KI05_6,1,unknown,False
data/raw/paderborn/KI05/N15_M01_F10_KI05_7.mat,N15_M01_F10_KI05_7.mat,n15_m01_f10_ki05_7,N15_M01_F10_KI05_7,1,unknown,False
data/raw/paderborn/KI05/N15_M01_F10_KI05_8.mat,N15_M01_F10_KI05_8.mat,n15_m01_f10_ki05_8,N15_M01_F10_KI05_8,1,unknown,False
data/raw/paderborn/KI05/N15_M01_F10_KI05_9.mat,N15_M01_F10_KI05_9.mat,n15_m01_f10_ki05_9,N15_M01_F10_KI05_9,1,unknown,False
data/raw/paderborn/KI05/N15_M07_F04_KI05_1.mat,N15_M07_F04_KI05_1.mat,n15_m07_f04_ki05_1,N15_M07_F04_KI05_1,1,unknown,False
data/raw/paderborn/KI05/N15_M07_F04_KI05_10.mat,N15_M07_F04_KI05_10.mat,n15_m07_f04_ki05_10,N15_M07_F04_KI05_10,1,unknown,False
data/raw/paderborn/KI05/N15_M07_F04_KI05_11.mat,N15_M07_F04_KI05_11.mat,n15_m07_f04_ki05_11,N15_M07_F04_KI05_11,1,unknown,False
data/raw/paderborn/KI05/N15_M07_F04_KI05_12.mat,N15_M07_F04_KI05_12.mat,n15_m07_f04_ki05_12,N15_M07_F04_KI05_12,1,unknown,False
data/raw/paderborn/KI05/N15_M07_F04_KI05_13.mat,N15_M07_F04_KI05_13.mat,n15_m07_f04_ki05_13,N15_M07_F04_KI05_13,1,unknown,False
data/raw/paderborn/KI05/N15_M07_F04_KI05_14.mat,N15_M07_F04_KI05_14.mat,n15_m07_f04_ki05_14,N15_M07_F04_KI05_14,1,unknown,False
data/raw/paderborn/KI05/N15_M07_F04_KI05_15.mat,N15_M07_F04_KI05_15.mat,n15_m07_f04_ki05_15,N15_M07_F04_KI05_15,1,unknown,False
data/raw/paderborn/KI05/N15_M07_F04_KI05_16.mat,N15_M07_F04_KI05_16.mat,n15_m07_f04_ki05_16,N15_M07_F04_KI05_16,1,unknown,False
data/raw/paderborn/KI05/N15_M07_F04_KI05_17.mat,N15_M07_F04_KI05_17.mat,n15_m07_f04_ki05_17,N15_M07_F04_KI05_17,1,unknown,False
data/raw/paderborn/KI05/N15_M07_F04_KI05_18.mat,N15_M07_F04_KI05_18.mat,n15_m07_f04_ki05_18,N15_M07_F04_KI05_18,1,unknown,False
data/raw/paderborn/KI05/N15_M07_F04_KI05_19.mat,N15_M07_F04_KI05_19.mat,n15_m07_f04_ki05_19,N15_M07_F04_KI05_19,1,unknown,False
data/raw/paderborn/KI05/N15_M07_F04_KI05_2.mat,N15_M07_F04_KI05_2.mat,n15_m07_f04_ki05_2,N15_M07_F04_KI05_2,1,unknown,False
data/raw/paderborn/KI05/N15_M07_F04_KI05_20.mat,N15_M07_F04_KI05_20.mat,n15_m07_f04_ki05_20,N15_M07_F04_KI05_20,1,unknown,False
data/raw/paderborn/KI05/N15_M07_F04_KI05_3.mat,N15_M07_F04_KI05_3.mat,n15_m07_f04_ki05_3,N15_M07_F04_KI05_3,1,unknown,False
data/raw/paderborn/KI05/N15_M07_F04_KI05_4.mat,N15_M07_F04_KI05_4.mat,n15_m07_f04_ki05_4,N15_M07_F04_KI05_4,1,unknown,False
data/raw/paderborn/KI05/N15_M07_F04_KI05_5.mat,N15_M07_F04_KI05_5.mat,n15_m07_f04_ki05_5,N15_M07_F04_KI05_5,1,unknown,False
data/raw/paderborn/KI05/N15_M07_F04_KI05_6.mat,N15_M07_F04_KI05_6.mat,n15_m07_f04_ki05_6,N15_M07_F04_KI05_6,1,unknown,False
data/raw/paderborn/KI05/N15_M07_F04_KI05_7.mat,N15_M07_F04_KI05_7.mat,n15_m07_f04_ki05_7,N15_M07_F04_KI05_7,1,unknown,False
data/raw/paderborn/KI05/N15_M07_F04_KI05_8.mat,N15_M07_F04_KI05_8.mat,n15_m07_f04_ki05_8,N15_M07_F04_KI05_8,1,unknown,False
data/raw/paderborn/KI05/N15_M07_F04_KI05_9.mat,N15_M07_F04_KI05_9.mat,n15_m07_f04_ki05_9,N15_M07_F04_KI05_9,1,unknown,False
data/raw/paderborn/KI05/N15_M07_F10_KI05_1.mat,N15_M07_F10_KI05_1.mat,n15_m07_f10_ki05_1,N15_M07_F10_KI05_1,1,unknown,False
data/raw/paderborn/KI05/N15_M07_F10_KI05_10.mat,N15_M07_F10_KI05_10.mat,n15_m07_f10_ki05_10,N15_M07_F10_KI05_10,1,unknown,False
data/raw/paderborn/KI05/N15_M07_F10_KI05_11.mat,N15_M07_F10_KI05_11.mat,n15_m07_f10_ki05_11,N15_M07_F10_KI05_11,1,unknown,False
data/raw/paderborn/KI05/N15_M07_F10_KI05_12.mat,N15_M07_F10_KI05_12.mat,n15_m07_f10_ki05_12,N15_M07_F10_KI05_12,1,unknown,False
data/raw/paderborn/KI05/N15_M07_F10_KI05_13.mat,N15_M07_F10_KI05_13.mat,n15_m07_f10_ki05_13,N15_M07_F10_KI05_13,1,unknown,False
data/raw/paderborn/KI05/N15_M07_F10_KI05_14.mat,N15_M07_F10_KI05_14.mat,n15_m07_f10_ki05_14,N15_M07_F10_KI05_14,1,unknown,False
data/raw/paderborn/KI05/N15_M07_F10_KI05_15.mat,N15_M07_F10_KI05_15.mat,n15_m07_f10_ki05_15,N15_M07_F10_KI05_15,1,unknown,False
data/raw/paderborn/KI05/N15_M07_F10_KI05_16.mat,N15_M07_F10_KI05_16.mat,n15_m07_f10_ki05_16,N15_M07_F10_KI05_16,1,unknown,False
data/raw/paderborn/KI05/N15_M07_F10_KI05_17.mat,N15_M07_F10_KI05_17.mat,n15_m07_f10_ki05_17,N15_M07_F10_KI05_17,1,unknown,False
data/raw/paderborn/KI05/N15_M07_F10_KI05_18.mat,N15_M07_F10_KI05_18.mat,n15_m07_f10_ki05_18,N15_M07_F10_KI05_18,1,unknown,False
data/raw/paderborn/KI05/N15_M07_F10_KI05_19.mat,N15_M07_F10_KI05_19.mat,n15_m07_f10_ki05_19,N15_M07_F10_KI05_19,1,unknown,False
data/raw/paderborn/KI05/N15_M07_F10_KI05_2.mat,N15_M07_F10_KI05_2.mat,n15_m07_f10_ki05_2,N15_M07_F10_KI05_2,1,unknown,False
data/raw/paderborn/KI05/N15_M07_F10_KI05_20.mat,N15_M07_F10_KI05_20.mat,n15_m07_f10_ki05_20,N15_M07_F10_KI05_20,1,unknown,False
data/raw/paderborn/KI05/N15_M07_F10_KI05_3.mat,N15_M07_F10_KI05_3.mat,n15_m07_f10_ki05_3,N15_M07_F10_KI05_3,1,unknown,False
data/raw/paderborn/KI05/N15_M07_F10_KI05_4.mat,N15_M07_F10_KI05_4.mat,n15_m07_f10_ki05_4,N15_M07_F10_KI05_4,1,unknown,False
data/raw/paderborn/KI05/N15_M07_F10_KI05_5.mat,N15_M07_F10_KI05_5.mat,n15_m07_f10_ki05_5,N15_M07_F10_KI05_5,1,unknown,False
data/raw/paderborn/KI05/N15_M07_F10_KI05_6.mat,N15_M07_F10_KI05_6.mat,n15_m07_f10_ki05_6,N15_M07_F10_KI05_6,1,unknown,False
data/raw/paderborn/KI05/N15_M07_F10_KI05_7.mat,N15_M07_F10_KI05_7.mat,n15_m07_f10_ki05_7,N15_M07_F10_KI05_7,1,unknown,False
data/raw/paderborn/KI05/N15_M07_F10_KI05_8.mat,N15_M07_F10_KI05_8.mat,n15_m07_f10_ki05_8,N15_M07_F10_KI05_8,1,unknown,False
data/raw/paderborn/KI05/N15_M07_F10_KI05_9.mat,N15_M07_F10_KI05_9.mat,n15_m07_f10_ki05_9,N15_M07_F10_KI05_9,1,unknown,False
data/raw/paderborn/KI07/N09_M07_F10_KI07_1.mat,N09_M07_F10_KI07_1.mat,n09_m07_f10_ki07_1,N09_M07_F10_KI07_1,1,unknown,False
data/raw/paderborn/KI07/N09_M07_F10_KI07_10.mat,N09_M07_F10_KI07_10.mat,n09_m07_f10_ki07_10,N09_M07_F10_KI07_10,1,unknown,False
data/raw/paderborn/KI07/N09_M07_F10_KI07_11.mat,N09_M07_F10_KI07_11.mat,n09_m07_f10_ki07_11,N09_M07_F10_KI07_11,1,unknown,False
data/raw/paderborn/KI07/N09_M07_F10_KI07_12.mat,N09_M07_F10_KI07_12.mat,n09_m07_f10_ki07_12,N09_M07_F10_KI07_12,1,unknown,False
data/raw/paderborn/KI07/N09_M07_F10_KI07_13.mat,N09_M07_F10_KI07_13.mat,n09_m07_f10_ki07_13,N09_M07_F10_KI07_13,1,unknown,False
data/raw/paderborn/KI07/N09_M07_F10_KI07_14.mat,N09_M07_F10_KI07_14.mat,n09_m07_f10_ki07_14,N09_M07_F10_KI07_14,1,unknown,False
data/raw/paderborn/KI07/N09_M07_F10_KI07_15.mat,N09_M07_F10_KI07_15.mat,n09_m07_f10_ki07_15,N09_M07_F10_KI07_15,1,unknown,False
data/raw/paderborn/KI07/N09_M07_F10_KI07_16.mat,N09_M07_F10_KI07_16.mat,n09_m07_f10_ki07_16,N09_M07_F10_KI07_16,1,unknown,False
data/raw/paderborn/KI07/N09_M07_F10_KI07_17.mat,N09_M07_F10_KI07_17.mat,n09_m07_f10_ki07_17,N09_M07_F10_KI07_17,1,unknown,False
data/raw/paderborn/KI07/N09_M07_F10_KI07_18.mat,N09_M07_F10_KI07_18.mat,n09_m07_f10_ki07_18,N09_M07_F10_KI07_18,1,unknown,False
data/raw/paderborn/KI07/N09_M07_F10_KI07_19.mat,N09_M07_F10_KI07_19.mat,n09_m07_f10_ki07_19,N09_M07_F10_KI07_19,1,unknown,False
data/raw/paderborn/KI07/N09_M07_F10_KI07_2.mat,N09_M07_F10_KI07_2.mat,n09_m07_f10_ki07_2,N09_M07_F10_KI07_2,1,unknown,False
data/raw/paderborn/KI07/N09_M07_F10_KI07_20.mat,N09_M07_F10_KI07_20.mat,n09_m07_f10_ki07_20,N09_M07_F10_KI07_20,1,unknown,False
data/raw/paderborn/KI07/N09_M07_F10_KI07_3.mat,N09_M07_F10_KI07_3.mat,n09_m07_f10_ki07_3,N09_M07_F10_KI07_3,1,unknown,False
data/raw/paderborn/KI07/N09_M07_F10_KI07_4.mat,N09_M07_F10_KI07_4.mat,n09_m07_f10_ki07_4,N09_M07_F10_KI07_4,1,unknown,False
data/raw/paderborn/KI07/N09_M07_F10_KI07_5.mat,N09_M07_F10_KI07_5.mat,n09_m07_f10_ki07_5,N09_M07_F10_KI07_5,1,unknown,False
data/raw/paderborn/KI07/N09_M07_F10_KI07_6.mat,N09_M07_F10_KI07_6.mat,n09_m07_f10_ki07_6,N09_M07_F10_KI07_6,1,unknown,False
data/raw/paderborn/KI07/N09_M07_F10_KI07_7.mat,N09_M07_F10_KI07_7.mat,n09_m07_f10_ki07_7,N09_M07_F10_KI07_7,1,unknown,False
data/raw/paderborn/KI07/N09_M07_F10_KI07_8.mat,N09_M07_F10_KI07_8.mat,n09_m07_f10_ki07_8,N09_M07_F10_KI07_8,1,unknown,False
data/raw/paderborn/KI07/N09_M07_F10_KI07_9.mat,N09_M07_F10_KI07_9.mat,n09_m07_f10_ki07_9,N09_M07_F10_KI07_9,1,unknown,False
data/raw/paderborn/KI07/N15_M01_F10_KI07_1.mat,N15_M01_F10_KI07_1.mat,n15_m01_f10_ki07_1,N15_M01_F10_KI07_1,1,unknown,False
data/raw/paderborn/KI07/N15_M01_F10_KI07_10.mat,N15_M01_F10_KI07_10.mat,n15_m01_f10_ki07_10,N15_M01_F10_KI07_10,1,unknown,False
data/raw/paderborn/KI07/N15_M01_F10_KI07_11.mat,N15_M01_F10_KI07_11.mat,n15_m01_f10_ki07_11,N15_M01_F10_KI07_11,1,unknown,False
data/raw/paderborn/KI07/N15_M01_F10_KI07_12.mat,N15_M01_F10_KI07_12.mat,n15_m01_f10_ki07_12,N15_M01_F10_KI07_12,1,unknown,False
data/raw/paderborn/KI07/N15_M01_F10_KI07_13.mat,N15_M01_F10_KI07_13.mat,n15_m01_f10_ki07_13,N15_M01_F10_KI07_13,1,unknown,False
data/raw/paderborn/KI07/N15_M01_F10_KI07_14.mat,N15_M01_F10_KI07_14.mat,n15_m01_f10_ki07_14,N15_M01_F10_KI07_14,1,unknown,False
data/raw/paderborn/KI07/N15_M01_F10_KI07_15.mat,N15_M01_F10_KI07_15.mat,n15_m01_f10_ki07_15,N15_M01_F10_KI07_15,1,unknown,False
data/raw/paderborn/KI07/N15_M01_F10_KI07_16.mat,N15_M01_F10_KI07_16.mat,n15_m01_f10_ki07_16,N15_M01_F10_KI07_16,1,unknown,False
data/raw/paderborn/KI07/N15_M01_F10_KI07_17.mat,N15_M01_F10_KI07_17.mat,n15_m01_f10_ki07_17,N15_M01_F10_KI07_17,1,unknown,False
data/raw/paderborn/KI07/N15_M01_F10_KI07_18.mat,N15_M01_F10_KI07_18.mat,n15_m01_f10_ki07_18,N15_M01_F10_KI07_18,1,unknown,False
data/raw/paderborn/KI07/N15_M01_F10_KI07_19.mat,N15_M01_F10_KI07_19.mat,n15_m01_f10_ki07_19,N15_M01_F10_KI07_19,1,unknown,False
data/raw/paderborn/KI07/N15_M01_F10_KI07_2.mat,N15_M01_F10_KI07_2.mat,n15_m01_f10_ki07_2,N15_M01_F10_KI07_2,1,unknown,False
data/raw/paderborn/KI07/N15_M01_F10_KI07_20.mat,N15_M01_F10_KI07_20.mat,n15_m01_f10_ki07_20,N15_M01_F10_KI07_20,1,unknown,False
data/raw/paderborn/KI07/N15_M01_F10_KI07_3.mat,N15_M01_F10_KI07_3.mat,n15_m01_f10_ki07_3,N15_M01_F10_KI07_3,1,unknown,False
data/raw/paderborn/KI07/N15_M01_F10_KI07_4.mat,N15_M01_F10_KI07_4.mat,n15_m01_f10_ki07_4,N15_M01_F10_KI07_4,1,unknown,False
data/raw/paderborn/KI07/N15_M01_F10_KI07_5.mat,N15_M01_F10_KI07_5.mat,n15_m01_f10_ki07_5,N15_M01_F10_KI07_5,1,unknown,False
data/raw/paderborn/KI07/N15_M01_F10_KI07_6.mat,N15_M01_F10_KI07_6.mat,n15_m01_f10_ki07_6,N15_M01_F10_KI07_6,1,unknown,False
data/raw/paderborn/KI07/N15_M01_F10_KI07_7.mat,N15_M01_F10_KI07_7.mat,n15_m01_f10_ki07_7,N15_M01_F10_KI07_7,1,unknown,False
data/raw/paderborn/KI07/N15_M01_F10_KI07_8.mat,N15_M01_F10_KI07_8.mat,n15_m01_f10_ki07_8,N15_M01_F10_KI07_8,1,unknown,False
data/raw/paderborn/KI07/N15_M01_F10_KI07_9.mat,N15_M01_F10_KI07_9.mat,n15_m01_f10_ki07_9,N15_M01_F10_KI07_9,1,unknown,False
data/raw/paderborn/KI07/N15_M07_F04_KI07_1.mat,N15_M07_F04_KI07_1.mat,n15_m07_f04_ki07_1,N15_M07_F04_KI07_1,1,unknown,False
data/raw/paderborn/KI07/N15_M07_F04_KI07_10.mat,N15_M07_F04_KI07_10.mat,n15_m07_f04_ki07_10,N15_M07_F04_KI07_10,1,unknown,False
data/raw/paderborn/KI07/N15_M07_F04_KI07_11.mat,N15_M07_F04_KI07_11.mat,n15_m07_f04_ki07_11,N15_M07_F04_KI07_11,1,unknown,False
data/raw/paderborn/KI07/N15_M07_F04_KI07_12.mat,N15_M07_F04_KI07_12.mat,n15_m07_f04_ki07_12,N15_M07_F04_KI07_12,1,unknown,False
data/raw/paderborn/KI07/N15_M07_F04_KI07_13.mat,N15_M07_F04_KI07_13.mat,n15_m07_f04_ki07_13,N15_M07_F04_KI07_13,1,unknown,False
data/raw/paderborn/KI07/N15_M07_F04_KI07_14.mat,N15_M07_F04_KI07_14.mat,n15_m07_f04_ki07_14,N15_M07_F04_KI07_14,1,unknown,False
data/raw/paderborn/KI07/N15_M07_F04_KI07_15.mat,N15_M07_F04_KI07_15.mat,n15_m07_f04_ki07_15,N15_M07_F04_KI07_15,1,unknown,False
data/raw/paderborn/KI07/N15_M07_F04_KI07_16.mat,N15_M07_F04_KI07_16.mat,n15_m07_f04_ki07_16,N15_M07_F04_KI07_16,1,unknown,False
data/raw/paderborn/KI07/N15_M07_F04_KI07_17.mat,N15_M07_F04_KI07_17.mat,n15_m07_f04_ki07_17,N15_M07_F04_KI07_17,1,unknown,False
data/raw/paderborn/KI07/N15_M07_F04_KI07_18.mat,N15_M07_F04_KI07_18.mat,n15_m07_f04_ki07_18,N15_M07_F04_KI07_18,1,unknown,False
data/raw/paderborn/KI07/N15_M07_F04_KI07_19.mat,N15_M07_F04_KI07_19.mat,n15_m07_f04_ki07_19,N15_M07_F04_KI07_19,1,unknown,False
data/raw/paderborn/KI07/N15_M07_F04_KI07_2.mat,N15_M07_F04_KI07_2.mat,n15_m07_f04_ki07_2,N15_M07_F04_KI07_2,1,unknown,False
data/raw/paderborn/KI07/N15_M07_F04_KI07_20.mat,N15_M07_F04_KI07_20.mat,n15_m07_f04_ki07_20,N15_M07_F04_KI07_20,1,unknown,False
data/raw/paderborn/KI07/N15_M07_F04_KI07_3.mat,N15_M07_F04_KI07_3.mat,n15_m07_f04_ki07_3,N15_M07_F04_KI07_3,1,unknown,False
data/raw/paderborn/KI07/N15_M07_F04_KI07_4.mat,N15_M07_F04_KI07_4.mat,n15_m07_f04_ki07_4,N15_M07_F04_KI07_4,1,unknown,False
data/raw/paderborn/KI07/N15_M07_F04_KI07_5.mat,N15_M07_F04_KI07_5.mat,n15_m07_f04_ki07_5,N15_M07_F04_KI07_5,1,unknown,False
data/raw/paderborn/KI07/N15_M07_F04_KI07_6.mat,N15_M07_F04_KI07_6.mat,n15_m07_f04_ki07_6,N15_M07_F04_KI07_6,1,unknown,False
data/raw/paderborn/KI07/N15_M07_F04_KI07_7.mat,N15_M07_F04_KI07_7.mat,n15_m07_f04_ki07_7,N15_M07_F04_KI07_7,1,unknown,False
data/raw/paderborn/KI07/N15_M07_F04_KI07_8.mat,N15_M07_F04_KI07_8.mat,n15_m07_f04_ki07_8,N15_M07_F04_KI07_8,1,unknown,False
data/raw/paderborn/KI07/N15_M07_F04_KI07_9.mat,N15_M07_F04_KI07_9.mat,n15_m07_f04_ki07_9,N15_M07_F04_KI07_9,1,unknown,False
data/raw/paderborn/KI07/N15_M07_F10_KI07_1.mat,N15_M07_F10_KI07_1.mat,n15_m07_f10_ki07_1,N15_M07_F10_KI07_1,1,unknown,False
data/raw/paderborn/KI07/N15_M07_F10_KI07_10.mat,N15_M07_F10_KI07_10.mat,n15_m07_f10_ki07_10,N15_M07_F10_KI07_10,1,unknown,False
data/raw/paderborn/KI07/N15_M07_F10_KI07_11.mat,N15_M07_F10_KI07_11.mat,n15_m07_f10_ki07_11,N15_M07_F10_KI07_11,1,unknown,False
data/raw/paderborn/KI07/N15_M07_F10_KI07_12.mat,N15_M07_F10_KI07_12.mat,n15_m07_f10_ki07_12,N15_M07_F10_KI07_12,1,unknown,False
data/raw/paderborn/KI07/N15_M07_F10_KI07_13.mat,N15_M07_F10_KI07_13.mat,n15_m07_f10_ki07_13,N15_M07_F10_KI07_13,1,unknown,False
data/raw/paderborn/KI07/N15_M07_F10_KI07_14.mat,N15_M07_F10_KI07_14.mat,n15_m07_f10_ki07_14,N15_M07_F10_KI07_14,1,unknown,False
data/raw/paderborn/KI07/N15_M07_F10_KI07_15.mat,N15_M07_F10_KI07_15.mat,n15_m07_f10_ki07_15,N15_M07_F10_KI07_15,1,unknown,False
data/raw/paderborn/KI07/N15_M07_F10_KI07_16.mat,N15_M07_F10_KI07_16.mat,n15_m07_f10_ki07_16,N15_M07_F10_KI07_16,1,unknown,False
data/raw/paderborn/KI07/N15_M07_F10_KI07_17.mat,N15_M07_F10_KI07_17.mat,n15_m07_f10_ki07_17,N15_M07_F10_KI07_17,1,unknown,False
data/raw/paderborn/KI07/N15_M07_F10_KI07_18.mat,N15_M07_F10_KI07_18.mat,n15_m07_f10_ki07_18,N15_M07_F10_KI07_18,1,unknown,False
data/raw/paderborn/KI07/N15_M07_F10_KI07_19.mat,N15_M07_F10_KI07_19.mat,n15_m07_f10_ki07_19,N15_M07_F10_KI07_19,1,unknown,False
data/raw/paderborn/KI07/N15_M07_F10_KI07_2.mat,N15_M07_F10_KI07_2.mat,n15_m07_f10_ki07_2,N15_M07_F10_KI07_2,1,unknown,False
data/raw/paderborn/KI07/N15_M07_F10_KI07_20.mat,N15_M07_F10_KI07_20.mat,n15_m07_f10_ki07_20,N15_M07_F10_KI07_20,1,unknown,False
data/raw/paderborn/KI07/N15_M07_F10_KI07_3.mat,N15_M07_F10_KI07_3.mat,n15_m07_f10_ki07_3,N15_M07_F10_KI07_3,1,unknown,False
data/raw/paderborn/KI07/N15_M07_F10_KI07_4.mat,N15_M07_F10_KI07_4.mat,n15_m07_f10_ki07_4,N15_M07_F10_KI07_4,1,unknown,False
data/raw/paderborn/KI07/N15_M07_F10_KI07_5.mat,N15_M07_F10_KI07_5.mat,n15_m07_f10_ki07_5,N15_M07_F10_KI07_5,1,unknown,False
data/raw/paderborn/KI07/N15_M07_F10_KI07_6.mat,N15_M07_F10_KI07_6.mat,n15_m07_f10_ki07_6,N15_M07_F10_KI07_6,1,unknown,False
data/raw/paderborn/KI07/N15_M07_F10_KI07_7.mat,N15_M07_F10_KI07_7.mat,n15_m07_f10_ki07_7,N15_M07_F10_KI07_7,1,unknown,False
data/raw/paderborn/KI07/N15_M07_F10_KI07_8.mat,N15_M07_F10_KI07_8.mat,n15_m07_f10_ki07_8,N15_M07_F10_KI07_8,1,unknown,False
data/raw/paderborn/KI07/N15_M07_F10_KI07_9.mat,N15_M07_F10_KI07_9.mat,n15_m07_f10_ki07_9,N15_M07_F10_KI07_9,1,unknown,False
data/raw/paderborn/KI08/N09_M07_F10_KI08_1.mat,N09_M07_F10_KI08_1.mat,n09_m07_f10_ki08_1,N09_M07_F10_KI08_1,1,unknown,False
data/raw/paderborn/KI08/N09_M07_F10_KI08_10.mat,N09_M07_F10_KI08_10.mat,n09_m07_f10_ki08_10,N09_M07_F10_KI08_10,1,unknown,False
data/raw/paderborn/KI08/N09_M07_F10_KI08_11.mat,N09_M07_F10_KI08_11.mat,n09_m07_f10_ki08_11,N09_M07_F10_KI08_11,1,unknown,False
data/raw/paderborn/KI08/N09_M07_F10_KI08_12.mat,N09_M07_F10_KI08_12.mat,n09_m07_f10_ki08_12,N09_M07_F10_KI08_12,1,unknown,False
data/raw/paderborn/KI08/N09_M07_F10_KI08_13.mat,N09_M07_F10_KI08_13.mat,n09_m07_f10_ki08_13,N09_M07_F10_KI08_13,1,unknown,False
data/raw/paderborn/KI08/N09_M07_F10_KI08_14.mat,N09_M07_F10_KI08_14.mat,n09_m07_f10_ki08_14,N09_M07_F10_KI08_14,1,unknown,False
data/raw/paderborn/KI08/N09_M07_F10_KI08_15.mat,N09_M07_F10_KI08_15.mat,n09_m07_f10_ki08_15,N09_M07_F10_KI08_15,1,unknown,False
data/raw/paderborn/KI08/N09_M07_F10_KI08_16.mat,N09_M07_F10_KI08_16.mat,n09_m07_f10_ki08_16,N09_M07_F10_KI08_16,1,unknown,False
data/raw/paderborn/KI08/N09_M07_F10_KI08_17.mat,N09_M07_F10_KI08_17.mat,n09_m07_f10_ki08_17,N09_M07_F10_KI08_17,1,unknown,False
data/raw/paderborn/KI08/N09_M07_F10_KI08_18.mat,N09_M07_F10_KI08_18.mat,n09_m07_f10_ki08_18,N09_M07_F10_KI08_18,1,unknown,False
data/raw/paderborn/KI08/N09_M07_F10_KI08_19.mat,N09_M07_F10_KI08_19.mat,n09_m07_f10_ki08_19,N09_M07_F10_KI08_19,1,unknown,False
data/raw/paderborn/KI08/N09_M07_F10_KI08_2.mat,N09_M07_F10_KI08_2.mat,n09_m07_f10_ki08_2,N09_M07_F10_KI08_2,1,unknown,False
data/raw/paderborn/KI08/N09_M07_F10_KI08_20.mat,N09_M07_F10_KI08_20.mat,n09_m07_f10_ki08_20,N09_M07_F10_KI08_20,1,unknown,False
data/raw/paderborn/KI08/N09_M07_F10_KI08_3.mat,N09_M07_F10_KI08_3.mat,n09_m07_f10_ki08_3,N09_M07_F10_KI08_3,1,unknown,False
data/raw/paderborn/KI08/N09_M07_F10_KI08_4.mat,N09_M07_F10_KI08_4.mat,n09_m07_f10_ki08_4,N09_M07_F10_KI08_4,1,unknown,False
data/raw/paderborn/KI08/N09_M07_F10_KI08_5.mat,N09_M07_F10_KI08_5.mat,n09_m07_f10_ki08_5,N09_M07_F10_KI08_5,1,unknown,False
data/raw/paderborn/KI08/N09_M07_F10_KI08_6.mat,N09_M07_F10_KI08_6.mat,n09_m07_f10_ki08_6,N09_M07_F10_KI08_6,1,unknown,False
data/raw/paderborn/KI08/N09_M07_F10_KI08_7.mat,N09_M07_F10_KI08_7.mat,n09_m07_f10_ki08_7,N09_M07_F10_KI08_7,1,unknown,False
data/raw/paderborn/KI08/N09_M07_F10_KI08_8.mat,N09_M07_F10_KI08_8.mat,n09_m07_f10_ki08_8,N09_M07_F10_KI08_8,1,unknown,False
data/raw/paderborn/KI08/N09_M07_F10_KI08_9.mat,N09_M07_F10_KI08_9.mat,n09_m07_f10_ki08_9,N09_M07_F10_KI08_9,1,unknown,False
data/raw/paderborn/KI08/N15_M01_F10_KI08_1.mat,N15_M01_F10_KI08_1.mat,n15_m01_f10_ki08_1,N15_M01_F10_KI08_1,1,unknown,False
data/raw/paderborn/KI08/N15_M01_F10_KI08_10.mat,N15_M01_F10_KI08_10.mat,n15_m01_f10_ki08_10,N15_M01_F10_KI08_10,1,unknown,False
data/raw/paderborn/KI08/N15_M01_F10_KI08_11.mat,N15_M01_F10_KI08_11.mat,n15_m01_f10_ki08_11,N15_M01_F10_KI08_11,1,unknown,False
data/raw/paderborn/KI08/N15_M01_F10_KI08_12.mat,N15_M01_F10_KI08_12.mat,n15_m01_f10_ki08_12,N15_M01_F10_KI08_12,1,unknown,False
data/raw/paderborn/KI08/N15_M01_F10_KI08_13.mat,N15_M01_F10_KI08_13.mat,n15_m01_f10_ki08_13,N15_M01_F10_KI08_13,1,unknown,False
data/raw/paderborn/KI08/N15_M01_F10_KI08_14.mat,N15_M01_F10_KI08_14.mat,n15_m01_f10_ki08_14,N15_M01_F10_KI08_14,1,unknown,False
data/raw/paderborn/KI08/N15_M01_F10_KI08_15.mat,N15_M01_F10_KI08_15.mat,n15_m01_f10_ki08_15,N15_M01_F10_KI08_15,1,unknown,False
data/raw/paderborn/KI08/N15_M01_F10_KI08_16.mat,N15_M01_F10_KI08_16.mat,n15_m01_f10_ki08_16,N15_M01_F10_KI08_16,1,unknown,False
data/raw/paderborn/KI08/N15_M01_F10_KI08_17.mat,N15_M01_F10_KI08_17.mat,n15_m01_f10_ki08_17,N15_M01_F10_KI08_17,1,unknown,False
data/raw/paderborn/KI08/N15_M01_F10_KI08_18.mat,N15_M01_F10_KI08_18.mat,n15_m01_f10_ki08_18,N15_M01_F10_KI08_18,1,unknown,False
data/raw/paderborn/KI08/N15_M01_F10_KI08_19.mat,N15_M01_F10_KI08_19.mat,n15_m01_f10_ki08_19,N15_M01_F10_KI08_19,1,unknown,False
data/raw/paderborn/KI08/N15_M01_F10_KI08_2.mat,N15_M01_F10_KI08_2.mat,n15_m01_f10_ki08_2,N15_M01_F10_KI08_2,1,unknown,False
data/raw/paderborn/KI08/N15_M01_F10_KI08_20.mat,N15_M01_F10_KI08_20.mat,n15_m01_f10_ki08_20,N15_M01_F10_KI08_20,1,unknown,False
data/raw/paderborn/KI08/N15_M01_F10_KI08_3.mat,N15_M01_F10_KI08_3.mat,n15_m01_f10_ki08_3,N15_M01_F10_KI08_3,1,unknown,False
data/raw/paderborn/KI08/N15_M01_F10_KI08_4.mat,N15_M01_F10_KI08_4.mat,n15_m01_f10_ki08_4,N15_M01_F10_KI08_4,1,unknown,False
data/raw/paderborn/KI08/N15_M01_F10_KI08_5.mat,N15_M01_F10_KI08_5.mat,n15_m01_f10_ki08_5,N15_M01_F10_KI08_5,1,unknown,False
data/raw/paderborn/KI08/N15_M01_F10_KI08_6.mat,N15_M01_F10_KI08_6.mat,n15_m01_f10_ki08_6,N15_M01_F10_KI08_6,1,unknown,False
data/raw/paderborn/KI08/N15_M01_F10_KI08_7.mat,N15_M01_F10_KI08_7.mat,n15_m01_f10_ki08_7,N15_M01_F10_KI08_7,1,unknown,False
data/raw/paderborn/KI08/N15_M01_F10_KI08_8.mat,N15_M01_F10_KI08_8.mat,n15_m01_f10_ki08_8,N15_M01_F10_KI08_8,1,unknown,False
data/raw/paderborn/KI08/N15_M01_F10_KI08_9.mat,N15_M01_F10_KI08_9.mat,n15_m01_f10_ki08_9,N15_M01_F10_KI08_9,1,unknown,False
data/raw/paderborn/KI08/N15_M07_F04_KI08_1.mat,N15_M07_F04_KI08_1.mat,n15_m07_f04_ki08_1,N15_M07_F04_KI08_1,1,unknown,False
data/raw/paderborn/KI08/N15_M07_F04_KI08_10.mat,N15_M07_F04_KI08_10.mat,n15_m07_f04_ki08_10,N15_M07_F04_KI08_10,1,unknown,False
data/raw/paderborn/KI08/N15_M07_F04_KI08_11.mat,N15_M07_F04_KI08_11.mat,n15_m07_f04_ki08_11,N15_M07_F04_KI08_11,1,unknown,False
data/raw/paderborn/KI08/N15_M07_F04_KI08_12.mat,N15_M07_F04_KI08_12.mat,n15_m07_f04_ki08_12,N15_M07_F04_KI08_12,1,unknown,False
data/raw/paderborn/KI08/N15_M07_F04_KI08_13.mat,N15_M07_F04_KI08_13.mat,n15_m07_f04_ki08_13,N15_M07_F04_KI08_13,1,unknown,False
data/raw/paderborn/KI08/N15_M07_F04_KI08_14.mat,N15_M07_F04_KI08_14.mat,n15_m07_f04_ki08_14,N15_M07_F04_KI08_14,1,unknown,False
data/raw/paderborn/KI08/N15_M07_F04_KI08_15.mat,N15_M07_F04_KI08_15.mat,n15_m07_f04_ki08_15,N15_M07_F04_KI08_15,1,unknown,False
data/raw/paderborn/KI08/N15_M07_F04_KI08_16.mat,N15_M07_F04_KI08_16.mat,n15_m07_f04_ki08_16,N15_M07_F04_KI08_16,1,unknown,False
data/raw/paderborn/KI08/N15_M07_F04_KI08_17.mat,N15_M07_F04_KI08_17.mat,n15_m07_f04_ki08_17,N15_M07_F04_KI08_17,1,unknown,False
data/raw/paderborn/KI08/N15_M07_F04_KI08_18.mat,N15_M07_F04_KI08_18.mat,n15_m07_f04_ki08_18,N15_M07_F04_KI08_18,1,unknown,False
data/raw/paderborn/KI08/N15_M07_F04_KI08_19.mat,N15_M07_F04_KI08_19.mat,n15_m07_f04_ki08_19,N15_M07_F04_KI08_19,1,unknown,False
data/raw/paderborn/KI08/N15_M07_F04_KI08_2.mat,N15_M07_F04_KI08_2.mat,n15_m07_f04_ki08_2,N15_M07_F04_KI08_2,1,unknown,False
data/raw/paderborn/KI08/N15_M07_F04_KI08_20.mat,N15_M07_F04_KI08_20.mat,n15_m07_f04_ki08_20,N15_M07_F04_KI08_20,1,unknown,False
data/raw/paderborn/KI08/N15_M07_F04_KI08_3.mat,N15_M07_F04_KI08_3.mat,n15_m07_f04_ki08_3,N15_M07_F04_KI08_3,1,unknown,False
data/raw/paderborn/KI08/N15_M07_F04_KI08_4.mat,N15_M07_F04_KI08_4.mat,n15_m07_f04_ki08_4,N15_M07_F04_KI08_4,1,unknown,False
data/raw/paderborn/KI08/N15_M07_F04_KI08_5.mat,N15_M07_F04_KI08_5.mat,n15_m07_f04_ki08_5,N15_M07_F04_KI08_5,1,unknown,False
data/raw/paderborn/KI08/N15_M07_F04_KI08_6.mat,N15_M07_F04_KI08_6.mat,n15_m07_f04_ki08_6,N15_M07_F04_KI08_6,1,unknown,False
data/raw/paderborn/KI08/N15_M07_F04_KI08_7.mat,N15_M07_F04_KI08_7.mat,n15_m07_f04_ki08_7,N15_M07_F04_KI08_7,1,unknown,False
data/raw/paderborn/KI08/N15_M07_F04_KI08_8.mat,N15_M07_F04_KI08_8.mat,n15_m07_f04_ki08_8,N15_M07_F04_KI08_8,1,unknown,False
data/raw/paderborn/KI08/N15_M07_F04_KI08_9.mat,N15_M07_F04_KI08_9.mat,n15_m07_f04_ki08_9,N15_M07_F04_KI08_9,1,unknown,False
data/raw/paderborn/KI08/N15_M07_F10_KI08_1.mat,N15_M07_F10_KI08_1.mat,n15_m07_f10_ki08_1,N15_M07_F10_KI08_1,1,unknown,False
data/raw/paderborn/KI08/N15_M07_F10_KI08_10.mat,N15_M07_F10_KI08_10.mat,n15_m07_f10_ki08_10,N15_M07_F10_KI08_10,1,unknown,False
data/raw/paderborn/KI08/N15_M07_F10_KI08_11.mat,N15_M07_F10_KI08_11.mat,n15_m07_f10_ki08_11,N15_M07_F10_KI08_11,1,unknown,False
data/raw/paderborn/KI08/N15_M07_F10_KI08_12.mat,N15_M07_F10_KI08_12.mat,n15_m07_f10_ki08_12,N15_M07_F10_KI08_12,1,unknown,False
data/raw/paderborn/KI08/N15_M07_F10_KI08_13.mat,N15_M07_F10_KI08_13.mat,n15_m07_f10_ki08_13,N15_M07_F10_KI08_13,1,unknown,False
data/raw/paderborn/KI08/N15_M07_F10_KI08_14.mat,N15_M07_F10_KI08_14.mat,n15_m07_f10_ki08_14,N15_M07_F10_KI08_14,1,unknown,False
data/raw/paderborn/KI08/N15_M07_F10_KI08_15.mat,N15_M07_F10_KI08_15.mat,n15_m07_f10_ki08_15,N15_M07_F10_KI08_15,1,unknown,False
data/raw/paderborn/KI08/N15_M07_F10_KI08_16.mat,N15_M07_F10_KI08_16.mat,n15_m07_f10_ki08_16,N15_M07_F10_KI08_16,1,unknown,False
data/raw/paderborn/KI08/N15_M07_F10_KI08_17.mat,N15_M07_F10_KI08_17.mat,n15_m07_f10_ki08_17,N15_M07_F10_KI08_17,1,unknown,False
data/raw/paderborn/KI08/N15_M07_F10_KI08_18.mat,N15_M07_F10_KI08_18.mat,n15_m07_f10_ki08_18,N15_M07_F10_KI08_18,1,unknown,False
data/raw/paderborn/KI08/N15_M07_F10_KI08_19.mat,N15_M07_F10_KI08_19.mat,n15_m07_f10_ki08_19,N15_M07_F10_KI08_19,1,unknown,False
data/raw/paderborn/KI08/N15_M07_F10_KI08_2.mat,N15_M07_F10_KI08_2.mat,n15_m07_f10_ki08_2,N15_M07_F10_KI08_2,1,unknown,False
data/raw/paderborn/KI08/N15_M07_F10_KI08_20.mat,N15_M07_F10_KI08_20.mat,n15_m07_f10_ki08_20,N15_M07_F10_KI08_20,1,unknown,False
data/raw/paderborn/KI08/N15_M07_F10_KI08_3.mat,N15_M07_F10_KI08_3.mat,n15_m07_f10_ki08_3,N15_M07_F10_KI08_3,1,unknown,False
data/raw/paderborn/KI08/N15_M07_F10_KI08_4.mat,N15_M07_F10_KI08_4.mat,n15_m07_f10_ki08_4,N15_M07_F10_KI08_4,1,unknown,False
data/raw/paderborn/KI08/N15_M07_F10_KI08_5.mat,N15_M07_F10_KI08_5.mat,n15_m07_f10_ki08_5,N15_M07_F10_KI08_5,1,unknown,False
data/raw/paderborn/KI08/N15_M07_F10_KI08_6.mat,N15_M07_F10_KI08_6.mat,n15_m07_f10_ki08_6,N15_M07_F10_KI08_6,1,unknown,False
data/raw/paderborn/KI08/N15_M07_F10_KI08_7.mat,N15_M07_F10_KI08_7.mat,n15_m07_f10_ki08_7,N15_M07_F10_KI08_7,1,unknown,False
data/raw/paderborn/KI08/N15_M07_F10_KI08_8.mat,N15_M07_F10_KI08_8.mat,n15_m07_f10_ki08_8,N15_M07_F10_KI08_8,1,unknown,False
data/raw/paderborn/KI08/N15_M07_F10_KI08_9.mat,N15_M07_F10_KI08_9.mat,n15_m07_f10_ki08_9,N15_M07_F10_KI08_9,1,unknown,False
data/raw/paderborn/KI14/N09_M07_F10_KI14_1.mat,N09_M07_F10_KI14_1.mat,n09_m07_f10_ki14_1,N09_M07_F10_KI14_1,1,current,False
data/raw/paderborn/KI14/N09_M07_F10_KI14_10.mat,N09_M07_F10_KI14_10.mat,n09_m07_f10_ki14_10,N09_M07_F10_KI14_10,1,current,False
data/raw/paderborn/KI14/N09_M07_F10_KI14_11.mat,N09_M07_F10_KI14_11.mat,n09_m07_f10_ki14_11,N09_M07_F10_KI14_11,1,current,False
data/raw/paderborn/KI14/N09_M07_F10_KI14_12.mat,N09_M07_F10_KI14_12.mat,n09_m07_f10_ki14_12,N09_M07_F10_KI14_12,1,current,False
data/raw/paderborn/KI14/N09_M07_F10_KI14_13.mat,N09_M07_F10_KI14_13.mat,n09_m07_f10_ki14_13,N09_M07_F10_KI14_13,1,current,False
data/raw/paderborn/KI14/N09_M07_F10_KI14_14.mat,N09_M07_F10_KI14_14.mat,n09_m07_f10_ki14_14,N09_M07_F10_KI14_14,1,current,False
data/raw/paderborn/KI14/N09_M07_F10_KI14_15.mat,N09_M07_F10_KI14_15.mat,n09_m07_f10_ki14_15,N09_M07_F10_KI14_15,1,current,False
data/raw/paderborn/KI14/N09_M07_F10_KI14_16.mat,N09_M07_F10_KI14_16.mat,n09_m07_f10_ki14_16,N09_M07_F10_KI14_16,1,current,False
data/raw/paderborn/KI14/N09_M07_F10_KI14_17.mat,N09_M07_F10_KI14_17.mat,n09_m07_f10_ki14_17,N09_M07_F10_KI14_17,1,current,False
data/raw/paderborn/KI14/N09_M07_F10_KI14_18.mat,N09_M07_F10_KI14_18.mat,n09_m07_f10_ki14_18,N09_M07_F10_KI14_18,1,current,False
data/raw/paderborn/KI14/N09_M07_F10_KI14_19.mat,N09_M07_F10_KI14_19.mat,n09_m07_f10_ki14_19,N09_M07_F10_KI14_19,1,current,False
data/raw/paderborn/KI14/N09_M07_F10_KI14_2.mat,N09_M07_F10_KI14_2.mat,n09_m07_f10_ki14_2,N09_M07_F10_KI14_2,1,current,False
data/raw/paderborn/KI14/N09_M07_F10_KI14_20.mat,N09_M07_F10_KI14_20.mat,n09_m07_f10_ki14_20,N09_M07_F10_KI14_20,1,current,False
data/raw/paderborn/KI14/N09_M07_F10_KI14_3.mat,N09_M07_F10_KI14_3.mat,n09_m07_f10_ki14_3,N09_M07_F10_KI14_3,1,current,False
data/raw/paderborn/KI14/N09_M07_F10_KI14_4.mat,N09_M07_F10_KI14_4.mat,n09_m07_f10_ki14_4,N09_M07_F10_KI14_4,1,current,False
data/raw/paderborn/KI14/N09_M07_F10_KI14_5.mat,N09_M07_F10_KI14_5.mat,n09_m07_f10_ki14_5,N09_M07_F10_KI14_5,1,current,False
data/raw/paderborn/KI14/N09_M07_F10_KI14_6.mat,N09_M07_F10_KI14_6.mat,n09_m07_f10_ki14_6,N09_M07_F10_KI14_6,1,current,False
data/raw/paderborn/KI14/N09_M07_F10_KI14_7.mat,N09_M07_F10_KI14_7.mat,n09_m07_f10_ki14_7,N09_M07_F10_KI14_7,1,current,False
data/raw/paderborn/KI14/N09_M07_F10_KI14_8.mat,N09_M07_F10_KI14_8.mat,n09_m07_f10_ki14_8,N09_M07_F10_KI14_8,1,current,False
data/raw/paderborn/KI14/N09_M07_F10_KI14_9.mat,N09_M07_F10_KI14_9.mat,n09_m07_f10_ki14_9,N09_M07_F10_KI14_9,1,current,False
data/raw/paderborn/KI14/N15_M01_F10_KI14_1.mat,N15_M01_F10_KI14_1.mat,n15_m01_f10_ki14_1,N15_M01_F10_KI14_1,1,current,False
data/raw/paderborn/KI14/N15_M01_F10_KI14_10.mat,N15_M01_F10_KI14_10.mat,n15_m01_f10_ki14_10,N15_M01_F10_KI14_10,1,current,False
data/raw/paderborn/KI14/N15_M01_F10_KI14_11.mat,N15_M01_F10_KI14_11.mat,n15_m01_f10_ki14_11,N15_M01_F10_KI14_11,1,current,False
data/raw/paderborn/KI14/N15_M01_F10_KI14_12.mat,N15_M01_F10_KI14_12.mat,n15_m01_f10_ki14_12,N15_M01_F10_KI14_12,1,current,False
data/raw/paderborn/KI14/N15_M01_F10_KI14_13.mat,N15_M01_F10_KI14_13.mat,n15_m01_f10_ki14_13,N15_M01_F10_KI14_13,1,current,False
data/raw/paderborn/KI14/N15_M01_F10_KI14_14.mat,N15_M01_F10_KI14_14.mat,n15_m01_f10_ki14_14,N15_M01_F10_KI14_14,1,current,False
data/raw/paderborn/KI14/N15_M01_F10_KI14_15.mat,N15_M01_F10_KI14_15.mat,n15_m01_f10_ki14_15,N15_M01_F10_KI14_15,1,current,False
data/raw/paderborn/KI14/N15_M01_F10_KI14_16.mat,N15_M01_F10_KI14_16.mat,n15_m01_f10_ki14_16,N15_M01_F10_KI14_16,1,current,False
data/raw/paderborn/KI14/N15_M01_F10_KI14_17.mat,N15_M01_F10_KI14_17.mat,n15_m01_f10_ki14_17,N15_M01_F10_KI14_17,1,current,False
data/raw/paderborn/KI14/N15_M01_F10_KI14_18.mat,N15_M01_F10_KI14_18.mat,n15_m01_f10_ki14_18,N15_M01_F10_KI14_18,1,current,False
data/raw/paderborn/KI14/N15_M01_F10_KI14_19.mat,N15_M01_F10_KI14_19.mat,n15_m01_f10_ki14_19,N15_M01_F10_KI14_19,1,current,False
data/raw/paderborn/KI14/N15_M01_F10_KI14_2.mat,N15_M01_F10_KI14_2.mat,n15_m01_f10_ki14_2,N15_M01_F10_KI14_2,1,current,False
data/raw/paderborn/KI14/N15_M01_F10_KI14_20.mat,N15_M01_F10_KI14_20.mat,n15_m01_f10_ki14_20,N15_M01_F10_KI14_20,1,current,False
data/raw/paderborn/KI14/N15_M01_F10_KI14_3.mat,N15_M01_F10_KI14_3.mat,n15_m01_f10_ki14_3,N15_M01_F10_KI14_3,1,current,False
data/raw/paderborn/KI14/N15_M01_F10_KI14_4.mat,N15_M01_F10_KI14_4.mat,n15_m01_f10_ki14_4,N15_M01_F10_KI14_4,1,current,False
data/raw/paderborn/KI14/N15_M01_F10_KI14_5.mat,N15_M01_F10_KI14_5.mat,n15_m01_f10_ki14_5,N15_M01_F10_KI14_5,1,current,False
data/raw/paderborn/KI14/N15_M01_F10_KI14_6.mat,N15_M01_F10_KI14_6.mat,n15_m01_f10_ki14_6,N15_M01_F10_KI14_6,1,current,False
data/raw/paderborn/KI14/N15_M01_F10_KI14_7.mat,N15_M01_F10_KI14_7.mat,n15_m01_f10_ki14_7,N15_M01_F10_KI14_7,1,current,False
data/raw/paderborn/KI14/N15_M01_F10_KI14_8.mat,N15_M01_F10_KI14_8.mat,n15_m01_f10_ki14_8,N15_M01_F10_KI14_8,1,current,False
data/raw/paderborn/KI14/N15_M01_F10_KI14_9.mat,N15_M01_F10_KI14_9.mat,n15_m01_f10_ki14_9,N15_M01_F10_KI14_9,1,current,False
data/raw/paderborn/KI14/N15_M07_F04_KI14_1.mat,N15_M07_F04_KI14_1.mat,n15_m07_f04_ki14_1,N15_M07_F04_KI14_1,1,current,False
data/raw/paderborn/KI14/N15_M07_F04_KI14_10.mat,N15_M07_F04_KI14_10.mat,n15_m07_f04_ki14_10,N15_M07_F04_KI14_10,1,current,False
data/raw/paderborn/KI14/N15_M07_F04_KI14_11.mat,N15_M07_F04_KI14_11.mat,n15_m07_f04_ki14_11,N15_M07_F04_KI14_11,1,current,False
data/raw/paderborn/KI14/N15_M07_F04_KI14_12.mat,N15_M07_F04_KI14_12.mat,n15_m07_f04_ki14_12,N15_M07_F04_KI14_12,1,current,False
data/raw/paderborn/KI14/N15_M07_F04_KI14_13.mat,N15_M07_F04_KI14_13.mat,n15_m07_f04_ki14_13,N15_M07_F04_KI14_13,1,current,False
data/raw/paderborn/KI14/N15_M07_F04_KI14_14.mat,N15_M07_F04_KI14_14.mat,n15_m07_f04_ki14_14,N15_M07_F04_KI14_14,1,current,False
data/raw/paderborn/KI14/N15_M07_F04_KI14_15.mat,N15_M07_F04_KI14_15.mat,n15_m07_f04_ki14_15,N15_M07_F04_KI14_15,1,current,False
data/raw/paderborn/KI14/N15_M07_F04_KI14_16.mat,N15_M07_F04_KI14_16.mat,n15_m07_f04_ki14_16,N15_M07_F04_KI14_16,1,current,False
data/raw/paderborn/KI14/N15_M07_F04_KI14_17.mat,N15_M07_F04_KI14_17.mat,n15_m07_f04_ki14_17,N15_M07_F04_KI14_17,1,current,False
data/raw/paderborn/KI14/N15_M07_F04_KI14_18.mat,N15_M07_F04_KI14_18.mat,n15_m07_f04_ki14_18,N15_M07_F04_KI14_18,1,current,False
data/raw/paderborn/KI14/N15_M07_F04_KI14_19.mat,N15_M07_F04_KI14_19.mat,n15_m07_f04_ki14_19,N15_M07_F04_KI14_19,1,current,False
data/raw/paderborn/KI14/N15_M07_F04_KI14_2.mat,N15_M07_F04_KI14_2.mat,n15_m07_f04_ki14_2,N15_M07_F04_KI14_2,1,current,False
data/raw/paderborn/KI14/N15_M07_F04_KI14_20.mat,N15_M07_F04_KI14_20.mat,n15_m07_f04_ki14_20,N15_M07_F04_KI14_20,1,current,False
data/raw/paderborn/KI14/N15_M07_F04_KI14_3.mat,N15_M07_F04_KI14_3.mat,n15_m07_f04_ki14_3,N15_M07_F04_KI14_3,1,current,False
data/raw/paderborn/KI14/N15_M07_F04_KI14_4.mat,N15_M07_F04_KI14_4.mat,n15_m07_f04_ki14_4,N15_M07_F04_KI14_4,1,current,False
data/raw/paderborn/KI14/N15_M07_F04_KI14_5.mat,N15_M07_F04_KI14_5.mat,n15_m07_f04_ki14_5,N15_M07_F04_KI14_5,1,current,False
data/raw/paderborn/KI14/N15_M07_F04_KI14_6.mat,N15_M07_F04_KI14_6.mat,n15_m07_f04_ki14_6,N15_M07_F04_KI14_6,1,current,False
data/raw/paderborn/KI14/N15_M07_F04_KI14_7.mat,N15_M07_F04_KI14_7.mat,n15_m07_f04_ki14_7,N15_M07_F04_KI14_7,1,current,False
data/raw/paderborn/KI14/N15_M07_F04_KI14_8.mat,N15_M07_F04_KI14_8.mat,n15_m07_f04_ki14_8,N15_M07_F04_KI14_8,1,current,False
data/raw/paderborn/KI14/N15_M07_F04_KI14_9.mat,N15_M07_F04_KI14_9.mat,n15_m07_f04_ki14_9,N15_M07_F04_KI14_9,1,current,False
data/raw/paderborn/KI14/N15_M07_F10_KI14_1.mat,N15_M07_F10_KI14_1.mat,n15_m07_f10_ki14_1,N15_M07_F10_KI14_1,1,current,False
data/raw/paderborn/KI14/N15_M07_F10_KI14_10.mat,N15_M07_F10_KI14_10.mat,n15_m07_f10_ki14_10,N15_M07_F10_KI14_10,1,current,False
data/raw/paderborn/KI14/N15_M07_F10_KI14_11.mat,N15_M07_F10_KI14_11.mat,n15_m07_f10_ki14_11,N15_M07_F10_KI14_11,1,current,False
data/raw/paderborn/KI14/N15_M07_F10_KI14_12.mat,N15_M07_F10_KI14_12.mat,n15_m07_f10_ki14_12,N15_M07_F10_KI14_12,1,current,False
data/raw/paderborn/KI14/N15_M07_F10_KI14_13.mat,N15_M07_F10_KI14_13.mat,n15_m07_f10_ki14_13,N15_M07_F10_KI14_13,1,current,False
data/raw/paderborn/KI14/N15_M07_F10_KI14_14.mat,N15_M07_F10_KI14_14.mat,n15_m07_f10_ki14_14,N15_M07_F10_KI14_14,1,current,False
data/raw/paderborn/KI14/N15_M07_F10_KI14_15.mat,N15_M07_F10_KI14_15.mat,n15_m07_f10_ki14_15,N15_M07_F10_KI14_15,1,current,False
data/raw/paderborn/KI14/N15_M07_F10_KI14_16.mat,N15_M07_F10_KI14_16.mat,n15_m07_f10_ki14_16,N15_M07_F10_KI14_16,1,current,False
data/raw/paderborn/KI14/N15_M07_F10_KI14_17.mat,N15_M07_F10_KI14_17.mat,n15_m07_f10_ki14_17,N15_M07_F10_KI14_17,1,current,False
data/raw/paderborn/KI14/N15_M07_F10_KI14_18.mat,N15_M07_F10_KI14_18.mat,n15_m07_f10_ki14_18,N15_M07_F10_KI14_18,1,current,False
data/raw/paderborn/KI14/N15_M07_F10_KI14_19.mat,N15_M07_F10_KI14_19.mat,n15_m07_f10_ki14_19,N15_M07_F10_KI14_19,1,current,False
data/raw/paderborn/KI14/N15_M07_F10_KI14_2.mat,N15_M07_F10_KI14_2.mat,n15_m07_f10_ki14_2,N15_M07_F10_KI14_2,1,current,False
data/raw/paderborn/KI14/N15_M07_F10_KI14_20.mat,N15_M07_F10_KI14_20.mat,n15_m07_f10_ki14_20,N15_M07_F10_KI14_20,1,current,False
data/raw/paderborn/KI14/N15_M07_F10_KI14_3.mat,N15_M07_F10_KI14_3.mat,n15_m07_f10_ki14_3,N15_M07_F10_KI14_3,1,current,False
data/raw/paderborn/KI14/N15_M07_F10_KI14_4.mat,N15_M07_F10_KI14_4.mat,n15_m07_f10_ki14_4,N15_M07_F10_KI14_4,1,current,False
data/raw/paderborn/KI14/N15_M07_F10_KI14_5.mat,N15_M07_F10_KI14_5.mat,n15_m07_f10_ki14_5,N15_M07_F10_KI14_5,1,current,False
data/raw/paderborn/KI14/N15_M07_F10_KI14_6.mat,N15_M07_F10_KI14_6.mat,n15_m07_f10_ki14_6,N15_M07_F10_KI14_6,1,current,False
data/raw/paderborn/KI14/N15_M07_F10_KI14_7.mat,N15_M07_F10_KI14_7.mat,n15_m07_f10_ki14_7,N15_M07_F10_KI14_7,1,current,False
data/raw/paderborn/KI14/N15_M07_F10_KI14_8.mat,N15_M07_F10_KI14_8.mat,n15_m07_f10_ki14_8,N15_M07_F10_KI14_8,1,current,False
data/raw/paderborn/KI14/N15_M07_F10_KI14_9.mat,N15_M07_F10_KI14_9.mat,n15_m07_f10_ki14_9,N15_M07_F10_KI14_9,1,current,False
data/raw/paderborn/KI16/N09_M07_F10_KI16_1.mat,N09_M07_F10_KI16_1.mat,n09_m07_f10_ki16_1,N09_M07_F10_KI16_1,1,current,False
data/raw/paderborn/KI16/N09_M07_F10_KI16_10.mat,N09_M07_F10_KI16_10.mat,n09_m07_f10_ki16_10,N09_M07_F10_KI16_10,1,current,False
data/raw/paderborn/KI16/N09_M07_F10_KI16_11.mat,N09_M07_F10_KI16_11.mat,n09_m07_f10_ki16_11,N09_M07_F10_KI16_11,1,current,False
data/raw/paderborn/KI16/N09_M07_F10_KI16_12.mat,N09_M07_F10_KI16_12.mat,n09_m07_f10_ki16_12,N09_M07_F10_KI16_12,1,current,False
data/raw/paderborn/KI16/N09_M07_F10_KI16_13.mat,N09_M07_F10_KI16_13.mat,n09_m07_f10_ki16_13,N09_M07_F10_KI16_13,1,current,False
data/raw/paderborn/KI16/N09_M07_F10_KI16_14.mat,N09_M07_F10_KI16_14.mat,n09_m07_f10_ki16_14,N09_M07_F10_KI16_14,1,current,False
data/raw/paderborn/KI16/N09_M07_F10_KI16_15.mat,N09_M07_F10_KI16_15.mat,n09_m07_f10_ki16_15,N09_M07_F10_KI16_15,1,current,False
data/raw/paderborn/KI16/N09_M07_F10_KI16_16.mat,N09_M07_F10_KI16_16.mat,n09_m07_f10_ki16_16,N09_M07_F10_KI16_16,1,current,False
data/raw/paderborn/KI16/N09_M07_F10_KI16_17.mat,N09_M07_F10_KI16_17.mat,n09_m07_f10_ki16_17,N09_M07_F10_KI16_17,1,current,False
data/raw/paderborn/KI16/N09_M07_F10_KI16_18.mat,N09_M07_F10_KI16_18.mat,n09_m07_f10_ki16_18,N09_M07_F10_KI16_18,1,current,False
data/raw/paderborn/KI16/N09_M07_F10_KI16_19.mat,N09_M07_F10_KI16_19.mat,n09_m07_f10_ki16_19,N09_M07_F10_KI16_19,1,current,False
data/raw/paderborn/KI16/N09_M07_F10_KI16_2.mat,N09_M07_F10_KI16_2.mat,n09_m07_f10_ki16_2,N09_M07_F10_KI16_2,1,current,False
data/raw/paderborn/KI16/N09_M07_F10_KI16_20.mat,N09_M07_F10_KI16_20.mat,n09_m07_f10_ki16_20,N09_M07_F10_KI16_20,1,current,False
data/raw/paderborn/KI16/N09_M07_F10_KI16_3.mat,N09_M07_F10_KI16_3.mat,n09_m07_f10_ki16_3,N09_M07_F10_KI16_3,1,current,False
data/raw/paderborn/KI16/N09_M07_F10_KI16_4.mat,N09_M07_F10_KI16_4.mat,n09_m07_f10_ki16_4,N09_M07_F10_KI16_4,1,current,False
data/raw/paderborn/KI16/N09_M07_F10_KI16_5.mat,N09_M07_F10_KI16_5.mat,n09_m07_f10_ki16_5,N09_M07_F10_KI16_5,1,current,False
data/raw/paderborn/KI16/N09_M07_F10_KI16_6.mat,N09_M07_F10_KI16_6.mat,n09_m07_f10_ki16_6,N09_M07_F10_KI16_6,1,current,False
data/raw/paderborn/KI16/N09_M07_F10_KI16_7.mat,N09_M07_F10_KI16_7.mat,n09_m07_f10_ki16_7,N09_M07_F10_KI16_7,1,current,False
data/raw/paderborn/KI16/N09_M07_F10_KI16_8.mat,N09_M07_F10_KI16_8.mat,n09_m07_f10_ki16_8,N09_M07_F10_KI16_8,1,current,False
data/raw/paderborn/KI16/N09_M07_F10_KI16_9.mat,N09_M07_F10_KI16_9.mat,n09_m07_f10_ki16_9,N09_M07_F10_KI16_9,1,current,False
data/raw/paderborn/KI16/N15_M01_F10_KI16_1.mat,N15_M01_F10_KI16_1.mat,n15_m01_f10_ki16_1,N15_M01_F10_KI16_1,1,current,False
data/raw/paderborn/KI16/N15_M01_F10_KI16_10.mat,N15_M01_F10_KI16_10.mat,n15_m01_f10_ki16_10,N15_M01_F10_KI16_10,1,current,False
data/raw/paderborn/KI16/N15_M01_F10_KI16_11.mat,N15_M01_F10_KI16_11.mat,n15_m01_f10_ki16_11,N15_M01_F10_KI16_11,1,current,False
data/raw/paderborn/KI16/N15_M01_F10_KI16_12.mat,N15_M01_F10_KI16_12.mat,n15_m01_f10_ki16_12,N15_M01_F10_KI16_12,1,current,False
data/raw/paderborn/KI16/N15_M01_F10_KI16_13.mat,N15_M01_F10_KI16_13.mat,n15_m01_f10_ki16_13,N15_M01_F10_KI16_13,1,current,False
data/raw/paderborn/KI16/N15_M01_F10_KI16_14.mat,N15_M01_F10_KI16_14.mat,n15_m01_f10_ki16_14,N15_M01_F10_KI16_14,1,current,False
data/raw/paderborn/KI16/N15_M01_F10_KI16_15.mat,N15_M01_F10_KI16_15.mat,n15_m01_f10_ki16_15,N15_M01_F10_KI16_15,1,current,False
data/raw/paderborn/KI16/N15_M01_F10_KI16_16.mat,N15_M01_F10_KI16_16.mat,n15_m01_f10_ki16_16,N15_M01_F10_KI16_16,1,current,False
data/raw/paderborn/KI16/N15_M01_F10_KI16_17.mat,N15_M01_F10_KI16_17.mat,n15_m01_f10_ki16_17,N15_M01_F10_KI16_17,1,current,False
data/raw/paderborn/KI16/N15_M01_F10_KI16_18.mat,N15_M01_F10_KI16_18.mat,n15_m01_f10_ki16_18,N15_M01_F10_KI16_18,1,current,False
data/raw/paderborn/KI16/N15_M01_F10_KI16_19.mat,N15_M01_F10_KI16_19.mat,n15_m01_f10_ki16_19,N15_M01_F10_KI16_19,1,current,False
data/raw/paderborn/KI16/N15_M01_F10_KI16_2.mat,N15_M01_F10_KI16_2.mat,n15_m01_f10_ki16_2,N15_M01_F10_KI16_2,1,current,False
data/raw/paderborn/KI16/N15_M01_F10_KI16_20.mat,N15_M01_F10_KI16_20.mat,n15_m01_f10_ki16_20,N15_M01_F10_KI16_20,1,current,False
data/raw/paderborn/KI16/N15_M01_F10_KI16_3.mat,N15_M01_F10_KI16_3.mat,n15_m01_f10_ki16_3,N15_M01_F10_KI16_3,1,current,False
data/raw/paderborn/KI16/N15_M01_F10_KI16_4.mat,N15_M01_F10_KI16_4.mat,n15_m01_f10_ki16_4,N15_M01_F10_KI16_4,1,current,False
data/raw/paderborn/KI16/N15_M01_F10_KI16_5.mat,N15_M01_F10_KI16_5.mat,n15_m01_f10_ki16_5,N15_M01_F10_KI16_5,1,current,False
data/raw/paderborn/KI16/N15_M01_F10_KI16_6.mat,N15_M01_F10_KI16_6.mat,n15_m01_f10_ki16_6,N15_M01_F10_KI16_6,1,current,False
data/raw/paderborn/KI16/N15_M01_F10_KI16_7.mat,N15_M01_F10_KI16_7.mat,n15_m01_f10_ki16_7,N15_M01_F10_KI16_7,1,current,False
data/raw/paderborn/KI16/N15_M01_F10_KI16_8.mat,N15_M01_F10_KI16_8.mat,n15_m01_f10_ki16_8,N15_M01_F10_KI16_8,1,current,False
data/raw/paderborn/KI16/N15_M01_F10_KI16_9.mat,N15_M01_F10_KI16_9.mat,n15_m01_f10_ki16_9,N15_M01_F10_KI16_9,1,current,False
data/raw/paderborn/KI16/N15_M07_F04_KI16_1.mat,N15_M07_F04_KI16_1.mat,n15_m07_f04_ki16_1,N15_M07_F04_KI16_1,1,current,False
data/raw/paderborn/KI16/N15_M07_F04_KI16_10.mat,N15_M07_F04_KI16_10.mat,n15_m07_f04_ki16_10,N15_M07_F04_KI16_10,1,current,False
data/raw/paderborn/KI16/N15_M07_F04_KI16_11.mat,N15_M07_F04_KI16_11.mat,n15_m07_f04_ki16_11,N15_M07_F04_KI16_11,1,current,False
data/raw/paderborn/KI16/N15_M07_F04_KI16_12.mat,N15_M07_F04_KI16_12.mat,n15_m07_f04_ki16_12,N15_M07_F04_KI16_12,1,current,False
data/raw/paderborn/KI16/N15_M07_F04_KI16_13.mat,N15_M07_F04_KI16_13.mat,n15_m07_f04_ki16_13,N15_M07_F04_KI16_13,1,current,False
data/raw/paderborn/KI16/N15_M07_F04_KI16_14.mat,N15_M07_F04_KI16_14.mat,n15_m07_f04_ki16_14,N15_M07_F04_KI16_14,1,current,False
data/raw/paderborn/KI16/N15_M07_F04_KI16_15.mat,N15_M07_F04_KI16_15.mat,n15_m07_f04_ki16_15,N15_M07_F04_KI16_15,1,current,False
data/raw/paderborn/KI16/N15_M07_F04_KI16_16.mat,N15_M07_F04_KI16_16.mat,n15_m07_f04_ki16_16,N15_M07_F04_KI16_16,1,current,False
data/raw/paderborn/KI16/N15_M07_F04_KI16_17.mat,N15_M07_F04_KI16_17.mat,n15_m07_f04_ki16_17,N15_M07_F04_KI16_17,1,current,False
data/raw/paderborn/KI16/N15_M07_F04_KI16_18.mat,N15_M07_F04_KI16_18.mat,n15_m07_f04_ki16_18,N15_M07_F04_KI16_18,1,current,False
data/raw/paderborn/KI16/N15_M07_F04_KI16_19.mat,N15_M07_F04_KI16_19.mat,n15_m07_f04_ki16_19,N15_M07_F04_KI16_19,1,current,False
data/raw/paderborn/KI16/N15_M07_F04_KI16_2.mat,N15_M07_F04_KI16_2.mat,n15_m07_f04_ki16_2,N15_M07_F04_KI16_2,1,current,False
data/raw/paderborn/KI16/N15_M07_F04_KI16_20.mat,N15_M07_F04_KI16_20.mat,n15_m07_f04_ki16_20,N15_M07_F04_KI16_20,1,current,False
data/raw/paderborn/KI16/N15_M07_F04_KI16_3.mat,N15_M07_F04_KI16_3.mat,n15_m07_f04_ki16_3,N15_M07_F04_KI16_3,1,current,False
data/raw/paderborn/KI16/N15_M07_F04_KI16_4.mat,N15_M07_F04_KI16_4.mat,n15_m07_f04_ki16_4,N15_M07_F04_KI16_4,1,current,False
data/raw/paderborn/KI16/N15_M07_F04_KI16_5.mat,N15_M07_F04_KI16_5.mat,n15_m07_f04_ki16_5,N15_M07_F04_KI16_5,1,current,False
data/raw/paderborn/KI16/N15_M07_F04_KI16_6.mat,N15_M07_F04_KI16_6.mat,n15_m07_f04_ki16_6,N15_M07_F04_KI16_6,1,current,False
data/raw/paderborn/KI16/N15_M07_F04_KI16_7.mat,N15_M07_F04_KI16_7.mat,n15_m07_f04_ki16_7,N15_M07_F04_KI16_7,1,current,False
data/raw/paderborn/KI16/N15_M07_F04_KI16_8.mat,N15_M07_F04_KI16_8.mat,n15_m07_f04_ki16_8,N15_M07_F04_KI16_8,1,current,False
data/raw/paderborn/KI16/N15_M07_F04_KI16_9.mat,N15_M07_F04_KI16_9.mat,n15_m07_f04_ki16_9,N15_M07_F04_KI16_9,1,current,False
data/raw/paderborn/KI16/N15_M07_F10_KI16_1.mat,N15_M07_F10_KI16_1.mat,n15_m07_f10_ki16_1,N15_M07_F10_KI16_1,1,current,False
data/raw/paderborn/KI16/N15_M07_F10_KI16_10.mat,N15_M07_F10_KI16_10.mat,n15_m07_f10_ki16_10,N15_M07_F10_KI16_10,1,current,False
data/raw/paderborn/KI16/N15_M07_F10_KI16_11.mat,N15_M07_F10_KI16_11.mat,n15_m07_f10_ki16_11,N15_M07_F10_KI16_11,1,current,False
data/raw/paderborn/KI16/N15_M07_F10_KI16_12.mat,N15_M07_F10_KI16_12.mat,n15_m07_f10_ki16_12,N15_M07_F10_KI16_12,1,current,False
data/raw/paderborn/KI16/N15_M07_F10_KI16_13.mat,N15_M07_F10_KI16_13.mat,n15_m07_f10_ki16_13,N15_M07_F10_KI16_13,1,current,False
data/raw/paderborn/KI16/N15_M07_F10_KI16_14.mat,N15_M07_F10_KI16_14.mat,n15_m07_f10_ki16_14,N15_M07_F10_KI16_14,1,current,False
data/raw/paderborn/KI16/N15_M07_F10_KI16_15.mat,N15_M07_F10_KI16_15.mat,n15_m07_f10_ki16_15,N15_M07_F10_KI16_15,1,current,False
data/raw/paderborn/KI16/N15_M07_F10_KI16_16.mat,N15_M07_F10_KI16_16.mat,n15_m07_f10_ki16_16,N15_M07_F10_KI16_16,1,current,False
data/raw/paderborn/KI16/N15_M07_F10_KI16_17.mat,N15_M07_F10_KI16_17.mat,n15_m07_f10_ki16_17,N15_M07_F10_KI16_17,1,current,False
data/raw/paderborn/KI16/N15_M07_F10_KI16_18.mat,N15_M07_F10_KI16_18.mat,n15_m07_f10_ki16_18,N15_M07_F10_KI16_18,1,current,False
data/raw/paderborn/KI16/N15_M07_F10_KI16_19.mat,N15_M07_F10_KI16_19.mat,n15_m07_f10_ki16_19,N15_M07_F10_KI16_19,1,current,False
data/raw/paderborn/KI16/N15_M07_F10_KI16_2.mat,N15_M07_F10_KI16_2.mat,n15_m07_f10_ki16_2,N15_M07_F10_KI16_2,1,current,False
data/raw/paderborn/KI16/N15_M07_F10_KI16_20.mat,N15_M07_F10_KI16_20.mat,n15_m07_f10_ki16_20,N15_M07_F10_KI16_20,1,current,False
data/raw/paderborn/KI16/N15_M07_F10_KI16_3.mat,N15_M07_F10_KI16_3.mat,n15_m07_f10_ki16_3,N15_M07_F10_KI16_3,1,current,False
data/raw/paderborn/KI16/N15_M07_F10_KI16_4.mat,N15_M07_F10_KI16_4.mat,n15_m07_f10_ki16_4,N15_M07_F10_KI16_4,1,current,False
data/raw/paderborn/KI16/N15_M07_F10_KI16_5.mat,N15_M07_F10_KI16_5.mat,n15_m07_f10_ki16_5,N15_M07_F10_KI16_5,1,current,False
data/raw/paderborn/KI16/N15_M07_F10_KI16_6.mat,N15_M07_F10_KI16_6.mat,n15_m07_f10_ki16_6,N15_M07_F10_KI16_6,1,current,False
data/raw/paderborn/KI16/N15_M07_F10_KI16_7.mat,N15_M07_F10_KI16_7.mat,n15_m07_f10_ki16_7,N15_M07_F10_KI16_7,1,current,False
data/raw/paderborn/KI16/N15_M07_F10_KI16_8.mat,N15_M07_F10_KI16_8.mat,n15_m07_f10_ki16_8,N15_M07_F10_KI16_8,1,current,False
data/raw/paderborn/KI16/N15_M07_F10_KI16_9.mat,N15_M07_F10_KI16_9.mat,n15_m07_f10_ki16_9,N15_M07_F10_KI16_9,1,current,False
data/raw/paderborn/KI17/N09_M07_F10_KI17_1.mat,N09_M07_F10_KI17_1.mat,n09_m07_f10_ki17_1,N09_M07_F10_KI17_1,1,current,False
data/raw/paderborn/KI17/N09_M07_F10_KI17_10.mat,N09_M07_F10_KI17_10.mat,n09_m07_f10_ki17_10,N09_M07_F10_KI17_10,1,current,False
data/raw/paderborn/KI17/N09_M07_F10_KI17_11.mat,N09_M07_F10_KI17_11.mat,n09_m07_f10_ki17_11,N09_M07_F10_KI17_11,1,current,False
data/raw/paderborn/KI17/N09_M07_F10_KI17_12.mat,N09_M07_F10_KI17_12.mat,n09_m07_f10_ki17_12,N09_M07_F10_KI17_12,1,current,False
data/raw/paderborn/KI17/N09_M07_F10_KI17_13.mat,N09_M07_F10_KI17_13.mat,n09_m07_f10_ki17_13,N09_M07_F10_KI17_13,1,current,False
data/raw/paderborn/KI17/N09_M07_F10_KI17_14.mat,N09_M07_F10_KI17_14.mat,n09_m07_f10_ki17_14,N09_M07_F10_KI17_14,1,current,False
data/raw/paderborn/KI17/N09_M07_F10_KI17_15.mat,N09_M07_F10_KI17_15.mat,n09_m07_f10_ki17_15,N09_M07_F10_KI17_15,1,current,False
data/raw/paderborn/KI17/N09_M07_F10_KI17_16.mat,N09_M07_F10_KI17_16.mat,n09_m07_f10_ki17_16,N09_M07_F10_KI17_16,1,current,False
data/raw/paderborn/KI17/N09_M07_F10_KI17_17.mat,N09_M07_F10_KI17_17.mat,n09_m07_f10_ki17_17,N09_M07_F10_KI17_17,1,current,False
data/raw/paderborn/KI17/N09_M07_F10_KI17_18.mat,N09_M07_F10_KI17_18.mat,n09_m07_f10_ki17_18,N09_M07_F10_KI17_18,1,current,False
data/raw/paderborn/KI17/N09_M07_F10_KI17_19.mat,N09_M07_F10_KI17_19.mat,n09_m07_f10_ki17_19,N09_M07_F10_KI17_19,1,current,False
data/raw/paderborn/KI17/N09_M07_F10_KI17_2.mat,N09_M07_F10_KI17_2.mat,n09_m07_f10_ki17_2,N09_M07_F10_KI17_2,1,current,False
data/raw/paderborn/KI17/N09_M07_F10_KI17_20.mat,N09_M07_F10_KI17_20.mat,n09_m07_f10_ki17_20,N09_M07_F10_KI17_20,1,current,False
data/raw/paderborn/KI17/N09_M07_F10_KI17_3.mat,N09_M07_F10_KI17_3.mat,n09_m07_f10_ki17_3,N09_M07_F10_KI17_3,1,current,False
data/raw/paderborn/KI17/N09_M07_F10_KI17_4.mat,N09_M07_F10_KI17_4.mat,n09_m07_f10_ki17_4,N09_M07_F10_KI17_4,1,current,False
data/raw/paderborn/KI17/N09_M07_F10_KI17_5.mat,N09_M07_F10_KI17_5.mat,n09_m07_f10_ki17_5,N09_M07_F10_KI17_5,1,current,False
data/raw/paderborn/KI17/N09_M07_F10_KI17_6.mat,N09_M07_F10_KI17_6.mat,n09_m07_f10_ki17_6,N09_M07_F10_KI17_6,1,current,False
data/raw/paderborn/KI17/N09_M07_F10_KI17_7.mat,N09_M07_F10_KI17_7.mat,n09_m07_f10_ki17_7,N09_M07_F10_KI17_7,1,current,False
data/raw/paderborn/KI17/N09_M07_F10_KI17_8.mat,N09_M07_F10_KI17_8.mat,n09_m07_f10_ki17_8,N09_M07_F10_KI17_8,1,current,False
data/raw/paderborn/KI17/N09_M07_F10_KI17_9.mat,N09_M07_F10_KI17_9.mat,n09_m07_f10_ki17_9,N09_M07_F10_KI17_9,1,current,False
data/raw/paderborn/KI17/N15_M01_F10_KI17_1.mat,N15_M01_F10_KI17_1.mat,n15_m01_f10_ki17_1,N15_M01_F10_KI17_1,1,current,False
data/raw/paderborn/KI17/N15_M01_F10_KI17_10.mat,N15_M01_F10_KI17_10.mat,n15_m01_f10_ki17_10,N15_M01_F10_KI17_10,1,current,False
data/raw/paderborn/KI17/N15_M01_F10_KI17_11.mat,N15_M01_F10_KI17_11.mat,n15_m01_f10_ki17_11,N15_M01_F10_KI17_11,1,current,False
data/raw/paderborn/KI17/N15_M01_F10_KI17_12.mat,N15_M01_F10_KI17_12.mat,n15_m01_f10_ki17_12,N15_M01_F10_KI17_12,1,current,False
data/raw/paderborn/KI17/N15_M01_F10_KI17_13.mat,N15_M01_F10_KI17_13.mat,n15_m01_f10_ki17_13,N15_M01_F10_KI17_13,1,current,False
data/raw/paderborn/KI17/N15_M01_F10_KI17_14.mat,N15_M01_F10_KI17_14.mat,n15_m01_f10_ki17_14,N15_M01_F10_KI17_14,1,current,False
data/raw/paderborn/KI17/N15_M01_F10_KI17_15.mat,N15_M01_F10_KI17_15.mat,n15_m01_f10_ki17_15,N15_M01_F10_KI17_15,1,current,False
data/raw/paderborn/KI17/N15_M01_F10_KI17_16.mat,N15_M01_F10_KI17_16.mat,n15_m01_f10_ki17_16,N15_M01_F10_KI17_16,1,current,False
data/raw/paderborn/KI17/N15_M01_F10_KI17_17.mat,N15_M01_F10_KI17_17.mat,n15_m01_f10_ki17_17,N15_M01_F10_KI17_17,1,current,False
data/raw/paderborn/KI17/N15_M01_F10_KI17_18.mat,N15_M01_F10_KI17_18.mat,n15_m01_f10_ki17_18,N15_M01_F10_KI17_18,1,current,False
data/raw/paderborn/KI17/N15_M01_F10_KI17_19.mat,N15_M01_F10_KI17_19.mat,n15_m01_f10_ki17_19,N15_M01_F10_KI17_19,1,current,False
data/raw/paderborn/KI17/N15_M01_F10_KI17_2.mat,N15_M01_F10_KI17_2.mat,n15_m01_f10_ki17_2,N15_M01_F10_KI17_2,1,current,False
data/raw/paderborn/KI17/N15_M01_F10_KI17_20.mat,N15_M01_F10_KI17_20.mat,n15_m01_f10_ki17_20,N15_M01_F10_KI17_20,1,current,False
data/raw/paderborn/KI17/N15_M01_F10_KI17_3.mat,N15_M01_F10_KI17_3.mat,n15_m01_f10_ki17_3,N15_M01_F10_KI17_3,1,current,False
data/raw/paderborn/KI17/N15_M01_F10_KI17_4.mat,N15_M01_F10_KI17_4.mat,n15_m01_f10_ki17_4,N15_M01_F10_KI17_4,1,current,False
data/raw/paderborn/KI17/N15_M01_F10_KI17_5.mat,N15_M01_F10_KI17_5.mat,n15_m01_f10_ki17_5,N15_M01_F10_KI17_5,1,current,False
data/raw/paderborn/KI17/N15_M01_F10_KI17_6.mat,N15_M01_F10_KI17_6.mat,n15_m01_f10_ki17_6,N15_M01_F10_KI17_6,1,current,False
data/raw/paderborn/KI17/N15_M01_F10_KI17_7.mat,N15_M01_F10_KI17_7.mat,n15_m01_f10_ki17_7,N15_M01_F10_KI17_7,1,current,False
data/raw/paderborn/KI17/N15_M01_F10_KI17_8.mat,N15_M01_F10_KI17_8.mat,n15_m01_f10_ki17_8,N15_M01_F10_KI17_8,1,current,False
data/raw/paderborn/KI17/N15_M01_F10_KI17_9.mat,N15_M01_F10_KI17_9.mat,n15_m01_f10_ki17_9,N15_M01_F10_KI17_9,1,current,False
data/raw/paderborn/KI17/N15_M07_F04_KI17_1.mat,N15_M07_F04_KI17_1.mat,n15_m07_f04_ki17_1,N15_M07_F04_KI17_1,1,current,False
data/raw/paderborn/KI17/N15_M07_F04_KI17_10.mat,N15_M07_F04_KI17_10.mat,n15_m07_f04_ki17_10,N15_M07_F04_KI17_10,1,current,False
data/raw/paderborn/KI17/N15_M07_F04_KI17_11.mat,N15_M07_F04_KI17_11.mat,n15_m07_f04_ki17_11,N15_M07_F04_KI17_11,1,current,False
data/raw/paderborn/KI17/N15_M07_F04_KI17_12.mat,N15_M07_F04_KI17_12.mat,n15_m07_f04_ki17_12,N15_M07_F04_KI17_12,1,current,False
data/raw/paderborn/KI17/N15_M07_F04_KI17_13.mat,N15_M07_F04_KI17_13.mat,n15_m07_f04_ki17_13,N15_M07_F04_KI17_13,1,current,False
data/raw/paderborn/KI17/N15_M07_F04_KI17_14.mat,N15_M07_F04_KI17_14.mat,n15_m07_f04_ki17_14,N15_M07_F04_KI17_14,1,current,False
data/raw/paderborn/KI17/N15_M07_F04_KI17_15.mat,N15_M07_F04_KI17_15.mat,n15_m07_f04_ki17_15,N15_M07_F04_KI17_15,1,current,False
data/raw/paderborn/KI17/N15_M07_F04_KI17_16.mat,N15_M07_F04_KI17_16.mat,n15_m07_f04_ki17_16,N15_M07_F04_KI17_16,1,current,False
data/raw/paderborn/KI17/N15_M07_F04_KI17_17.mat,N15_M07_F04_KI17_17.mat,n15_m07_f04_ki17_17,N15_M07_F04_KI17_17,1,current,False
data/raw/paderborn/KI17/N15_M07_F04_KI17_18.mat,N15_M07_F04_KI17_18.mat,n15_m07_f04_ki17_18,N15_M07_F04_KI17_18,1,current,False
data/raw/paderborn/KI17/N15_M07_F04_KI17_19.mat,N15_M07_F04_KI17_19.mat,n15_m07_f04_ki17_19,N15_M07_F04_KI17_19,1,current,False
data/raw/paderborn/KI17/N15_M07_F04_KI17_2.mat,N15_M07_F04_KI17_2.mat,n15_m07_f04_ki17_2,N15_M07_F04_KI17_2,1,current,False
data/raw/paderborn/KI17/N15_M07_F04_KI17_20.mat,N15_M07_F04_KI17_20.mat,n15_m07_f04_ki17_20,N15_M07_F04_KI17_20,1,current,False
data/raw/paderborn/KI17/N15_M07_F04_KI17_3.mat,N15_M07_F04_KI17_3.mat,n15_m07_f04_ki17_3,N15_M07_F04_KI17_3,1,current,False
data/raw/paderborn/KI17/N15_M07_F04_KI17_4.mat,N15_M07_F04_KI17_4.mat,n15_m07_f04_ki17_4,N15_M07_F04_KI17_4,1,current,False
data/raw/paderborn/KI17/N15_M07_F04_KI17_5.mat,N15_M07_F04_KI17_5.mat,n15_m07_f04_ki17_5,N15_M07_F04_KI17_5,1,current,False
data/raw/paderborn/KI17/N15_M07_F04_KI17_6.mat,N15_M07_F04_KI17_6.mat,n15_m07_f04_ki17_6,N15_M07_F04_KI17_6,1,current,False
data/raw/paderborn/KI17/N15_M07_F04_KI17_7.mat,N15_M07_F04_KI17_7.mat,n15_m07_f04_ki17_7,N15_M07_F04_KI17_7,1,current,False
data/raw/paderborn/KI17/N15_M07_F04_KI17_8.mat,N15_M07_F04_KI17_8.mat,n15_m07_f04_ki17_8,N15_M07_F04_KI17_8,1,current,False
data/raw/paderborn/KI17/N15_M07_F04_KI17_9.mat,N15_M07_F04_KI17_9.mat,n15_m07_f04_ki17_9,N15_M07_F04_KI17_9,1,current,False
data/raw/paderborn/KI17/N15_M07_F10_KI17_1.mat,N15_M07_F10_KI17_1.mat,n15_m07_f10_ki17_1,N15_M07_F10_KI17_1,1,current,False
data/raw/paderborn/KI17/N15_M07_F10_KI17_10.mat,N15_M07_F10_KI17_10.mat,n15_m07_f10_ki17_10,N15_M07_F10_KI17_10,1,current,False
data/raw/paderborn/KI17/N15_M07_F10_KI17_11.mat,N15_M07_F10_KI17_11.mat,n15_m07_f10_ki17_11,N15_M07_F10_KI17_11,1,current,False
data/raw/paderborn/KI17/N15_M07_F10_KI17_12.mat,N15_M07_F10_KI17_12.mat,n15_m07_f10_ki17_12,N15_M07_F10_KI17_12,1,current,False
data/raw/paderborn/KI17/N15_M07_F10_KI17_13.mat,N15_M07_F10_KI17_13.mat,n15_m07_f10_ki17_13,N15_M07_F10_KI17_13,1,current,False
data/raw/paderborn/KI17/N15_M07_F10_KI17_14.mat,N15_M07_F10_KI17_14.mat,n15_m07_f10_ki17_14,N15_M07_F10_KI17_14,1,current,False
data/raw/paderborn/KI17/N15_M07_F10_KI17_15.mat,N15_M07_F10_KI17_15.mat,n15_m07_f10_ki17_15,N15_M07_F10_KI17_15,1,current,False
data/raw/paderborn/KI17/N15_M07_F10_KI17_16.mat,N15_M07_F10_KI17_16.mat,n15_m07_f10_ki17_16,N15_M07_F10_KI17_16,1,current,False
data/raw/paderborn/KI17/N15_M07_F10_KI17_17.mat,N15_M07_F10_KI17_17.mat,n15_m07_f10_ki17_17,N15_M07_F10_KI17_17,1,current,False
data/raw/paderborn/KI17/N15_M07_F10_KI17_18.mat,N15_M07_F10_KI17_18.mat,n15_m07_f10_ki17_18,N15_M07_F10_KI17_18,1,current,False
data/raw/paderborn/KI17/N15_M07_F10_KI17_19.mat,N15_M07_F10_KI17_19.mat,n15_m07_f10_ki17_19,N15_M07_F10_KI17_19,1,current,False
data/raw/paderborn/KI17/N15_M07_F10_KI17_2.mat,N15_M07_F10_KI17_2.mat,n15_m07_f10_ki17_2,N15_M07_F10_KI17_2,1,current,False
data/raw/paderborn/KI17/N15_M07_F10_KI17_20.mat,N15_M07_F10_KI17_20.mat,n15_m07_f10_ki17_20,N15_M07_F10_KI17_20,1,current,False
data/raw/paderborn/KI17/N15_M07_F10_KI17_3.mat,N15_M07_F10_KI17_3.mat,n15_m07_f10_ki17_3,N15_M07_F10_KI17_3,1,current,False
data/raw/paderborn/KI17/N15_M07_F10_KI17_4.mat,N15_M07_F10_KI17_4.mat,n15_m07_f10_ki17_4,N15_M07_F10_KI17_4,1,current,False
data/raw/paderborn/KI17/N15_M07_F10_KI17_5.mat,N15_M07_F10_KI17_5.mat,n15_m07_f10_ki17_5,N15_M07_F10_KI17_5,1,current,False
data/raw/paderborn/KI17/N15_M07_F10_KI17_6.mat,N15_M07_F10_KI17_6.mat,n15_m07_f10_ki17_6,N15_M07_F10_KI17_6,1,current,False
data/raw/paderborn/KI17/N15_M07_F10_KI17_7.mat,N15_M07_F10_KI17_7.mat,n15_m07_f10_ki17_7,N15_M07_F10_KI17_7,1,current,False
data/raw/paderborn/KI17/N15_M07_F10_KI17_8.mat,N15_M07_F10_KI17_8.mat,n15_m07_f10_ki17_8,N15_M07_F10_KI17_8,1,current,False
data/raw/paderborn/KI17/N15_M07_F10_KI17_9.mat,N15_M07_F10_KI17_9.mat,n15_m07_f10_ki17_9,N15_M07_F10_KI17_9,1,current,False
data/raw/paderborn/KI18/N09_M07_F10_KI18_1.mat,N09_M07_F10_KI18_1.mat,n09_m07_f10_ki18_1,N09_M07_F10_KI18_1,1,current,False
data/raw/paderborn/KI18/N09_M07_F10_KI18_10.mat,N09_M07_F10_KI18_10.mat,n09_m07_f10_ki18_10,N09_M07_F10_KI18_10,1,current,False
data/raw/paderborn/KI18/N09_M07_F10_KI18_11.mat,N09_M07_F10_KI18_11.mat,n09_m07_f10_ki18_11,N09_M07_F10_KI18_11,1,current,False
data/raw/paderborn/KI18/N09_M07_F10_KI18_12.mat,N09_M07_F10_KI18_12.mat,n09_m07_f10_ki18_12,N09_M07_F10_KI18_12,1,current,False
data/raw/paderborn/KI18/N09_M07_F10_KI18_13.mat,N09_M07_F10_KI18_13.mat,n09_m07_f10_ki18_13,N09_M07_F10_KI18_13,1,current,False
data/raw/paderborn/KI18/N09_M07_F10_KI18_14.mat,N09_M07_F10_KI18_14.mat,n09_m07_f10_ki18_14,N09_M07_F10_KI18_14,1,current,False
data/raw/paderborn/KI18/N09_M07_F10_KI18_15.mat,N09_M07_F10_KI18_15.mat,n09_m07_f10_ki18_15,N09_M07_F10_KI18_15,1,current,False
data/raw/paderborn/KI18/N09_M07_F10_KI18_16.mat,N09_M07_F10_KI18_16.mat,n09_m07_f10_ki18_16,N09_M07_F10_KI18_16,1,current,False
data/raw/paderborn/KI18/N09_M07_F10_KI18_17.mat,N09_M07_F10_KI18_17.mat,n09_m07_f10_ki18_17,N09_M07_F10_KI18_17,1,current,False
data/raw/paderborn/KI18/N09_M07_F10_KI18_18.mat,N09_M07_F10_KI18_18.mat,n09_m07_f10_ki18_18,N09_M07_F10_KI18_18,1,current,False
data/raw/paderborn/KI18/N09_M07_F10_KI18_19.mat,N09_M07_F10_KI18_19.mat,n09_m07_f10_ki18_19,N09_M07_F10_KI18_19,1,current,False
data/raw/paderborn/KI18/N09_M07_F10_KI18_2.mat,N09_M07_F10_KI18_2.mat,n09_m07_f10_ki18_2,N09_M07_F10_KI18_2,1,current,False
data/raw/paderborn/KI18/N09_M07_F10_KI18_20.mat,N09_M07_F10_KI18_20.mat,n09_m07_f10_ki18_20,N09_M07_F10_KI18_20,1,current,False
data/raw/paderborn/KI18/N09_M07_F10_KI18_3.mat,N09_M07_F10_KI18_3.mat,n09_m07_f10_ki18_3,N09_M07_F10_KI18_3,1,current,False
data/raw/paderborn/KI18/N09_M07_F10_KI18_4.mat,N09_M07_F10_KI18_4.mat,n09_m07_f10_ki18_4,N09_M07_F10_KI18_4,1,current,False
data/raw/paderborn/KI18/N09_M07_F10_KI18_5.mat,N09_M07_F10_KI18_5.mat,n09_m07_f10_ki18_5,N09_M07_F10_KI18_5,1,current,False
data/raw/paderborn/KI18/N09_M07_F10_KI18_6.mat,N09_M07_F10_KI18_6.mat,n09_m07_f10_ki18_6,N09_M07_F10_KI18_6,1,current,False
data/raw/paderborn/KI18/N09_M07_F10_KI18_7.mat,N09_M07_F10_KI18_7.mat,n09_m07_f10_ki18_7,N09_M07_F10_KI18_7,1,current,False
data/raw/paderborn/KI18/N09_M07_F10_KI18_8.mat,N09_M07_F10_KI18_8.mat,n09_m07_f10_ki18_8,N09_M07_F10_KI18_8,1,current,False
data/raw/paderborn/KI18/N09_M07_F10_KI18_9.mat,N09_M07_F10_KI18_9.mat,n09_m07_f10_ki18_9,N09_M07_F10_KI18_9,1,current,False
data/raw/paderborn/KI18/N15_M01_F10_KI18_1.mat,N15_M01_F10_KI18_1.mat,n15_m01_f10_ki18_1,N15_M01_F10_KI18_1,1,current,False
data/raw/paderborn/KI18/N15_M01_F10_KI18_10.mat,N15_M01_F10_KI18_10.mat,n15_m01_f10_ki18_10,N15_M01_F10_KI18_10,1,current,False
data/raw/paderborn/KI18/N15_M01_F10_KI18_11.mat,N15_M01_F10_KI18_11.mat,n15_m01_f10_ki18_11,N15_M01_F10_KI18_11,1,current,False
data/raw/paderborn/KI18/N15_M01_F10_KI18_12.mat,N15_M01_F10_KI18_12.mat,n15_m01_f10_ki18_12,N15_M01_F10_KI18_12,1,current,False
data/raw/paderborn/KI18/N15_M01_F10_KI18_13.mat,N15_M01_F10_KI18_13.mat,n15_m01_f10_ki18_13,N15_M01_F10_KI18_13,1,current,False
data/raw/paderborn/KI18/N15_M01_F10_KI18_14.mat,N15_M01_F10_KI18_14.mat,n15_m01_f10_ki18_14,N15_M01_F10_KI18_14,1,current,False
data/raw/paderborn/KI18/N15_M01_F10_KI18_15.mat,N15_M01_F10_KI18_15.mat,n15_m01_f10_ki18_15,N15_M01_F10_KI18_15,1,current,False
data/raw/paderborn/KI18/N15_M01_F10_KI18_16.mat,N15_M01_F10_KI18_16.mat,n15_m01_f10_ki18_16,N15_M01_F10_KI18_16,1,current,False
data/raw/paderborn/KI18/N15_M01_F10_KI18_17.mat,N15_M01_F10_KI18_17.mat,n15_m01_f10_ki18_17,N15_M01_F10_KI18_17,1,current,False
data/raw/paderborn/KI18/N15_M01_F10_KI18_18.mat,N15_M01_F10_KI18_18.mat,n15_m01_f10_ki18_18,N15_M01_F10_KI18_18,1,current,False
data/raw/paderborn/KI18/N15_M01_F10_KI18_19.mat,N15_M01_F10_KI18_19.mat,n15_m01_f10_ki18_19,N15_M01_F10_KI18_19,1,current,False
data/raw/paderborn/KI18/N15_M01_F10_KI18_2.mat,N15_M01_F10_KI18_2.mat,n15_m01_f10_ki18_2,N15_M01_F10_KI18_2,1,current,False
data/raw/paderborn/KI18/N15_M01_F10_KI18_20.mat,N15_M01_F10_KI18_20.mat,n15_m01_f10_ki18_20,N15_M01_F10_KI18_20,1,current,False
data/raw/paderborn/KI18/N15_M01_F10_KI18_3.mat,N15_M01_F10_KI18_3.mat,n15_m01_f10_ki18_3,N15_M01_F10_KI18_3,1,current,False
data/raw/paderborn/KI18/N15_M01_F10_KI18_4.mat,N15_M01_F10_KI18_4.mat,n15_m01_f10_ki18_4,N15_M01_F10_KI18_4,1,current,False
data/raw/paderborn/KI18/N15_M01_F10_KI18_5.mat,N15_M01_F10_KI18_5.mat,n15_m01_f10_ki18_5,N15_M01_F10_KI18_5,1,current,False
data/raw/paderborn/KI18/N15_M01_F10_KI18_6.mat,N15_M01_F10_KI18_6.mat,n15_m01_f10_ki18_6,N15_M01_F10_KI18_6,1,current,False
data/raw/paderborn/KI18/N15_M01_F10_KI18_7.mat,N15_M01_F10_KI18_7.mat,n15_m01_f10_ki18_7,N15_M01_F10_KI18_7,1,current,False
data/raw/paderborn/KI18/N15_M01_F10_KI18_8.mat,N15_M01_F10_KI18_8.mat,n15_m01_f10_ki18_8,N15_M01_F10_KI18_8,1,current,False
data/raw/paderborn/KI18/N15_M01_F10_KI18_9.mat,N15_M01_F10_KI18_9.mat,n15_m01_f10_ki18_9,N15_M01_F10_KI18_9,1,current,False
data/raw/paderborn/KI18/N15_M07_F04_KI18_1.mat,N15_M07_F04_KI18_1.mat,n15_m07_f04_ki18_1,N15_M07_F04_KI18_1,1,current,False
data/raw/paderborn/KI18/N15_M07_F04_KI18_10.mat,N15_M07_F04_KI18_10.mat,n15_m07_f04_ki18_10,N15_M07_F04_KI18_10,1,current,False
data/raw/paderborn/KI18/N15_M07_F04_KI18_11.mat,N15_M07_F04_KI18_11.mat,n15_m07_f04_ki18_11,N15_M07_F04_KI18_11,1,current,False
data/raw/paderborn/KI18/N15_M07_F04_KI18_12.mat,N15_M07_F04_KI18_12.mat,n15_m07_f04_ki18_12,N15_M07_F04_KI18_12,1,current,False
data/raw/paderborn/KI18/N15_M07_F04_KI18_13.mat,N15_M07_F04_KI18_13.mat,n15_m07_f04_ki18_13,N15_M07_F04_KI18_13,1,current,False
data/raw/paderborn/KI18/N15_M07_F04_KI18_14.mat,N15_M07_F04_KI18_14.mat,n15_m07_f04_ki18_14,N15_M07_F04_KI18_14,1,current,False
data/raw/paderborn/KI18/N15_M07_F04_KI18_15.mat,N15_M07_F04_KI18_15.mat,n15_m07_f04_ki18_15,N15_M07_F04_KI18_15,1,current,False
data/raw/paderborn/KI18/N15_M07_F04_KI18_16.mat,N15_M07_F04_KI18_16.mat,n15_m07_f04_ki18_16,N15_M07_F04_KI18_16,1,current,False
data/raw/paderborn/KI18/N15_M07_F04_KI18_17.mat,N15_M07_F04_KI18_17.mat,n15_m07_f04_ki18_17,N15_M07_F04_KI18_17,1,current,False
data/raw/paderborn/KI18/N15_M07_F04_KI18_18.mat,N15_M07_F04_KI18_18.mat,n15_m07_f04_ki18_18,N15_M07_F04_KI18_18,1,current,False
data/raw/paderborn/KI18/N15_M07_F04_KI18_19.mat,N15_M07_F04_KI18_19.mat,n15_m07_f04_ki18_19,N15_M07_F04_KI18_19,1,current,False
data/raw/paderborn/KI18/N15_M07_F04_KI18_2.mat,N15_M07_F04_KI18_2.mat,n15_m07_f04_ki18_2,N15_M07_F04_KI18_2,1,current,False
data/raw/paderborn/KI18/N15_M07_F04_KI18_20.mat,N15_M07_F04_KI18_20.mat,n15_m07_f04_ki18_20,N15_M07_F04_KI18_20,1,current,False
data/raw/paderborn/KI18/N15_M07_F04_KI18_3.mat,N15_M07_F04_KI18_3.mat,n15_m07_f04_ki18_3,N15_M07_F04_KI18_3,1,current,False
data/raw/paderborn/KI18/N15_M07_F04_KI18_4.mat,N15_M07_F04_KI18_4.mat,n15_m07_f04_ki18_4,N15_M07_F04_KI18_4,1,current,False
data/raw/paderborn/KI18/N15_M07_F04_KI18_5.mat,N15_M07_F04_KI18_5.mat,n15_m07_f04_ki18_5,N15_M07_F04_KI18_5,1,current,False
data/raw/paderborn/KI18/N15_M07_F04_KI18_6.mat,N15_M07_F04_KI18_6.mat,n15_m07_f04_ki18_6,N15_M07_F04_KI18_6,1,current,False
data/raw/paderborn/KI18/N15_M07_F04_KI18_7.mat,N15_M07_F04_KI18_7.mat,n15_m07_f04_ki18_7,N15_M07_F04_KI18_7,1,current,False
data/raw/paderborn/KI18/N15_M07_F04_KI18_8.mat,N15_M07_F04_KI18_8.mat,n15_m07_f04_ki18_8,N15_M07_F04_KI18_8,1,current,False
data/raw/paderborn/KI18/N15_M07_F04_KI18_9.mat,N15_M07_F04_KI18_9.mat,n15_m07_f04_ki18_9,N15_M07_F04_KI18_9,1,current,False
data/raw/paderborn/KI18/N15_M07_F10_KI18_1.mat,N15_M07_F10_KI18_1.mat,n15_m07_f10_ki18_1,N15_M07_F10_KI18_1,1,current,False
data/raw/paderborn/KI18/N15_M07_F10_KI18_10.mat,N15_M07_F10_KI18_10.mat,n15_m07_f10_ki18_10,N15_M07_F10_KI18_10,1,current,False
data/raw/paderborn/KI18/N15_M07_F10_KI18_11.mat,N15_M07_F10_KI18_11.mat,n15_m07_f10_ki18_11,N15_M07_F10_KI18_11,1,current,False
data/raw/paderborn/KI18/N15_M07_F10_KI18_12.mat,N15_M07_F10_KI18_12.mat,n15_m07_f10_ki18_12,N15_M07_F10_KI18_12,1,current,False
data/raw/paderborn/KI18/N15_M07_F10_KI18_13.mat,N15_M07_F10_KI18_13.mat,n15_m07_f10_ki18_13,N15_M07_F10_KI18_13,1,current,False
data/raw/paderborn/KI18/N15_M07_F10_KI18_14.mat,N15_M07_F10_KI18_14.mat,n15_m07_f10_ki18_14,N15_M07_F10_KI18_14,1,current,False
data/raw/paderborn/KI18/N15_M07_F10_KI18_15.mat,N15_M07_F10_KI18_15.mat,n15_m07_f10_ki18_15,N15_M07_F10_KI18_15,1,current,False
data/raw/paderborn/KI18/N15_M07_F10_KI18_16.mat,N15_M07_F10_KI18_16.mat,n15_m07_f10_ki18_16,N15_M07_F10_KI18_16,1,current,False
data/raw/paderborn/KI18/N15_M07_F10_KI18_17.mat,N15_M07_F10_KI18_17.mat,n15_m07_f10_ki18_17,N15_M07_F10_KI18_17,1,current,False
data/raw/paderborn/KI18/N15_M07_F10_KI18_18.mat,N15_M07_F10_KI18_18.mat,n15_m07_f10_ki18_18,N15_M07_F10_KI18_18,1,current,False
data/raw/paderborn/KI18/N15_M07_F10_KI18_19.mat,N15_M07_F10_KI18_19.mat,n15_m07_f10_ki18_19,N15_M07_F10_KI18_19,1,current,False
data/raw/paderborn/KI18/N15_M07_F10_KI18_2.mat,N15_M07_F10_KI18_2.mat,n15_m07_f10_ki18_2,N15_M07_F10_KI18_2,1,current,False
data/raw/paderborn/KI18/N15_M07_F10_KI18_20.mat,N15_M07_F10_KI18_20.mat,n15_m07_f10_ki18_20,N15_M07_F10_KI18_20,1,current,False
data/raw/paderborn/KI18/N15_M07_F10_KI18_3.mat,N15_M07_F10_KI18_3.mat,n15_m07_f10_ki18_3,N15_M07_F10_KI18_3,1,current,False
data/raw/paderborn/KI18/N15_M07_F10_KI18_4.mat,N15_M07_F10_KI18_4.mat,n15_m07_f10_ki18_4,N15_M07_F10_KI18_4,1,current,False
data/raw/paderborn/KI18/N15_M07_F10_KI18_5.mat,N15_M07_F10_KI18_5.mat,n15_m07_f10_ki18_5,N15_M07_F10_KI18_5,1,current,False
data/raw/paderborn/KI18/N15_M07_F10_KI18_6.mat,N15_M07_F10_KI18_6.mat,n15_m07_f10_ki18_6,N15_M07_F10_KI18_6,1,current,False
data/raw/paderborn/KI18/N15_M07_F10_KI18_7.mat,N15_M07_F10_KI18_7.mat,n15_m07_f10_ki18_7,N15_M07_F10_KI18_7,1,current,False
data/raw/paderborn/KI18/N15_M07_F10_KI18_8.mat,N15_M07_F10_KI18_8.mat,n15_m07_f10_ki18_8,N15_M07_F10_KI18_8,1,current,False
data/raw/paderborn/KI18/N15_M07_F10_KI18_9.mat,N15_M07_F10_KI18_9.mat,n15_m07_f10_ki18_9,N15_M07_F10_KI18_9,1,current,False
data/raw/paderborn/KI21/N09_M07_F10_KI21_1.mat,N09_M07_F10_KI21_1.mat,n09_m07_f10_ki21_1,N09_M07_F10_KI21_1,1,current,False
data/raw/paderborn/KI21/N09_M07_F10_KI21_10.mat,N09_M07_F10_KI21_10.mat,n09_m07_f10_ki21_10,N09_M07_F10_KI21_10,1,current,False
data/raw/paderborn/KI21/N09_M07_F10_KI21_11.mat,N09_M07_F10_KI21_11.mat,n09_m07_f10_ki21_11,N09_M07_F10_KI21_11,1,current,False
data/raw/paderborn/KI21/N09_M07_F10_KI21_12.mat,N09_M07_F10_KI21_12.mat,n09_m07_f10_ki21_12,N09_M07_F10_KI21_12,1,current,False
data/raw/paderborn/KI21/N09_M07_F10_KI21_13.mat,N09_M07_F10_KI21_13.mat,n09_m07_f10_ki21_13,N09_M07_F10_KI21_13,1,current,False
data/raw/paderborn/KI21/N09_M07_F10_KI21_14.mat,N09_M07_F10_KI21_14.mat,n09_m07_f10_ki21_14,N09_M07_F10_KI21_14,1,current,False
data/raw/paderborn/KI21/N09_M07_F10_KI21_15.mat,N09_M07_F10_KI21_15.mat,n09_m07_f10_ki21_15,N09_M07_F10_KI21_15,1,current,False
data/raw/paderborn/KI21/N09_M07_F10_KI21_16.mat,N09_M07_F10_KI21_16.mat,n09_m07_f10_ki21_16,N09_M07_F10_KI21_16,1,current,False
data/raw/paderborn/KI21/N09_M07_F10_KI21_17.mat,N09_M07_F10_KI21_17.mat,n09_m07_f10_ki21_17,N09_M07_F10_KI21_17,1,current,False
data/raw/paderborn/KI21/N09_M07_F10_KI21_18.mat,N09_M07_F10_KI21_18.mat,n09_m07_f10_ki21_18,N09_M07_F10_KI21_18,1,current,False
data/raw/paderborn/KI21/N09_M07_F10_KI21_19.mat,N09_M07_F10_KI21_19.mat,n09_m07_f10_ki21_19,N09_M07_F10_KI21_19,1,current,False
data/raw/paderborn/KI21/N09_M07_F10_KI21_2.mat,N09_M07_F10_KI21_2.mat,n09_m07_f10_ki21_2,N09_M07_F10_KI21_2,1,current,False
data/raw/paderborn/KI21/N09_M07_F10_KI21_20.mat,N09_M07_F10_KI21_20.mat,n09_m07_f10_ki21_20,N09_M07_F10_KI21_20,1,current,False
data/raw/paderborn/KI21/N09_M07_F10_KI21_3.mat,N09_M07_F10_KI21_3.mat,n09_m07_f10_ki21_3,N09_M07_F10_KI21_3,1,current,False
data/raw/paderborn/KI21/N09_M07_F10_KI21_4.mat,N09_M07_F10_KI21_4.mat,n09_m07_f10_ki21_4,N09_M07_F10_KI21_4,1,current,False
data/raw/paderborn/KI21/N09_M07_F10_KI21_5.mat,N09_M07_F10_KI21_5.mat,n09_m07_f10_ki21_5,N09_M07_F10_KI21_5,1,current,False
data/raw/paderborn/KI21/N09_M07_F10_KI21_6.mat,N09_M07_F10_KI21_6.mat,n09_m07_f10_ki21_6,N09_M07_F10_KI21_6,1,current,False
data/raw/paderborn/KI21/N09_M07_F10_KI21_7.mat,N09_M07_F10_KI21_7.mat,n09_m07_f10_ki21_7,N09_M07_F10_KI21_7,1,current,False
data/raw/paderborn/KI21/N09_M07_F10_KI21_8.mat,N09_M07_F10_KI21_8.mat,n09_m07_f10_ki21_8,N09_M07_F10_KI21_8,1,current,False
data/raw/paderborn/KI21/N09_M07_F10_KI21_9.mat,N09_M07_F10_KI21_9.mat,n09_m07_f10_ki21_9,N09_M07_F10_KI21_9,1,current,False
data/raw/paderborn/KI21/N15_M01_F10_KI21_1.mat,N15_M01_F10_KI21_1.mat,n15_m01_f10_ki21_1,N15_M01_F10_KI21_1,1,current,False
data/raw/paderborn/KI21/N15_M01_F10_KI21_10.mat,N15_M01_F10_KI21_10.mat,n15_m01_f10_ki21_10,N15_M01_F10_KI21_10,1,current,False
data/raw/paderborn/KI21/N15_M01_F10_KI21_11.mat,N15_M01_F10_KI21_11.mat,n15_m01_f10_ki21_11,N15_M01_F10_KI21_11,1,current,False
data/raw/paderborn/KI21/N15_M01_F10_KI21_12.mat,N15_M01_F10_KI21_12.mat,n15_m01_f10_ki21_12,N15_M01_F10_KI21_12,1,current,False
data/raw/paderborn/KI21/N15_M01_F10_KI21_13.mat,N15_M01_F10_KI21_13.mat,n15_m01_f10_ki21_13,N15_M01_F10_KI21_13,1,current,False
data/raw/paderborn/KI21/N15_M01_F10_KI21_14.mat,N15_M01_F10_KI21_14.mat,n15_m01_f10_ki21_14,N15_M01_F10_KI21_14,1,current,False
data/raw/paderborn/KI21/N15_M01_F10_KI21_15.mat,N15_M01_F10_KI21_15.mat,n15_m01_f10_ki21_15,N15_M01_F10_KI21_15,1,current,False
data/raw/paderborn/KI21/N15_M01_F10_KI21_16.mat,N15_M01_F10_KI21_16.mat,n15_m01_f10_ki21_16,N15_M01_F10_KI21_16,1,current,False
data/raw/paderborn/KI21/N15_M01_F10_KI21_17.mat,N15_M01_F10_KI21_17.mat,n15_m01_f10_ki21_17,N15_M01_F10_KI21_17,1,current,False
data/raw/paderborn/KI21/N15_M01_F10_KI21_18.mat,N15_M01_F10_KI21_18.mat,n15_m01_f10_ki21_18,N15_M01_F10_KI21_18,1,current,False
data/raw/paderborn/KI21/N15_M01_F10_KI21_19.mat,N15_M01_F10_KI21_19.mat,n15_m01_f10_ki21_19,N15_M01_F10_KI21_19,1,current,False
data/raw/paderborn/KI21/N15_M01_F10_KI21_2.mat,N15_M01_F10_KI21_2.mat,n15_m01_f10_ki21_2,N15_M01_F10_KI21_2,1,current,False
data/raw/paderborn/KI21/N15_M01_F10_KI21_20.mat,N15_M01_F10_KI21_20.mat,n15_m01_f10_ki21_20,N15_M01_F10_KI21_20,1,current,False
data/raw/paderborn/KI21/N15_M01_F10_KI21_3.mat,N15_M01_F10_KI21_3.mat,n15_m01_f10_ki21_3,N15_M01_F10_KI21_3,1,current,False
data/raw/paderborn/KI21/N15_M01_F10_KI21_4.mat,N15_M01_F10_KI21_4.mat,n15_m01_f10_ki21_4,N15_M01_F10_KI21_4,1,current,False
data/raw/paderborn/KI21/N15_M01_F10_KI21_5.mat,N15_M01_F10_KI21_5.mat,n15_m01_f10_ki21_5,N15_M01_F10_KI21_5,1,current,False
data/raw/paderborn/KI21/N15_M01_F10_KI21_6.mat,N15_M01_F10_KI21_6.mat,n15_m01_f10_ki21_6,N15_M01_F10_KI21_6,1,current,False
data/raw/paderborn/KI21/N15_M01_F10_KI21_7.mat,N15_M01_F10_KI21_7.mat,n15_m01_f10_ki21_7,N15_M01_F10_KI21_7,1,current,False
data/raw/paderborn/KI21/N15_M01_F10_KI21_8.mat,N15_M01_F10_KI21_8.mat,n15_m01_f10_ki21_8,N15_M01_F10_KI21_8,1,current,False
data/raw/paderborn/KI21/N15_M01_F10_KI21_9.mat,N15_M01_F10_KI21_9.mat,n15_m01_f10_ki21_9,N15_M01_F10_KI21_9,1,current,False
data/raw/paderborn/KI21/N15_M07_F04_KI21_1.mat,N15_M07_F04_KI21_1.mat,n15_m07_f04_ki21_1,N15_M07_F04_KI21_1,1,current,False
data/raw/paderborn/KI21/N15_M07_F04_KI21_10.mat,N15_M07_F04_KI21_10.mat,n15_m07_f04_ki21_10,N15_M07_F04_KI21_10,1,current,False
data/raw/paderborn/KI21/N15_M07_F04_KI21_11.mat,N15_M07_F04_KI21_11.mat,n15_m07_f04_ki21_11,N15_M07_F04_KI21_11,1,current,False
data/raw/paderborn/KI21/N15_M07_F04_KI21_12.mat,N15_M07_F04_KI21_12.mat,n15_m07_f04_ki21_12,N15_M07_F04_KI21_12,1,current,False
data/raw/paderborn/KI21/N15_M07_F04_KI21_13.mat,N15_M07_F04_KI21_13.mat,n15_m07_f04_ki21_13,N15_M07_F04_KI21_13,1,current,False
data/raw/paderborn/KI21/N15_M07_F04_KI21_14.mat,N15_M07_F04_KI21_14.mat,n15_m07_f04_ki21_14,N15_M07_F04_KI21_14,1,current,False
data/raw/paderborn/KI21/N15_M07_F04_KI21_15.mat,N15_M07_F04_KI21_15.mat,n15_m07_f04_ki21_15,N15_M07_F04_KI21_15,1,current,False
data/raw/paderborn/KI21/N15_M07_F04_KI21_16.mat,N15_M07_F04_KI21_16.mat,n15_m07_f04_ki21_16,N15_M07_F04_KI21_16,1,current,False
data/raw/paderborn/KI21/N15_M07_F04_KI21_17.mat,N15_M07_F04_KI21_17.mat,n15_m07_f04_ki21_17,N15_M07_F04_KI21_17,1,current,False
data/raw/paderborn/KI21/N15_M07_F04_KI21_18.mat,N15_M07_F04_KI21_18.mat,n15_m07_f04_ki21_18,N15_M07_F04_KI21_18,1,current,False
data/raw/paderborn/KI21/N15_M07_F04_KI21_19.mat,N15_M07_F04_KI21_19.mat,n15_m07_f04_ki21_19,N15_M07_F04_KI21_19,1,current,False
data/raw/paderborn/KI21/N15_M07_F04_KI21_2.mat,N15_M07_F04_KI21_2.mat,n15_m07_f04_ki21_2,N15_M07_F04_KI21_2,1,current,False
data/raw/paderborn/KI21/N15_M07_F04_KI21_20.mat,N15_M07_F04_KI21_20.mat,n15_m07_f04_ki21_20,N15_M07_F04_KI21_20,1,current,False
data/raw/paderborn/KI21/N15_M07_F04_KI21_3.mat,N15_M07_F04_KI21_3.mat,n15_m07_f04_ki21_3,N15_M07_F04_KI21_3,1,current,False
data/raw/paderborn/KI21/N15_M07_F04_KI21_4.mat,N15_M07_F04_KI21_4.mat,n15_m07_f04_ki21_4,N15_M07_F04_KI21_4,1,current,False
data/raw/paderborn/KI21/N15_M07_F04_KI21_5.mat,N15_M07_F04_KI21_5.mat,n15_m07_f04_ki21_5,N15_M07_F04_KI21_5,1,current,False
data/raw/paderborn/KI21/N15_M07_F04_KI21_6.mat,N15_M07_F04_KI21_6.mat,n15_m07_f04_ki21_6,N15_M07_F04_KI21_6,1,current,False
data/raw/paderborn/KI21/N15_M07_F04_KI21_7.mat,N15_M07_F04_KI21_7.mat,n15_m07_f04_ki21_7,N15_M07_F04_KI21_7,1,current,False
data/raw/paderborn/KI21/N15_M07_F04_KI21_8.mat,N15_M07_F04_KI21_8.mat,n15_m07_f04_ki21_8,N15_M07_F04_KI21_8,1,current,False
data/raw/paderborn/KI21/N15_M07_F04_KI21_9.mat,N15_M07_F04_KI21_9.mat,n15_m07_f04_ki21_9,N15_M07_F04_KI21_9,1,current,False
data/raw/paderborn/KI21/N15_M07_F10_KI21_1.mat,N15_M07_F10_KI21_1.mat,n15_m07_f10_ki21_1,N15_M07_F10_KI21_1,1,current,False
data/raw/paderborn/KI21/N15_M07_F10_KI21_10.mat,N15_M07_F10_KI21_10.mat,n15_m07_f10_ki21_10,N15_M07_F10_KI21_10,1,current,False
data/raw/paderborn/KI21/N15_M07_F10_KI21_11.mat,N15_M07_F10_KI21_11.mat,n15_m07_f10_ki21_11,N15_M07_F10_KI21_11,1,current,False
data/raw/paderborn/KI21/N15_M07_F10_KI21_12.mat,N15_M07_F10_KI21_12.mat,n15_m07_f10_ki21_12,N15_M07_F10_KI21_12,1,current,False
data/raw/paderborn/KI21/N15_M07_F10_KI21_13.mat,N15_M07_F10_KI21_13.mat,n15_m07_f10_ki21_13,N15_M07_F10_KI21_13,1,current,False
data/raw/paderborn/KI21/N15_M07_F10_KI21_14.mat,N15_M07_F10_KI21_14.mat,n15_m07_f10_ki21_14,N15_M07_F10_KI21_14,1,current,False
data/raw/paderborn/KI21/N15_M07_F10_KI21_15.mat,N15_M07_F10_KI21_15.mat,n15_m07_f10_ki21_15,N15_M07_F10_KI21_15,1,current,False
data/raw/paderborn/KI21/N15_M07_F10_KI21_16.mat,N15_M07_F10_KI21_16.mat,n15_m07_f10_ki21_16,N15_M07_F10_KI21_16,1,current,False
data/raw/paderborn/KI21/N15_M07_F10_KI21_17.mat,N15_M07_F10_KI21_17.mat,n15_m07_f10_ki21_17,N15_M07_F10_KI21_17,1,current,False
data/raw/paderborn/KI21/N15_M07_F10_KI21_18.mat,N15_M07_F10_KI21_18.mat,n15_m07_f10_ki21_18,N15_M07_F10_KI21_18,1,current,False
data/raw/paderborn/KI21/N15_M07_F10_KI21_19.mat,N15_M07_F10_KI21_19.mat,n15_m07_f10_ki21_19,N15_M07_F10_KI21_19,1,current,False
data/raw/paderborn/KI21/N15_M07_F10_KI21_2.mat,N15_M07_F10_KI21_2.mat,n15_m07_f10_ki21_2,N15_M07_F10_KI21_2,1,current,False
data/raw/paderborn/KI21/N15_M07_F10_KI21_20.mat,N15_M07_F10_KI21_20.mat,n15_m07_f10_ki21_20,N15_M07_F10_KI21_20,1,current,False
data/raw/paderborn/KI21/N15_M07_F10_KI21_3.mat,N15_M07_F10_KI21_3.mat,n15_m07_f10_ki21_3,N15_M07_F10_KI21_3,1,current,False
data/raw/paderborn/KI21/N15_M07_F10_KI21_4.mat,N15_M07_F10_KI21_4.mat,n15_m07_f10_ki21_4,N15_M07_F10_KI21_4,1,current,False
data/raw/paderborn/KI21/N15_M07_F10_KI21_5.mat,N15_M07_F10_KI21_5.mat,n15_m07_f10_ki21_5,N15_M07_F10_KI21_5,1,current,False
data/raw/paderborn/KI21/N15_M07_F10_KI21_6.mat,N15_M07_F10_KI21_6.mat,n15_m07_f10_ki21_6,N15_M07_F10_KI21_6,1,current,False
data/raw/paderborn/KI21/N15_M07_F10_KI21_7.mat,N15_M07_F10_KI21_7.mat,n15_m07_f10_ki21_7,N15_M07_F10_KI21_7,1,current,False
data/raw/paderborn/KI21/N15_M07_F10_KI21_8.mat,N15_M07_F10_KI21_8.mat,n15_m07_f10_ki21_8,N15_M07_F10_KI21_8,1,current,False
data/raw/paderborn/KI21/N15_M07_F10_KI21_9.mat,N15_M07_F10_KI21_9.mat,n15_m07_f10_ki21_9,N15_M07_F10_KI21_9,1,current,False
